Customer ID,NumOrders,TotalAmount,AvgOrderValue,TotalQuantity,AvgQuantity,Recency,CustomerAge,NumItems,FirstHalfDays,SecondHalfDays,Churned,Cluster,Cluster_Name,ChurnProbability,ValueSegment,ChurnRiskCategory,RetentionPriority
12347.0,7,4060.4,22.43314917127072,2218,12.25414364640884,1,365,181,120.0,181,0,0,Inactive Customers,0.03214066881543766,High,Low,130.50397165820308
12348.0,4,1186.68,56.50857142857143,1468,69.9047619047619,74,282,21,39.0,173,0,0,Inactive Customers,0.1505276106069639,High,Low,178.62810495507193
12349.0,1,1353.8,19.34,625,8.928571428571429,18,0,70,0.0,1,0,0,Inactive Customers,0.6653931435476491,High,Medium,900.8092377348073
12350.0,1,294.40000000000003,18.400000000000002,196,12.25,309,0,16,0.0,1,1,1,Inactive Customers,0.7244216252739476,Low,High,213.2697264806502
12352.0,7,1385.74,17.996623376623376,526,6.8311688311688314,35,260,77,29.0,225,0,0,Inactive Customers,0.18016292525631109,High,Low,249.65897204468052
12353.0,1,89.0,22.25,20,5.0,203,0,4,0.0,1,1,1,Inactive Customers,0.7480135891580222,Low,High,66.57320943506397
12354.0,1,1028.55,18.70090909090909,527,9.581818181818182,231,0,55,0.0,1,1,1,Inactive Customers,0.6817832047423634,Medium,Medium,701.2481152377578
12355.0,1,459.40000000000003,35.338461538461544,240,18.46153846153846,213,0,13,0.0,1,1,1,Inactive Customers,0.7306239824331233,Medium,High,335.64865752977687
12356.0,3,2487.43,42.88672413793103,1573,27.120689655172413,22,302,58,1.0,222,0,0,Inactive Customers,0.14116775875805945,High,Low,351.1449181675598
12357.0,1,6182.67,47.559,2707,20.823076923076922,32,0,130,0.0,1,0,0,Inactive Customers,0.4828000252644254,High,Medium,2984.9932322016048
12358.0,2,928.0600000000001,54.591764705882355,242,14.235294117647058,1,149,17,1.0,1,0,0,Inactive Customers,0.5265636467048374,Medium,Medium,488.6826579608914
12359.0,4,4817.33,20.675236051502146,1597,6.854077253218884,57,274,233,26.0,132,0,0,Inactive Customers,0.09504158038077896,High,Low,457.8466564157379
12360.0,3,2200.36,17.74483870967742,1150,9.274193548387096,51,148,124,1.0,60,0,0,Inactive Customers,0.3396232846001004,High,Medium,747.293490502677
12361.0,1,174.9,19.433333333333334,90,10.0,286,0,9,0.0,1,1,1,Inactive Customers,0.7361447642371873,Low,High,128.75171926508406
12362.0,10,4524.78,18.245080645161288,2186,8.814516129032258,2,292,248,223.0,56,0,0,Inactive Customers,0.028367724746264714,High,Low,128.35771357740364
12363.0,2,552.0,24.0,408,17.73913043478261,109,132,23,1.0,1,1,0,Inactive Customers,0.5139141897669917,Medium,Medium,283.6806327513794
12364.0,3,1143.3,14.29125,1319,16.4875,7,104,80,1.0,32,0,0,Inactive Customers,0.4435063177721656,High,Medium,507.0607731089169
12365.0,1,320.69,15.27095238095238,173,8.238095238095237,290,0,21,0.0,1,1,1,Inactive Customers,0.7228217059365456,Low,High,231.8016928767908
12367.0,1,150.9,15.09,172,17.2,3,0,10,0.0,1,0,0,Inactive Customers,0.7241057212691149,Low,High,109.26755333950943
12370.0,4,3304.73,20.15079268292683,1774,10.817073170731707,50,309,164,2.0,223,0,0,Inactive Customers,0.09355774912124633,High,Low,309.18310025345636
12371.0,1,1527.96,24.644516129032258,582,9.387096774193548,59,0,62,0.0,1,0,0,Inactive Customers,0.6745830508651001,High,Medium,1030.7359183998383
12372.0,3,1196.04,24.408979591836733,788,16.081632653061224,71,224,49,1.0,141,0,0,Inactive Customers,0.2786673928745906,High,Low,333.2973485737253
12373.0,1,324.6,24.96923076923077,196,15.076923076923077,310,0,13,0.0,1,1,1,Inactive Customers,0.7285850019428876,Low,High,236.4986916306613
12374.0,1,589.03,19.000967741935483,337,10.870967741935484,24,0,31,0.0,1,0,0,Inactive Customers,0.7084215656362558,Medium,High,417.28155480672376
12375.0,2,377.5,25.166666666666668,176,11.733333333333333,10,87,15,1.0,1,0,0,Inactive Customers,0.6092175362744675,Medium,Medium,229.97961994361148
12377.0,2,1548.1200000000001,20.37,942,12.394736842105264,314,39,76,1.0,1,1,1,Inactive Customers,0.5842302659937171,High,Medium,904.4585593901934
12378.0,1,3899.29,18.052268518518517,2238,10.36111111111111,129,0,216,0.0,1,1,0,Inactive Customers,0.45187282029496756,High,Medium,1761.983169447964
12379.0,2,777.24,20.453684210526315,402,10.578947368421053,81,88,38,1.0,1,0,0,Inactive Customers,0.5727581003246092,Medium,Medium,445.17050589629923
12380.0,4,2278.11,23.01121212121212,1104,11.151515151515152,21,164,99,107.0,34,0,0,Inactive Customers,0.222979986623827,High,Low,507.9729373276066
12381.0,5,1485.31,17.682261904761905,799,9.511904761904763,4,115,84,60.0,54,0,0,Inactive Customers,0.36188586287009256,High,Medium,537.5126909795772
12383.0,5,1576.72,16.953978494623655,1374,14.774193548387096,184,167,93,20.0,85,1,1,Inactive Customers,0.29290679670960845,High,Medium,461.83200450797386
12384.0,2,425.27000000000004,17.010800000000003,122,4.88,28,92,25,1.0,1,0,0,Inactive Customers,0.5955098275715063,Medium,Medium,253.2524643713345
12386.0,2,401.9,40.19,354,35.4,337,29,10,1.0,1,1,1,Inactive Customers,0.6802099468891517,Medium,Medium,273.37637765475006
12388.0,6,2780.6600000000003,27.806600000000003,1462,14.62,15,311,100,51.0,132,0,0,Inactive Customers,0.10803522803732568,High,Low,300.4092371942701
12390.0,1,470.94,16.239310344827587,348,12.0,79,0,29,0.0,1,0,0,Inactive Customers,0.7074003961478743,Medium,High,333.1431425618799
12391.0,1,443.94,4.484242424242424,299,3.0202020202020203,21,0,99,0.0,1,0,0,Inactive Customers,0.6627800064415825,Medium,Medium,294.23455605967615
12393.0,4,1582.6000000000001,24.728125000000002,816,12.75,71,260,64,3.0,173,0,0,Inactive Customers,0.21408958839818712,High,Low,338.81818259897096
12394.0,2,629.9200000000001,27.387826086956526,296,12.869565217391305,63,153,23,1.0,1,0,0,Inactive Customers,0.49301277456967685,Medium,Medium,310.5586069569309
12395.0,12,2642.68,18.480279720279718,2096,14.657342657342657,18,351,143,159.0,142,0,0,Inactive Customers,0.036270088917126,High,Low,95.85023857951053
12397.0,2,2096.25,17.46875,1243,10.358333333333333,35,99,120,1.0,1,0,0,Inactive Customers,0.4360052070146821,High,Medium,913.9759152045274
12398.0,1,1435.66,17.091190476190476,1389,16.535714285714285,45,0,84,0.0,1,0,0,Inactive Customers,0.6122330481122724,High,Medium,878.9584978528651
12399.0,4,1033.65,18.793636363636367,1173,21.327272727272728,118,142,55,48.0,64,1,0,Inactive Customers,0.3334121037401957,Medium,Medium,344.6314210310533
12401.0,1,69.3,17.325,10,2.5,302,0,4,0.0,1,1,1,Inactive Customers,0.7469257281196842,Low,High,51.76195295869411
12402.0,1,195.6,19.56,92,9.2,322,0,10,0.0,1,1,1,Inactive Customers,0.7359783176976848,Low,High,143.95735894166714
12403.0,1,391.7,97.925,94,23.5,49,0,4,0.0,1,0,0,Inactive Customers,0.7803668473775064,Medium,High,305.66969411776927
12405.0,1,1390.39,26.233773584905663,849,16.0188679245283,148,0,53,0.0,1,1,1,Inactive Customers,0.6662892139094905,High,Medium,926.4018601276165
12406.0,2,3415.3,32.52666666666667,1818,17.314285714285713,21,161,105,1.0,1,0,0,Inactive Customers,0.32083598028689747,High,Medium,1095.751123473841
12407.0,5,1420.08,20.00112676056338,1131,15.929577464788732,49,214,71,28.0,107,0,0,Inactive Customers,0.24267301830786953,High,Low,344.61509983863937
12408.0,5,2516.85,25.422727272727272,1385,13.98989898989899,32,227,99,1.0,143,0,0,Inactive Customers,0.2167366864339259,High,Low,545.4937292512265
12409.0,3,10950.27,101.3913888888889,5407,50.06481481481482,78,103,108,1.0,1,0,0,Inactive Customers,0.21095585333886926,High,Low,2310.02355214102
12410.0,2,533.33,21.3332,207,8.28,308,0,25,1.0,1,1,1,Inactive Customers,0.720875923459287,Medium,High,384.46475625854157
12412.0,3,1142.88,19.7048275862069,824,14.206896551724139,74,94,58,1.0,62,0,0,Inactive Customers,0.4929082052517025,High,Medium,563.3349296180658
12413.0,3,656.15,18.747142857142858,281,8.028571428571428,66,270,35,1.0,169,0,0,Inactive Customers,0.2466325746531575,Medium,Low,161.82796385866928
12414.0,3,442.41,29.494000000000003,297,19.8,216,93,15,1.0,10,1,1,Inactive Customers,0.5869301596954165,Medium,Medium,259.66377195084925
12415.0,15,67004.37,133.20948310139164,29153,57.95825049701789,24,312,503,160.0,124,0,3,High-Value Active Customers,5.242359841328238e-06,High,Low,0.35126101848149854
12417.0,9,3074.5,17.568571428571428,1519,8.68,2,354,175,132.0,183,0,0,Inactive Customers,0.03887031178110094,High,Low,119.50677357099484
12418.0,1,668.58,19.664117647058823,407,11.970588235294118,112,0,34,0.0,1,1,0,Inactive Customers,0.7025899277993182,Medium,High,469.7375739280682
12420.0,1,566.49,20.231785714285714,343,12.25,63,0,28,0.0,1,0,0,Inactive Customers,0.7101050582450437,Medium,High,402.2674144452348
12421.0,4,639.04,15.586341463414634,478,11.658536585365853,15,303,41,145.0,98,0,0,Inactive Customers,0.10697777391073343,Medium,Low,68.36307663991509
12422.0,3,683.5600000000001,17.98842105263158,367,9.657894736842104,95,229,38,1.0,72,1,0,Inactive Customers,0.3279591568901806,Medium,Medium,224.1797612838519
12423.0,8,1600.41,13.916608695652174,1322,11.495652173913044,0,352,115,107.0,199,0,0,Inactive Customers,0.056477077576166095,High,Low,90.38647972367198
12424.0,2,1608.32,55.459310344827585,596,20.551724137931036,162,0,29,0.0,1,1,1,Inactive Customers,0.7098635297298329,High,High,1141.687712135085
12425.0,1,777.2,21.58888888888889,496,13.777777777777779,77,0,36,0.0,1,0,0,Inactive Customers,0.6966622153193914,Medium,High,541.4458737462311
12426.0,1,493.78000000000003,17.635,253,9.035714285714286,194,0,28,0.0,1,1,1,Inactive Customers,0.7149348743665086,Medium,High,353.02054226469465
12427.0,3,639.32,23.67851851851852,238,8.814814814814815,21,349,27,1.0,38,0,0,Inactive Customers,0.20933268462304655,Medium,Low,133.83057193320613
12428.0,8,6371.36,22.277482517482515,3507,12.262237762237762,25,257,286,29.0,216,0,0,Inactive Customers,0.051039204533057304,High,Low,325.18914619374
12429.0,4,3388.4,36.0468085106383,1538,16.361702127659573,8,356,94,137.0,163,0,0,Inactive Customers,0.04898761044941505,High,Low,165.98961924679796
12430.0,1,216.4,21.64,116,11.6,42,0,10,0.0,1,0,0,Inactive Customers,0.7345942646705258,Low,High,158.96619887470177
12431.0,14,5137.66,22.435196506550216,2130,9.301310043668122,59,313,229,172.0,83,0,2,High-Value Active Customers,0.033817969172817854,High,Low,173.74522750041936
12432.0,4,4089.52,38.947809523809525,1794,17.085714285714285,42,129,105,1.0,1,0,0,Inactive Customers,0.3668400449415899,High,Medium,1500.1997005895307
12433.0,7,12856.51,31.05437198067633,9919,23.958937198067634,0,372,414,282.0,42,0,2,High-Value Active Customers,0.0011430142486443546,High,Low,14.695174117838631
12434.0,2,806.14,16.122799999999998,394,7.88,84,175,50,1.0,1,0,0,Inactive Customers,0.426208229484799,Medium,Medium,343.5835021168758
12435.0,2,7120.450000000001,215.77121212121213,1527,46.27272727272727,79,188,33,1.0,1,0,0,Inactive Customers,0.43464882108889086,High,Medium,3094.895198122393
12436.0,1,429.01,28.600666666666665,209,13.933333333333334,99,0,15,0.0,1,1,0,Inactive Customers,0.7294190467622557,Medium,High,312.9280652514753
12437.0,18,4447.41,24.17070652173913,2894,15.728260869565217,1,329,184,153.0,96,0,2,High-Value Active Customers,0.033822380144651644,High,Low,150.42199167912517
12438.0,2,2466.85,25.696354166666666,1169,12.177083333333334,13,125,96,1.0,1,0,0,Inactive Customers,0.41820902220821166,High,Medium,1031.658926434327
12441.0,1,155.55,15.555000000000001,120,12.0,366,0,10,0.0,1,1,1,Inactive Customers,0.7303226852259264,Low,High,113.60169368689286
12442.0,1,144.06,13.096363636363636,181,16.454545454545453,2,0,11,0.0,1,0,0,Inactive Customers,0.7223227069699169,Low,High,104.05780916608623
12444.0,5,3647.61,22.516111111111112,1107,6.833333333333333,20,149,162,49.0,64,0,0,Inactive Customers,0.24902623120875,High,Low,908.3505712193486
12445.0,1,77.4,25.8,60,20.0,21,0,3,0.0,1,0,0,Inactive Customers,0.7388212078388702,Low,High,57.184761486728554
12446.0,1,1002.3100000000001,17.584385964912283,351,6.157894736842105,57,0,57,0.0,1,0,0,Inactive Customers,0.6900258301203782,Medium,Medium,691.6197897879563
12447.0,1,431.49,17.2596,187,7.48,242,0,25,0.0,1,1,1,Inactive Customers,0.7208600505427917,Medium,High,311.0439032087092
12448.0,1,300.45,15.022499999999999,239,11.95,43,0,20,0.0,1,0,0,Inactive Customers,0.7180179588632062,Low,High,215.72849574045028
12449.0,4,3596.29,19.231497326203208,1523,8.144385026737968,21,164,187,57.0,69,0,0,Inactive Customers,0.19355057567381317,High,Low,696.0639997899776
12450.0,2,197.88,24.735,128,16.0,155,17,8,1.0,1,1,1,Inactive Customers,0.712356094570973,Low,High,140.96102399370415
12451.0,5,8775.17,25.216005747126438,6561,18.853448275862068,10,313,348,106.0,54,0,0,Inactive Customers,0.012746610157800936,High,Low,111.85367105843004
12452.0,1,350.57,16.693809523809524,183,8.714285714285714,16,0,21,0.0,1,0,0,Inactive Customers,0.7228330621586729,Low,High,253.40358660096595
12453.0,1,707.09,16.443953488372095,473,11.0,133,0,43,0.0,1,1,0,Inactive Customers,0.6921136792119338,Medium,Medium,489.3866614339663
12454.0,1,2500.84,208.40333333333334,508,42.333333333333336,55,0,12,0.0,1,0,0,Inactive Customers,0.8018198373933813,High,High,2005.2231221468637
12455.0,5,2181.46,25.969761904761906,1796,21.38095238095238,72,223,84,107.0,83,0,0,Inactive Customers,0.13948776367113636,High,Low,304.2869769380371
12456.0,3,2581.04,21.15606557377049,1618,13.262295081967213,43,210,122,1.0,86,0,0,Inactive Customers,0.229854814049312,High,Low,593.2644692538362
12457.0,6,1907.63,34.06482142857143,827,14.767857142857142,65,172,56,5.0,19,0,0,Inactive Customers,0.3920989580607331,High,Medium,747.9797353653963
12458.0,2,787.4,21.87222222222222,502,13.944444444444445,70,213,36,1.0,1,0,0,Inactive Customers,0.3734820358884472,Medium,Medium,294.0797550585633
12461.0,1,626.88,18.43764705882353,282,8.294117647058824,154,0,34,0.0,1,1,1,Inactive Customers,0.7099877451492178,Medium,High,445.0771176791417
12462.0,2,937.59,15.6265,527,8.783333333333333,18,284,60,1.0,1,0,0,Inactive Customers,0.25874830211575744,Medium,Low,242.59982058071304
12463.0,4,1200.78,15.199746835443039,768,9.721518987341772,52,188,79,34.0,121,0,0,Inactive Customers,0.2739508520439754,High,Low,328.95470411736477
12464.0,8,855.35,42.7675,89,4.45,9,299,20,108.0,139,0,0,Inactive Customers,0.15615569601244608,Medium,Low,133.56777458424577
12465.0,2,682.19,15.159777777777778,475,10.555555555555555,16,152,45,1.0,1,0,0,Inactive Customers,0.45991862917196624,Medium,Medium,313.75188963482367
12468.0,2,657.5400000000001,18.265,362,10.055555555555555,187,128,36,1.0,1,1,1,Inactive Customers,0.5135087657086519,Medium,Medium,337.652553804067
12471.0,27,17407.1,39.742237442922374,8103,18.5,1,362,438,209.0,153,0,2,High-Value Active Customers,0.0018084277215661452,High,Low,31.479482192074045
12472.0,7,6000.31,18.1278247734139,4116,12.435045317220544,31,336,331,101.0,146,0,0,Inactive Customers,0.018505123560930484,High,Low,111.0364779538868
12473.0,3,2545.38,15.908625,2416,15.1,53,138,160,1.0,60,0,0,Inactive Customers,0.26900577853843416,High,Low,684.7219285761596
12474.0,18,6642.04,16.481488833746898,4807,11.928039702233251,16,312,403,158.0,148,0,2,High-Value Active Customers,0.010859179850491335,High,Low,72.12710693415747
12475.0,1,669.38,19.12514285714286,532,15.2,53,0,35,0.0,1,0,0,Inactive Customers,0.6938508782478812,Medium,Medium,464.4499008815667
12476.0,11,5814.67,26.192207207207208,2352,10.594594594594595,15,345,222,143.0,125,0,0,Inactive Customers,0.028914359537327874,High,Low,168.12745897091426
12477.0,6,13168.89,44.04311036789297,3650,12.207357859531772,22,278,299,200.0,41,0,2,High-Value Active Customers,0.01687879192628479,High,Low,222.27495421013248
12478.0,1,545.99,15.599714285714287,233,6.6571428571428575,3,0,35,0.0,1,0,0,Inactive Customers,0.711256648177175,Medium,High,388.3390173382558
12479.0,1,473.2,15.773333333333333,382,12.733333333333333,10,0,30,0.0,1,0,0,Inactive Customers,0.7044574399895761,Medium,High,333.3492606030674
12480.0,4,2568.83,17.240469798657717,1493,10.020134228187919,27,307,149,68.0,115,0,0,Inactive Customers,0.08916910698967351,High,Low,229.060277108283
12481.0,10,4952.52,23.92521739130435,3268,15.78743961352657,22,342,207,109.0,182,0,0,Inactive Customers,0.028744387339289607,High,Low,142.35715318557857
12483.0,8,1910.98,28.10264705882353,1094,16.08823529411765,16,322,68,133.0,166,0,0,Inactive Customers,0.07477490531877473,High,Low,142.89334856607215
12484.0,4,3953.7200000000003,11.560584795321638,2170,6.345029239766082,34,301,342,159.0,68,0,0,Inactive Customers,0.02883748331857536,High,Low,114.01533454631779
12488.0,3,1075.16,20.67615384615385,516,9.923076923076923,9,65,52,1.0,29,0,0,Inactive Customers,0.5781752996007749,Medium,Medium,621.6309551187692
12489.0,1,267.03000000000003,20.540769230769232,101,7.769230769230769,335,0,13,0.0,1,1,1,Inactive Customers,0.7349910025978462,Low,High,196.2646474237029
12490.0,10,4859.93,20.680553191489363,3033,12.906382978723403,4,324,235,229.0,88,0,0,Inactive Customers,0.018395473320452837,High,Low,89.40071265426836
12491.0,1,424.40000000000003,16.976000000000003,258,10.32,38,0,25,0.0,1,0,0,Inactive Customers,0.7157519185118687,Medium,High,303.7651142164371
12492.0,2,227.21,12.622777777777777,190,10.555555555555555,62,42,18,1.0,1,0,0,Inactive Customers,0.6641593338971441,Low,Medium,150.90364225477012
12493.0,2,362.79,19.09421052631579,203,10.68421052631579,165,31,19,1.0,1,1,1,Inactive Customers,0.6819273600611101,Low,Medium,247.39642695657014
12494.0,7,1084.1,15.269014084507042,698,9.830985915492958,15,349,71,69.0,180,0,0,Inactive Customers,0.09508355103079041,Medium,Low,103.08007767247987
12497.0,1,690.6,86.325,606,75.75,81,0,8,0.0,1,0,0,Inactive Customers,0.7110999964756772,Medium,High,491.0856575661027
12498.0,3,349.70000000000005,16.652380952380955,156,7.428571428571429,20,36,21,1.0,1,0,0,Inactive Customers,0.6772172574799417,Low,Medium,236.82287494073563
12500.0,9,2076.59,53.24589743589744,794,20.358974358974358,49,284,39,67.0,118,0,0,Inactive Customers,0.17024164453384374,High,Low,353.5220966225346
12501.0,1,2008.44,13.662857142857144,1774,12.068027210884354,336,0,147,0.0,1,1,1,Inactive Customers,0.5426680758232382,High,Medium,1089.9162702064245
12502.0,5,2875.2200000000003,20.834927536231884,787,5.702898550724638,95,214,138,41.0,122,1,0,Inactive Customers,0.1972610308746259,High,Low,567.168861191342
12504.0,2,428.04999999999995,53.506249999999994,87,10.875,17,12,8,1.0,1,0,0,Inactive Customers,0.7428517032352271,Medium,High,317.97767156983895
12506.0,1,73.5,3.1956521739130435,23,1.0,232,0,23,0.0,1,1,1,Inactive Customers,0.7264161363979551,Low,High,53.3915860252497
12507.0,3,434.41,31.029285714285717,229,16.357142857142858,133,164,14,1.0,21,1,0,Inactive Customers,0.47962196622031006,Medium,Medium,208.3525783457649
12508.0,2,398.27,5.772028985507246,272,3.9420289855072466,25,2,69,1.0,1,0,0,Inactive Customers,0.6809378119463887,Medium,Medium,271.19710236388823
12509.0,1,158.5,26.416666666666668,54,9.0,283,0,6,0.0,1,1,1,Inactive Customers,0.7450321892762185,Low,High,118.08760200028064
12510.0,2,814.5699999999999,26.276451612903223,347,11.193548387096774,142,182,31,1.0,1,1,0,Inactive Customers,0.43749000001643074,Medium,Medium,356.36622931338394
12512.0,2,138.03,4.059705882352941,99,2.911764705882353,65,0,34,1.0,1,0,0,Inactive Customers,0.7147776960047754,Low,High,98.66076537953914
12513.0,1,558.29,16.420294117647057,459,13.5,112,0,34,0.0,1,1,0,Inactive Customers,0.6978648112660008,Medium,High,389.6109454816955
12514.0,1,1017.6800000000001,19.95450980392157,440,8.627450980392156,266,0,51,0.0,1,1,1,Inactive Customers,0.689870283297992,Medium,Medium,702.0671899067006
12515.0,1,278.7,18.58,128,8.533333333333333,352,0,15,0.0,1,1,1,Inactive Customers,0.7307054759660975,Low,High,203.64761615175135
12516.0,2,1082.38,47.06,724,31.47826086956522,77,102,23,1.0,1,0,0,Inactive Customers,0.5476104570255607,Medium,Medium,592.7226064753264
12517.0,4,2322.84,8.266334519572954,1361,4.843416370106762,27,161,281,63.0,45,0,0,Inactive Customers,0.16588323944815306,High,Low,385.3202239197479
12518.0,5,1840.89,15.46966386554622,1306,10.974789915966387,0,109,119,33.0,57,0,0,Inactive Customers,0.3522761493871154,High,Medium,648.5016406452469
12519.0,1,286.84000000000003,16.87294117647059,180,10.588235294117647,63,0,17,0.0,1,0,0,Inactive Customers,0.7246554552535563,Low,High,207.86017078493012
12520.0,5,2329.31,15.954178082191781,1422,9.73972602739726,78,194,146,13.0,125,0,0,Inactive Customers,0.21901481288174118,High,Low,510.15339379356857
12521.0,1,545.68,14.748108108108108,306,8.27027027027027,142,0,37,0.0,1,1,1,Inactive Customers,0.7051922877198581,Medium,High,384.8093275629721
12522.0,2,156.72,15.672,192,19.2,38,12,10,1.0,1,0,0,Inactive Customers,0.7060868373506675,Low,High,110.6579291495966
12523.0,11,1657.82,16.5782,858,8.58,18,312,100,196.0,91,0,0,Inactive Customers,0.06120875187973332,High,Low,101.47309304125949
12524.0,8,3654.84,27.27492537313433,3093,23.082089552238806,8,324,134,111.0,195,0,0,Inactive Customers,0.04114268515279941,High,Low,150.3699314038574
12526.0,3,1172.66,17.245,624,9.176470588235293,0,93,68,1.0,53,0,0,Inactive Customers,0.5029521526292874,High,Medium,589.7918713022602
12527.0,3,330.71000000000004,19.45352941176471,233,13.705882352941176,81,243,17,1.0,213,0,0,Inactive Customers,0.2755692655268257,Low,Low,91.13351180237653
12528.0,6,1628.53,19.159176470588235,739,8.694117647058823,8,303,85,163.0,105,0,0,Inactive Customers,0.0801561929999776,High,Low,130.53676498625353
12530.0,4,1360.48,22.30295081967213,900,14.754098360655737,59,277,61,102.0,64,0,0,Inactive Customers,0.1411331906504531,High,Low,192.00888321612842
12531.0,1,95.27,5.954375,44,2.75,14,0,16,0.0,1,0,0,Inactive Customers,0.730228811041154,Low,High,69.56889882789073
12532.0,1,313.83000000000004,20.922000000000004,151,10.066666666666666,29,0,15,0.0,1,0,0,Inactive Customers,0.7300467286892048,Low,High,229.1105648645332
12534.0,1,962.23,15.774262295081968,644,10.557377049180328,130,0,61,0.0,1,1,0,Inactive Customers,0.6704366563297044,Medium,Medium,645.1142638201314
12535.0,2,716.35,21.069117647058825,219,6.4411764705882355,91,94,34,1.0,1,1,0,Inactive Customers,0.5801833391180858,Medium,Medium,415.6143349772408
12536.0,1,4095.26,16.186798418972334,2790,11.027667984189723,58,0,253,0.0,1,0,0,Inactive Customers,0.39434815880610585,High,Medium,1614.958240832293
12538.0,1,363.95,17.33095238095238,191,9.095238095238095,28,0,21,0.0,1,0,0,Inactive Customers,0.7225736949063608,Low,High,262.98069626117
12539.0,4,5449.7,20.487593984962405,2060,7.7443609022556394,21,311,266,17.0,239,0,0,Inactive Customers,0.05461893984805256,High,Low,297.656836489932
12540.0,17,11414.69,25.197991169977925,6611,14.593818984547461,19,342,453,206.0,118,0,2,High-Value Active Customers,0.0035440517003432043,High,Low,40.45425150339057
12541.0,3,841.18,17.166938775510204,675,13.775510204081632,29,251,49,1.0,143,0,0,Inactive Customers,0.24898088830577605,Medium,Low,209.4377436250527
12544.0,1,316.7,17.594444444444445,134,7.444444444444445,35,0,18,0.0,1,0,0,Inactive Customers,0.7284499638955387,Low,High,230.70010356571711
12545.0,2,832.39,17.341458333333332,517,10.770833333333334,74,184,48,1.0,1,0,0,Inactive Customers,0.4061872990606221,Medium,Medium,338.10624586507123
12546.0,2,1021.5,15.246268656716419,628,9.373134328358208,46,31,67,1.0,1,0,0,Inactive Customers,0.6215865562513455,Medium,Medium,634.9506672107494
12547.0,2,151.8,25.3,132,22.0,197,82,6,1.0,1,1,1,Inactive Customers,0.6185154689400589,Low,Medium,93.89064818510096
12548.0,1,67.19999999999999,16.799999999999997,48,12.0,165,0,4,0.0,1,1,1,Inactive Customers,0.7382587525595199,Low,High,49.61098817199973
12550.0,1,824.83,14.729107142857144,564,10.071428571428571,78,0,56,0.0,1,0,0,Inactive Customers,0.6781272273396532,Medium,Medium,559.3396809265662
12551.0,1,168.0,16.8,100,10.0,357,0,10,0.0,1,1,1,Inactive Customers,0.7333588559105607,Low,High,123.2042877929742
12552.0,1,317.82,16.72736842105263,85,4.473684210526316,39,0,19,0.0,1,0,0,Inactive Customers,0.7313187793178684,Low,High,232.42773444280493
12553.0,10,3278.28,18.012527472527474,1942,10.67032967032967,7,321,182,125.0,146,0,0,Inactive Customers,0.0471204220263072,High,Low,154.47393712040238
12556.0,2,603.71,4.989338842975207,358,2.958677685950413,49,100,121,1.0,1,0,0,Inactive Customers,0.4896997292566895,Medium,Medium,295.636623549556
12557.0,4,2501.34,119.11142857142858,1358,64.66666666666667,15,355,21,115.0,142,0,0,Inactive Customers,0.08517569543151253,High,Low,213.05337401065955
12558.0,1,269.96,24.54181818181818,196,17.818181818181817,7,0,11,0.0,1,0,0,Inactive Customers,0.727910940913243,Low,High,196.50683760893907
12559.0,2,525.71,26.285500000000003,281,14.05,310,8,20,1.0,1,1,1,Inactive Customers,0.7100408753513707,Medium,High,373.27558858096916
12560.0,2,1901.06,18.6378431372549,1097,10.754901960784315,4,137,102,1.0,1,0,0,Inactive Customers,0.40056861699556195,High,Medium,761.504975025583
12561.0,1,238.85,14.928125,177,11.0625,302,0,16,0.0,1,1,1,Inactive Customers,0.7240371631979885,Low,High,172.93627642983955
12562.0,7,3250.14,20.570506329113922,1749,11.069620253164556,7,190,158,71.0,73,0,0,Inactive Customers,0.1652990655367628,High,Low,537.2451048636542
12564.0,1,352.05,19.558333333333334,127,7.055555555555555,260,0,18,0.0,1,1,1,Inactive Customers,0.730102186790471,Low,High,257.0324748595853
12565.0,1,145.92000000000002,16.213333333333335,80,8.88888888888889,288,0,9,0.0,1,1,1,Inactive Customers,0.7353063253788318,Low,High,107.29589899927915
12566.0,1,297.65,16.53611111111111,262,14.555555555555555,85,0,18,0.0,1,0,0,Inactive Customers,0.7174739631948965,Low,High,213.55612514496093
12567.0,10,8217.130000000001,18.977205542725176,4244,9.801385681293302,22,346,433,184.0,162,0,2,High-Value Active Customers,0.006917885901881866,High,Low,56.845167780930545
12569.0,32,3152.69,20.080828025477707,1747,11.127388535031848,1,250,157,160.0,62,0,2,High-Value Active Customers,0.0811592629330744,High,Low,255.86999665647434
12571.0,2,519.61,15.28264705882353,523,15.382352941176471,39,81,34,1.0,1,0,0,Inactive Customers,0.5746670791894769,Medium,Medium,298.6027610176441
12572.0,2,878.52,15.412631578947368,444,7.7894736842105265,8,43,57,1.0,1,0,0,Inactive Customers,0.6223423712158704,Medium,Medium,546.7402199605665
12573.0,1,160.54000000000002,5.733571428571429,84,3.0,226,0,28,0.0,1,1,1,Inactive Customers,0.7205819194214732,Low,High,115.68222134392332
12574.0,1,182.45000000000002,18.245,59,5.9,315,0,10,0.0,1,1,1,Inactive Customers,0.7388304128508627,Low,High,134.7996088246399
12576.0,5,1268.93,14.755,965,11.220930232558139,35,268,86,86.0,114,0,0,Inactive Customers,0.13704691407241648,High,Low,173.90294067391144
12577.0,3,657.8,4.474829931972788,472,3.2108843537414966,34,323,147,1.0,1,0,0,Inactive Customers,0.17494370510584434,Medium,Low,115.0779692186244
12578.0,2,2402.51,21.450982142857146,1182,10.553571428571429,20,308,112,1.0,1,0,0,Inactive Customers,0.17627830231841024,High,Low,423.51038410300384
12579.0,1,386.42,13.800714285714287,282,10.071428571428571,77,0,28,0.0,1,0,0,Inactive Customers,0.7111490443904329,Medium,High,274.8022137333511
12580.0,1,379.7,16.508695652173913,236,10.26086956521739,246,0,23,0.0,1,1,1,Inactive Customers,0.7179603603006643,Medium,High,272.60954880616225
12581.0,1,179.71,12.836428571428572,160,11.428571428571429,39,0,14,0.0,1,0,0,Inactive Customers,0.7246365136857879,Low,High,130.22442787447295
12582.0,2,351.36,17.568,296,14.8,238,49,20,1.0,1,1,1,Inactive Customers,0.6473291857515464,Low,Medium,227.44558270566336
12583.0,15,6503.33,28.649030837004403,4065,17.90748898678414,2,370,227,202.0,151,0,2,High-Value Active Customers,0.01149979146748162,High,Low,74.78693884421725
12584.0,9,2033.8,23.648837209302325,400,4.651162790697675,3,276,86,153.0,76,0,0,Inactive Customers,0.11156082627508225,High,Low,226.89240847826227
12585.0,2,1653.96,19.927228915662653,1073,12.927710843373495,233,117,83,1.0,1,1,1,Inactive Customers,0.44839913622560545,High,Medium,741.6342353517024
12586.0,1,196.94000000000003,17.903636363636366,79,7.181818181818182,16,0,11,0.0,1,0,0,Inactive Customers,0.7361804918434665,Low,High,144.9833860636523
12587.0,1,104.0,34.666666666666664,50,16.666666666666668,7,0,3,0.0,1,0,0,Inactive Customers,0.7476071819921158,Low,High,77.75114692718005
12588.0,1,174.89999999999998,19.43333333333333,52,5.777777777777778,38,0,9,0.0,1,0,0,Inactive Customers,0.7406687052894577,Low,High,129.54295655512612
12589.0,2,574.68,17.414545454545454,302,9.151515151515152,28,115,33,1.0,1,0,0,Inactive Customers,0.5401535429198572,Medium,Medium,310.4154380451835
12590.0,1,8951.26,135.62515151515152,3682,55.78787878787879,210,0,66,0.0,1,1,1,Inactive Customers,0.4978163224648676,High,Medium,4456.083334626871
12591.0,1,368.85,14.754000000000001,225,9.0,316,0,25,0.0,1,1,1,Inactive Customers,0.7169501961429233,Medium,High,264.4470798473173
12592.0,2,401.6,25.1,288,18.0,91,121,16,1.0,1,1,0,Inactive Customers,0.5447588724153185,Medium,Medium,218.7751631619919
12593.0,3,382.1,19.105,204,10.2,108,110,20,1.0,21,1,0,Inactive Customers,0.5568060843921044,Medium,Medium,212.75560484622312
12594.0,9,3208.2200000000003,28.142280701754387,1772,15.543859649122806,37,285,114,88.0,154,0,0,Inactive Customers,0.08938895363212983,High,Low,286.77942882167156
12596.0,2,450.27,18.0108,468,18.72,50,190,25,1.0,1,0,0,Inactive Customers,0.4136528443391013,Medium,Medium,186.25546622056714
12597.0,4,3127.72,15.796565656565656,2210,11.16161616161616,18,248,198,85.0,21,0,0,Inactive Customers,0.09955888975282262,High,Low,311.3923306576983
12598.0,7,2807.08,22.10299212598425,1952,15.37007874015748,9,275,127,122.0,61,0,0,Inactive Customers,0.08544481129149535,High,Low,239.85042088013077
12599.0,7,888.58,16.156000000000002,948,17.236363636363638,28,275,55,96.0,135,0,0,Inactive Customers,0.13246117890824954,Medium,Low,117.70235435429238
12600.0,10,2311.04,42.797037037037036,758,14.037037037037036,28,342,54,146.0,175,0,0,Inactive Customers,0.07045108840833691,High,Low,162.81528335520295
12601.0,5,447.11,20.32318181818182,239,10.863636363636363,189,142,22,29.0,63,1,1,Inactive Customers,0.4443792582326557,Medium,Medium,198.6864101484027
12602.0,1,153.12,12.76,162,13.5,58,0,12,0.0,1,0,0,Inactive Customers,0.7243760399655167,Low,High,110.91645923951992
12603.0,1,613.1999999999999,613.1999999999999,56,56.0,21,0,1,0.0,1,0,0,Inactive Customers,0.9547940617705728,Medium,High,585.4797186777151
12604.0,2,236.18,15.745333333333333,200,13.333333333333334,78,182,15,1.0,1,0,0,Inactive Customers,0.45159114264551997,Low,Medium,106.65679607001891
12607.0,1,1562.56,15.625599999999999,1227,12.27,59,0,100,0.0,1,0,0,Inactive Customers,0.6094583005744941,High,Medium,952.3151621456815
12609.0,3,964.85,16.92719298245614,639,11.210526315789474,77,240,57,1.0,108,0,0,Inactive Customers,0.2719038179183641,Medium,Low,262.34639871853364
12610.0,4,1679.74,17.140204081632653,1035,10.561224489795919,22,103,98,19.0,22,0,0,Inactive Customers,0.4262149307464903,High,Medium,715.9302677721097
12611.0,1,1049.32,16.395625,646,10.09375,51,0,64,0.0,1,0,0,Inactive Customers,0.6683375041122346,Medium,Medium,701.29990981505
12612.0,1,668.04,37.11333333333333,260,14.444444444444445,73,0,18,0.0,1,0,0,Inactive Customers,0.7292388758717806,Medium,High,487.16073863738427
12613.0,4,3092.38,20.754228187919463,1630,10.939597315436242,56,204,149,64.0,140,0,0,Inactive Customers,0.14957371351644513,High,Low,462.5387602039846
12614.0,1,315.6,15.780000000000001,76,3.8,277,0,20,0.0,1,1,1,Inactive Customers,0.730913166208558,Low,High,230.6761952554209
12615.0,4,2093.19,20.724653465346535,1365,13.514851485148515,1,166,101,96.0,34,0,0,Inactive Customers,0.22077763690464478,High,Low,462.12954179243343
12616.0,2,641.3,21.376666666666665,280,9.333333333333334,94,202,30,1.0,1,1,0,Inactive Customers,0.40992763396374765,Medium,Medium,262.88659166095135
12617.0,1,355.53000000000003,8.465,213,5.071428571428571,28,0,42,0.0,1,0,0,Inactive Customers,0.7054575775282836,Low,High,250.8113325386307
12618.0,1,137.31,13.731,95,9.5,21,0,10,0.0,1,0,0,Inactive Customers,0.7319945402001211,Low,High,100.51017031487864
12619.0,8,1971.4799999999998,27.381666666666664,1920,26.666666666666668,15,237,72,137.0,71,0,0,Inactive Customers,0.11431104034559085,High,Low,225.36192982052543
12620.0,3,1303.41,14.323186813186814,1179,12.956043956043956,14,189,91,1.0,66,0,0,Inactive Customers,0.30467054110102854,High,Medium,397.1106299764916
12621.0,20,11797.57,26.511393258426967,6779,15.233707865168538,1,364,445,165.0,174,0,2,High-Value Active Customers,0.003489568317565769,High,Low,41.16842649626439
12622.0,1,162.1,16.21,68,6.8,231,0,10,0.0,1,1,1,Inactive Customers,0.7365687182135685,Low,High,119.39778922241945
12623.0,1,269.1,15.829411764705883,189,11.117647058823529,275,0,17,0.0,1,1,1,Inactive Customers,0.7233071757777726,Low,High,194.64196100179862
12624.0,2,569.13,15.809166666666666,351,9.75,105,71,36,1.0,1,1,0,Inactive Customers,0.6016457373168372,Medium,Medium,342.41463847913155
12625.0,2,2413.82,28.735952380952384,1597,19.011904761904763,211,107,84,1.0,1,1,1,Inactive Customers,0.4314928232521879,High,Medium,1041.5460066225962
12626.0,9,5954.4800000000005,20.892912280701758,3416,11.985964912280702,22,303,285,185.0,104,0,0,Inactive Customers,0.02005548557047557,High,Low,119.41998771968538
12627.0,6,4057.58,18.277387387387385,2529,11.391891891891891,10,129,222,31.0,85,0,0,Inactive Customers,0.19565785111065648,High,Low,793.8973835095775
12628.0,3,732.46,19.275263157894738,445,11.710526315789474,3,60,38,1.0,28,0,0,Inactive Customers,0.6007844096416244,Medium,Medium,440.0505486861042
12630.0,2,1013.9300000000001,16.621803278688525,541,8.868852459016393,9,34,61,1.0,1,0,0,Inactive Customers,0.6270135604218614,Medium,Medium,635.747859318538
12631.0,1,480.5,16.016666666666666,232,7.733333333333333,56,0,30,0.0,1,0,0,Inactive Customers,0.7144718898873268,Medium,High,343.3037430908605
12633.0,4,1717.98,17.895625,949,9.885416666666666,58,229,96,91.0,71,0,0,Inactive Customers,0.1708373085210532,High,Low,293.495079292999
12635.0,2,1509.18,15.244242424242424,1162,11.737373737373737,89,65,99,1.0,1,0,0,Inactive Customers,0.5126013825204634,High,Medium,773.607754472233
12637.0,8,5734.05,14.855051813471503,2988,7.740932642487047,66,256,386,60.0,171,0,0,Inactive Customers,0.03937841852964276,High,Low,225.79782076989807
12638.0,1,511.69,13.465526315789473,573,15.078947368421053,32,0,38,0.0,1,0,0,Inactive Customers,0.6875137695425292,Medium,Medium,351.79392073721675
12639.0,1,366.1,17.433333333333334,198,9.428571428571429,238,0,21,0.0,1,1,1,Inactive Customers,0.722102566321568,Medium,High,264.36174953032605
12640.0,3,960.6800000000001,19.60571428571429,299,6.1020408163265305,23,57,49,1.0,1,0,0,Inactive Customers,0.6186284068322578,Medium,Medium,594.3039378756135
12641.0,1,145.9,16.211111111111112,71,7.888888888888889,114,0,9,0.0,1,1,0,Inactive Customers,0.7363831391411659,Low,High,107.43830000069612
12642.0,3,888.31,20.658372093023253,545,12.674418604651162,24,82,43,1.0,25,0,0,Inactive Customers,0.5584757574129463,Medium,Medium,496.0996000674943
12643.0,5,1627.4,101.7125,902,56.375,127,92,16,1.0,54,1,0,Inactive Customers,0.5579974126080988,High,Medium,908.0849892784199
12644.0,1,477.90999999999997,15.416451612903225,325,10.483870967741936,129,0,31,0.0,1,1,0,Inactive Customers,0.7075834858940039,Medium,High,338.1612237436034
12645.0,4,1631.18,23.640289855072464,1076,15.594202898550725,33,282,69,96.0,75,0,0,Inactive Customers,0.13108865838501987,High,Low,213.82919778447672
12646.0,2,1346.97,29.932666666666666,897,19.933333333333334,4,44,45,1.0,1,0,0,Inactive Customers,0.6049256085124274,High,Medium,814.8166468979844
12647.0,12,3064.02,28.905849056603774,1395,13.160377358490566,21,346,106,123.0,177,0,0,Inactive Customers,0.05571635081097274,High,Low,170.7160132118367
12648.0,1,300.05,15.002500000000001,159,7.95,154,0,20,0.0,1,1,1,Inactive Customers,0.7241807222078791,Low,High,217.29042569847414
12649.0,3,569.51,19.638275862068966,583,20.103448275862068,106,105,29,1.0,1,1,0,Inactive Customers,0.5377286934769128,Medium,Medium,306.2418682220366
12650.0,1,242.44,12.76,250,13.157894736842104,2,0,19,0.0,1,0,0,Inactive Customers,0.7161344320579824,Low,High,173.61963170813726
12651.0,1,114.0,12.666666666666666,78,8.666666666666666,334,0,9,0.0,1,1,1,Inactive Customers,0.7332956651503341,Low,High,83.59570582713809
12652.0,1,793.98,16.8931914893617,498,10.595744680851064,330,0,47,0.0,1,1,1,Inactive Customers,0.6883149763150479,Medium,Medium,546.5083248946218
12653.0,2,2209.85,51.391860465116274,919,21.372093023255815,148,147,43,1.0,1,1,1,Inactive Customers,0.4525374754379587,High,Medium,1000.039940096573
12654.0,5,529.98,15.58764705882353,260,7.647058823529412,10,284,34,97.0,186,0,0,Inactive Customers,0.14271390042387982,Medium,Low,75.63551294664784
12656.0,5,3534.42,30.20871794871795,1694,14.478632478632479,16,216,117,30.0,99,0,0,Inactive Customers,0.18953475971164085,High,Low,669.8954454200177
12657.0,4,1217.18,28.980476190476192,532,12.666666666666666,10,67,42,36.0,1,0,0,Inactive Customers,0.5474098158417874,High,Medium,666.2962796463069
12658.0,1,632.05,18.058571428571426,317,9.057142857142857,18,0,35,0.0,1,0,0,Inactive Customers,0.7070338115047948,Medium,High,446.88072056160553
12659.0,1,73.67999999999999,18.419999999999998,104,26.0,29,0,4,0.0,1,0,0,Inactive Customers,0.726806544997838,Low,High,53.5511062354407
12660.0,1,227.10000000000002,18.925,126,10.5,10,0,12,0.0,1,0,0,Inactive Customers,0.7318084371153644,Low,High,166.19369606889927
12662.0,11,3513.83,16.04488584474886,2040,9.315068493150685,0,372,219,186.0,142,0,0,Inactive Customers,0.02144227911207323,High,Low,75.34452361237628
12664.0,9,4391.88,156.85285714285715,1188,42.42857142857143,7,314,28,235.0,58,0,0,Inactive Customers,0.07508684891906872,High,Low,329.7724300306796
12665.0,1,45.0,22.5,36,18.0,324,0,2,0.0,1,1,1,Inactive Customers,0.7397137464683904,Low,High,33.287118591077565
12667.0,1,460.13,14.3790625,391,12.21875,57,0,32,0.0,1,0,0,Inactive Customers,0.7023178439788541,Medium,High,323.15750954999015
12668.0,4,3177.15,20.236624203821655,1599,10.184713375796179,11,343,157,43.0,247,0,0,Inactive Customers,0.06255614303799895,High,Low,198.75024985317836
12669.0,2,1410.78,14.544123711340205,1103,11.371134020618557,150,105,97,1.0,1,1,1,Inactive Customers,0.4548455057904065,High,Medium,641.6869426589897
12670.0,5,2744.05,31.54080459770115,1383,15.89655172413793,9,222,87,32.0,88,0,0,Inactive Customers,0.21494581326152207,High,Low,589.8220588802797
12672.0,1,225.9,22.59,78,7.8,329,0,10,0.0,1,1,1,Inactive Customers,0.7394124585178468,Low,High,167.0332743791816
12673.0,2,574.52,14.012682926829267,349,8.512195121951219,4,321,41,1.0,1,0,0,Inactive Customers,0.23463652809312158,Medium,Low,134.80337812006022
12674.0,4,1844.6,23.349367088607593,1126,14.253164556962025,38,169,79,37.0,53,0,0,Inactive Customers,0.30230239133077663,High,Medium,557.6269910487506
12676.0,6,1091.39,27.984358974358976,664,17.025641025641026,24,286,39,121.0,99,0,0,Inactive Customers,0.1305447693969477,Medium,Low,142.47525587213477
12678.0,9,11797.86,79.71527027027028,8356,56.45945945945946,41,310,148,165.0,107,0,2,High-Value Active Customers,0.009925135640072084,High,Low,117.09536076258084
12679.0,4,951.02,21.61409090909091,545,12.386363636363637,58,225,44,77.0,29,0,0,Inactive Customers,0.2457914532008842,Medium,Low,233.75258782310488
12680.0,4,790.81,16.138979591836733,439,8.959183673469388,0,112,49,23.0,72,0,0,Inactive Customers,0.45962958356538913,Medium,Medium,363.47967097934537
12681.0,22,12365.54,20.073928571428574,7457,12.105519480519481,14,353,616,157.0,183,0,2,High-Value Active Customers,0.0019676307751354863,High,Low,24.330817055168865
12682.0,31,10641.58,21.498141414141415,5289,10.684848484848485,3,367,495,220.0,146,0,2,High-Value Active Customers,0.003262281180394374,High,Low,34.71582616366116
12683.0,14,7617.57,22.94448795180723,4939,14.876506024096386,3,361,332,144.0,216,0,2,High-Value Active Customers,0.00882065833603206,High,Low,67.19198232080774
12684.0,6,2021.79,20.84319587628866,1829,18.855670103092784,7,205,97,42.0,55,0,0,Inactive Customers,0.21147283686844573,High,Low,427.5536668522549
12685.0,6,2575.08,17.053509933774833,1507,9.980132450331126,27,65,151,18.0,29,0,0,Inactive Customers,0.4135196264749713,High,Medium,1064.846119743169
12686.0,1,71.14,11.856666666666667,106,17.666666666666668,371,0,6,0.0,1,1,1,Inactive Customers,0.7270614526014075,Low,High,51.72315173806413
12688.0,1,4565.91,27.34077844311377,3023,18.101796407185628,113,0,167,0.0,1,1,0,Inactive Customers,0.4436674916133807,High,Medium,2025.745836632451
12689.0,2,1139.6100000000001,16.28014285714286,622,8.885714285714286,25,101,70,1.0,1,0,0,Inactive Customers,0.5116572170446784,High,Medium,583.089681116286
12690.0,1,335.01,22.334,103,6.866666666666666,205,0,15,0.0,1,1,1,Inactive Customers,0.7350714884643813,Low,High,246.25629935045237
12691.0,5,927.8,34.36296296296296,388,14.37037037037037,27,329,27,38.0,117,0,0,Inactive Customers,0.17031044958089678,Medium,Low,158.014035121156
12693.0,4,711.91,20.340285714285713,247,7.057142857142857,126,192,35,55.0,84,1,0,Inactive Customers,0.31611757630065457,Medium,Medium,225.04726374419897
12694.0,2,761.67,21.762,503,14.371428571428572,69,112,35,1.0,1,0,0,Inactive Customers,0.5305077080221546,Medium,Medium,404.0718059692345
12695.0,4,582.1,21.55925925925926,220,8.148148148148149,6,203,27,102.0,58,0,0,Inactive Customers,0.26211458185227704,Medium,Low,152.57689809621047
12697.0,3,757.59,19.93657894736842,503,13.236842105263158,28,140,38,1.0,102,0,0,Inactive Customers,0.43867496535804007,Medium,Medium,332.3357670055976
12700.0,4,4525.99,17.143901515151516,2944,11.151515151515152,7,207,264,58.0,58,0,0,Inactive Customers,0.09509957860998393,High,Low,430.41974179300115
12701.0,2,691.8100000000001,14.11857142857143,672,13.714285714285714,79,162,49,1.0,1,0,0,Inactive Customers,0.42796855887806434,Medium,Medium,296.07292871743374
12702.0,1,201.0,18.272727272727273,52,4.7272727272727275,19,0,11,0.0,1,0,0,Inactive Customers,0.7392241885101213,Low,High,148.58406189053437
12703.0,1,265.55,13.2775,163,8.15,70,0,20,0.0,1,0,0,Inactive Customers,0.7229347236609726,Low,High,191.97531586817126
12704.0,8,1715.89,21.448625,990,12.375,6,162,80,91.0,28,0,0,Inactive Customers,0.26424622094019595,High,Low,453.41744804907285
12705.0,8,6382.29,19.458201219512194,3970,12.103658536585366,14,341,328,198.0,62,0,0,Inactive Customers,0.01220512138084551,High,Low,77.89662413775649
12707.0,1,603.42,18.285454545454545,256,7.757575757575758,291,0,33,0.0,1,1,1,Inactive Customers,0.7121706568348634,Medium,High,429.7380177472932
12708.0,10,2379.11,16.407655172413794,1288,8.882758620689655,29,338,145,167.0,149,0,0,Inactive Customers,0.04369741373595548,High,Low,103.96095399334905
12709.0,15,9430.52,46.45576354679803,3919,19.305418719211822,14,351,203,149.0,175,0,2,High-Value Active Customers,0.017178758147590158,High,Low,162.00462228601194
12710.0,3,1023.02,13.824594594594595,844,11.405405405405405,96,104,74,1.0,64,1,0,Inactive Customers,0.46209255894069307,Medium,Medium,472.7299296475078
12712.0,13,3903.13,32.79941176470588,1035,8.697478991596638,28,342,119,102.0,184,0,0,Inactive Customers,0.0647973768767769,High,Low,252.91258560905425
12713.0,1,794.55,21.47432432432432,505,13.64864864864865,0,0,37,0.0,1,0,0,Inactive Customers,0.6955003731588565,Medium,Medium,552.6098214933694
12714.0,5,4294.86,16.908897637795274,3046,11.992125984251969,8,285,254,87.0,170,0,0,Inactive Customers,0.04312014186334514,High,Low,185.1949724832065
12715.0,1,273.86,13.693000000000001,195,9.75,105,0,20,0.0,1,1,0,Inactive Customers,0.7206961169144851,Low,High,197.3698385782009
12716.0,2,963.49,14.38044776119403,703,10.492537313432836,3,129,67,1.0,1,0,0,Inactive Customers,0.46470329646777697,Medium,Medium,447.7369791137384
12717.0,2,791.03,15.212115384615384,501,9.634615384615385,150,94,52,1.0,1,1,1,Inactive Customers,0.5443707285202813,Medium,Medium,430.61357738139816
12718.0,1,202.25,11.23611111111111,201,11.166666666666666,70,0,18,0.0,1,0,0,Inactive Customers,0.7194484578364945,Low,High,145.508450597431
12719.0,2,572.95,15.485135135135137,370,10.0,4,59,37,1.0,1,0,0,Inactive Customers,0.6175308113463607,Medium,Medium,353.8142783608974
12720.0,25,5059.57,14.837448680351905,4491,13.17008797653959,2,366,341,218.0,147,0,2,High-Value Active Customers,0.007591314768242305,High,Low,38.408788461955716
12721.0,6,2335.28,15.363684210526317,1941,12.769736842105264,31,323,152,108.0,151,0,0,Inactive Customers,0.05614621593088388,High,Low,131.11713513907452
12722.0,4,911.83,18.2366,561,11.22,84,65,50,32.0,29,0,0,Inactive Customers,0.5316271997199671,Medium,Medium,484.7536295206576
12723.0,4,622.32,9.42909090909091,428,6.484848484848484,3,61,66,48.0,12,0,0,Inactive Customers,0.5165286138798435,Medium,Medium,321.4460869897042
12724.0,4,923.41,18.845102040816325,439,8.959183673469388,4,327,49,158.0,76,0,0,Inactive Customers,0.08965777622568553,Medium,Low,82.79088714456027
12725.0,1,371.8,16.16521739130435,162,7.043478260869565,370,0,23,0.0,1,1,1,Inactive Customers,0.7231299781254922,Medium,High,268.859725867058
12726.0,7,2374.62,20.470862068965516,2940,25.344827586206897,27,329,116,93.0,185,0,0,Inactive Customers,0.049860790620788,High,Low,118.40043062393559
12727.0,7,3440.7000000000003,26.06590909090909,2068,15.666666666666666,10,309,132,38.0,270,0,0,Inactive Customers,0.074138262002493,High,Low,255.08751807197768
12728.0,4,728.33,17.341190476190476,413,9.833333333333334,70,261,42,48.0,186,0,0,Inactive Customers,0.19360071481241045,Medium,Low,141.0052086193229
12729.0,1,417.01,16.6804,231,9.24,113,0,25,0.0,1,1,0,Inactive Customers,0.7174983482938339,Medium,High,299.2039862220116
12731.0,12,17163.45,65.01306818181818,7047,26.693181818181817,23,341,264,152.0,151,0,2,High-Value Active Customers,0.006141838863565447,High,Low,105.41514424286237
12732.0,1,218.26000000000002,19.841818181818184,110,10.0,179,0,11,0.0,1,1,1,Inactive Customers,0.7341157074347624,Low,High,160.22809430471125
12733.0,1,383.95,17.452272727272728,137,6.2272727272727275,233,0,22,0.0,1,1,1,Inactive Customers,0.7261396266507392,Medium,High,278.8013096525513
12734.0,1,110.39999999999999,27.599999999999998,88,22.0,352,0,4,0.0,1,1,1,Inactive Customers,0.7366996402602851,Low,High,81.33164028473547
12735.0,2,673.62,16.8405,362,9.05,314,21,40,1.0,1,1,1,Inactive Customers,0.671566675052382,Medium,Medium,452.38074364878554
12736.0,1,144.0,48.0,168,56.0,332,0,3,0.0,1,1,1,Inactive Customers,0.7232415347157902,Low,High,104.1467809990738
12738.0,1,137.35,13.735,147,14.7,371,0,10,0.0,1,1,1,Inactive Customers,0.7261006866765908,Low,High,99.72992931502974
12739.0,1,975.54,26.365945945945946,485,13.108108108108109,98,0,37,0.0,1,1,0,Inactive Customers,0.6987133360684304,Medium,High,681.6228078681966
12740.0,1,427.6,15.837037037037037,342,12.666666666666666,63,0,27,0.0,1,0,0,Inactive Customers,0.7084750124602271,Medium,High,302.9439153279931
12743.0,2,529.48,3.9810526315789474,318,2.3909774436090228,133,0,133,1.0,1,1,0,Inactive Customers,0.6373691725020035,Medium,Medium,337.47422945636083
12744.0,4,8646.99,40.787688679245285,4943,23.316037735849058,55,262,212,69.0,88,0,0,Inactive Customers,0.042723052732511695,High,Low,369.42580974750126
12747.0,11,4180.06,40.980980392156866,1274,12.490196078431373,1,366,102,150.0,196,0,0,Inactive Customers,0.042115543703927824,High,Low,176.04549961504057
12748.0,205,29411.98,6.471282728272827,21757,4.787018701870187,0,372,4545,212.0,160,0,3,High-Value Active Customers,4.845791817982943e-10,High,Low,1.4252433203467796e-05
12749.0,5,4040.88,20.40848484848485,1470,7.424242424242424,3,209,198,82.0,126,0,0,Inactive Customers,0.11960222342006618,High,Low,483.29823257367707
12750.0,1,275.88,18.392,137,9.133333333333333,128,0,15,0.0,1,1,0,Inactive Customers,0.7298029813939662,Low,High,201.33804650696737
12752.0,1,4366.78,82.3920754716981,2262,42.679245283018865,80,0,53,0.0,1,0,0,Inactive Customers,0.5938478583652351,High,Medium,2593.2029509521412
12753.0,6,20649.87,107.55140625,10653,55.484375,22,339,192,80.0,225,0,2,High-Value Active Customers,0.00447394415432889,High,Low,92.3863651741515
12754.0,3,427.38,8.38,241,4.7254901960784315,235,72,51,1.0,41,1,1,Inactive Customers,0.5771809912461479,Medium,Medium,246.67561203877867
12755.0,1,17.549999999999997,5.849999999999999,3,1.0,280,0,3,0.0,1,1,1,Inactive Customers,0.7412555185663267,Low,High,13.00903435083903
12756.0,1,112.08,28.02,144,36.0,86,0,4,0.0,1,0,0,Inactive Customers,0.7243680098476983,Low,High,81.18716654373003
12757.0,8,4022.0,11.079889807162534,2390,6.584022038567493,15,195,363,146.0,48,0,0,Inactive Customers,0.05547008309547356,High,Low,223.10067420999468
12758.0,2,2791.59,28.779278350515465,2135,22.010309278350515,116,159,97,1.0,1,1,0,Inactive Customers,0.31511609478120167,High,Medium,879.6749390302548
12759.0,3,1343.64,15.097078651685395,890,10.0,51,223,89,1.0,119,0,0,Inactive Customers,0.25691059643686287,High,Low,345.19535379642645
12762.0,2,1702.52,25.410746268656716,1220,18.208955223880597,7,17,67,1.0,1,0,0,Inactive Customers,0.6085166729333575,High,Medium,1036.0118060025
12763.0,2,494.08,27.448888888888888,316,17.555555555555557,137,230,18,1.0,1,1,0,Inactive Customers,0.3742650771371714,Medium,Medium,184.91688931193363
12764.0,1,1693.88,37.64177777777778,386,8.577777777777778,316,0,45,0.0,1,1,1,Inactive Customers,0.7027809084869342,High,High,1190.426525267848
12766.0,7,6457.63,21.103366013071895,3627,11.852941176470589,3,362,306,74.0,236,0,0,Inactive Customers,0.018351627379614426,High,Low,118.5080195154195
12769.0,1,1143.6,35.7375,356,11.125,238,0,32,0.0,1,1,1,Inactive Customers,0.7140270548159053,High,High,816.5613398874693
12770.0,1,1351.45,112.62083333333334,743,61.916666666666664,210,0,12,0.0,1,1,1,Inactive Customers,0.7271083648320336,High,High,982.6505996522518
12772.0,1,752.47,13.93462962962963,551,10.203703703703704,59,0,54,0.0,1,0,0,Inactive Customers,0.6799888391107028,Medium,Medium,511.6712017656306
12775.0,5,1264.09,21.068166666666666,869,14.483333333333333,16,294,60,48.0,186,0,0,Inactive Customers,0.1413641204174052,High,Low,178.69697097843772
12778.0,6,693.23,15.755227272727273,817,18.568181818181817,19,292,44,53.0,163,0,0,Inactive Customers,0.15109681836194497,Medium,Low,104.74484739305112
12779.0,8,3981.36,26.72053691275168,2024,13.583892617449665,37,333,149,101.0,211,0,0,Inactive Customers,0.04763759119619324,High,Low,189.66240008487594
12781.0,2,786.74,32.780833333333334,670,27.916666666666668,63,221,24,1.0,1,0,0,Inactive Customers,0.35952308126623334,Medium,Medium,282.8511889553964
12782.0,5,1938.92,19.784897959183674,1072,10.938775510204081,4,352,98,39.0,248,0,0,Inactive Customers,0.08270034527656905,High,Low,160.3493534636453
12783.0,4,1295.8700000000001,16.61371794871795,611,7.833333333333333,1,73,78,18.0,30,0,0,Inactive Customers,0.5130032696132717,High,Medium,664.7855469937505
12784.0,1,518.42,8.938275862068965,298,5.137931034482759,14,0,58,0.0,1,0,0,Inactive Customers,0.6905943294928975,Medium,Medium,358.01791229570784
12785.0,1,239.0,19.916666666666668,128,10.666666666666666,363,0,12,0.0,1,1,1,Inactive Customers,0.7322127678030043,Low,High,174.998851504918
12787.0,3,418.66,24.627058823529413,258,15.176470588235293,9,182,17,1.0,81,0,0,Inactive Customers,0.4164996677750795,Medium,Medium,174.3717509107148
12790.0,1,294.92,14.746,164,8.2,191,0,20,0.0,1,1,1,Inactive Customers,0.7236577514762487,Low,High,213.42114406537527
12791.0,1,177.60000000000002,177.60000000000002,96,96.0,373,0,1,0.0,1,1,1,Inactive Customers,0.7866141791556711,Low,High,139.7026782180472
12792.0,1,344.54,14.355833333333335,215,8.958333333333334,256,0,24,0.0,1,1,1,Inactive Customers,0.7179193816035851,Low,High,247.35194373769923
12793.0,2,461.48,20.976363636363637,292,13.272727272727273,334,36,22,1.0,1,1,1,Inactive Customers,0.6675765229843746,Medium,Medium,308.0732138268292
12794.0,2,860.41,19.12022222222222,592,13.155555555555555,52,45,45,1.0,1,0,0,Inactive Customers,0.6196716767617376,Medium,Medium,533.1717074025667
12795.0,1,318.48,24.49846153846154,64,4.923076923076923,18,0,13,0.0,1,0,0,Inactive Customers,0.740812189906589,Low,High,235.9338662414505
12797.0,1,226.03,18.835833333333333,117,9.75,365,0,12,0.0,1,1,1,Inactive Customers,0.7326551215884017,Low,High,165.60203713262644
12798.0,1,69.12,69.12,96,96.0,170,0,1,0.0,1,1,1,Inactive Customers,0.7129499281691715,Low,High,49.279099035053136
12802.0,1,397.58,16.565833333333334,312,13.0,186,0,24,0.0,1,1,1,Inactive Customers,0.7121002204768043,Medium,High,283.11680565716784
12808.0,3,455.65000000000003,16.875925925925927,187,6.925925925925926,36,331,27,1.0,147,0,0,Inactive Customers,0.19581554455256744,Medium,Low,89.22335287537736
12809.0,1,405.31,16.887916666666666,217,9.041666666666666,177,0,24,0.0,1,1,1,Inactive Customers,0.7190716572750785,Medium,High,291.44693341016205
12811.0,2,459.85,15.85689655172414,228,7.862068965517241,261,22,29,1.0,1,1,1,Inactive Customers,0.6854450030653586,Medium,Medium,315.2018846596052
12812.0,1,229.64000000000001,15.309333333333335,164,10.933333333333334,44,0,15,0.0,1,0,0,Inactive Customers,0.7256006413467253,Low,High,166.626931278862
12814.0,1,85.92,85.92,48,48.0,101,0,1,0.0,1,1,0,Inactive Customers,0.7618586527877452,Low,High,65.45889544752308
12815.0,2,863.46,19.188000000000002,374,8.311111111111112,147,50,45,1.0,1,1,1,Inactive Customers,0.6265166739050503,Medium,Medium,540.9720872500548
12816.0,2,395.3,15.812000000000001,123,4.92,95,80,25,1.0,1,1,0,Inactive Customers,0.6128276028897512,Medium,Medium,242.25075142231867
12817.0,1,126.04,42.013333333333335,52,17.333333333333332,280,0,3,0.0,1,1,1,Inactive Customers,0.7519424404821451,Low,High,94.77482519836957
12818.0,1,387.2,43.02222222222222,104,11.555555555555555,261,0,9,0.0,1,1,1,Inactive Customers,0.7491603250716864,Medium,High,290.074877867757
12820.0,4,942.34,15.97186440677966,722,12.23728813559322,2,323,59,251.0,41,0,0,Inactive Customers,0.05288385375848517,Medium,Low,49.83457075077092
12821.0,1,92.72,15.453333333333333,70,11.666666666666666,213,0,6,0.0,1,1,1,Inactive Customers,0.7353207262682154,Low,High,68.17893773958893
12822.0,2,948.88,20.62782608695652,550,11.956521739130435,70,16,46,1.0,1,0,0,Inactive Customers,0.6642262760336731,Medium,Medium,630.2710288028318
12823.0,5,1759.5,351.9,230,46.0,74,221,5,7.0,179,0,0,Inactive Customers,0.5682981971325191,High,Medium,999.9206778546672
12824.0,1,397.12,15.8848,232,9.28,59,0,25,0.0,1,0,0,Inactive Customers,0.7170281744952931,Medium,High,284.7462286555708
12826.0,7,1474.72,16.205714285714286,1058,11.626373626373626,2,362,91,48.0,176,0,0,Inactive Customers,0.08661510542285467,High,Low,127.73302826919223
12827.0,3,430.15,17.206,197,7.88,5,38,25,1.0,27,0,0,Inactive Customers,0.6587436345243329,Medium,Medium,283.3585743906418
12828.0,6,1001.76,18.21381818181818,493,8.963636363636363,2,127,55,31.0,62,0,0,Inactive Customers,0.42292210698944716,Medium,Medium,423.6664498977486
12829.0,2,132.3,16.5375,370,46.25,336,23,8,1.0,1,1,1,Inactive Customers,0.6637322686331647,Low,Medium,87.8117791401677
12830.0,4,1961.12,196.112,776,77.6,90,80,10,14.0,42,1,0,Inactive Customers,0.6329181565462969,High,Medium,1241.2284551660737
12831.0,1,215.05,23.894444444444446,135,15.0,261,0,9,0.0,1,1,1,Inactive Customers,0.73356858599148,Low,High,157.75392441746777
12832.0,2,383.03000000000003,14.186296296296298,195,7.222222222222222,31,65,27,1.0,1,0,0,Inactive Customers,0.6271094116022389,Medium,Medium,240.20171792600559
12833.0,1,417.38,17.390833333333333,156,6.5,144,0,24,0.0,1,1,1,Inactive Customers,0.7236431361194129,Medium,High,302.03417215352056
12834.0,1,312.38,17.354444444444443,110,6.111111111111111,282,0,18,0.0,1,1,1,Inactive Customers,0.7302346066921874,Low,High,228.1106864385055
12836.0,4,2443.36,14.372705882352943,1054,6.2,58,252,170,1.0,160,0,0,Inactive Customers,0.16362889533985006,High,Low,399.80429771757605
12837.0,1,117.15,10.65,23,2.090909090909091,172,0,11,0.0,1,1,1,Inactive Customers,0.7375981844219234,Low,High,86.40962730502832
12838.0,2,666.1800000000001,5.460491803278689,358,2.9344262295081966,33,340,122,1.0,1,0,0,Inactive Customers,0.17361704727017593,Medium,Low,115.66020455044581
12839.0,14,5591.42,17.80707006369427,3807,12.124203821656051,2,364,314,233.0,111,0,2,High-Value Active Customers,0.008906588726944135,High,Low,49.800478339609974
12840.0,4,2726.77,24.13070796460177,1511,13.371681415929203,143,82,113,12.0,38,1,0,Inactive Customers,0.41947195896864564,High,Medium,1143.8035535569338
12841.0,25,3937.6,9.488192771084337,2752,6.63132530120482,4,367,415,149.0,175,0,2,High-Value Active Customers,0.012758186145888592,High,Low,50.23663376805092
12842.0,2,1053.99,31.939090909090908,546,16.545454545454547,69,238,33,1.0,1,0,0,Inactive Customers,0.340665904108674,Medium,Medium,359.0584562715013
12843.0,8,1702.26,16.526796116504855,781,7.58252427184466,65,198,103,77.0,111,0,0,Inactive Customers,0.20635166848547698,High,Low,351.26419119608806
12844.0,2,325.96000000000004,6.268461538461539,125,2.4038461538461537,28,101,52,1.0,1,0,0,Inactive Customers,0.5556470759424753,Low,Medium,181.11872087420926
12845.0,3,145.29000000000002,5.588076923076924,60,2.3076923076923075,266,22,26,1.0,1,1,1,Inactive Customers,0.6945767874805876,Low,Medium,100.91506145305459
12847.0,1,871.54,9.577362637362636,909,9.989010989010989,21,0,91,0.0,1,0,0,Inactive Customers,0.6348683879820424,Medium,Medium,553.3131948618692
12849.0,2,1050.89,20.605686274509807,623,12.215686274509803,30,237,51,1.0,1,0,0,Inactive Customers,0.3213129471517889,Medium,Medium,337.66456303234344
12851.0,1,118.23,2.412857142857143,108,2.204081632653061,96,0,49,0.0,1,1,0,Inactive Customers,0.7053546876738311,Low,High,83.39408472367705
12852.0,1,311.55,18.326470588235296,149,8.764705882352942,294,0,17,0.0,1,1,1,Inactive Customers,0.7280549171822304,Low,High,226.82550944812388
12853.0,6,1957.1000000000001,25.09102564102564,800,10.256410256410257,134,181,78,76.0,1,1,0,Inactive Customers,0.2769764670026719,High,Low,542.0706435709293
12854.0,3,1324.5,12.040909090909091,627,5.7,78,239,110,1.0,162,0,0,Inactive Customers,0.22322535202606344,High,Low,295.66197875852106
12855.0,1,38.1,12.700000000000001,30,10.0,372,0,3,0.0,1,1,1,Inactive Customers,0.7383282511006714,Low,High,28.130306366935578
12856.0,6,2179.93,6.942452229299363,1079,3.4363057324840764,7,55,314,24.0,20,0,0,Inactive Customers,0.3314256630157628,High,Medium,722.4847455779518
12857.0,2,1106.4,24.05217391304348,343,7.456521739130435,210,91,46,1.0,1,1,1,Inactive Customers,0.5673336007671154,Medium,Medium,627.6978958887365
12863.0,1,521.2,104.24000000000001,188,37.6,51,0,5,0.0,1,0,0,Inactive Customers,0.7702998212116423,Medium,High,401.480266815508
12864.0,1,27.599999999999998,13.799999999999999,72,36.0,137,0,2,0.0,1,1,0,Inactive Customers,0.7186461427008646,Low,High,19.834633538543862
12865.0,2,1449.58,15.929450549450548,918,10.087912087912088,25,97,91,1.0,1,0,0,Inactive Customers,0.48279922147507154,High,Medium,699.8560954658342
12866.0,1,499.12,19.9648,167,6.68,282,0,25,0.0,1,1,1,Inactive Customers,0.7235926530920953,Medium,High,361.1595650113266
12867.0,7,4036.82,7.503382899628253,4298,7.988847583643123,25,333,538,96.0,187,0,0,Inactive Customers,0.010182799199709642,High,Low,41.10612746537188
12868.0,6,1607.0600000000002,15.0192523364486,928,8.672897196261681,185,187,107,57.0,83,1,1,Inactive Customers,0.23867837581206539,High,Low,383.5704706325378
12871.0,2,380.64,34.60363636363636,200,18.181818181818183,83,123,11,1.0,1,0,0,Inactive Customers,0.5582825055350917,Medium,Medium,212.5046529068773
12872.0,2,599.97,9.090454545454547,319,4.833333333333333,326,38,66,1.0,1,1,1,Inactive Customers,0.6294384319880354,Medium,Medium,377.64417603986163
12873.0,1,374.0,93.5,128,32.0,281,0,4,0.0,1,1,1,Inactive Customers,0.7709017365069498,Medium,High,288.31724945359923
12876.0,2,2053.02,24.735180722891567,1930,23.253012048192772,57,138,83,1.0,1,0,0,Inactive Customers,0.36672166500482234,High,Medium,752.8869126882004
12877.0,12,1535.77,9.972532467532467,1178,7.64935064935065,3,354,154,139.0,197,0,0,Inactive Customers,0.04363211471072246,High,Low,67.00889280928624
12878.0,2,854.99,18.191276595744682,547,11.638297872340425,235,29,47,1.0,1,1,1,Inactive Customers,0.6443959112586902,Medium,Medium,550.9520601670675
12879.0,3,573.22,57.322,370,37.0,44,47,10,1.0,36,0,0,Inactive Customers,0.6515819167042156,Medium,Medium,373.4997862931905
12881.0,1,103.0,17.166666666666668,20,3.3333333333333335,275,0,6,0.0,1,1,1,Inactive Customers,0.7444068060801293,Low,High,76.67390102625332
12882.0,2,1463.04,112.54153846153847,246,18.923076923076923,8,24,13,1.0,1,0,0,Inactive Customers,0.745833659442726,High,High,1091.1844771110857
12883.0,4,686.52,16.744390243902437,195,4.7560975609756095,24,64,41,64.0,1,0,0,Inactive Customers,0.5307122527650107,Medium,Medium,364.34457576823513
12884.0,1,139.05,23.175,41,6.833333333333333,87,0,6,0.0,1,0,0,Inactive Customers,0.744983762036404,Low,High,103.58999211116199
12885.0,3,1124.37,16.534852941176467,652,9.588235294117647,62,60,68,1.0,1,0,0,Inactive Customers,0.5762419305889928,High,Medium,647.9091394963457
12886.0,2,1378.4,16.809756097560978,770,9.390243902439025,67,151,82,1.0,1,0,0,Inactive Customers,0.41462805744908887,High,Medium,571.5233143878241
12888.0,2,354.12,70.824,76,15.2,213,41,5,1.0,1,1,1,Inactive Customers,0.7190717624731935,Low,High,254.6376925270073
12890.0,1,380.46999999999997,4.639878048780488,259,3.158536585365854,23,0,82,0.0,1,0,0,Inactive Customers,0.6763925102456977,Medium,Medium,257.3470583731806
12891.0,1,42.0,42.0,100,100.0,292,0,1,0.0,1,1,1,Inactive Customers,0.6889114540806528,Low,Medium,28.934281071387417
12893.0,1,188.14,5.533529411764706,96,2.823529411764706,30,0,34,0.0,1,0,0,Inactive Customers,0.7162103607123156,Low,High,134.74781726441503
12895.0,2,372.8,16.945454545454545,210,9.545454545454545,41,44,22,1.0,1,0,0,Inactive Customers,0.660655635541458,Medium,Medium,246.29242092985555
12897.0,2,216.5,54.125,110,27.5,204,97,4,1.0,1,1,1,Inactive Customers,0.6179957875186645,Low,Medium,133.79608799779086
12901.0,18,3568.92,40.10022471910113,2768,31.10112359550562,9,260,89,70.0,174,0,2,High-Value Active Customers,0.09803328744927399,High,Low,349.87296024346296
12902.0,1,104.78,13.0975,64,8.0,264,0,8,0.0,1,1,1,Inactive Customers,0.7352977386775988,Low,High,77.04449705863881
12904.0,2,509.58,7.0775,302,4.194444444444445,17,154,72,1.0,1,0,0,Inactive Customers,0.4458185984261279,Medium,Medium,227.18024138598625
12906.0,5,2784.13,44.90532258064516,1621,26.14516129032258,11,66,62,66.0,1,0,0,Inactive Customers,0.42164984094494434,High,Medium,1173.927971670048
12909.0,5,1706.72,19.394545454545455,1276,14.5,39,213,88,1.0,162,0,0,Inactive Customers,0.23828787152624142,High,Low,406.69067609126677
12910.0,8,3075.04,41.00053333333333,1692,22.56,22,218,75,107.0,55,0,0,Inactive Customers,0.15788462688476215,High,Low,485.501543055719
12912.0,5,1662.3,69.2625,670,27.916666666666668,2,37,24,16.0,11,0,0,Inactive Customers,0.640598485143693,High,Medium,1064.8668618543609
12913.0,5,2453.63,51.11729166666667,1417,29.520833333333332,4,363,48,66.0,278,0,0,Inactive Customers,0.06998351291044162,High,Low,171.7136467824469
12915.0,2,363.65,16.529545454545453,93,4.2272727272727275,148,223,22,1.0,1,1,1,Inactive Customers,0.3960834425572226,Low,Medium,144.03574388593398
12916.0,4,3006.15,28.094859813084113,1119,10.457943925233645,138,181,107,63.0,62,1,0,Inactive Customers,0.23362414948888874,High,Low,702.3092369860229
12917.0,1,594.0,297.0,120,60.0,127,0,2,0.0,1,1,0,Inactive Customers,0.86463249936241,Medium,High,513.5917046212716
12919.0,6,1335.19,26.7038,673,13.46,7,161,50,53.0,23,0,0,Inactive Customers,0.3529914245938539,High,Medium,471.3106202034678
12920.0,1,130.33,5.0126923076923084,127,4.884615384615385,16,0,26,0.0,1,0,0,Inactive Customers,0.7184172386060397,Low,High,93.63131870752515
12921.0,37,16587.09,23.037625,9526,13.230555555555556,8,364,720,216.0,147,0,2,High-Value Active Customers,0.000583158802927177,High,Low,9.672907548445348
12922.0,1,405.38,14.477857142857143,370,13.214285714285714,160,0,28,0.0,1,1,1,Inactive Customers,0.7054877800280823,Medium,High,285.990636267784
12923.0,1,176.97,6.102413793103448,69,2.3793103448275863,63,0,29,0.0,1,0,0,Inactive Customers,0.72115508162655,Low,High,127.62281479545055
12924.0,4,781.0600000000001,26.933103448275865,337,11.620689655172415,87,239,29,51.0,110,0,0,Inactive Customers,0.2520052729801612,Medium,Low,196.8312385138847
12925.0,2,679.05,15.432954545454544,540,12.272727272727273,4,70,44,1.0,1,0,0,Inactive Customers,0.5846589273370463,Medium,Medium,397.01264460822125
12928.0,5,2028.14,24.435421686746988,1184,14.265060240963855,34,323,83,117.0,112,0,0,Inactive Customers,0.08224950390130978,High,Low,166.81350884240243
12929.0,1,117.85,14.73125,37,4.625,311,0,8,0.0,1,1,1,Inactive Customers,0.7398390995337942,Low,High,87.19003788005764
12930.0,2,415.8,16.632,252,10.08,77,93,25,1.0,1,0,0,Inactive Customers,0.5828788882470767,Medium,Medium,242.3610417331345
12931.0,9,2661.26,147.8477777777778,1198,66.55555555555556,29,326,18,153.0,96,0,0,Inactive Customers,0.10098521484481182,High,Low,268.74791285790394
12933.0,3,607.53,5.7314150943396225,499,4.7075471698113205,23,259,106,1.0,147,0,0,Inactive Customers,0.2151632630197163,Medium,Low,130.71813718236825
12935.0,7,2160.7,16.749612403100773,1853,14.364341085271318,1,317,129,169.0,107,0,0,Inactive Customers,0.04890981406196286,High,Low,105.67943524368314
12936.0,4,1063.9,17.15967741935484,559,9.016129032258064,16,61,62,56.0,1,0,0,Inactive Customers,0.5057809961224804,Medium,Medium,538.1004017747069
12937.0,4,1504.27,12.535583333333333,1007,8.391666666666667,14,252,120,69.0,56,0,0,Inactive Customers,0.16049782239717578,High,Low,241.4320592973996
12938.0,1,114.14,12.682222222222222,140,15.555555555555555,25,0,9,0.0,1,0,0,Inactive Customers,0.725766002041774,Low,High,82.83893147304808
12939.0,8,5921.52,164.48666666666668,2824,78.44444444444444,63,270,36,196.0,15,0,0,Inactive Customers,0.07933800693927498,High,Low,469.8015948510556
12940.0,2,893.59,9.11826530612245,410,4.183673469387755,54,33,98,1.0,1,0,0,Inactive Customers,0.6074828639831084,Medium,Medium,542.8406124266659
12942.0,3,666.95,9.01283783783784,202,2.72972972972973,130,234,74,1.0,66,1,0,Inactive Customers,0.3058855532016402,Medium,Medium,204.01036970783395
12944.0,2,604.51,20.150333333333332,289,9.633333333333333,35,319,30,1.0,1,0,0,Inactive Customers,0.24817490966813582,Medium,Low,150.02421464348478
12945.0,1,462.95,20.128260869565217,165,7.173913043478261,287,0,23,0.0,1,1,1,Inactive Customers,0.7249548678654647,Medium,High,335.6178560783169
12947.0,6,1440.09,15.320106382978723,1161,12.351063829787234,143,229,94,138.0,39,1,0,Inactive Customers,0.13784330963289143,High,Low,198.5067717692306
12948.0,7,2064.95,17.801293103448273,1080,9.310344827586206,15,248,116,49.0,89,0,0,Inactive Customers,0.17129265480614805,High,Low,353.7107675419554
12949.0,8,4167.22,19.382418604651164,2381,11.074418604651163,30,221,215,121.0,99,0,0,Inactive Customers,0.07621508737930396,High,Low,317.6050364287831
12950.0,3,1699.0,77.22727272727273,1180,53.63636363636363,1,21,22,1.0,5,0,0,Inactive Customers,0.6478687088206242,High,Medium,1100.7289362862405
12951.0,6,1047.1200000000001,16.889032258064518,502,8.096774193548388,8,322,62,81.0,195,0,0,Inactive Customers,0.10867917026125422,Medium,Low,113.80013276396453
12952.0,4,1319.99,17.36828947368421,649,8.539473684210526,5,72,76,35.0,37,0,0,Inactive Customers,0.485756346480123,High,Medium,641.1935197902976
12953.0,1,304.85,19.053125,83,5.1875,9,0,16,0.0,1,0,0,Inactive Customers,0.7344157385658071,Low,High,223.88663790178632
12955.0,11,4757.16,26.428666666666665,3664,20.355555555555554,0,266,180,124.0,91,0,0,Inactive Customers,0.049481908691855515,High,Low,235.3933567525474
12956.0,1,91.12,5.062222222222222,33,1.8333333333333333,305,0,18,0.0,1,1,1,Inactive Customers,0.7295514270219056,Low,High,66.47672603023604
12957.0,8,4000.59,16.880126582278482,2548,10.751054852320674,9,329,237,153.0,61,0,0,Inactive Customers,0.03248845451146341,High,Low,129.97298623401542
12962.0,2,266.39,16.649375,129,8.0625,6,106,16,1.0,1,0,0,Inactive Customers,0.5788706075293542,Low,Medium,154.20534113974463
12963.0,8,1856.63,19.54347368421053,881,9.273684210526316,7,357,95,342.0,15,0,0,Inactive Customers,0.02330693349625142,High,Low,43.272351937145274
12965.0,1,771.91,7.081743119266055,283,2.596330275229358,88,0,109,0.0,1,0,0,Inactive Customers,0.6557304502797546,Medium,Medium,506.1648918754454
12966.0,1,160.18,16.018,75,7.5,9,0,10,0.0,1,0,0,Inactive Customers,0.7356686376544671,Low,High,117.83940237949254
12967.0,2,1301.5,76.55882352941177,426,25.058823529411764,357,13,17,1.0,1,1,1,Inactive Customers,0.7213039181316114,High,High,938.7770494482922
12968.0,1,135.95,27.189999999999998,73,14.6,111,0,5,0.0,1,1,0,Inactive Customers,0.741585177894834,Low,High,100.81850493480268
12970.0,4,452.24,2.9949668874172186,310,2.052980132450331,6,315,151,1.0,1,0,0,Inactive Customers,0.18703160040592703,Medium,Low,84.58317096757645
12971.0,86,10330.64,34.666577181208055,7040,23.624161073825505,3,368,298,195.0,168,0,2,High-Value Active Customers,0.005458594114015865,High,Low,56.39077069801685
12974.0,1,124.85000000000001,17.835714285714285,23,3.2857142857142856,197,0,7,0.0,1,1,1,Inactive Customers,0.744031988107744,Low,High,92.89239371525184
12976.0,1,738.6,33.57272727272727,561,25.5,211,0,22,0.0,1,1,1,Inactive Customers,0.7030928697396698,Medium,High,519.3043935897201
12977.0,1,19.24,2.405,11,1.375,155,0,8,0.0,1,1,1,Inactive Customers,0.7353298456359676,Low,High,14.147746230036015
12980.0,7,1435.68,143.568,456,45.6,176,181,10,56.0,113,1,1,Inactive Customers,0.3904119860820565,High,Medium,560.506680178287
12981.0,2,372.21999999999997,18.610999999999997,242,12.1,29,103,20,1.0,1,0,0,Inactive Customers,0.572006774524001,Medium,Medium,212.9123616133236
12982.0,1,390.54,13.947857142857144,288,10.285714285714286,242,0,28,0.0,1,1,1,Inactive Customers,0.710813565295899,Medium,High,277.6011297906604
12984.0,1,97.5,24.375,26,6.5,18,0,4,0.0,1,0,0,Inactive Customers,0.7481185705192801,Low,High,72.9415606256298
12985.0,2,1205.18,16.069066666666668,1353,18.04,0,27,75,1.0,1,0,0,Inactive Customers,0.5789890608672447,High,Medium,697.786036375986
12987.0,2,508.75,18.84259259259259,218,8.074074074074074,73,124,27,1.0,1,0,0,Inactive Customers,0.5376400230144891,Medium,Medium,273.5243617086213
12988.0,1,535.32,5.818695652173914,136,1.4782608695652173,291,0,92,0.0,1,1,1,Inactive Customers,0.6757865801301631,Medium,Medium,361.762072075279
12989.0,14,4731.71,80.19847457627118,1287,21.8135593220339,2,361,59,206.0,84,0,2,High-Value Active Customers,0.047312872378908015,High,Low,223.87079136400286
12990.0,3,409.5,31.5,200,15.384615384615385,30,278,13,1.0,153,0,0,Inactive Customers,0.26389141162228485,Medium,Low,108.06353305932565
12991.0,2,503.76,16.25032258064516,405,13.064516129032258,22,89,31,1.0,1,0,0,Inactive Customers,0.5733051618653024,Medium,Medium,288.80820834126473
12993.0,4,414.76,15.361481481481482,240,8.88888888888889,22,275,27,90.0,97,0,0,Inactive Customers,0.18077235773241024,Medium,Low,74.97714309309447
12994.0,3,974.42,15.974098360655738,459,7.524590163934426,3,264,61,1.0,115,0,0,Inactive Customers,0.24670707827331198,Medium,Low,240.39631121108064
12995.0,1,211.32,70.44,108,36.0,84,0,3,0.0,1,0,0,Inactive Customers,0.7554407861126136,Low,High,159.63974692131748
12997.0,4,1143.69,19.718793103448277,660,11.379310344827585,21,294,58,80.0,66,0,0,Inactive Customers,0.15211736007157084,High,Low,173.97510354025485
12999.0,3,455.88,16.28142857142857,342,12.214285714285714,195,49,28,1.0,8,1,1,Inactive Customers,0.6375327454163225,Medium,Medium,290.63842798039315
13000.0,3,534.85,17.253225806451614,379,12.225806451612904,106,258,31,1.0,153,1,0,Inactive Customers,0.26221749720280957,Medium,Low,140.2470283789227
13001.0,13,8726.7,26.20630630630631,4443,13.342342342342342,3,322,333,61.0,250,0,2,High-Value Active Customers,0.018090543296973405,High,Low,157.87074418969783
13002.0,1,120.95,17.27857142857143,73,10.428571428571429,317,0,7,0.0,1,1,1,Inactive Customers,0.736587419498696,Low,High,89.09024838836729
13003.0,3,149.05,24.84166666666667,103,17.166666666666668,105,109,6,1.0,45,1,0,Inactive Customers,0.564162705221146,Low,Medium,84.08845121321181
13004.0,18,5655.91,13.999777227722772,4822,11.935643564356436,11,346,404,181.0,156,0,2,High-Value Active Customers,0.007815201494558912,High,Low,44.2020762850907
13005.0,2,513.7,19.75769230769231,172,6.615384615384615,173,72,26,1.0,1,1,1,Inactive Customers,0.6223711050044332,Medium,Medium,319.71203664077734
13006.0,1,81.57,20.3925,55,13.75,55,0,4,0.0,1,0,0,Inactive Customers,0.7391352830706206,Low,High,60.29126504007052
13008.0,1,229.47,16.390714285714285,175,12.5,322,0,14,0.0,1,1,1,Inactive Customers,0.7253790517875267,Low,High,166.45273101368375
13011.0,1,50.550000000000004,16.85,13,4.333333333333333,371,0,3,0.0,1,1,1,Inactive Customers,0.7458993284846687,Low,High,37.705211054900005
13012.0,8,1661.8400000000001,18.6723595505618,824,9.258426966292134,8,285,89,146.0,68,0,0,Inactive Customers,0.10087296688585057,High,Low,167.63473128958194
13013.0,13,4810.9400000000005,21.967762557077627,2224,10.155251141552512,0,370,219,236.0,122,0,2,High-Value Active Customers,0.01566763227266525,High,Low,75.37603880585615
13014.0,10,3466.28,31.800733944954132,905,8.302752293577981,10,270,109,167.0,64,0,0,Inactive Customers,0.08995053062998254,High,Low,311.7937253120959
13015.0,5,3034.33,17.43867816091954,1615,9.281609195402298,52,195,174,1.0,192,0,0,Inactive Customers,0.18595369940998038,High,Low,564.2448887306857
13016.0,3,722.09,16.411136363636363,523,11.886363636363637,72,49,44,1.0,1,0,0,Inactive Customers,0.6185842623690437,Medium,Medium,446.6735100140628
13017.0,1,204.0,204.0,48,48.0,6,0,1,0.0,1,0,0,Inactive Customers,0.8309989188950158,Low,High,169.5237794545832
13018.0,28,7244.4,15.852078774617066,5433,11.88840262582057,15,279,457,141.0,138,0,2,High-Value Active Customers,0.011309289731612467,High,Low,81.92901853169334
13021.0,9,2556.48,19.66523076923077,1350,10.384615384615385,3,354,130,192.0,66,0,0,Inactive Customers,0.04087576007187344,High,Low,104.49806310854302
13023.0,2,599.9,15.786842105263156,280,7.368421052631579,63,65,38,1.0,1,0,0,Inactive Customers,0.614309206132034,Medium,Medium,368.5240927586072
13026.0,4,816.0,20.923076923076923,1428,36.61538461538461,0,274,39,182.0,30,0,0,Inactive Customers,0.09154369635246314,Medium,Low,74.69965622360992
13028.0,2,661.3199999999999,14.695999999999998,798,17.733333333333334,22,22,45,1.0,1,0,0,Inactive Customers,0.6386170049978841,Medium,Medium,422.3301977452007
13029.0,3,499.0,62.375,104,13.0,30,322,8,1.0,107,0,0,Inactive Customers,0.25581659076426355,Medium,Low,127.65247879136751
13030.0,2,742.9300000000001,7.659072164948454,391,4.030927835051546,10,356,97,1.0,1,0,0,Inactive Customers,0.16898734249765948,Medium,Low,125.54576636178616
13032.0,2,1010.1800000000001,14.227887323943662,375,5.28169014084507,51,34,71,1.0,1,0,0,Inactive Customers,0.6287190122810825,Medium,Medium,635.1193718261039
13033.0,1,190.55,17.322727272727274,83,7.545454545454546,356,0,11,0.0,1,1,1,Inactive Customers,0.7354045447744755,Low,High,140.1313360067763
13034.0,2,642.77,17.372162162162162,369,9.972972972972974,54,314,37,1.0,1,0,0,Inactive Customers,0.24479964814981717,Medium,Low,157.34986984125797
13035.0,2,921.88,34.1437037037037,644,23.85185185185185,73,186,27,1.0,1,0,0,Inactive Customers,0.4142379434010954,Medium,Medium,381.8776752626018
13037.0,3,881.07,18.355625,431,8.979166666666666,137,118,48,1.0,81,1,0,Inactive Customers,0.4797641185162513,Medium,Medium,422.70577190111356
13038.0,3,908.46,32.445,360,12.857142857142858,79,210,28,1.0,103,0,0,Inactive Customers,0.35607834790451115,Medium,Medium,323.48293593733223
13040.0,2,676.99,15.743953488372092,355,8.255813953488373,8,24,43,1.0,1,0,0,Inactive Customers,0.665426051383547,Medium,Medium,450.4867825261475
13043.0,1,516.42,39.72461538461538,254,19.53846153846154,272,0,13,0.0,1,1,1,Inactive Customers,0.7319237475969427,Medium,High,377.98006173401313
13044.0,1,560.47,16.983939393939394,429,13.0,290,0,33,0.0,1,1,1,Inactive Customers,0.7005275436928037,Medium,High,392.6246724135057
13045.0,1,305.28000000000003,16.96,221,12.277777777777779,98,0,18,0.0,1,1,0,Inactive Customers,0.7210669921221557,Low,High,220.12733135505172
13046.0,2,544.31,16.009117647058822,263,7.735294117647059,30,235,34,1.0,1,0,0,Inactive Customers,0.3565853163103483,Medium,Medium,194.09295352088566
13047.0,10,3237.54,18.822906976744186,1391,8.087209302325581,31,342,172,119.0,187,0,0,Inactive Customers,0.0462055824689157,High,Low,149.59242146641333
13048.0,4,1835.91,13.499338235294118,1238,9.102941176470589,13,312,136,88.0,99,0,0,Inactive Customers,0.08859595330728846,High,Low,162.65419663638397
13049.0,2,656.6800000000001,46.90571428571429,268,19.142857142857142,63,253,14,1.0,1,0,0,Inactive Customers,0.35891817011393,Medium,Medium,235.69438395041558
13050.0,17,5796.91,14.420174129353233,3747,9.32089552238806,14,351,402,104.0,189,0,2,High-Value Active Customers,0.013843237902455065,High,Low,80.2480042291208
13052.0,1,348.15000000000003,19.34166666666667,222,12.333333333333334,211,0,18,0.0,1,1,1,Inactive Customers,0.7223337248847219,Low,High,251.48048631861596
13055.0,3,1214.41,15.979078947368421,894,11.763157894736842,77,135,76,1.0,1,0,0,Inactive Customers,0.43748952335951946,High,Medium,531.2916520630341
13058.0,3,271.40000000000003,33.925000000000004,52,6.5,24,127,8,1.0,33,0,0,Inactive Customers,0.5593112481040324,Low,Medium,151.79707273543443
13059.0,1,183.4,22.925,35,4.375,249,0,8,0.0,1,1,1,Inactive Customers,0.7452664543520958,Low,High,136.68186772817438
13060.0,1,307.53000000000003,20.502000000000002,123,8.2,253,0,15,0.0,1,1,1,Inactive Customers,0.7322632486466526,Low,High,225.1929168563051
13061.0,1,248.61,24.861,107,10.7,71,0,10,0.0,1,0,0,Inactive Customers,0.737603193883843,Low,High,183.3755300314622
13062.0,1,271.5,30.166666666666668,54,6.0,190,0,9,0.0,1,1,1,Inactive Customers,0.7470864289012293,Low,High,202.83396544668378
13064.0,4,1099.54,16.16970588235294,515,7.573529411764706,12,314,68,174.0,75,0,0,Inactive Customers,0.08221272166805423,Medium,Low,90.39617598289234
13065.0,1,205.86,14.704285714285716,74,5.285714285714286,372,0,14,0.0,1,1,1,Inactive Customers,0.7336495465473599,Low,High,151.02909565223953
13066.0,2,430.90000000000003,9.16808510638298,320,6.808510638297872,23,7,47,1.0,1,0,0,Inactive Customers,0.6862978591903365,Medium,Medium,295.725747525116
13067.0,1,115.46000000000001,7.697333333333334,32,2.1333333333333333,81,0,15,0.0,1,0,0,Inactive Customers,0.7328020469849075,Low,High,84.60932434487742
13068.0,2,344.0,172.0,200,100.0,9,309,2,1.0,1,0,0,Inactive Customers,0.3283104709540297,Low,Medium,112.93880200818622
13069.0,24,4070.36,9.645402843601897,3869,9.16824644549763,0,368,422,157.0,197,0,2,High-Value Active Customers,0.00903687545303468,High,Low,36.78333636901424
13070.0,1,228.8,25.422222222222224,110,12.222222222222221,191,0,9,0.0,1,1,1,Inactive Customers,0.7375325260364414,Low,High,168.7474419571378
13072.0,1,177.15,25.307142857142857,69,9.857142857142858,266,0,7,0.0,1,1,1,Inactive Customers,0.7423370045773113,Low,High,131.5050003608707
13075.0,1,919.61,41.80045454545455,485,22.045454545454547,129,0,22,0.0,1,1,0,Inactive Customers,0.7133097250496193,Medium,High,655.9667562528804
13077.0,4,729.27,6.5113392857142856,863,7.705357142857143,0,365,112,76.0,289,0,0,Inactive Customers,0.05935584826881917,Medium,Low,43.286439467001756
13078.0,26,11515.94,32.71573863636364,4410,12.528409090909092,2,363,352,226.0,113,0,2,High-Value Active Customers,0.006073880086562106,High,Low,69.94643864404402
13079.0,5,220.10000000000002,36.68333333333334,62,10.333333333333334,3,136,6,49.0,71,0,0,Inactive Customers,0.45943394064479554,Low,Medium,101.1214103359195
13080.0,1,58.08,9.68,120,20.0,178,0,6,0.0,1,1,1,Inactive Customers,0.7232775498865798,Low,High,42.00796009741255
13081.0,11,28214.76,27.661529411764704,18418,18.05686274509804,11,359,1020,82.0,251,0,2,High-Value Active Customers,4.255283127837606e-05,High,Low,1.2006179218398736
13082.0,9,1963.96,29.756969696969698,971,14.712121212121213,125,212,66,102.0,109,1,0,Inactive Customers,0.18336571970413784,High,Low,360.12293887013857
13083.0,2,286.8,16.870588235294118,186,10.941176470588236,3,71,17,1.0,1,0,0,Inactive Customers,0.6257243135109105,Low,Medium,179.45773311492914
13085.0,2,416.08,18.91272727272727,216,9.818181818181818,157,137,22,1.0,1,1,1,Inactive Customers,0.5205350768061665,Medium,Medium,216.58423475750976
13089.0,94,55414.66,30.751753607103222,28551,15.844062153163152,2,366,1802,162.0,196,0,3,High-Value Active Customers,1.3260459586668594e-07,High,Low,0.007348238594389807
13090.0,13,8744.27,59.48482993197279,2253,15.326530612244898,8,364,147,134.0,167,0,2,High-Value Active Customers,0.030891260785487536,High,Low,270.1215249487151
13091.0,1,345.82,16.467619047619046,466,22.19047619047619,27,0,21,0.0,1,0,0,Inactive Customers,0.7009703867939738,Low,High,242.409579161092
13092.0,5,477.83,19.1132,279,11.16,70,288,25,82.0,156,0,0,Inactive Customers,0.16111358659336744,Medium,Low,76.98490508190876
13093.0,8,7832.47,49.260817610062894,3961,24.91194968553459,275,97,159,36.0,55,1,1,Inactive Customers,0.19942504151867999,High,Low,1561.9906549438156
13094.0,12,1622.0400000000002,73.72909090909091,1428,64.9090909090909,20,347,22,160.0,184,0,0,Inactive Customers,0.05813899550192067,High,Low,94.30377626393542
13095.0,1,74.39999999999999,12.399999999999999,144,24.0,70,0,6,0.0,1,0,0,Inactive Customers,0.7211462089125219,Low,High,53.653277943091624
13097.0,10,5722.27,13.889004854368933,2346,5.694174757281553,32,327,412,126.0,140,0,0,Inactive Customers,0.01949494390141241,High,Low,111.55533263873521
13098.0,28,27245.4,48.136749116607774,14872,26.275618374558302,0,316,566,175.0,133,0,2,High-Value Active Customers,0.00035292839750460613,High,Low,9.615675361371997
13101.0,1,101.19,12.64875,113,14.125,233,0,8,0.0,1,1,1,Inactive Customers,0.7285735171110647,Low,High,73.72435419646862
13102.0,24,6166.33,20.35092409240924,4060,13.3993399339934,0,363,303,118.0,218,0,2,High-Value Active Customers,0.014281833998547301,High,Low,88.06650144026217
13103.0,1,243.94,30.4925,82,10.25,39,0,8,0.0,1,0,0,Inactive Customers,0.7440367104431196,Low,High,181.5003151454946
13104.0,6,1098.48,54.924,504,25.2,2,351,20,221.0,82,0,0,Inactive Customers,0.062439296268616114,Medium,Low,68.58831816514943
13106.0,1,76.5,76.5,18,18.0,132,0,1,0.0,1,1,0,Inactive Customers,0.7770572573461251,Low,High,59.444880186978565
13107.0,4,1531.6200000000001,26.407241379310346,1293,22.29310344827586,43,289,58,157.0,41,0,0,Inactive Customers,0.09511430062545079,High,Low,145.67896512395293
13108.0,1,350.06,35.006,298,29.8,372,0,10,0.0,1,1,1,Inactive Customers,0.722404338464373,Low,High,252.88486272283842
13109.0,2,786.54,16.734893617021275,520,11.063829787234043,59,97,47,1.0,1,0,0,Inactive Customers,0.5425570240811413,Medium,Medium,426.74280172078085
13110.0,7,1454.77,10.173216783216784,386,2.699300699300699,30,279,143,54.0,105,0,0,Inactive Customers,0.14799258860484799,High,Low,215.2951781246747
13113.0,24,10545.960000000001,52.99477386934674,2845,14.296482412060302,0,365,199,139.0,220,0,2,High-Value Active Customers,0.019377331925980117,High,Low,204.3525673981093
13115.0,4,2214.88,18.770169491525426,1565,13.26271186440678,11,172,118,125.0,45,0,0,Inactive Customers,0.16919569270294532,High,Low,374.74815585389956
13116.0,1,469.24,16.180689655172415,289,9.96551724137931,137,0,29,0.0,1,1,0,Inactive Customers,0.7113219218226213,Medium,High,333.7806985960468
13117.0,8,948.96,12.652800000000001,944,12.586666666666666,21,350,75,94.0,217,0,0,Inactive Customers,0.07281311982836321,Medium,Low,69.09673819232356
13118.0,5,1172.81,15.03602564102564,409,5.243589743589744,19,269,78,35.0,188,0,0,Inactive Customers,0.1793692549877442,High,Low,210.36605594217627
13120.0,1,30.6,30.6,12,12.0,238,0,1,0.0,1,1,1,Inactive Customers,0.7512921190913607,Low,High,22.98953884419564
13121.0,1,283.73,5.674600000000001,252,5.04,268,0,50,0.0,1,1,1,Inactive Customers,0.6974806493328223,Low,High,197.89618463520168
13122.0,2,922.39,16.77072727272727,585,10.636363636363637,93,146,55,1.0,1,1,0,Inactive Customers,0.45515383774979457,Medium,Medium,419.829348402033
13124.0,3,3796.48,16.29390557939914,2144,9.201716738197424,89,269,233,1.0,162,0,0,Inactive Customers,0.09853600688672288,High,Low,374.0899794253057
13126.0,8,2062.74,14.947391304347825,2141,15.514492753623188,4,361,138,92.0,248,0,0,Inactive Customers,0.04172093131054015,High,Low,86.05943385150358
13127.0,1,259.17,17.278000000000002,127,8.466666666666667,77,0,15,0.0,1,0,0,Inactive Customers,0.7300337736644547,Low,High,189.20285312061674
13130.0,1,64.0,32.0,32,16.0,93,0,2,0.0,1,1,0,Inactive Customers,0.7478143978052171,Low,High,47.86012145953389
13131.0,3,1073.3,24.393181818181816,447,10.159090909090908,22,164,44,1.0,47,0,0,Inactive Customers,0.42746408855261636,Medium,Medium,458.79720624352314
13132.0,1,77.3,25.766666666666666,20,6.666666666666667,261,0,3,0.0,1,1,1,Inactive Customers,0.7499264920700583,Low,High,57.96931783701551
13133.0,2,109.8,15.685714285714285,32,4.571428571428571,273,30,7,1.0,1,1,1,Inactive Customers,0.70281362123144,Low,High,77.1689356112121
13134.0,4,1793.58,18.301836734693875,1059,10.806122448979592,85,154,98,6.0,97,0,0,Inactive Customers,0.3349737799801092,High,Medium,600.8022722967243
13136.0,5,2607.61,20.53236220472441,1328,10.456692913385826,55,156,127,69.0,86,0,0,Inactive Customers,0.2288131336180744,High,Low,596.655415353827
13137.0,8,3650.41,5.185241477272727,2226,3.1619318181818183,10,298,704,205.0,81,0,0,Inactive Customers,0.007628964015549622,High,Low,27.848846532002494
13138.0,6,962.39,15.276031746031746,473,7.507936507936508,21,350,63,238.0,58,0,0,Inactive Customers,0.04955705730071206,Medium,Low,47.69321637563228
13139.0,7,5064.9400000000005,29.793764705882356,2425,14.264705882352942,15,243,170,149.0,56,0,0,Inactive Customers,0.06818989398494488,High,Low,345.37772164010676
13140.0,3,423.72,9.211304347826088,186,4.043478260869565,107,258,46,1.0,7,1,0,Inactive Customers,0.31656879933732573,Medium,Medium,134.13653165521166
13141.0,5,2388.75,17.694444444444443,1548,11.466666666666667,84,230,135,1.0,150,0,0,Inactive Customers,0.18724590285017592,High,Low,447.2836504333577
13142.0,1,307.09000000000003,13.351739130434783,258,11.217391304347826,18,0,23,0.0,1,0,0,Inactive Customers,0.7147032306394755,Low,High,219.47821509707654
13144.0,1,110.95,36.983333333333334,21,7.0,332,0,3,0.0,1,1,1,Inactive Customers,0.7570370949819627,Low,High,83.99326568824877
13145.0,3,323.52,64.704,144,28.8,39,87,5,1.0,52,0,0,Inactive Customers,0.6162291545730234,Low,Medium,199.36245608746452
13146.0,1,228.91,13.465294117647058,154,9.058823529411764,25,0,17,0.0,1,0,0,Inactive Customers,0.7248713565493285,Low,High,165.9303022277068
13147.0,4,712.8,178.2,144,36.0,9,89,4,56.0,20,0,0,Inactive Customers,0.6395233647761117,Medium,Medium,455.8522544124124
13148.0,12,3602.42,11.472675159235669,1969,6.270700636942675,28,335,314,131.0,130,0,0,Inactive Customers,0.02881450430250929,High,Low,103.80194658944552
13149.0,4,1676.06,19.48906976744186,1280,14.883720930232558,13,274,86,139.0,91,0,0,Inactive Customers,0.09724847283959273,High,Low,162.99427538752778
13151.0,1,1118.27,16.206811594202897,355,5.144927536231884,295,0,69,0.0,1,1,1,Inactive Customers,0.6806712987694559,High,Medium,761.1742932749194
13153.0,1,486.22,32.41466666666667,418,27.866666666666667,5,0,15,0.0,1,0,0,Inactive Customers,0.7129020126151442,Medium,High,346.62721657373544
13155.0,4,971.76,11.432470588235294,497,5.847058823529411,32,335,85,41.0,46,0,0,Inactive Customers,0.14667329321640396,Medium,Low,142.53123941597272
13157.0,4,1741.22,20.014022988505747,1439,16.54022988505747,48,248,87,57.0,91,0,0,Inactive Customers,0.164890157098913,High,Low,287.1100393437693
13158.0,4,1201.06,15.203291139240505,784,9.924050632911392,94,224,79,163.0,25,1,0,Inactive Customers,0.14293292031162902,High,Low,171.67101326948514
13159.0,4,1437.85,11.883057851239668,1059,8.75206611570248,8,106,121,9.0,41,0,0,Inactive Customers,0.409532203147066,High,Medium,588.8458782950088
13160.0,1,91.8,22.95,56,14.0,21,0,4,0.0,1,0,0,Inactive Customers,0.7406352050184826,Low,High,67.9903118206967
13161.0,1,112.75,14.09375,29,3.625,312,0,8,0.0,1,1,1,Inactive Customers,0.7404639388929027,Low,High,83.48730911017478
13162.0,4,1688.29,21.370759493670885,1713,21.68354430379747,121,212,79,101.0,62,1,0,Inactive Customers,0.1620993848426162,High,Low,273.67077043594054
13165.0,2,1021.48,24.32095238095238,1376,32.76190476190476,45,305,42,1.0,1,0,0,Inactive Customers,0.20442987947042462,Medium,Low,208.82103328144936
13166.0,1,417.2,10.175609756097561,216,5.2682926829268295,282,0,41,0.0,1,1,1,Inactive Customers,0.7064911362030801,Medium,High,294.748102023925
13167.0,4,749.5699999999999,11.712031249999999,641,10.015625,18,125,64,12.0,48,0,0,Inactive Customers,0.4408774828773578,Medium,Medium,330.46853484038104
13168.0,4,1319.19,10.070152671755725,682,5.206106870229007,35,281,131,26.0,162,0,0,Inactive Customers,0.14995847315049687,High,Low,197.82371819540398
13169.0,2,712.88,54.83692307692308,272,20.923076923076923,63,188,13,1.0,1,0,0,Inactive Customers,0.46310996342020566,Medium,Medium,330.1418307229962
13170.0,1,116.00999999999999,3.6253124999999997,147,4.59375,26,0,32,0.0,1,0,0,Inactive Customers,0.7133173381721885,Low,High,82.75194440135557
13171.0,3,335.21,7.618409090909091,223,5.068181818181818,21,277,44,1.0,27,0,0,Inactive Customers,0.28240598383774024,Low,Low,94.6653098422489
13173.0,2,353.65000000000003,8.224418604651163,277,6.441860465116279,3,363,43,1.0,1,0,0,Inactive Customers,0.19119959330423852,Low,Low,67.61773617204396
13174.0,3,2715.13,8.73032154340836,1392,4.47588424437299,15,352,311,1.0,299,0,0,Inactive Customers,0.046033805037584766,High,Low,124.98776507169752
13176.0,1,459.94,6.570571428571428,451,6.442857142857143,45,0,70,0.0,1,0,0,Inactive Customers,0.6740718057297032,Medium,Medium,310.0325863273197
13177.0,1,282.45,16.61470588235294,91,5.352941176470588,64,0,17,0.0,1,0,0,Inactive Customers,0.7318587997048694,Low,High,206.71351797664036
13178.0,11,5725.47,21.60554716981132,3570,13.471698113207546,25,334,265,156.0,145,0,0,Inactive Customers,0.01898548168657517,High,Low,108.70080583203554
13182.0,1,121.18,11.016363636363637,201,18.272727272727273,44,0,11,0.0,1,0,0,Inactive Customers,0.7188284640207769,Low,High,87.10763327003775
13183.0,9,3957.78,42.10404255319149,2208,23.48936170212766,7,326,94,177.0,127,0,0,Inactive Customers,0.04332282923494045,High,Low,171.46222708946263
13184.0,10,1681.13,9.339611111111111,1548,8.6,14,275,180,105.0,136,0,0,Inactive Customers,0.07979335530749924,High,Low,134.1430034080962
13185.0,1,71.4,71.4,12,12.0,267,0,1,0.0,1,1,1,Inactive Customers,0.7779971908028953,Low,High,55.54899942332673
13186.0,3,1575.89,19.947974683544306,820,10.379746835443038,39,89,79,1.0,53,0,0,Inactive Customers,0.48806347059269267,High,Medium,769.1343426723186
13187.0,1,236.02,6.378918918918919,95,2.5675675675675675,336,0,37,0.0,1,1,1,Inactive Customers,0.7147909170077119,Low,High,168.70495223216017
13188.0,1,99.6,99.6,24,24.0,10,0,1,0.0,1,0,0,Inactive Customers,0.7872934623025157,Low,High,78.41442884533056
13189.0,2,260.68,8.988965517241379,842,29.03448275862069,18,96,29,1.0,1,0,0,Inactive Customers,0.524178981368263,Low,Medium,136.64297686307881
13192.0,2,911.94,14.475238095238096,595,9.444444444444445,94,109,63,1.0,1,1,0,Inactive Customers,0.506114423796983,Medium,Medium,461.5459876374207
13193.0,1,100.92999999999999,3.604642857142857,49,1.75,60,0,28,0.0,1,0,0,Inactive Customers,0.7219002708019672,Low,High,72.86139433204254
13194.0,1,60.7,20.233333333333334,26,8.666666666666666,135,0,3,0.0,1,1,0,Inactive Customers,0.7445665256223523,Low,High,45.195188105276785
13196.0,4,1723.93,15.962314814814816,1221,11.305555555555555,10,250,108,177.0,1,0,0,Inactive Customers,0.10039834374574515,High,Low,173.07971673360242
13198.0,6,3321.34,14.827410714285715,2646,11.8125,9,351,224,112.0,146,0,0,Inactive Customers,0.031977055047013966,High,Low,106.20667200984937
13199.0,35,7404.04,70.51466666666667,3519,33.51428571428571,3,363,105,259.0,99,0,2,High-Value Active Customers,0.01671658839461418,High,Low,123.77028913725917
13200.0,4,870.09,18.915,516,11.217391304347826,18,107,46,51.0,2,0,0,Inactive Customers,0.45608922078536285,Medium,Medium,396.8386701131364
13203.0,4,829.51,14.812678571428572,799,14.267857142857142,9,232,56,121.0,29,0,0,Inactive Customers,0.1771414213400708,Medium,Low,146.94058041580212
13207.0,2,250.26000000000002,31.282500000000002,130,16.25,14,135,8,1.0,1,0,0,Inactive Customers,0.5454600026715075,Low,Medium,136.5068202685715
13208.0,6,1223.9,8.214093959731544,804,5.395973154362416,58,250,149,102.0,96,0,0,Inactive Customers,0.1254690341430332,High,Low,153.56155088765834
13209.0,8,5857.71,18.30534375,4251,13.284375,29,331,320,217.0,98,0,0,Inactive Customers,0.010753074683717936,High,Low,62.98839310556139
13210.0,1,353.48,16.067272727272726,316,14.363636363636363,93,0,22,0.0,1,1,0,Inactive Customers,0.7121600672630297,Low,High,251.73434057613576
13211.0,3,1197.42,21.3825,874,15.607142857142858,9,350,56,1.0,84,0,0,Inactive Customers,0.15581955760085062,High,Low,186.58145466241055
13212.0,3,738.08,5.234609929078014,308,2.1843971631205674,19,41,141,1.0,41,0,0,Inactive Customers,0.5519743360102733,Medium,Medium,407.4012179224626
13213.0,5,1470.68,16.71227272727273,1358,15.431818181818182,56,142,88,1.0,126,0,0,Inactive Customers,0.339305144723968,High,Medium,499.0092902426453
13216.0,1,333.74,66.748,297,59.4,267,0,5,0.0,1,1,1,Inactive Customers,0.7264570461443471,Low,High,242.44777458021443
13217.0,3,533.98,133.495,262,65.5,121,34,4,1.0,9,1,0,Inactive Customers,0.7251781878574235,Medium,High,387.230648752107
13218.0,1,62.64,12.528,88,17.6,126,0,5,0.0,1,1,0,Inactive Customers,0.7289630727165476,Low,High,45.66224687496454
13220.0,4,819.2900000000001,39.01380952380953,196,9.333333333333334,77,158,21,17.0,107,0,0,Inactive Customers,0.4332966232631996,Medium,Medium,354.99559047330683
13221.0,2,847.41,12.839545454545455,244,3.696969696969697,239,119,66,1.0,1,1,1,Inactive Customers,0.5098109996826952,Medium,Medium,432.0189392411127
13223.0,2,163.2,32.64,88,17.6,199,31,5,1.0,1,1,1,Inactive Customers,0.7026427476029798,Low,High,114.6712964088063
13224.0,2,2100.27,19.628691588785045,1326,12.392523364485982,59,91,107,1.0,1,0,0,Inactive Customers,0.45408877558344696,High,Medium,953.7090326946461
13225.0,6,4066.32,176.79652173913044,1728,75.1304347826087,2,334,23,141.0,139,0,0,Inactive Customers,0.08596980391834212,High,Low,349.58073306923296
13226.0,1,108.21000000000001,6.7631250000000005,80,5.0,272,0,16,0.0,1,1,1,Inactive Customers,0.727626586662412,Low,High,78.73647294273961
13227.0,1,257.7,28.633333333333333,99,11.0,201,0,9,0.0,1,1,1,Inactive Customers,0.7408535147660406,Low,High,190.91795075520864
13228.0,1,358.0,179.0,200,100.0,80,0,2,0.0,1,0,0,Inactive Customers,0.7795000286141471,Low,High,279.0610102438647
13229.0,1,160.95,16.095,63,6.3,225,0,10,0.0,1,1,1,Inactive Customers,0.7370538415939981,Low,High,118.628815804554
13230.0,14,2683.61,4.413832236842105,1540,2.5328947368421053,3,360,608,118.0,234,0,0,Inactive Customers,0.01052671014792584,High,Low,28.249584620075264
13232.0,7,1272.85,6.270197044334975,773,3.8078817733990147,12,230,203,46.0,167,0,0,Inactive Customers,0.14550629652754368,High,Low,185.20768953508397
13233.0,2,605.12,14.072558139534884,1004,23.348837209302324,73,261,43,1.0,1,0,0,Inactive Customers,0.2701254580633361,Medium,Low,163.45831718328594
13235.0,1,997.1700000000001,17.49421052631579,439,7.701754385964913,211,0,57,0.0,1,1,1,Inactive Customers,0.6850891167553086,Medium,Medium,683.1503145548911
13236.0,2,712.95,20.37,414,11.82857142857143,24,82,35,1.0,1,0,0,Inactive Customers,0.583133520851602,Medium,Medium,415.74504369114965
13238.0,4,675.73,22.524333333333335,297,9.9,16,343,30,196.0,5,0,0,Inactive Customers,0.08260204986389581,Medium,Low,55.81668315453032
13239.0,1,329.56,15.693333333333333,327,15.571428571428571,261,0,21,0.0,1,1,1,Inactive Customers,0.7113463680842338,Low,High,234.43130906584008
13240.0,4,663.65,9.905223880597015,298,4.447761194029851,95,269,67,108.0,76,1,0,Inactive Customers,0.15619273699541114,Medium,Low,103.6573099070046
13242.0,3,270.40000000000003,20.800000000000004,130,10.0,111,101,13,1.0,101,1,0,Inactive Customers,0.5466573085148821,Low,Medium,147.81613622242415
13243.0,1,600.07,10.346034482758622,233,4.017241379310345,202,0,58,0.0,1,1,1,Inactive Customers,0.6944445776090945,Medium,Medium,416.7153576858894
13244.0,1,121.74000000000001,4.508888888888889,38,1.4074074074074074,92,0,27,0.0,1,1,0,Inactive Customers,0.7236518806695967,Low,High,88.09737995271671
13245.0,1,430.5,26.90625,125,7.8125,50,0,16,0.0,1,0,0,Inactive Customers,0.7353461354512019,Medium,High,316.56651131174243
13246.0,6,1987.3,14.094326241134752,1602,11.361702127659575,17,312,141,37.0,188,0,0,Inactive Customers,0.09231093647577646,High,Low,183.44952405831054
13247.0,4,501.12,20.0448,328,13.12,17,64,25,31.0,4,0,0,Inactive Customers,0.580109715802242,Medium,Medium,290.7045807828195
13248.0,2,465.68,17.91076923076923,305,11.73076923076923,124,64,26,1.0,1,1,0,Inactive Customers,0.6225612575846282,Medium,Medium,289.91432643200966
13249.0,3,406.13,19.339523809523808,258,12.285714285714286,91,168,21,1.0,1,1,0,Inactive Customers,0.46924496130198823,Medium,Medium,190.5744561335765
13253.0,2,762.56,23.83,996,31.125,156,182,32,1.0,1,1,1,Inactive Customers,0.38645559791246537,Medium,Medium,294.6955807441296
13255.0,2,399.51,30.73153846153846,177,13.615384615384615,8,364,13,1.0,1,0,0,Inactive Customers,0.21648447661765774,Medium,Low,86.48771325352044
13258.0,3,698.5799999999999,18.383684210526315,287,7.552631578947368,11,193,38,1.0,11,0,0,Inactive Customers,0.41214825784488407,Medium,Medium,287.9185299652791
13259.0,1,292.32,3.36,132,1.5172413793103448,61,0,87,0.0,1,0,0,Inactive Customers,0.6797641753760088,Low,Medium,198.70866374591486
13260.0,1,557.62,69.7025,142,17.75,60,0,8,0.0,1,0,0,Inactive Customers,0.7606709879458444,Medium,High,424.16535629836176
13261.0,2,944.1,104.9,210,23.333333333333332,268,17,9,1.0,1,1,1,Inactive Customers,0.7539339256598006,Medium,High,711.7890192154177
13262.0,1,200.29,18.208181818181817,125,11.363636363636363,262,0,11,0.0,1,1,1,Inactive Customers,0.7315217552684148,Low,High,146.51649236271078
13263.0,34,7388.52,4.416329946204423,4776,2.8547519426180514,0,323,1673,148.0,161,0,2,High-Value Active Customers,0.00024165838022751848,High,Low,1.785497775478625
13265.0,5,1841.76,20.693932584269664,1590,17.865168539325843,52,220,89,28.0,130,0,0,Inactive Customers,0.20014222253924674,High,Low,368.6139397838831
13266.0,12,3511.0,19.39779005524862,3802,21.005524861878452,10,245,181,71.0,147,0,0,Inactive Customers,0.0686579935102291,High,Low,241.05821521441436
13267.0,19,4521.49,21.428862559241704,1969,9.33175355450237,2,364,211,167.0,197,0,2,High-Value Active Customers,0.023490768579755763,High,Low,106.21327522567988
13268.0,11,3174.74,7.231753986332573,3657,8.330296127562642,17,249,439,68.0,152,0,0,Inactive Customers,0.033946750989033256,High,Low,107.77210823492344
13269.0,15,5346.2300000000005,16.91844936708861,3514,11.120253164556962,0,368,316,219.0,108,0,2,High-Value Active Customers,0.010116184427030458,High,Low,54.083448669323055
13271.0,1,217.38,2.264375,253,2.6354166666666665,36,0,96,0.0,1,0,0,Inactive Customers,0.6676954532174048,Low,Medium,145.14363762039943
13272.0,2,276.56,18.437333333333335,96,6.4,30,58,15,1.0,1,0,0,Inactive Customers,0.6554085703654791,Low,Medium,181.2597942202769
13273.0,1,138.98,8.68625,153,9.5625,112,0,16,0.0,1,1,0,Inactive Customers,0.7224674288974531,Low,High,100.40852326816803
13276.0,2,590.9300000000001,19.69766666666667,161,5.366666666666666,63,36,30,1.0,1,0,0,Inactive Customers,0.6721330436137208,Medium,Medium,397.1835794626561
13277.0,4,258.4,32.3,176,22.0,15,117,8,17.0,9,0,0,Inactive Customers,0.5412311151606712,Low,Medium,139.85412015751743
13278.0,1,542.73,11.798478260869565,537,11.673913043478262,40,0,46,0.0,1,0,0,Inactive Customers,0.6850213325041649,Medium,Medium,371.7816277899854
13279.0,1,137.75,15.305555555555555,73,8.11111111111111,77,0,9,0.0,1,0,0,Inactive Customers,0.7355711534174901,Low,High,101.32492638325927
13280.0,3,814.86,9.586588235294117,522,6.141176470588236,121,214,85,1.0,193,1,0,Inactive Customers,0.26177185495130256,Medium,Low,213.3074137256184
13282.0,3,1132.14,30.59837837837838,307,8.297297297297296,17,202,37,1.0,144,0,0,Inactive Customers,0.34675804594404425,High,Medium,392.5786541350903
13283.0,2,93.66,13.379999999999999,90,12.857142857142858,59,125,7,1.0,1,0,0,Inactive Customers,0.5524643562953553,Low,Medium,51.74381161062298
13284.0,1,201.19,15.476153846153846,91,7.0,330,0,13,0.0,1,1,1,Inactive Customers,0.7329143530733759,Low,High,147.4550386948325
13285.0,4,2658.27,14.447119565217392,2048,11.130434782608695,22,266,184,63.0,137,0,0,Inactive Customers,0.09061706413472399,High,Low,240.88462307741275
13291.0,1,361.11,8.597857142857142,233,5.5476190476190474,155,0,42,0.0,1,1,1,Inactive Customers,0.7043216694842711,Low,High,254.33759806746514
13292.0,2,578.94,18.675483870967742,347,11.193548387096774,38,245,31,1.0,1,0,0,Inactive Customers,0.3394739099095709,Medium,Medium,196.53502540304697
13294.0,2,873.74,16.18037037037037,453,8.38888888888889,189,59,54,1.0,1,1,1,Inactive Customers,0.6002479336894534,Medium,Medium,524.460629581823
13295.0,1,201.20000000000002,20.12,82,8.2,359,0,10,0.0,1,1,1,Inactive Customers,0.7374399137284371,Low,High,148.37291064216154
13296.0,1,87.4,17.48,78,15.6,136,0,5,0.0,1,1,0,Inactive Customers,0.7341893825363018,Low,High,64.16815203367278
13297.0,4,2089.85,35.421186440677964,963,16.322033898305083,7,59,59,43.0,16,0,0,Inactive Customers,0.5014507282127313,High,Medium,1047.9568043553763
13298.0,1,360.0,180.0,96,48.0,0,0,2,0.0,1,0,0,Inactive Customers,0.8152349445897175,Low,High,293.48458005229827
13299.0,1,142.5,28.5,30,6.0,267,0,5,0.0,1,1,1,Inactive Customers,0.7502208152543769,Low,High,106.90646617374871
13300.0,1,371.89,18.5945,203,10.15,168,0,20,0.0,1,1,1,Inactive Customers,0.7227585177282609,Medium,High,268.78666515796294
13301.0,4,618.09,7.630740740740741,345,4.2592592592592595,103,188,81,69.0,54,1,0,Inactive Customers,0.27644966663519677,Medium,Low,170.87077445054877
13302.0,1,63.75,63.75,5,5.0,154,0,1,0.0,1,1,1,Inactive Customers,0.7780233100489544,Low,High,49.598986015620845
13304.0,1,300.42,14.305714285714286,238,11.333333333333334,350,0,21,0.0,1,1,1,Inactive Customers,0.7173933267778041,Low,High,215.51930323058792
13305.0,10,2000.86,24.701975308641973,1232,15.209876543209877,3,368,81,226.0,111,0,0,Inactive Customers,0.034650513300861864,High,Low,69.33082604316246
13307.0,1,15.0,15.0,4,4.0,119,0,1,0.0,1,1,0,Inactive Customers,0.7466316208645188,Low,High,11.199474312967782
13308.0,3,1325.03,25.000566037735847,555,10.471698113207546,22,180,53,1.0,29,0,0,Inactive Customers,0.3966813843799934,High,Medium,525.6147347450226
13309.0,5,1456.79,13.614859813084111,1544,14.429906542056075,6,301,107,102.0,81,0,0,Inactive Customers,0.09256750761267062,High,Low,134.85141941506242
13310.0,3,1132.03,15.722638888888888,587,8.152777777777779,27,296,72,1.0,178,0,0,Inactive Customers,0.18223883648148304,High,Low,206.29983006213322
13311.0,2,581.62,23.2648,304,12.16,3,145,25,1.0,1,0,0,Inactive Customers,0.5012155852542525,Medium,Medium,291.51700869557834
13313.0,5,1555.3200000000002,19.94,851,10.91025641025641,21,317,78,124.0,118,0,0,Inactive Customers,0.08882421036527267,High,Low,138.1500708653159
13314.0,3,775.94,12.515161290322581,560,9.03225806451613,1,72,62,1.0,61,0,0,Inactive Customers,0.5405022256220051,Medium,Medium,419.3972969491387
13316.0,4,4275.41,54.11911392405063,1852,23.443037974683545,36,217,79,122.0,42,0,0,Inactive Customers,0.1419138425222931,High,Low,606.7398614582372
13317.0,6,2253.73,18.323008130081302,1034,8.40650406504065,65,292,123,1.0,173,0,0,Inactive Customers,0.1489724506344722,High,Low,335.743681168429
13318.0,3,640.76,32.038,304,15.2,0,36,20,1.0,4,0,0,Inactive Customers,0.6732694496353704,Medium,Medium,431.40413254835994
13319.0,26,10709.95,22.690572033898306,4716,9.991525423728813,4,360,472,179.0,164,0,2,High-Value Active Customers,0.0049674673329247404,High,Low,53.20132676225733
13320.0,4,1548.7,14.610377358490567,1096,10.339622641509434,77,135,106,1.0,28,0,0,Inactive Customers,0.39127354768347894,High,Medium,605.9653432974038
13321.0,2,335.36,33.536,212,21.2,71,14,10,1.0,1,0,0,Inactive Customers,0.71291879678975,Low,High,239.08444769141056
13322.0,1,199.48000000000002,7.9792000000000005,117,4.68,16,0,25,0.0,1,0,0,Inactive Customers,0.7210983902164986,Low,High,143.84470688038715
13323.0,5,787.85,37.516666666666666,175,8.333333333333334,2,81,21,52.0,18,0,0,Inactive Customers,0.5448453998060251,Medium,Medium,429.25644823717687
13324.0,10,5597.31,86.11246153846155,3493,53.738461538461536,35,324,65,157.0,167,0,0,Inactive Customers,0.038108809680381724,High,Low,213.30682151209743
13325.0,1,675.3,56.275,240,20.0,81,0,12,0.0,1,0,0,Inactive Customers,0.7430153617040126,Medium,High,501.75827375871967
13327.0,8,3627.77,33.59046296296296,1600,14.814814814814815,38,326,108,105.0,147,0,0,Inactive Customers,0.06809272855351725,High,Low,247.02475786459328
13328.0,1,1042.08,65.13,536,33.5,315,0,16,0.0,1,1,1,Inactive Customers,0.7223333981063504,Medium,High,752.7291874986656
13329.0,2,789.0,46.411764705882355,463,27.235294117647058,31,335,17,1.0,1,0,0,Inactive Customers,0.23445743320057433,Medium,Low,184.98691479525314
13330.0,3,1140.93,21.526981132075473,751,14.169811320754716,92,223,53,1.0,93,1,0,Inactive Customers,0.2967204265716232,High,Medium,338.53723628836207
13332.0,1,350.90000000000003,16.709523809523812,179,8.523809523809524,13,0,21,0.0,1,0,0,Inactive Customers,0.7231416226486194,Low,High,253.75039538740057
13334.0,3,3536.82,13.197089552238806,1774,6.619402985074627,81,223,268,1.0,108,0,0,Inactive Customers,0.13623670588480358,High,Low,481.844706107491
13336.0,1,795.12,15.590588235294117,559,10.96078431372549,76,0,51,0.0,1,0,0,Inactive Customers,0.6818487491578649,Medium,Medium,542.1515774304015
13338.0,1,422.02,24.82470588235294,254,14.941176470588236,157,0,17,0.0,1,1,1,Inactive Customers,0.7230387471817177,Medium,High,305.1368120856285
13339.0,1,826.22,15.888846153846155,324,6.230769230769231,200,0,52,0.0,1,1,1,Inactive Customers,0.6947353673369411,Medium,Medium,574.0042552011274
13340.0,7,9522.24,74.3925,4418,34.515625,44,231,128,131.0,88,0,0,Inactive Customers,0.05317114091317851,High,Low,506.3083648491049
13341.0,1,758.9,18.509756097560974,300,7.317073170731708,260,0,41,0.0,1,1,1,Inactive Customers,0.7044491777029861,Medium,High,534.6064809587962
13343.0,1,303.43,16.857222222222223,134,7.444444444444445,177,0,18,0.0,1,1,1,Inactive Customers,0.7280388041971342,Low,High,220.90881435753644
13344.0,3,2088.02,18.000172413793102,963,8.301724137931034,67,209,116,1.0,1,0,0,Inactive Customers,0.29470569172954225,High,Medium,615.3513784451188
13345.0,1,339.5,17.86842105263158,140,7.368421052631579,287,0,19,0.0,1,1,1,Inactive Customers,0.7276690367895849,Low,High,247.0436379900641
13347.0,1,291.36,41.62285714285714,204,29.142857142857142,69,0,7,0.0,1,0,0,Inactive Customers,0.7336634950637533,Low,High,213.76019592177516
13348.0,1,233.76000000000002,16.697142857142858,136,9.714285714285714,63,0,14,0.0,1,0,0,Inactive Customers,0.7291613617193956,Low,High,170.44875991552593
13349.0,1,197.32,13.154666666666666,224,14.933333333333334,10,0,15,0.0,1,0,0,Inactive Customers,0.7189381326650129,Low,High,141.86087233746034
13350.0,2,829.1700000000001,22.410000000000004,284,7.675675675675675,15,63,37,1.0,1,0,0,Inactive Customers,0.6206874680078154,Medium,Medium,514.6554278480403
13351.0,1,323.94,21.596,116,7.733333333333333,65,0,15,0.0,1,0,0,Inactive Customers,0.7335106296396581,Low,High,237.61343336547083
13352.0,1,347.98,15.129565217391304,320,13.91304347826087,59,0,23,0.0,1,0,0,Inactive Customers,0.7110862612651723,Low,High,247.44379719505466
13354.0,1,743.53,14.579019607843136,604,11.843137254901961,70,0,51,0.0,1,0,0,Inactive Customers,0.6789569122312069,Medium,Medium,504.82483295126923
13355.0,1,674.7,21.084375,314,9.8125,121,0,32,0.0,1,1,0,Inactive Customers,0.7102849721057207,Medium,High,479.2292706797298
13356.0,1,751.29,18.324146341463415,324,7.902439024390244,79,0,41,0.0,1,0,0,Inactive Customers,0.7029507201641401,Medium,High,528.1198465521168
13357.0,1,594.0,6.674157303370786,321,3.606741573033708,256,0,89,0.0,1,1,1,Inactive Customers,0.6681553957907511,Medium,Medium,396.8843050997062
13358.0,1,389.03000000000003,13.893928571428573,284,10.142857142857142,268,0,28,0.0,1,1,1,Inactive Customers,0.7110584284473661,Medium,High,276.6230604188789
13359.0,1,389.56,17.707272727272727,160,7.2727272727272725,63,0,22,0.0,1,0,0,Inactive Customers,0.7245940514068687,Medium,High,282.2728586660598
13362.0,4,3090.7400000000002,18.618915662650604,1382,8.325301204819278,8,278,166,41.0,43,0,0,Inactive Customers,0.13081740291267888,High,Low,404.32257987833316
13363.0,2,892.5,15.387931034482758,708,12.206896551724139,17,26,58,1.0,1,0,0,Inactive Customers,0.6306902504518852,Medium,Medium,562.8910485283076
13364.0,1,134.96,13.496,71,7.1,70,0,10,0.0,1,0,0,Inactive Customers,0.734541826390097,Low,High,99.1337648896075
13365.0,2,2157.57,17.12357142857143,1243,9.865079365079366,33,184,126,1.0,1,0,0,Inactive Customers,0.3070088487366354,High,Medium,662.3930817687026
13368.0,2,539.5,19.98148148148148,324,12.0,256,80,27,1.0,1,1,1,Inactive Customers,0.5976859872010661,Medium,Medium,322.4515900949752
13369.0,1,258.28000000000003,19.86769230769231,148,11.384615384615385,365,0,13,0.0,1,1,1,Inactive Customers,0.7301104830473109,Low,High,188.57293556145947
13370.0,1,754.87,19.355641025641027,343,8.794871794871796,371,0,39,0.0,1,1,1,Inactive Customers,0.7034771423722379,Medium,High,531.0337904625312
13372.0,1,328.64,14.938181818181818,158,7.181818181818182,89,0,22,0.0,1,0,0,Inactive Customers,0.723288005495996,Low,High,237.70137012620413
13373.0,3,3312.25,20.963607594936708,1651,10.449367088607595,60,215,158,1.0,97,0,0,Inactive Customers,0.19785477334798313,High,Low,655.3444730218571
13375.0,1,778.65,21.044594594594592,442,11.945945945945946,88,0,37,0.0,1,0,0,Inactive Customers,0.699267359423347,Medium,High,544.4845294149891
13376.0,3,869.76,17.3952,490,9.8,98,135,50,1.0,104,1,0,Inactive Customers,0.4369387807534296,Medium,Medium,380.03187394810294
13379.0,3,572.56,5.902680412371134,601,6.195876288659794,25,110,97,1.0,41,0,0,Inactive Customers,0.46079135200666904,Medium,Medium,263.8306965049384
13381.0,6,3639.31,21.15877906976744,2029,11.796511627906977,31,267,172,151.0,81,0,0,Inactive Customers,0.06243157233641008,High,Low,227.20784551962055
13382.0,1,222.99,14.866000000000001,131,8.733333333333333,280,0,15,0.0,1,1,1,Inactive Customers,0.7282690452480726,Low,High,162.3967143998677
13384.0,7,3686.35,24.90777027027027,2068,13.972972972972974,30,147,148,91.0,42,0,0,Inactive Customers,0.1888652453951431,High,Low,696.2233973623858
13385.0,1,484.67,14.255,279,8.205882352941176,329,0,34,0.0,1,1,1,Inactive Customers,0.7084131392042705,Medium,High,343.3465961781338
13388.0,2,627.15,18.445588235294117,281,8.264705882352942,130,0,34,0.0,1,1,0,Inactive Customers,0.7106263726012745,Medium,High,445.66932957688925
13389.0,3,782.96,15.6592,428,8.56,10,221,50,1.0,63,0,0,Inactive Customers,0.33018107380555095,Medium,Medium,258.5185735467942
13390.0,1,544.08,41.8523076923077,224,17.23076923076923,74,0,13,0.0,1,0,0,Inactive Customers,0.7360428533222061,Medium,High,400.46619563554594
13391.0,1,59.8,59.8,4,4.0,203,0,1,0.0,1,1,1,Inactive Customers,0.776225693744188,Low,High,46.418296485902445
13394.0,8,2520.02,16.258193548387098,2392,15.432258064516128,1,308,155,158.0,114,0,0,Inactive Customers,0.04474558633518126,High,Low,112.75977247638349
13395.0,1,275.82,13.791,334,16.7,184,0,20,0.0,1,1,1,Inactive Customers,0.7098891034573865,Low,High,195.80161251561634
13396.0,2,1335.99,31.809285714285714,599,14.261904761904763,28,290,42,1.0,1,0,0,Inactive Customers,0.26288138519978244,High,Low,351.20690181305736
13397.0,5,1416.53,38.284594594594594,422,11.405405405405405,72,266,37,44.0,110,0,0,Inactive Customers,0.2239705857723241,High,Low,317.2610538640702
13398.0,1,457.34000000000003,17.59,281,10.807692307692308,191,0,26,0.0,1,1,1,Inactive Customers,0.7139961076378794,Medium,High,326.53897986710774
13402.0,2,621.23,15.92897435897436,479,12.282051282051283,126,244,39,1.0,1,1,0,Inactive Customers,0.3262869814731008,Medium,Medium,202.69926150053442
13403.0,1,75.0,25.0,44,14.666666666666666,17,0,3,0.0,1,0,0,Inactive Customers,0.7427690942410018,Low,High,55.70768206807514
13404.0,2,252.49,22.953636363636363,111,10.090909090909092,0,211,11,1.0,1,0,0,Inactive Customers,0.42311328827210115,Low,Medium,106.83187415582282
13405.0,3,557.451,21.44042307692308,164,6.3076923076923075,73,243,26,1.0,130,0,0,Inactive Customers,0.3090388125698734,Medium,Medium,172.2739951058885
13408.0,62,26409.08,56.793720430107534,14560,31.311827956989248,1,371,465,207.0,155,0,2,High-Value Active Customers,0.0003302606658444465,High,Low,8.721880345139256
13410.0,5,1003.06,35.82357142857143,518,18.5,23,267,28,28.0,162,0,0,Inactive Customers,0.22147440806140745,Medium,Low,222.15211975007534
13411.0,1,213.55,11.863888888888889,72,4.0,106,0,18,0.0,1,1,0,Inactive Customers,0.7302173373802577,Low,High,155.93791239755404
13414.0,2,568.5,25.84090909090909,374,17.0,133,23,22,1.0,1,1,0,Inactive Customers,0.6817917670996962,Medium,Medium,387.5986195961773
13416.0,2,712.5,37.5,142,7.473684210526316,43,37,19,1.0,1,0,0,Inactive Customers,0.6899253949445123,Medium,Medium,491.57184389796504
13417.0,2,640.83,22.886785714285715,162,5.785714285714286,4,200,28,1.0,1,0,0,Inactive Customers,0.4246386870451363,Medium,Medium,272.1212098191347
13418.0,18,5860.48,19.405562913907282,3915,12.963576158940397,11,360,302,168.0,152,0,2,High-Value Active Customers,0.012583531001188876,High,Low,73.74553176184737
13419.0,1,221.06,13.81625,275,17.1875,63,0,16,0.0,1,0,0,Inactive Customers,0.7148520380353713,Low,High,158.02519152809919
13420.0,2,159.85,19.98125,101,12.625,149,20,8,1.0,1,1,1,Inactive Customers,0.708950553571492,Low,High,113.32574598840299
13421.0,2,1851.08,17.798846153846153,1181,11.35576923076923,39,249,104,1.0,1,0,0,Inactive Customers,0.2432045586279974,High,Low,450.1910943851134
13422.0,1,2594.4,20.590476190476192,1324,10.507936507936508,63,0,126,0.0,1,0,0,Inactive Customers,0.5802713392887,High,Medium,1505.4559626506034
13425.0,3,1609.21,20.89883116883117,1122,14.571428571428571,107,186,77,1.0,60,1,0,Inactive Customers,0.32317237697569956,High,Medium,520.0522207530655
13426.0,10,3641.32,23.193121019108283,2245,14.299363057324841,0,358,157,176.0,88,0,0,Inactive Customers,0.03132126481268855,High,Low,114.05074798773907
13427.0,3,582.6,20.089655172413792,545,18.79310344827586,18,195,29,1.0,101,0,0,Inactive Customers,0.3577171710602649,Medium,Medium,208.40602385971033
13428.0,1,218.47,2.952297297297297,156,2.108108108108108,9,0,74,0.0,1,0,0,Inactive Customers,0.6871053274835468,Low,Medium,150.11190089533048
13429.0,4,1006.8,15.02686567164179,1390,20.746268656716417,10,64,67,14.0,38,0,0,Inactive Customers,0.48973880659936647,Medium,Medium,493.06903048424215
13430.0,2,679.45,13.866326530612247,751,15.326530612244898,18,67,49,1.0,1,0,0,Inactive Customers,0.5714393134202073,Medium,Medium,388.2644415033599
13431.0,2,1269.1,27.589130434782607,672,14.608695652173912,66,21,46,1.0,1,0,0,Inactive Customers,0.6518378663613605,High,Medium,827.2474361992026
13434.0,2,534.24,53.424,300,30.0,73,22,10,1.0,1,0,0,Inactive Customers,0.7052306904101884,Medium,High,376.762444044739
13435.0,7,3775.33,38.134646464646465,1841,18.595959595959595,4,183,99,78.0,69,0,0,Inactive Customers,0.19150579586361374,High,Low,722.9975762977768
13436.0,1,179.94,16.35818181818182,75,6.818181818181818,1,0,11,0.0,1,0,0,Inactive Customers,0.7356517638008567,Low,High,132.37317837832614
13437.0,7,3190.61,19.817453416149068,1272,7.900621118012422,13,175,161,60.0,84,0,0,Inactive Customers,0.20030925450296086,High,Low,639.108710509692
13439.0,1,283.71,5.253888888888889,242,4.481481481481482,254,0,54,0.0,1,1,1,Inactive Customers,0.6954902056679321,Low,Medium,197.31752625004899
13441.0,1,296.64,22.818461538461538,204,15.692307692307692,91,0,13,0.0,1,1,0,Inactive Customers,0.7265094749652329,Low,High,215.51177065368668
13447.0,3,1112.49,19.180862068965517,583,10.051724137931034,22,12,58,1.0,10,0,0,Inactive Customers,0.6560400937386028,High,Medium,729.8380438832583
13448.0,6,3522.42,18.15680412371134,1659,8.551546391752577,16,357,194,9.0,202,0,0,Inactive Customers,0.06612095890117192,High,Low,232.905788052666
13449.0,1,291.88,15.362105263157895,222,11.68421052631579,23,0,19,0.0,1,0,0,Inactive Customers,0.7198261032341535,Low,High,210.10284301198473
13450.0,6,1940.04,27.71485714285714,1838,26.257142857142856,26,191,70,56.0,98,0,0,Inactive Customers,0.2127432048350739,High,Low,412.73032710823674
13451.0,5,2976.15,6.718171557562077,2149,4.851015801354402,25,308,443,65.0,184,0,0,Inactive Customers,0.029964397740889853,High,Low,89.17854233654934
13453.0,2,356.98,20.998823529411766,134,7.882352941176471,165,123,17,1.0,1,1,1,Inactive Customers,0.5545911018010454,Low,Medium,197.9779315209372
13455.0,2,1058.34,23.007391304347824,354,7.695652173913044,24,341,46,1.0,1,0,0,Inactive Customers,0.2122305407548787,Medium,Low,224.61207050251832
13456.0,6,1717.8200000000002,28.16098360655738,762,12.491803278688524,17,189,61,51.0,45,0,0,Inactive Customers,0.2951899923933849,High,Medium,507.08327273320447
13458.0,14,9646.57,25.252801047120418,5508,14.418848167539267,6,352,382,169.0,162,0,2,High-Value Active Customers,0.006298897011771352,High,Low,60.76275094684316
13460.0,2,183.44,10.790588235294118,286,16.823529411764707,28,20,17,1.0,1,0,0,Inactive Customers,0.6849595109535815,Low,Medium,125.64897268932499
13461.0,3,1445.0,53.51851851851852,1170,43.333333333333336,38,124,27,1.0,99,0,0,Inactive Customers,0.4353043208813035,High,Medium,629.0147436734835
13462.0,1,151.5,16.833333333333332,62,6.888888888888889,252,0,9,0.0,1,1,1,Inactive Customers,0.7378502738644885,Low,High,111.78431649047002
13464.0,1,657.73,16.44325,402,10.05,57,0,40,0.0,1,0,0,Inactive Customers,0.6981904857917771,Medium,High,459.2208282198256
13466.0,1,307.90000000000003,18.111764705882354,259,15.235294117647058,183,0,17,0.0,1,1,1,Inactive Customers,0.7187472990996874,Low,High,221.30229339279376
13467.0,2,1083.71,10.946565656565657,584,5.898989898989899,10,25,99,1.0,1,0,0,Inactive Customers,0.608646013918007,Medium,Medium,659.5957717430833
13468.0,37,5688.02,18.897076411960136,2588,8.598006644518273,1,371,301,146.0,213,0,2,High-Value Active Customers,0.01666147419696863,High,Low,94.77079846184152
13470.0,2,165.0,16.5,100,10.0,98,15,10,1.0,1,1,0,Inactive Customers,0.7136104872551615,Low,High,117.74573039710165
13471.0,4,2497.68,9.680930232558138,1588,6.155038759689923,0,46,258,25.0,4,0,0,Inactive Customers,0.3602190355424106,High,Medium,899.711880693568
13473.0,2,422.64,20.125714285714285,266,12.666666666666666,60,272,21,1.0,1,0,0,Inactive Customers,0.31361367542523433,Medium,Medium,132.54568378172104
13474.0,1,229.59,3.58734375,132,2.0625,235,0,64,0.0,1,1,1,Inactive Customers,0.6948841895433716,Low,Medium,159.5384610772627
13475.0,4,1406.83,16.550941176470587,1011,11.894117647058824,190,107,85,36.0,26,1,1,Inactive Customers,0.405976164628653,High,Medium,571.1394476845279
13476.0,2,971.52,17.663999999999998,414,7.527272727272727,178,102,55,1.0,1,1,1,Inactive Customers,0.5358576653093031,Medium,Medium,520.5964390012941
13477.0,6,1454.58,18.41240506329114,1021,12.924050632911392,37,253,79,121.0,100,0,0,Inactive Customers,0.12839390458013952,High,Low,186.75920572417934
13479.0,2,300.95,20.063333333333333,134,8.933333333333334,200,33,15,1.0,1,1,1,Inactive Customers,0.6875133730587243,Low,Medium,206.90714962202307
13481.0,5,1804.56,16.55559633027523,1142,10.477064220183486,45,211,109,64.0,62,0,0,Inactive Customers,0.20175444480325108,High,Low,364.07800091415476
13482.0,1,184.64000000000001,16.785454545454545,116,10.545454545454545,231,0,11,0.0,1,1,1,Inactive Customers,0.7315932438229908,Low,High,135.08137653947705
13483.0,1,140.34,14.034,160,16.0,65,0,10,0.0,1,0,0,Inactive Customers,0.724805216183248,Low,High,101.71916403915702
13484.0,1,313.8,39.225,44,5.5,240,0,8,0.0,1,1,1,Inactive Customers,0.7542330650868786,Low,High,236.67833582426252
13485.0,1,454.24,19.749565217391304,277,12.043478260869565,232,0,23,0.0,1,1,1,Inactive Customers,0.7166695859981871,Medium,High,325.5399927438165
13486.0,3,1122.41,16.2668115942029,669,9.695652173913043,77,76,69,1.0,50,0,0,Inactive Customers,0.527403444440583,High,Medium,591.9629000745548
13487.0,3,575.4,16.923529411764704,265,7.794117647058823,57,295,34,1.0,155,0,0,Inactive Customers,0.2235929431606869,Medium,Low,128.65537949465923
13488.0,13,8826.16,21.165851318944842,4512,10.820143884892087,16,350,417,170.0,127,0,2,High-Value Active Customers,0.007638444569680443,High,Low,67.41813392313074
13489.0,3,291.12,22.393846153846155,272,20.923076923076923,104,189,13,1.0,52,1,0,Inactive Customers,0.41499671044648384,Low,Medium,120.81384234518038
13491.0,10,1181.92,14.07047619047619,901,10.726190476190476,51,320,84,61.0,228,0,0,Inactive Customers,0.10043386214282281,High,Low,118.70479034384515
13492.0,3,1269.84,25.3968,408,8.16,135,78,50,1.0,25,1,0,Inactive Customers,0.5700527319287316,High,Medium,723.8757611123805
13493.0,2,394.95,78.99,233,46.6,274,11,5,1.0,1,1,1,Inactive Customers,0.7325260039753256,Medium,High,289.31114527005485
13494.0,1,316.26000000000005,17.570000000000004,162,9.0,311,0,18,0.0,1,1,1,Inactive Customers,0.7261879843987571,Low,High,229.66421194595094
13495.0,5,2044.8700000000001,42.60145833333333,829,17.270833333333332,7,360,48,8.0,224,0,0,Inactive Customers,0.12137598235666054,High,Low,248.19810504166446
13496.0,2,653.33,18.66657142857143,341,9.742857142857142,10,349,35,1.0,1,0,0,Inactive Customers,0.20900432558775234,Medium,Low,136.54879603624624
13497.0,2,348.05,18.318421052631578,163,8.578947368421053,282,85,19,1.0,1,1,1,Inactive Customers,0.607164369263252,Low,Medium,211.32355872207486
13499.0,5,1047.75,26.19375,981,24.525,17,252,40,44.0,56,0,0,Inactive Customers,0.22271676959830236,Medium,Low,233.3514953466213
13500.0,3,1166.77,17.950307692307693,609,9.36923076923077,22,99,65,1.0,12,0,0,Inactive Customers,0.5156130499222246,High,Medium,601.6018382577539
13501.0,1,1340.32,25.775384615384613,560,10.76923076923077,287,0,52,0.0,1,1,1,Inactive Customers,0.6837455783520617,High,Medium,916.4378735768354
13502.0,3,292.0,16.22222222222222,264,14.666666666666666,16,307,18,1.0,258,0,0,Inactive Customers,0.1861852177090314,Low,Low,54.36608357103717
13503.0,1,216.85,12.755882352941176,248,14.588235294117647,70,0,17,0.0,1,0,0,Inactive Customers,0.7165666651648733,Low,High,155.38748134100277
13504.0,1,295.93,13.451363636363636,178,8.090909090909092,63,0,22,0.0,1,0,0,Inactive Customers,0.721034581905282,Low,High,213.3757638232301
13505.0,4,3633.63,17.220995260663507,2467,11.691943127962086,72,159,211,40.0,93,0,0,Inactive Customers,0.16577270499087354,High,Low,602.3566740359878
13506.0,2,458.52,17.635384615384616,324,12.461538461538462,315,53,26,1.0,1,1,1,Inactive Customers,0.6370856888562062,Medium,Medium,292.11653005434766
13507.0,4,2479.16,15.303456790123455,1597,9.858024691358025,2,142,162,38.0,94,0,0,Inactive Customers,0.24443032402855241,High,Low,605.981882118626
13508.0,1,110.97,9.2475,24,2.0,243,0,12,0.0,1,1,1,Inactive Customers,0.736104580831342,Low,High,81.68552533485402
13509.0,6,964.72,22.435348837209304,1105,25.697674418604652,8,275,43,29.0,91,0,0,Inactive Customers,0.19547821217119413,Medium,Low,188.5817408457944
13510.0,4,1791.56,15.578782608695652,1386,12.052173913043479,0,182,115,88.0,43,0,0,Inactive Customers,0.20165349994988863,High,Low,361.2743443702225
13512.0,1,251.21,16.747333333333334,143,9.533333333333333,260,0,15,0.0,1,1,1,Inactive Customers,0.7283103399663498,Low,High,182.9588405029467
13513.0,1,205.1,20.509999999999998,109,10.9,126,0,10,0.0,1,1,0,Inactive Customers,0.7346716085246632,Low,High,150.6811469084084
13514.0,1,152.20000000000002,38.050000000000004,40,10.0,73,0,4,0.0,1,0,0,Inactive Customers,0.7540569920572053,Low,High,114.76747419110666
13515.0,4,891.12,15.103728813559322,681,11.542372881355933,72,175,59,99.0,44,0,0,Inactive Customers,0.25895826183931614,Medium,Low,230.7628862902514
13516.0,3,770.4100000000001,19.754102564102567,440,11.282051282051283,20,217,39,1.0,51,0,0,Inactive Customers,0.3487630872927879,Medium,Medium,268.69057008123673
13517.0,3,2128.42,15.09517730496454,1369,9.709219858156029,59,120,141,1.0,47,0,0,Inactive Customers,0.3622528936560539,High,Medium,771.0263039154182
13518.0,1,659.44,17.353684210526318,392,10.31578947368421,85,0,38,0.0,1,0,0,Inactive Customers,0.7003271719862706,Medium,High,461.82375029462634
13519.0,1,122.75,15.34375,23,2.875,77,0,8,0.0,1,0,0,Inactive Customers,0.7420256337388007,Low,High,91.08364654143779
13520.0,6,2984.35,34.30287356321839,1633,18.770114942528735,58,312,87,112.0,126,0,0,Inactive Customers,0.07858636291841839,High,Low,234.5292121755819
13521.0,3,1093.65,2.508371559633028,736,1.688073394495413,0,8,436,1.0,3,0,0,Inactive Customers,0.3771667842561528,Medium,Medium,412.4884536017415
13522.0,1,125.80000000000001,25.160000000000004,44,8.8,29,0,5,0.0,1,0,0,Inactive Customers,0.7455300677720791,Low,High,93.78768252572756
13523.0,5,3452.43,20.92381818181818,1739,10.539393939393939,32,333,165,166.0,166,0,0,Inactive Customers,0.036209456782211144,High,Low,125.01061487860922
13524.0,5,650.1800000000001,26.0072,322,12.88,40,179,25,46.0,60,0,0,Inactive Customers,0.360508381233083,Medium,Medium,234.3953393101259
13525.0,2,164.78,41.195,74,18.5,14,233,4,1.0,1,0,0,Inactive Customers,0.40580769677958517,Low,Medium,66.86899227534005
13527.0,7,2287.51,10.257892376681616,1692,7.5874439461883405,33,293,223,209.0,71,0,0,Inactive Customers,0.03769833502462651,High,Low,86.2353183521834
13529.0,2,206.06,15.850769230769231,68,5.230769230769231,78,125,13,1.0,1,0,0,Inactive Customers,0.5571755823992368,Low,Medium,114.81160050918673
13531.0,2,483.8,21.990909090909092,174,7.909090909090909,204,161,22,1.0,1,1,1,Inactive Customers,0.4885452545583406,Medium,Medium,236.35819415532518
13532.0,1,210.31,3.1865151515151515,129,1.9545454545454546,33,0,66,0.0,1,0,0,Inactive Customers,0.6937131006247321,Low,Medium,145.8948021923874
13533.0,3,270.79,3.563026315789474,204,2.6842105263157894,182,84,76,1.0,84,1,1,Inactive Customers,0.5218601697179748,Low,Medium,141.3145153579304
13534.0,25,5870.08,19.83135135135135,2961,10.003378378378379,1,355,296,147.0,208,0,2,High-Value Active Customers,0.016708404946363883,High,Low,98.0796737075517
13536.0,7,3448.29,19.264189944134078,2136,11.932960893854748,0,74,179,48.0,18,0,0,Inactive Customers,0.30856897532046834,High,Medium,1064.0353119078177
13538.0,7,1280.85,51.233999999999995,175,7.0,42,272,25,132.0,104,0,0,Inactive Customers,0.16412925948332344,High,Low,210.2249620092148
13539.0,3,597.44,16.595555555555556,318,8.833333333333334,85,223,36,1.0,154,0,0,Inactive Customers,0.30767147998046285,Medium,Medium,183.81524899952774
13544.0,2,291.41,3.349540229885058,127,1.4597701149425288,39,200,87,1.0,1,0,0,Inactive Customers,0.37482190901608137,Low,Medium,109.22685250637628
13546.0,3,626.99,6.397857142857143,359,3.663265306122449,11,188,98,1.0,40,0,0,Inactive Customers,0.35548863233164096,Medium,Medium,222.88781758561558
13548.0,2,682.41,5.503306451612903,441,3.556451612903226,95,147,124,1.0,1,1,0,Inactive Customers,0.40925578630230935,Medium,Medium,279.2802411305589
13549.0,7,918.2,18.00392156862745,458,8.980392156862745,25,216,51,49.0,124,0,0,Inactive Customers,0.25604896270362004,Medium,Low,235.10415755446394
13551.0,1,91.80000000000001,22.950000000000003,12,3.0,318,0,4,0.0,1,1,1,Inactive Customers,0.7501949895285202,Low,High,68.86790003871816
13552.0,12,3740.07,34.31256880733945,1417,13.0,65,249,109,136.0,113,0,0,Inactive Customers,0.09943879890354151,High,Low,371.90806861516853
13555.0,4,4149.28,30.50941176470588,2660,19.558823529411764,73,128,136,1.0,1,0,0,Inactive Customers,0.30093950807279707,High,Medium,1248.6822820562954
13557.0,2,584.0600000000001,17.17823529411765,546,16.058823529411764,27,252,34,1.0,1,0,0,Inactive Customers,0.3139872301519833,Medium,Medium,183.3873816425674
13558.0,4,605.06,3.457485714285714,344,1.9657142857142857,5,62,175,6.0,17,0,0,Inactive Customers,0.49636179362032773,Medium,Medium,300.3286668479155
13560.0,1,174.37,5.283939393939394,64,1.9393939393939394,6,0,33,0.0,1,0,0,Inactive Customers,0.7186998742484183,Low,High,125.3196970726967
13561.0,1,141.85999999999999,10.132857142857143,83,5.928571428571429,215,0,14,0.0,1,1,1,Inactive Customers,0.7301263926096928,Low,High,103.57573005561102
13562.0,3,1799.3300000000002,21.943048780487807,757,9.231707317073171,81,163,82,1.0,59,0,0,Inactive Customers,0.3724853257638915,High,Medium,670.2240212067429
13563.0,2,527.53,11.224042553191488,207,4.404255319148936,83,55,47,1.0,1,0,0,Inactive Customers,0.6257015805916374,Medium,Medium,330.0763548095064
13564.0,2,1198.38,14.61439024390244,660,8.048780487804878,353,13,82,1.0,1,1,1,Inactive Customers,0.6348658632064855,High,Medium,760.8105531493882
13565.0,2,240.22,6.321578947368421,172,4.526315789473684,18,315,38,1.0,1,0,0,Inactive Customers,0.25005918676594036,Low,Low,60.06921784491419
13566.0,2,874.71,4.969943181818182,575,3.2670454545454546,40,41,176,1.0,1,0,0,Inactive Customers,0.5276962728264755,Medium,Medium,461.58120680404636
13568.0,1,192.85,4.382954545454545,70,1.5909090909090908,172,0,44,0.0,1,1,1,Inactive Customers,0.7111912899029373,Low,High,137.15324025778145
13569.0,2,356.8,4.247619047619048,163,1.9404761904761905,16,350,84,1.0,1,0,0,Inactive Customers,0.188765613686335,Low,Low,67.35157096328433
13570.0,1,239.49,8.870000000000001,161,5.962962962962963,242,0,27,0.0,1,1,1,Inactive Customers,0.7174629228209741,Low,High,171.8251953863951
13571.0,12,2072.37,6.095205882352941,1758,5.170588235294118,12,240,340,125.0,79,0,0,Inactive Customers,0.05906012297541082,High,Low,122.39442705055211
13572.0,1,1384.25,41.946969696969695,534,16.181818181818183,205,0,33,0.0,1,1,1,Inactive Customers,0.7046695280961073,High,High,975.4387942670365
13573.0,2,271.36,10.8544,111,4.44,49,202,25,1.0,1,0,0,Inactive Customers,0.42092710477248896,Low,Medium,114.22277915106261
13575.0,5,732.07,15.914565217391305,449,9.76086956521739,22,152,46,42.0,47,0,0,Inactive Customers,0.3841364955200731,Medium,Medium,281.21480427537995
13576.0,18,6683.4400000000005,53.46752000000001,2644,21.152,9,362,125,196.0,151,0,2,High-Value Active Customers,0.023886555193387733,High,Low,159.64435844169532
13577.0,4,1687.6000000000001,20.33253012048193,791,9.53012048192771,24,216,83,92.0,67,0,0,Inactive Customers,0.19542384303880894,High,Low,329.797277512294
13579.0,2,467.04,20.30608695652174,176,7.6521739130434785,14,354,23,1.0,1,0,0,Inactive Customers,0.21895013032875277,Medium,Low,102.25846886874069
13581.0,1,118.0,11.8,30,3.0,308,0,10,0.0,1,1,1,Inactive Customers,0.7380561939057788,Low,High,87.0906308808819
13583.0,1,781.03,14.736415094339621,725,13.679245283018869,155,0,53,0.0,1,1,1,Inactive Customers,0.6707093912517301,Medium,Medium,523.8441558493388
13584.0,1,142.4,5.933333333333334,37,1.5416666666666667,306,0,24,0.0,1,1,1,Inactive Customers,0.7262204274871813,Low,High,103.41378887417461
13587.0,1,413.0,59.0,168,24.0,63,0,7,0.0,1,0,0,Inactive Customers,0.7498929953837183,Medium,High,309.7058070934757
13588.0,9,2445.05,14.133236994219654,2604,15.052023121387283,15,239,173,155.0,71,0,0,Inactive Customers,0.06759226734532994,High,Low,165.266473272699
13589.0,2,354.65,17.732499999999998,113,5.65,14,164,20,1.0,1,0,0,Inactive Customers,0.4880360704292891,Low,Medium,173.08199237774735
13590.0,6,1720.32,20.48,1368,16.285714285714285,10,291,84,103.0,139,0,0,Inactive Customers,0.09796974492847023,High,Low,168.5393115953459
13591.0,3,1117.13,19.26086206896552,485,8.362068965517242,64,202,58,1.0,139,0,0,Inactive Customers,0.31808128556632403,High,Medium,355.3381465447076
13592.0,4,231.01,15.400666666666666,83,5.533333333333333,35,228,15,51.0,170,0,0,Inactive Customers,0.2631811870070851,Low,Low,60.797486010506724
13593.0,5,2037.0800000000002,15.914687500000001,731,5.7109375,107,227,128,71.0,155,1,0,Inactive Customers,0.15985900627083904,High,Low,325.6455844942008
13594.0,1,396.97,15.268076923076924,359,13.807692307692308,52,0,26,0.0,1,0,0,Inactive Customers,0.7073859060655325,Medium,High,280.8109831308345
13596.0,2,697.04,4.199036144578313,406,2.4457831325301207,5,7,166,1.0,1,0,0,Inactive Customers,0.5979359580987803,Medium,Medium,416.7852802331738
13598.0,1,180.17000000000002,4.504250000000001,58,1.45,46,0,40,0.0,1,0,0,Inactive Customers,0.7144344738326432,Low,High,128.71965915042733
13599.0,21,5033.82,20.546204081632652,3291,13.43265306122449,0,365,245,281.0,35,0,2,High-Value Active Customers,0.010923536531385652,High,Low,54.987116662419716
13600.0,1,219.52,11.553684210526317,324,17.05263157894737,311,0,19,0.0,1,1,1,Inactive Customers,0.7094859461905245,Low,High,155.74635490774395
13601.0,2,693.32,7.003232323232324,548,5.5353535353535355,44,166,99,1.0,1,0,0,Inactive Customers,0.3927761682264484,Medium,Medium,272.3195729547612
13602.0,1,428.89,18.647391304347824,267,11.608695652173912,64,0,23,0.0,1,0,0,Inactive Customers,0.7168217492381201,Medium,High,307.43768003073734
13603.0,1,164.34,6.086666666666667,164,6.074074074074074,25,0,27,0.0,1,0,0,Inactive Customers,0.7159125462959446,Low,High,117.65306785827553
13606.0,3,280.54,6.524186046511629,279,6.488372093023256,28,282,43,1.0,214,0,0,Inactive Customers,0.21103033889837436,Low,Low,59.202451274549944
13607.0,1,678.01,6.918469387755102,290,2.9591836734693877,39,0,98,0.0,1,0,0,Inactive Customers,0.6633640943253956,Medium,Medium,449.76748959356144
13610.0,7,1106.93,4.9196888888888894,515,2.2888888888888888,11,273,225,97.0,132,0,0,Inactive Customers,0.09234275161380533,Medium,Low,102.21696204386954
13611.0,3,1171.8,15.835135135135134,766,10.35135135135135,88,270,74,1.0,81,0,0,Inactive Customers,0.2294777190231443,High,Low,268.9019911513205
13614.0,4,1407.06,7.252886597938144,558,2.8762886597938144,23,306,194,166.0,65,0,0,Inactive Customers,0.06234537477814368,High,Low,87.72368303533484
13615.0,1,417.69,18.160434782608696,189,8.217391304347826,318,0,23,0.0,1,1,1,Inactive Customers,0.7222180617800698,Medium,High,301.66326222491733
13617.0,3,544.18,12.367727272727272,300,6.818181818181818,39,140,44,1.0,73,0,0,Inactive Customers,0.4586914514443659,Medium,Medium,249.610714046995
13618.0,1,177.34,13.641538461538461,246,18.923076923076923,173,0,13,0.0,1,1,1,Inactive Customers,0.716767538303449,Low,High,127.11155524273364
13621.0,1,213.85,11.255263157894737,343,18.05263157894737,116,0,19,0.0,1,1,0,Inactive Customers,0.707770618721374,Low,High,151.35674681356582
13623.0,5,747.78,9.231851851851852,294,3.6296296296296298,30,266,81,30.0,220,0,0,Inactive Customers,0.18066816630302163,Medium,Low,135.1000413980735
13626.0,1,257.23,13.53842105263158,209,11.0,252,0,19,0.0,1,1,1,Inactive Customers,0.7198397275681938,Low,High,185.1643731223665
13627.0,5,1434.95,15.768681318681319,1077,11.835164835164836,58,298,91,152.0,117,0,0,Inactive Customers,0.07821652450766185,High,Low,112.23680184226937
13629.0,11,5715.36,107.83698113207546,3222,60.79245283018868,22,315,53,165.0,119,0,0,Inactive Customers,0.04774453447434379,High,Low,272.87720255328554
13630.0,7,1879.1399999999999,26.84485714285714,1247,17.814285714285713,4,280,70,101.0,165,0,0,Inactive Customers,0.1083077678589161,High,Low,203.52545889440358
13631.0,11,3070.42,279.1290909090909,467,42.45454545454545,99,167,11,89.0,77,1,0,Inactive Customers,0.48820116842871003,High,Medium,1498.98263156688
13632.0,5,2121.27,14.529246575342466,1037,7.102739726027397,24,218,146,9.0,148,0,0,Inactive Customers,0.20556891047434794,High,Low,436.06716272192006
13634.0,5,1575.16,8.378510638297874,704,3.74468085106383,32,293,188,85.0,72,0,0,Inactive Customers,0.10164631318994792,High,Low,160.10920668427838
13635.0,1,1071.03,17.274677419354838,677,10.919354838709678,67,0,62,0.0,1,0,0,Inactive Customers,0.6681195303719699,Medium,Medium,715.5760606142909
13636.0,5,932.47,15.03983870967742,591,9.53225806451613,36,248,62,24.0,215,0,0,Inactive Customers,0.203500903572416,Medium,Low,189.75848755417073
13637.0,3,810.5,8.024752475247524,409,4.0495049504950495,51,174,101,1.0,135,0,0,Inactive Customers,0.3313027158771535,Medium,Medium,268.5208512184329
13638.0,1,122.64,15.33,93,11.625,15,0,8,0.0,1,0,0,Inactive Customers,0.7329484869645895,Low,High,89.88880244133725
13639.0,1,795.74,20.403589743589745,656,16.82051282051282,73,0,39,0.0,1,0,0,Inactive Customers,0.6845396880101945,Medium,Medium,544.7156113372322
13642.0,1,321.9,5.0296875,171,2.671875,215,0,64,0.0,1,1,1,Inactive Customers,0.6929713623458075,Low,Medium,223.06748153911542
13643.0,3,519.44,18.551428571428573,273,9.75,30,154,28,1.0,67,0,0,Inactive Customers,0.45579048077183637,Medium,Medium,236.7558073321227
13644.0,4,2548.71,17.823146853146852,2063,14.426573426573427,15,89,143,31.0,28,0,0,Inactive Customers,0.33676572928037357,High,Medium,858.3181818741809
13645.0,1,252.1,50.42,158,31.6,119,0,5,0.0,1,1,0,Inactive Customers,0.7413780329903332,Low,High,186.901402116863
13647.0,4,1678.1200000000001,21.2420253164557,895,11.329113924050633,9,225,79,59.0,61,0,0,Inactive Customers,0.21791256795269817,High,Low,365.6834385327819
13649.0,2,346.6,15.069565217391306,139,6.043478260869565,256,109,23,1.0,1,1,1,Inactive Customers,0.5681678578498438,Low,Medium,196.9269795307559
13650.0,6,1836.3400000000001,19.128541666666667,922,9.604166666666666,16,250,96,60.0,71,0,0,Inactive Customers,0.17961503529952072,High,Low,329.8342739219219
13651.0,1,79.2,15.84,32,6.4,39,0,5,0.0,1,0,0,Inactive Customers,0.7415893327456493,Low,High,58.73387515345543
13652.0,3,1095.08,17.38222222222222,578,9.174603174603174,45,322,63,1.0,210,0,0,Inactive Customers,0.15565188431906962,Medium,Low,170.45126548012675
13654.0,6,2605.63,15.985460122699386,2176,13.349693251533742,42,230,163,71.0,102,0,0,Inactive Customers,0.11720064585944037,High,Low,305.38151887073366
13655.0,2,932.97,16.66017857142857,605,10.803571428571429,113,127,56,1.0,1,1,0,Inactive Customers,0.4829192773859903,Medium,Medium,450.5491982228074
13656.0,2,379.65,7.747959183673469,490,10.0,164,172,49,1.0,1,1,1,Inactive Customers,0.422546937117688,Medium,Medium,160.41994467673024
13657.0,2,367.14,24.476,208,13.866666666666667,10,190,15,1.0,1,0,0,Inactive Customers,0.44461691517172036,Medium,Medium,163.2366542361454
13658.0,5,2472.17,23.104392523364485,1015,9.485981308411215,9,194,107,118.0,75,0,0,Inactive Customers,0.1702823509422308,High,Low,420.9669195288547
13659.0,2,1442.3,14.28019801980198,891,8.821782178217822,205,115,101,1.0,1,1,1,Inactive Customers,0.44820032953801214,High,Medium,646.4393352926749
13662.0,3,829.96,16.273725490196078,539,10.568627450980392,85,173,51,1.0,126,0,0,Inactive Customers,0.3656244302993836,Medium,Medium,303.4536521712764
13663.0,1,189.47,14.574615384615385,91,7.0,178,0,13,0.0,1,1,1,Inactive Customers,0.7323740088594816,Low,High,138.76290345860596
13666.0,3,84.65,7.054166666666667,41,3.4166666666666665,59,227,12,1.0,227,0,0,Inactive Customers,0.30287570893128046,Low,Medium,25.63842876103289
13667.0,1,305.02,3.505977011494253,154,1.7701149425287357,148,0,87,0.0,1,1,1,Inactive Customers,0.6786108160801791,Low,Medium,206.98987112077623
13668.0,21,6109.52,13.110557939914164,3547,7.611587982832618,2,359,466,142.0,198,0,2,High-Value Active Customers,0.008914213638560355,High,Low,54.46156650905726
13669.0,2,218.55,24.283333333333335,237,26.333333333333332,50,98,9,1.0,1,0,0,Inactive Customers,0.5816473299513953,Low,Medium,127.11902396087746
13670.0,1,349.7,13.988,282,11.28,74,0,25,0.0,1,0,0,Inactive Customers,0.712545904991723,Low,High,249.17730297560553
13672.0,2,186.39000000000001,31.065,57,9.5,300,30,6,1.0,1,1,1,Inactive Customers,0.7095379815636494,Low,High,132.25078438364864
13673.0,2,366.97,5.73390625,118,1.84375,18,13,64,1.0,1,0,0,Inactive Customers,0.6775874893741286,Medium,Medium,248.654280975624
13675.0,2,486.82000000000005,19.472800000000003,330,13.2,150,133,25,1.0,1,1,1,Inactive Customers,0.5155484108398942,Medium,Medium,250.97927736507734
13678.0,1,215.32,14.354666666666667,708,47.2,151,0,15,0.0,1,1,1,Inactive Customers,0.673998706274931,Low,Medium,145.12540143511814
13680.0,4,3722.42,19.089333333333332,1936,9.928205128205128,0,337,195,1.0,38,0,0,Inactive Customers,0.0953542959835508,High,Low,354.9487384550892
13681.0,4,827.83,14.523333333333333,360,6.315789473684211,17,137,57,86.0,8,0,0,Inactive Customers,0.35878214316850626,Medium,Medium,297.01062157918454
13682.0,1,59.5,19.833333333333332,10,3.3333333333333335,186,0,3,0.0,1,1,1,Inactive Customers,0.7487238879497095,Low,High,44.54907133300771
13684.0,1,67.23,2.241,39,1.3,285,0,30,0.0,1,1,1,Inactive Customers,0.7207513155812324,Low,High,48.45611094652626
13685.0,4,20.92,0.7471428571428572,28,1.0,2,50,28,49.0,1,0,0,Inactive Customers,0.5886198175921687,Low,Medium,12.313926584028172
13686.0,1,72.0,9.0,70,8.75,182,0,8,0.0,1,1,1,Inactive Customers,0.7318690493648643,Low,High,52.694571554270226
13689.0,1,910.0,151.66666666666666,512,85.33333333333333,62,0,6,0.0,1,0,0,Inactive Customers,0.7537662801515229,Medium,High,685.9273149378859
13690.0,1,172.25,19.13888888888889,67,7.444444444444445,58,0,9,0.0,1,0,0,Inactive Customers,0.7387041213635096,Low,High,127.24178490486453
13692.0,3,1452.3700000000001,27.93019230769231,1225,23.557692307692307,24,211,52,1.0,189,0,0,Inactive Customers,0.2539568214865407,High,Low,368.8392688224071
13694.0,48,40786.66,95.29593457943926,28020,65.46728971962617,3,369,428,180.0,179,0,2,High-Value Active Customers,1.5075172674361125e-05,High,Low,0.614865942310458
13695.0,15,2444.13,28.42011627906977,1599,18.593023255813954,30,228,86,102.0,105,0,0,Inactive Customers,0.14249216201047074,High,Low,348.2693679346519
13697.0,1,151.3,12.608333333333334,177,14.75,38,0,12,0.0,1,0,0,Inactive Customers,0.7227497793870971,Low,High,109.35204162126779
13699.0,1,308.58000000000004,22.041428571428575,66,4.714285714285714,154,0,14,0.0,1,1,1,Inactive Customers,0.7386641174650919,Low,High,227.93697336737807
13700.0,10,2265.12,11.498071065989848,2304,11.695431472081218,25,300,197,87.0,150,0,0,Inactive Customers,0.060011492896691776,High,Low,135.93323279015448
13703.0,1,99.5,99.5,10,10.0,317,0,1,0.0,1,1,1,Inactive Customers,0.7964609252638462,Low,High,79.24786206375269
13704.0,9,2291.11,17.22639097744361,1530,11.503759398496241,4,83,133,9.0,68,0,0,Inactive Customers,0.3977615779830772,High,Medium,911.3155289328081
13705.0,3,546.86,20.254074074074076,362,13.407407407407407,7,366,27,1.0,137,0,0,Inactive Customers,0.15897742949463195,Medium,Low,86.93839709343443
13706.0,1,290.89000000000004,15.310000000000002,187,9.842105263157896,302,0,19,0.0,1,1,1,Inactive Customers,0.7225680615286647,Low,High,210.18782341807332
13707.0,2,770.46,16.39276595744681,350,7.446808510638298,266,48,47,1.0,1,1,1,Inactive Customers,0.628568743549367,Medium,Medium,484.28707415504533
13708.0,1,296.88,5.821176470588235,306,6.0,270,0,51,0.0,1,1,1,Inactive Customers,0.6938444893384289,Low,Medium,205.98855199479277
13709.0,13,6253.05,18.721706586826347,3513,10.517964071856287,3,311,334,249.0,61,0,2,High-Value Active Customers,0.012022310931985043,High,Low,75.17611137324907
13710.0,1,180.48,22.56,176,22.0,31,0,8,0.0,1,0,0,Inactive Customers,0.7267034052694037,Low,High,131.15543058302197
13711.0,2,252.06,19.38923076923077,140,10.76923076923077,218,0,13,1.0,1,1,1,Inactive Customers,0.7299758504190519,Low,High,183.9977128566262
13712.0,1,228.84,22.884,352,35.2,246,0,10,0.0,1,1,1,Inactive Customers,0.7081819681441759,Low,High,162.06036159011322
13715.0,5,1079.34,10.279428571428571,563,5.3619047619047615,280,91,105,10.0,81,1,1,Inactive Customers,0.4553460904609495,Medium,Medium,491.47324927812116
13716.0,1,138.28,6.584761904761905,138,6.571428571428571,268,0,21,0.0,1,1,1,Inactive Customers,0.7207925783714294,Low,High,99.67119773720125
13717.0,6,1380.87,13.808699999999998,1813,18.13,31,266,100,126.0,96,0,0,Inactive Customers,0.09376634998616094,High,Low,129.47913970539005
13718.0,2,306.55,25.545833333333334,173,14.416666666666666,245,49,12,1.0,1,1,1,Inactive Customers,0.6655244832568,Low,Medium,204.01653034237205
13719.0,5,1016.68,17.23186440677966,608,10.305084745762711,14,219,59,28.0,42,0,0,Inactive Customers,0.29238260488250634,Medium,Medium,297.2595467319465
13720.0,4,705.7,17.212195121951222,356,8.682926829268293,116,138,41,16.0,61,1,0,Inactive Customers,0.44628844719799265,Medium,Medium,314.9457571876234
13721.0,1,524.14,18.719285714285714,316,11.285714285714286,35,0,28,0.0,1,0,0,Inactive Customers,0.7112075146386516,Medium,High,372.77230672270287
13722.0,3,2314.93,27.558690476190474,1113,13.25,131,151,84,1.0,1,1,0,Inactive Customers,0.3930006298900254,High,Medium,909.7689481513164
13723.0,1,199.85000000000002,33.30833333333334,43,7.166666666666667,216,0,6,0.0,1,1,1,Inactive Customers,0.7511614449641958,Low,High,150.11961477609455
13725.0,8,1980.56,19.043846153846154,806,7.75,49,258,104,20.0,214,0,0,Inactive Customers,0.1694020708006907,High,Low,335.51096534501596
13726.0,2,1079.66,25.70619047619048,1054,25.095238095238095,38,61,42,1.0,1,0,0,Inactive Customers,0.5683193985643804,Medium,Medium,613.5917218540189
13727.0,2,333.48,16.674,162,8.1,28,4,20,1.0,1,0,0,Inactive Customers,0.7191676931762794,Low,High,239.82804232042565
13728.0,6,1016.14,16.12920634920635,458,7.26984126984127,36,273,63,111.0,98,0,0,Inactive Customers,0.1433138829159212,Medium,Low,145.62696898618418
13730.0,2,752.6,17.50232558139535,488,11.348837209302326,135,25,43,1.0,1,1,0,Inactive Customers,0.656241723662674,Medium,Medium,493.88752122852844
13731.0,2,610.59,16.068157894736842,278,7.315789473684211,218,27,38,1.0,1,1,1,Inactive Customers,0.6696091791731951,Medium,Medium,408.8566687113612
13732.0,1,491.86,14.904848484848486,498,15.090909090909092,27,0,33,0.0,1,0,0,Inactive Customers,0.6951178284021997,Medium,Medium,341.900655077906
13735.0,4,2820.44,14.613678756476684,1126,5.83419689119171,24,209,193,58.0,18,0,0,Inactive Customers,0.17709814631638032,High,Low,499.4946957965717
13736.0,2,664.1,3.551336898395722,493,2.6363636363636362,4,255,187,1.0,1,0,0,Inactive Customers,0.22280321555001484,Medium,Low,147.96361544676486
13737.0,1,339.6,11.32,125,4.166666666666667,199,0,30,0.0,1,1,1,Inactive Customers,0.7192943076650299,Low,High,244.27234688304418
13739.0,1,216.9,72.3,54,18.0,17,0,3,0.0,1,0,0,Inactive Customers,0.7708987549838687,Low,High,167.20793995600113
13740.0,1,350.75,15.25,425,18.47826086956522,240,0,23,0.0,1,1,1,Inactive Customers,0.7033477366541904,Low,High,246.69921863145728
13741.0,3,668.4300000000001,19.65970588235294,218,6.411764705882353,71,145,34,1.0,112,0,0,Inactive Customers,0.4501749734459478,Medium,Medium,300.91045750047493
13742.0,12,2997.42,9.485506329113925,1116,3.5316455696202533,16,303,316,132.0,167,0,0,Inactive Customers,0.03926186561573221,High,Low,117.68430123390804
13743.0,7,1202.4,31.642105263157898,1296,34.10526315789474,2,256,38,104.0,112,0,0,Inactive Customers,0.14140750183534123,High,Low,170.02838020681432
13744.0,2,1114.6,15.698591549295774,1105,15.56338028169014,94,197,71,1.0,1,1,0,Inactive Customers,0.33580472781403714,High,Medium,374.28794962152574
13745.0,1,300.04,12.001600000000002,496,19.84,161,0,25,0.0,1,1,1,Inactive Customers,0.696118720442546,Low,High,208.86346088158152
13747.0,1,79.6,79.6,8,8.0,373,0,1,0.0,1,1,1,Inactive Customers,0.7858149462993688,Low,High,62.55086972542975
13748.0,5,948.25,33.86607142857143,439,15.678571428571429,95,278,28,127.0,136,1,0,Inactive Customers,0.13693394750394247,Medium,Low,129.84761572061345
13750.0,5,1647.26,68.63583333333334,516,21.5,53,283,24,39.0,117,0,0,Inactive Customers,0.22264777397999114,High,Low,366.7587721662802
13751.0,1,296.25,32.916666666666664,152,16.88888888888889,287,0,9,0.0,1,1,1,Inactive Customers,0.7372411639578175,Low,High,218.40769482250343
13752.0,6,1140.33,15.409864864864863,874,11.81081081081081,123,122,74,38.0,60,1,0,Inactive Customers,0.38342308094017474,High,Medium,437.22884188850946
13753.0,1,741.26,21.178857142857144,512,14.628571428571428,287,0,35,0.0,1,1,1,Inactive Customers,0.6960011540156147,Medium,High,515.9178154256145
13754.0,2,282.6,23.55,214,17.833333333333332,151,165,12,1.0,1,1,1,Inactive Customers,0.48218421887168744,Low,Medium,136.26526025313888
13755.0,9,2098.45,6.171911764705881,1261,3.708823529411765,3,59,340,24.0,21,0,0,Inactive Customers,0.30298647096602493,High,Medium,635.801959998655
13756.0,14,4834.320000000001,34.28595744680852,2996,21.24822695035461,1,365,141,238.0,91,0,2,High-Value Active Customers,0.01841244272862588,High,Low,89.01164013185067
13758.0,7,3079.82,27.015964912280705,1553,13.62280701754386,11,361,114,38.0,241,0,0,Inactive Customers,0.06797116397440561,High,Low,209.3389502316539
13759.0,2,659.4100000000001,26.376400000000004,287,11.48,32,37,25,1.0,1,0,0,Inactive Customers,0.6682158503768667,Medium,Medium,440.62821389700974
13760.0,2,286.79,5.03140350877193,197,3.456140350877193,53,202,57,1.0,1,0,0,Inactive Customers,0.3894839456314934,Low,Medium,111.700100767656
13761.0,2,1070.65,15.295000000000002,642,9.17142857142857,49,129,70,1.0,1,0,0,Inactive Customers,0.46621469051243025,Medium,Medium,499.1527583971335
13762.0,1,306.72,43.81714285714286,272,38.857142857142854,218,0,7,0.0,1,1,1,Inactive Customers,0.7252217140212228,Low,High,222.44000412458948
13763.0,1,1714.96,114.33066666666667,728,48.53333333333333,62,0,15,0.0,1,0,0,Inactive Customers,0.7337297219903531,High,High,1258.317124024576
13764.0,3,1521.76,7.3161538461538465,932,4.480769230769231,70,266,208,1.0,73,0,0,Inactive Customers,0.163958238013588,High,Low,249.50508827955767
13767.0,37,15389.960000000001,42.39658402203857,6298,17.349862258953166,1,371,363,159.0,203,0,2,High-Value Active Customers,0.004259125026093003,High,Low,65.54776378657027
13769.0,10,2728.71,20.829847328244274,1159,8.84732824427481,1,365,131,159.0,120,0,0,Inactive Customers,0.043516341053956076,High,Low,118.74347499734048
13771.0,4,2634.45,22.138235294117646,1477,12.411764705882353,63,182,119,47.0,1,0,0,Inactive Customers,0.2486969865085193,High,Low,655.1797761073686
13772.0,3,1115.18,6.336250000000001,545,3.096590909090909,33,205,176,1.0,63,0,0,Inactive Customers,0.2622507489879063,High,Low,292.45679025633336
13774.0,1,345.0,15.681818181818182,192,8.727272727272727,81,0,22,0.0,1,0,0,Inactive Customers,0.7211802356328508,Low,High,248.80718129333354
13777.0,29,12627.52,76.06939759036145,6065,36.536144578313255,0,372,166,117.0,246,0,2,High-Value Active Customers,0.011023640655108378,High,Low,139.20124284519414
13778.0,1,178.7,19.855555555555554,70,7.777777777777778,102,0,9,0.0,1,1,0,Inactive Customers,0.7387972450228091,Low,High,132.02306768557597
13780.0,2,257.26,4.6774545454545455,161,2.9272727272727272,6,163,55,1.0,1,0,0,Inactive Customers,0.4530731046055121,Low,Medium,116.55758689081404
13781.0,1,127.84,7.5200000000000005,30,1.7647058823529411,250,0,17,0.0,1,1,1,Inactive Customers,0.7317384130570149,Low,High,93.5454387252088
13782.0,6,912.0,7.930434782608696,371,3.226086956521739,12,315,115,203.0,55,0,0,Inactive Customers,0.06507547804173706,Medium,Low,59.3488359740642
13784.0,8,1935.75,71.69444444444444,1053,39.0,9,322,27,146.0,158,0,0,Inactive Customers,0.08509524858595445,High,Low,164.72312745026133
13786.0,1,230.4,32.91428571428572,136,19.428571428571427,366,0,7,0.0,1,1,1,Inactive Customers,0.737737865990363,Low,High,169.97480432417962
13787.0,2,309.04,9.969032258064518,337,10.870967741935484,75,288,31,1.0,1,0,0,Inactive Customers,0.2782925763198204,Low,Low,86.0035377858773
13790.0,1,348.79999999999995,7.75111111111111,748,16.622222222222224,3,0,45,0.0,1,0,0,Inactive Customers,0.6714455023306241,Low,Medium,234.20019121292165
13791.0,2,1226.0,122.6,1000,100.0,127,40,10,1.0,1,1,0,Inactive Customers,0.6407434530446908,High,Medium,785.551473432791
13792.0,2,195.55,15.042307692307693,92,7.076923076923077,65,221,13,1.0,1,0,0,Inactive Customers,0.4036290245837221,Low,Medium,78.92965575734685
13798.0,55,31591.87,99.65889589905362,18336,57.8422712933754,0,363,317,159.0,199,0,2,High-Value Active Customers,0.00025753443267215317,High,Low,8.135994317502416
13799.0,2,688.86,17.663076923076922,402,10.307692307692308,116,177,39,1.0,1,1,0,Inactive Customers,0.4312866084910214,Medium,Medium,297.09609312512504
13800.0,1,526.4200000000001,16.450625000000002,329,10.28125,309,0,32,0.0,1,1,1,Inactive Customers,0.7072699557761889,Medium,High,372.3210501197014
13801.0,1,324.8,14.121739130434783,168,7.304347826086956,66,0,23,0.0,1,0,0,Inactive Customers,0.7216423222827678,Low,High,234.389426277443
13802.0,3,4057.42,69.95551724137931,2172,37.44827586206897,138,172,58,1.0,116,1,0,Inactive Customers,0.28421964040298214,High,Low,1153.1984533638679
13803.0,1,277.07,16.298235294117646,121,7.117647058823529,254,0,17,0.0,1,1,1,Inactive Customers,0.7292157574945386,Low,High,202.04380992901181
13804.0,7,2601.89,19.131544117647056,1496,11.0,30,259,136,148.0,66,0,0,Inactive Customers,0.08667965172367038,High,Low,225.53091902330073
13805.0,2,563.0,93.83333333333333,596,99.33333333333333,51,76,6,1.0,1,0,0,Inactive Customers,0.5914404481810944,Medium,Medium,332.98097232595615
13806.0,1,256.38,25.637999999999998,56,5.6,63,0,10,0.0,1,0,0,Inactive Customers,0.7437048821631399,Low,High,190.6710576889858
13807.0,1,112.6,16.085714285714285,36,5.142857142857143,366,0,7,0.0,1,1,1,Inactive Customers,0.7410792938183766,Low,High,83.44552848394919
13808.0,5,1687.76,22.503466666666668,780,10.4,5,91,75,3.0,60,0,0,Inactive Customers,0.48607331300418005,High,Medium,820.3750947559349
13809.0,1,155.05,12.920833333333334,29,2.4166666666666665,304,0,12,0.0,1,1,1,Inactive Customers,0.7378229483116725,Low,High,114.39944813572482
13810.0,2,725.8100000000001,23.413225806451614,301,9.709677419354838,28,27,31,1.0,1,0,0,Inactive Customers,0.6759556650245352,Medium,Medium,490.61538123145795
13811.0,2,519.75,51.975,63,6.3,183,55,10,1.0,1,1,1,Inactive Customers,0.6889999473030896,Medium,Medium,358.1077226107808
13812.0,3,485.0,14.696969696969697,330,10.0,41,63,33,1.0,21,0,0,Inactive Customers,0.6085600609099071,Medium,Medium,295.15162954130494
13813.0,4,1168.8600000000001,17.98246153846154,541,8.323076923076924,39,95,65,45.0,31,0,0,Inactive Customers,0.4536134443826876,High,Medium,530.2106106011482
13814.0,2,1477.42,26.86218181818182,858,15.6,91,44,55,1.0,1,1,0,Inactive Customers,0.5993176149155275,High,Medium,885.4438306284986
13815.0,4,3487.08,20.512235294117648,2248,13.223529411764705,21,296,170,146.0,1,0,0,Inactive Customers,0.05953651449416026,High,Low,207.60858896229635
13816.0,2,459.72,18.3888,264,10.56,23,40,25,1.0,1,0,0,Inactive Customers,0.6613543340504031,Medium,Medium,304.03781444965136
13817.0,2,328.98,14.953636363636365,208,9.454545454545455,28,322,22,1.0,1,0,0,Inactive Customers,0.25106262508348437,Low,Low,82.5945823999647
13819.0,3,1140.35,31.676388888888887,1109,30.805555555555557,301,18,36,1.0,7,1,1,Inactive Customers,0.6324819469040954,High,Medium,721.2507881520852
13821.0,2,385.64,6.536271186440678,153,2.593220338983051,144,116,59,1.0,1,1,1,Inactive Customers,0.524962793605066,Medium,Medium,202.44665172585766
13822.0,2,615.35,6.477368421052632,610,6.421052631578948,5,34,95,1.0,1,0,0,Inactive Customers,0.5976998786877322,Medium,Medium,367.794620350496
13823.0,2,957.66,23.941499999999998,439,10.975,18,72,40,1.0,1,0,0,Inactive Customers,0.5947449157868986,Medium,Medium,569.5634160524813
13824.0,5,1698.94,36.93347826086956,768,16.695652173913043,32,277,46,68.0,170,0,0,Inactive Customers,0.15510766951424443,High,Low,263.51862404453044
13826.0,1,189.5,18.95,82,8.2,175,0,10,0.0,1,1,1,Inactive Customers,0.7367132269161467,Low,High,139.6071565006098
13827.0,3,378.15,4.155494505494505,139,1.5274725274725274,57,85,91,1.0,76,0,0,Inactive Customers,0.5162388259129893,Medium,Medium,195.2157120189969
13828.0,1,209.49,13.966000000000001,311,20.733333333333334,21,0,15,0.0,1,0,0,Inactive Customers,0.7115042359188304,Low,High,149.0530223826358
13831.0,6,1876.59,25.70671232876712,617,8.452054794520548,15,353,73,169.0,122,0,0,Inactive Customers,0.060108265740795,High,Low,112.7985704065185
13832.0,1,52.2,17.400000000000002,28,9.333333333333334,18,0,3,0.0,1,0,0,Inactive Customers,0.7420931162352921,Low,High,38.737260667482246
13833.0,1,384.8,13.26896551724138,118,4.068965517241379,158,0,29,0.0,1,1,1,Inactive Customers,0.7212506998236071,Medium,High,277.53726929212405
13835.0,4,817.62,15.141111111111112,441,8.166666666666666,24,190,54,59.0,27,0,0,Inactive Customers,0.30966951267861187,Medium,Medium,253.19198695628663
13837.0,2,271.24,14.275789473684211,183,9.631578947368421,211,105,19,1.0,1,1,1,Inactive Customers,0.5720207735825614,Low,Medium,155.15491462653398
13838.0,4,691.73,3.975459770114943,263,1.5114942528735633,5,364,174,252.0,112,0,0,Inactive Customers,0.02862458436329087,Medium,Low,19.800483741619196
13841.0,1,85.0,85.0,100,100.0,252,0,1,0.0,1,1,1,Inactive Customers,0.7214289631519388,Low,High,61.3214618679148
13842.0,9,3228.07,16.06004975124378,1759,8.751243781094526,58,308,201,93.0,168,0,0,Inactive Customers,0.05744746086693359,High,Low,185.44442500072233
13844.0,1,361.62,18.081,196,9.8,10,0,20,0.0,1,0,0,Inactive Customers,0.7230166657565338,Low,High,261.45728667087775
13845.0,1,312.98,34.775555555555556,182,20.22222222222222,64,0,9,0.0,1,0,0,Inactive Customers,0.7348237104925144,Low,High,229.98512490994716
13846.0,3,848.4100000000001,15.711296296296299,387,7.166666666666667,24,335,54,1.0,217,0,0,Inactive Customers,0.1533530150851455,Medium,Low,130.10623152838832
13848.0,1,135.0,67.5,200,100.0,297,0,2,0.0,1,1,1,Inactive Customers,0.703135131790621,Low,High,94.92324279173384
13849.0,2,1537.95,15.227227722772279,1016,10.05940594059406,51,119,101,1.0,1,0,0,Inactive Customers,0.43457446328987287,High,Medium,668.35379581666
13850.0,1,1595.48,17.155698924731183,944,10.150537634408602,128,0,93,0.0,1,1,0,Inactive Customers,0.6301265373558284,High,Medium,1005.354287820477
13851.0,3,1763.46,22.04325,1225,15.3125,95,192,80,1.0,32,1,0,Inactive Customers,0.3184027502890059,High,Medium,561.4905140246503
13853.0,1,1090.1399999999999,47.39739130434782,312,13.565217391304348,56,0,23,0.0,1,0,0,Inactive Customers,0.7284295446945067,Medium,High,794.0901838532694
13854.0,25,8109.5199999999995,73.72290909090908,2296,20.87272727272727,8,356,110,129.0,217,0,2,High-Value Active Customers,0.03699126428534141,High,Low,299.9813975472619
13856.0,3,294.9,22.684615384615384,350,26.923076923076923,168,34,13,1.0,15,1,1,Inactive Customers,0.660429708582269,Low,Medium,194.76072106091112
13858.0,1,216.17000000000002,19.651818181818182,75,6.818181818181818,56,0,11,0.0,1,0,0,Inactive Customers,0.7376686206816664,Low,High,159.46182573275584
13859.0,1,201.16,7.184285714285714,129,4.607142857142857,325,0,28,0.0,1,1,1,Inactive Customers,0.7182739361132813,Low,High,144.48798498854765
13860.0,5,1245.9,16.39342105263158,591,7.776315789473684,0,85,76,34.0,12,0,0,Inactive Customers,0.4823044991005586,High,Medium,600.903175429386
13862.0,8,2209.36,15.894676258992806,1688,12.143884892086332,17,314,139,144.0,136,0,0,Inactive Customers,0.05487185180309644,High,Low,121.23167449968916
13863.0,1,305.78,15.288999999999998,224,11.2,247,0,20,0.0,1,1,1,Inactive Customers,0.7193283375956671,Low,High,219.95621907000304
13865.0,4,501.56,16.718666666666667,204,6.8,57,231,30,102.0,78,0,0,Inactive Customers,0.22049676989014996,Medium,Low,110.59235990610361
13866.0,1,145.67,20.81,57,8.142857142857142,73,0,7,0.0,1,0,0,Inactive Customers,0.7411456215294139,Low,High,107.96268268818972
13867.0,3,1015.29,16.644098360655736,513,8.40983606557377,30,186,61,1.0,43,0,0,Inactive Customers,0.3760476096435414,Medium,Medium,381.79737759499113
13868.0,1,507.54,15.860625,464,14.5,38,0,32,0.0,1,0,0,Inactive Customers,0.698197597528674,Medium,High,354.36320864970327
13869.0,4,3104.9500000000003,10.11384364820847,1721,5.605863192182411,122,233,307,44.0,139,1,0,Inactive Customers,0.09033508689518514,High,Low,280.48592805520514
13870.0,8,2737.04,24.009122807017544,1323,11.605263157894736,1,285,114,153.0,99,0,0,Inactive Customers,0.07603794108609571,High,Low,208.1188862702874
13871.0,13,6403.25,19.057291666666668,2806,8.351190476190476,22,286,336,146.0,111,0,2,High-Value Active Customers,0.026538802898025494,High,Low,169.93458965678175
13873.0,3,389.6,16.93913043478261,140,6.086956521739131,119,190,23,1.0,99,1,0,Inactive Customers,0.3994407401336369,Medium,Medium,155.62211235606495
13874.0,1,361.7,21.276470588235295,175,10.294117647058824,357,0,17,0.0,1,1,1,Inactive Customers,0.7275806408237983,Low,High,263.1659177859678
13875.0,5,1786.79,17.180673076923078,1316,12.653846153846153,53,247,104,43.0,130,0,0,Inactive Customers,0.1643277570571648,High,Low,293.6191930321715
13876.0,1,122.7,17.52857142857143,36,5.142857142857143,63,0,7,0.0,1,0,0,Inactive Customers,0.7420056827791984,Low,High,91.04409727700765
13877.0,1,117.24,39.08,108,36.0,85,0,3,0.0,1,0,0,Inactive Customers,0.7343336367991399,Low,High,86.09327557833116
13878.0,1,1247.63,35.646571428571434,473,13.514285714285714,54,0,35,0.0,1,0,0,Inactive Customers,0.7045355816438691,High,High,878.9997277263404
13880.0,13,3185.87,19.426036585365853,1840,11.21951219512195,20,345,164,180.0,123,0,0,Inactive Customers,0.0338586986807438,High,Low,107.86941236602125
13881.0,19,12198.880000000001,76.24300000000001,6718,41.9875,3,308,160,204.0,92,0,2,High-Value Active Customers,0.01142099449247741,High,Low,139.32334129439283
13882.0,5,1081.28,17.163174603174603,948,15.047619047619047,2,61,63,20.0,27,0,0,Inactive Customers,0.522161134545261,Medium,Medium,564.6023915610998
13883.0,5,2640.58,18.727517730496455,1434,10.170212765957446,10,242,141,34.0,207,0,0,Inactive Customers,0.1369286990490004,High,Low,361.57118413480947
13884.0,5,787.6,13.349152542372881,300,5.084745762711864,6,276,59,5.0,270,0,0,Inactive Customers,0.19055238104580427,Medium,Low,150.07905531167546
13885.0,2,506.8,18.1,182,6.5,188,11,28,1.0,1,1,1,Inactive Customers,0.7050379791615724,Medium,High,357.3132478390849
13886.0,1,243.56,15.2225,126,7.875,70,0,16,0.0,1,0,0,Inactive Customers,0.7285802570672574,Low,High,177.4530074113012
13887.0,1,349.55,18.397368421052633,147,7.7368421052631575,203,0,19,0.0,1,1,1,Inactive Customers,0.727413094078794,Low,High,254.26724703524243
13888.0,2,605.63,15.14075,258,6.45,119,98,40,1.0,1,1,0,Inactive Customers,0.5637269759929958,Medium,Medium,341.40996847063803
13889.0,1,416.90000000000003,27.793333333333337,146,9.733333333333333,92,0,15,0.0,1,1,0,Inactive Customers,0.7344768419602992,Medium,High,306.20339541324876
13890.0,10,1883.81,17.125545454545453,831,7.554545454545455,0,357,110,326.0,22,0,0,Inactive Customers,0.02443336443149626,High,Low,46.02781624969697
13892.0,4,518.13,19.928076923076922,587,22.576923076923077,26,219,26,182.0,26,0,0,Inactive Customers,0.15776857363713462,Medium,Low,81.74463105860856
13893.0,1,821.1,39.1,190,9.047619047619047,297,0,21,0.0,1,1,1,Inactive Customers,0.7341591889526122,Medium,High,602.8181100489899
13894.0,3,564.62,20.911851851851853,354,13.11111111111111,23,286,27,1.0,1,0,0,Inactive Customers,0.28711709696816073,Medium,Low,162.1120552901629
13895.0,4,2593.07,21.975169491525424,1365,11.567796610169491,27,136,118,21.0,38,0,0,Inactive Customers,0.33179406234911607,High,Medium,860.3652292556225
13897.0,1,311.16,18.303529411764707,200,11.764705882352942,49,0,17,0.0,1,0,0,Inactive Customers,0.723807528321229,Low,High,225.21995051243363
13898.0,1,155.93,12.994166666666667,133,11.083333333333334,325,0,12,0.0,1,1,1,Inactive Customers,0.7274669405382288,Low,High,113.43392003812602
13899.0,2,388.52,20.448421052631577,156,8.210526315789474,15,258,19,1.0,1,0,0,Inactive Customers,0.3434687537722484,Medium,Medium,133.44448021559393
13900.0,3,740.95,17.23139534883721,430,10.0,182,79,43,1.0,9,1,1,Inactive Customers,0.5768629410065635,Medium,Medium,427.4265961388133
13901.0,5,2762.35,18.920205479452054,1736,11.89041095890411,71,246,146,62.0,86,0,0,Inactive Customers,0.1305286605906206,High,Low,360.5658455825008
13904.0,2,332.64,12.793846153846154,332,12.76923076923077,36,257,26,1.0,1,0,0,Inactive Customers,0.32314508816934623,Low,Medium,107.49098212865132
13908.0,4,2319.55,19.169834710743803,1477,12.206611570247935,79,196,121,61.0,47,0,0,Inactive Customers,0.20408763027352453,High,Low,473.39146280095383
13911.0,9,2288.11,15.780068965517243,2059,14.2,56,251,145,62.0,158,0,0,Inactive Customers,0.10865535735883809,High,Low,248.61540972633105
13914.0,2,626.45,18.983333333333334,380,11.515151515151516,11,24,33,1.0,1,0,0,Inactive Customers,0.6714020246910727,Medium,Medium,420.59979836772254
13917.0,2,272.04,15.113333333333335,228,12.666666666666666,49,141,18,1.0,1,0,0,Inactive Customers,0.5121606616780773,Low,Medium,139.32818640290415
13918.0,2,828.84,30.69777777777778,420,15.555555555555555,49,203,27,1.0,1,0,0,Inactive Customers,0.40441999186048583,Medium,Medium,335.1994660536451
13919.0,2,331.86,13.2744,471,18.84,58,62,25,1.0,1,0,0,Inactive Customers,0.6097452740240795,Low,Medium,202.35006663763104
13922.0,1,172.25,24.607142857142858,93,13.285714285714286,351,0,7,0.0,1,1,1,Inactive Customers,0.7384858628039884,Low,High,127.20418986798701
13923.0,1,351.13,17.5565,185,9.25,53,0,20,0.0,1,0,0,Inactive Customers,0.7235757840073873,Low,High,254.06916503851392
13924.0,6,1804.95,15.695217391304348,1573,13.678260869565218,1,70,115,40.0,21,0,0,Inactive Customers,0.4053233984156107,High,Medium,731.5884679702566
13925.0,4,593.5,16.48611111111111,326,9.055555555555555,92,42,36,1.0,29,1,0,Inactive Customers,0.6361809944595016,Medium,Medium,377.5734202117142
13926.0,1,183.9,18.39,103,10.3,22,0,10,0.0,1,0,0,Inactive Customers,0.7340180446841688,Low,High,134.98591841741865
13927.0,1,348.99,16.61857142857143,214,10.19047619047619,74,0,21,0.0,1,0,0,Inactive Customers,0.720459603008705,Low,High,251.43319685400797
13928.0,4,464.57,17.206296296296298,129,4.777777777777778,10,122,27,26.0,20,0,0,Inactive Customers,0.5032709882571349,Medium,Medium,233.80460301461716
13929.0,2,842.65,93.62777777777778,143,15.88888888888889,168,157,9,1.0,1,1,1,Inactive Customers,0.5598807463370438,Medium,Medium,471.7835109009099
13930.0,2,337.34,19.843529411764706,274,16.11764705882353,57,78,17,1.0,1,0,0,Inactive Customers,0.6086242216244656,Low,Medium,205.3132949227972
13931.0,2,1237.53,21.336724137931036,725,12.5,95,185,58,1.0,1,1,0,Inactive Customers,0.38519875792652486,High,Medium,476.6950188968123
13932.0,1,307.4,19.2125,72,4.5,294,0,16,0.0,1,1,1,Inactive Customers,0.7354304974777776,Low,High,226.0713349246688
13933.0,2,608.79,26.469130434782606,205,8.91304347826087,108,39,23,1.0,1,1,0,Inactive Customers,0.6730221688847972,Medium,Medium,409.7291661953756
13934.0,1,922.1,29.74516129032258,390,12.580645161290322,263,0,31,0.0,1,1,1,Inactive Customers,0.7098171432510315,Medium,High,654.5223877917762
13936.0,1,376.58,14.483846153846153,330,12.692307692307692,179,0,26,0.0,1,1,1,Inactive Customers,0.7090283185699232,Medium,High,267.0058842070617
13937.0,1,158.85,17.65,123,13.666666666666666,168,0,9,0.0,1,1,1,Inactive Customers,0.7310360267800158,Low,High,116.12507285400551
13938.0,1,71.66,10.237142857142857,70,10.0,34,0,7,0.0,1,0,0,Inactive Customers,0.7324187377259345,Low,High,52.48512674544046
13939.0,3,568.55,12.634444444444444,847,18.822222222222223,22,288,45,1.0,85,0,0,Inactive Customers,0.2181917965337638,Medium,Low,124.0529459192714
13940.0,4,839.14,17.12530612244898,516,10.53061224489796,16,126,49,27.0,46,0,0,Inactive Customers,0.4387916045026097,Medium,Medium,368.2075870023199
13941.0,5,4187.08,107.36102564102563,1480,37.94871794871795,21,350,39,75.0,149,0,0,Inactive Customers,0.09821766187816815,High,Low,411.2452076968403
13946.0,3,496.05,49.605000000000004,287,28.7,78,188,10,1.0,122,0,0,Inactive Customers,0.40193874757528925,Medium,Medium,199.38171573472223
13947.0,1,90.60000000000001,18.12,44,8.8,64,0,5,0.0,1,0,0,Inactive Customers,0.7408992991677837,Low,High,67.12547650460121
13948.0,1,102.0,34.0,40,13.333333333333334,360,0,3,0.0,1,1,1,Inactive Customers,0.7499134302852078,Low,High,76.4911698890912
13949.0,6,2427.32,15.170750000000002,2474,15.4625,2,91,160,28.0,37,0,0,Inactive Customers,0.30544098378422024,High,Medium,741.4030087591135
13950.0,4,628.36,19.63625,316,9.875,10,235,32,173.0,13,0,0,Inactive Customers,0.16481973221517246,Medium,Low,103.56612693472577
13951.0,3,674.45,17.293589743589745,459,11.76923076923077,175,118,39,1.0,60,1,1,Inactive Customers,0.4935151943954497,Medium,Medium,332.85132286001107
13952.0,2,3217.1710000000003,23.65566911764706,1429,10.507352941176471,217,20,136,1.0,1,1,1,Inactive Customers,0.5313628192771619,High,Medium,1709.4850526567263
13953.0,2,265.68,20.436923076923076,124,9.538461538461538,6,108,13,1.0,1,0,0,Inactive Customers,0.5802531758427375,Low,Medium,154.1616637578985
13954.0,2,340.22,16.200952380952383,144,6.857142857142857,1,69,21,1.0,1,0,0,Inactive Customers,0.630236422589661,Low,Medium,214.41903569345448
13955.0,2,322.96,9.786666666666665,154,4.666666666666667,153,151,33,1.0,1,1,1,Inactive Customers,0.4908682888714235,Low,Medium,158.53082257391492
13956.0,5,996.47,6.599139072847683,490,3.2450331125827816,4,266,151,28.0,132,0,0,Inactive Customers,0.16701475446546904,Medium,Low,166.42519238220595
13959.0,3,598.2,6.502173913043479,357,3.880434782608696,78,283,92,1.0,201,0,0,Inactive Customers,0.18723352540891888,Medium,Low,112.00309489961528
13960.0,2,230.22,19.185,142,11.833333333333334,20,50,12,1.0,1,0,0,Inactive Customers,0.6632380907674087,Low,Medium,152.69067325647282
13962.0,2,147.6,14.76,86,8.6,21,223,10,1.0,1,0,0,Inactive Customers,0.4019357295644391,Low,Medium,59.325713683711214
13963.0,4,664.54,18.986857142857144,460,13.142857142857142,307,59,35,28.0,11,1,1,Inactive Customers,0.5726067664517511,Medium,Medium,380.5201005778467
13967.0,1,80.7,40.35,42,21.0,145,0,2,0.0,1,1,1,Inactive Customers,0.7495126950124947,Low,High,60.48567448750833
13969.0,18,8758.99,14.059373996789727,4538,7.284109149277689,6,357,623,223.0,119,0,2,High-Value Active Customers,0.002948498280557646,High,Low,25.825866954421617
13971.0,8,2758.26,18.511812080536913,1844,12.375838926174497,18,266,149,106.0,91,0,0,Inactive Customers,0.08985114644701887,High,Low,247.8328231989543
13972.0,2,190.25,12.683333333333334,187,12.466666666666667,70,131,15,1.0,1,0,0,Inactive Customers,0.5310591953162859,Low,Medium,101.03401190892339
13973.0,1,264.7,24.063636363636363,109,9.909090909090908,286,0,11,0.0,1,1,1,Inactive Customers,0.7368134026291686,Low,High,195.03450767594092
13974.0,1,413.59000000000003,14.77107142857143,249,8.892857142857142,48,0,28,0.0,1,0,0,Inactive Customers,0.7138394801001656,Medium,High,295.2368705746275
13975.0,6,2526.28,7.474201183431953,1732,5.124260355029586,30,245,338,143.0,96,0,0,Inactive Customers,0.04930312196087905,High,Low,124.55349094732954
13976.0,1,357.98,35.798,154,15.4,206,0,10,0.0,1,1,1,Inactive Customers,0.7391625353188517,Low,High,264.60540439344254
13978.0,2,196.79,13.119333333333334,315,21.0,14,30,15,1.0,1,0,0,Inactive Customers,0.6695037101450966,Low,Medium,131.75163511945354
13979.0,1,869.87,16.108703703703704,639,11.833333333333334,72,0,54,0.0,1,0,0,Inactive Customers,0.6754280679171899,Medium,Medium,587.534613439126
13980.0,1,200.14,18.19454545454545,172,15.636363636363637,59,0,11,0.0,1,0,0,Inactive Customers,0.7265046384660524,Low,High,145.4026383425957
13982.0,4,1871.81,16.863153153153153,1136,10.234234234234235,38,326,111,38.0,124,0,0,Inactive Customers,0.1120916496059434,High,Low,209.8142706489009
13983.0,10,1733.43,16.667596153846155,1177,11.317307692307692,29,337,104,179.0,157,0,0,Inactive Customers,0.047512144757077684,High,Low,82.35897708626118
13984.0,4,488.03,32.535333333333334,271,18.066666666666666,26,339,15,40.0,99,0,0,Inactive Customers,0.17228375231684034,Medium,Low,84.07963964318759
13985.0,15,7028.2300000000005,20.196063218390805,3443,9.89367816091954,3,260,348,156.0,67,0,2,High-Value Active Customers,0.02653577783938882,High,Low,186.4995498841277
13986.0,1,239.82,19.985,238,19.833333333333332,16,0,12,0.0,1,0,0,Inactive Customers,0.7210998904838166,Low,High,172.9341757358289
13988.0,6,4051.06,17.46146551724138,3041,13.107758620689655,19,234,232,92.0,52,0,0,Inactive Customers,0.074896227518513,High,Low,303.4091114511473
13989.0,2,1029.92,27.103157894736842,845,22.236842105263158,65,173,38,1.0,1,0,0,Inactive Customers,0.4106846636968735,Medium,Medium,422.972348834684
13990.0,1,311.3,19.45625,190,11.875,212,0,16,0.0,1,1,1,Inactive Customers,0.7255514406889525,Low,High,225.86416348647091
13991.0,6,855.97,10.190119047619048,998,11.880952380952381,11,131,84,91.0,4,0,0,Inactive Customers,0.30963652991174395,Medium,Medium,265.0395805085555
13992.0,1,76.8,15.36,64,12.8,29,0,5,0.0,1,0,0,Inactive Customers,0.735370049491766,Low,High,56.476419800967626
13993.0,9,3277.66,28.014188034188034,893,7.632478632478633,42,287,117,125.0,102,0,0,Inactive Customers,0.09365378095277822,High,Low,306.96525167768306
13994.0,6,2313.14,14.923483870967742,940,6.064516129032258,3,144,155,70.0,63,0,0,Inactive Customers,0.24997575463125574,High,Low,578.2289170677428
13995.0,5,1393.69,16.205697674418605,879,10.220930232558139,14,230,86,104.0,100,0,0,Inactive Customers,0.15962602105578155,High,Low,222.4691892852322
13999.0,12,3901.81,18.758701923076924,2243,10.783653846153847,9,351,208,205.0,125,0,0,Inactive Customers,0.022156601060105127,High,Low,86.45084758232879
14000.0,1,500.3,38.48461538461539,422,32.46153846153846,210,0,13,0.0,1,1,1,Inactive Customers,0.7148235768072839,Medium,High,357.62623547668414
14001.0,3,2043.0800000000002,52.38666666666667,962,24.666666666666668,45,327,39,1.0,187,0,0,Inactive Customers,0.15988239779703275,High,Low,326.6525292911617
14002.0,2,512.78,11.147391304347826,876,19.043478260869566,133,22,46,1.0,1,1,0,Inactive Customers,0.6319068370021935,Medium,Medium,324.0291878779848
14004.0,7,4582.64,26.799064327485382,2668,15.602339181286549,42,245,171,161.0,65,0,0,Inactive Customers,0.05967550325978724,High,Low,273.4713482584314
14005.0,5,2773.92,33.420722891566264,2238,26.96385542168675,9,206,83,39.0,124,0,0,Inactive Customers,0.18375077304428894,High,Low,509.709944363014
14006.0,3,946.24,32.62896551724138,640,22.06896551724138,115,196,29,1.0,125,1,0,Inactive Customers,0.34583335969137213,Medium,Medium,327.24135827436396
14009.0,2,695.61,16.562142857142856,365,8.69047619047619,197,7,42,1.0,1,1,1,Inactive Customers,0.6891996079563615,Medium,Medium,479.41413929052464
14012.0,1,328.8,29.89090909090909,160,14.545454545454545,277,0,11,0.0,1,1,1,Inactive Customers,0.7350415636434905,Low,High,241.6816661259797
14013.0,3,473.02,13.91235294117647,462,13.588235294117647,109,165,34,1.0,35,1,0,Inactive Customers,0.4322997579234503,Medium,Medium,204.48643149295046
14014.0,1,505.18,12.953333333333333,1076,27.58974358974359,76,0,39,0.0,1,0,0,Inactive Customers,0.654540702656332,Medium,Medium,330.6608721679258
14015.0,1,917.34,45.867000000000004,378,18.9,52,0,20,0.0,1,0,0,Inactive Customers,0.7241722630160784,Medium,High,664.3121837551694
14016.0,4,4226.21,26.57993710691824,2123,13.352201257861635,161,195,159,87.0,46,1,1,Inactive Customers,0.14022450495166203,High,Low,592.6182050717636
14019.0,3,1369.77,21.073384615384615,893,13.738461538461538,46,91,65,1.0,51,0,0,Inactive Customers,0.49305278198494923,High,Medium,675.3689091795239
14020.0,2,642.8,16.48205128205128,441,11.307692307692308,16,71,39,1.0,1,0,0,Inactive Customers,0.5936238548263676,Medium,Medium,381.5814138823891
14021.0,3,631.9,28.722727272727273,192,8.727272727272727,154,101,22,1.0,56,1,1,Inactive Customers,0.5613755663612021,Medium,Medium,354.7332203836436
14022.0,1,440.0,15.714285714285714,487,17.392857142857142,224,0,28,0.0,1,1,1,Inactive Customers,0.6980272046665371,Medium,High,307.13197005327635
14023.0,2,584.07,18.840967741935486,345,11.129032258064516,6,242,31,1.0,1,0,0,Inactive Customers,0.3439570501809157,Medium,Medium,200.89499429916745
14024.0,2,327.7,20.48125,150,9.375,121,2,16,1.0,1,1,0,Inactive Customers,0.7264481291519742,Low,High,238.05705192310194
14027.0,1,104.82,17.47,62,10.333333333333334,60,0,6,0.0,1,0,0,Inactive Customers,0.7379351064664275,Low,High,77.35035785981093
14029.0,2,467.66,31.177333333333333,198,13.2,62,80,15,1.0,1,0,0,Inactive Customers,0.6215611332168334,Medium,Medium,290.6792795601843
14030.0,8,1783.44,7.621538461538462,1469,6.277777777777778,17,348,234,120.0,225,0,0,Inactive Customers,0.03523663027342952,High,Low,62.842415894845146
14031.0,17,12308.78,52.15584745762712,3540,15.0,6,365,236,140.0,225,0,2,High-Value Active Customers,0.013462678813343456,High,Low,165.70915172410568
14032.0,11,2975.59,20.80832167832168,2032,14.20979020979021,1,364,143,160.0,166,0,0,Inactive Customers,0.032058670826604505,High,Low,95.3934603249361
14034.0,3,564.02,6.409318181818182,419,4.761363636363637,21,135,88,1.0,135,0,0,Inactive Customers,0.39745832319945174,Medium,Medium,224.17444345095475
14035.0,5,1413.02,21.73876923076923,738,11.353846153846154,28,268,65,29.0,78,0,0,Inactive Customers,0.21181496792887594,High,Low,299.2987859828603
14036.0,1,626.65,16.49078947368421,268,7.052631578947368,284,0,38,0.0,1,1,1,Inactive Customers,0.7075806923763128,Medium,High,443.4054408776164
14037.0,2,147.20000000000002,5.257142857142858,46,1.6428571428571428,175,188,28,1.0,1,1,1,Inactive Customers,0.44251270128551856,Low,Medium,65.13786962922833
14038.0,3,1560.38,16.960652173913044,965,10.48913043478261,77,128,92,1.0,65,0,0,Inactive Customers,0.4029431918212811,High,Medium,628.7444976540907
14039.0,1,152.2,25.366666666666664,92,15.333333333333334,32,0,6,0.0,1,0,0,Inactive Customers,0.7383220135516081,Low,High,112.37261046255475
14040.0,12,3614.92,15.38263829787234,1554,6.6127659574468085,40,290,235,147.0,94,0,0,Inactive Customers,0.05049282409894769,High,Low,182.527519691768
14041.0,1,141.41,6.733809523809524,94,4.476190476190476,265,0,21,0.0,1,1,1,Inactive Customers,0.724177742663735,Low,High,102.40597459007877
14044.0,4,602.87,2.8984134615384614,307,1.4759615384615385,26,283,208,164.0,76,0,0,Inactive Customers,0.0731843240104623,Medium,Low,44.12063341618741
14045.0,2,1090.8,272.7,260,65.0,108,228,4,1.0,1,1,0,Inactive Customers,0.5612881260246324,Medium,Medium,612.253087867669
14046.0,1,154.99,11.070714285714287,460,32.857142857142854,283,0,14,0.0,1,1,1,Inactive Customers,0.6948033607630154,Low,Medium,107.68757288465976
14047.0,5,1308.6100000000001,40.894062500000004,381,11.90625,8,364,32,35.0,191,0,0,Inactive Customers,0.12789547693549738,High,Low,167.36530007256124
14048.0,1,409.93,4.822705882352941,288,3.388235294117647,304,0,85,0.0,1,1,1,Inactive Customers,0.6728414872006351,Medium,Medium,275.8179108481563
14049.0,4,5514.97,11.41815734989648,3864,8.0,16,301,483,116.0,142,0,0,Inactive Customers,0.01436681337487747,High,Low,79.23254475804801
14050.0,2,746.36,13.821481481481483,689,12.75925925925926,31,74,54,1.0,1,0,0,Inactive Customers,0.5614379086137895,Medium,Medium,419.0347974729879
14051.0,23,15595.390000000001,74.61909090909091,3755,17.966507177033492,0,365,209,153.0,172,0,2,High-Value Active Customers,0.01330443549186355,High,Low,207.48786022545391
14052.0,1,225.35999999999999,4.024285714285714,89,1.5892857142857142,19,0,56,0.0,1,0,0,Inactive Customers,0.7024178351045818,Low,High,158.29688331916853
14053.0,2,260.25,65.0625,215,53.75,123,35,4,1.0,1,1,0,Inactive Customers,0.6879135880188538,Low,Medium,179.0295112819067
14054.0,1,92.46000000000001,15.410000000000002,62,10.333333333333334,64,0,6,0.0,1,0,0,Inactive Customers,0.7365790256746243,Low,High,68.10409671387576
14055.0,1,725.6400000000001,72.56400000000001,216,21.6,105,0,10,0.0,1,1,0,Inactive Customers,0.754704426960646,Medium,High,547.6437203797233
14056.0,23,8214.65,7.427350813743218,4273,3.863471971066908,0,282,1106,100.0,156,0,2,High-Value Active Customers,0.0023459102734071733,High,Low,19.270831827444237
14057.0,16,5831.32,20.605371024734982,4660,16.46643109540636,23,336,283,161.0,138,0,2,High-Value Active Customers,0.014132522820287773,High,Low,82.4112629724005
14059.0,1,183.6,22.95,128,16.0,266,0,8,0.0,1,1,1,Inactive Customers,0.7332882239248314,Low,High,134.63171791259904
14060.0,19,5895.62,29.775858585858586,4810,24.292929292929294,4,368,198,140.0,200,0,2,High-Value Active Customers,0.014739700635968918,High,Low,86.89967386343108
14062.0,12,10139.65,94.76308411214953,3941,36.83177570093458,9,354,107,124.0,166,0,2,High-Value Active Customers,0.027887904572535163,High,Low,282.77359159890614
14064.0,5,1042.7,13.19873417721519,924,11.69620253164557,28,245,79,21.0,182,0,0,Inactive Customers,0.1972770550187238,Medium,Low,205.7007852680233
14066.0,1,152.55,21.792857142857144,45,6.428571428571429,266,0,7,0.0,1,1,1,Inactive Customers,0.7434675857507543,Low,High,113.41598020627758
14067.0,2,355.75,6.9754901960784315,360,7.0588235294117645,63,32,51,1.0,1,0,0,Inactive Customers,0.6456575456006759,Low,Medium,229.69267184744044
14068.0,1,265.85,11.077083333333334,73,3.0416666666666665,319,0,24,0.0,1,1,1,Inactive Customers,0.7262862137032708,Low,High,193.08318991301456
14071.0,8,1421.8700000000001,4.402074303405573,994,3.0773993808049536,3,261,323,222.0,28,0,0,Inactive Customers,0.040735800508515774,High,Low,57.92101266904333
14073.0,1,151.04,11.618461538461538,130,10.0,31,0,13,0.0,1,0,0,Inactive Customers,0.7268488649393902,Low,High,109.78325256044549
14075.0,3,942.26,21.913023255813954,754,17.53488372093023,4,256,43,1.0,14,0,0,Inactive Customers,0.2890137633962935,Medium,Medium,272.3261086977915
14076.0,1,105.52,2.344888888888889,80,1.7777777777777777,128,0,45,0.0,1,1,0,Inactive Customers,0.7093554375807044,Low,High,74.85118577351592
14077.0,5,499.42,11.890952380952381,268,6.380952380952381,40,233,42,48.0,141,0,0,Inactive Customers,0.24355094631816998,Medium,Low,121.63421361022046
14078.0,6,1049.37,16.144153846153845,310,4.769230769230769,101,271,65,146.0,111,1,0,Inactive Customers,0.12189654049805772,Medium,Low,127.91457270244682
14079.0,1,343.2,31.2,299,27.181818181818183,124,0,11,0.0,1,1,0,Inactive Customers,0.7210153657560043,Low,High,247.45247352746068
14080.0,1,45.599999999999994,11.399999999999999,48,12.0,32,0,4,0.0,1,0,0,Inactive Customers,0.7345954360954596,Low,High,33.49755188595295
14081.0,2,934.52,6.10797385620915,596,3.895424836601307,301,67,153,1.0,1,1,1,Inactive Customers,0.5025533360812182,Medium,Medium,469.64614363462005
14082.0,1,182.25,6.2844827586206895,110,3.793103448275862,364,0,29,0.0,1,1,1,Inactive Customers,0.7185546323745804,Low,High,130.95658175026728
14083.0,9,1001.48,5.563777777777778,731,4.061111111111111,3,367,180,98.0,194,0,0,Inactive Customers,0.05222285287973726,Medium,Low,52.30014270199928
14085.0,18,4398.69,9.818504464285713,3181,7.100446428571429,1,366,448,108.0,195,0,2,High-Value Active Customers,0.012605186963605002,High,Low,55.446309844939684
14087.0,1,194.42,2.8176811594202897,251,3.63768115942029,2,0,69,0.0,1,0,0,Inactive Customers,0.6852483559463736,Low,Medium,133.22598536309394
14088.0,13,49368.61,85.41282006920416,12634,21.858131487889274,9,312,578,186.0,118,0,2,High-Value Active Customers,0.00019914519186362497,High,Low,9.831521310490475
14089.0,1,161.0,11.5,134,9.571428571428571,56,0,14,0.0,1,0,0,Inactive Customers,0.7262444538092082,Low,High,116.92535706328252
14090.0,1,76.32000000000001,76.32000000000001,72,72.0,324,0,1,0.0,1,1,1,Inactive Customers,0.7372952083115197,Low,High,56.270370298335195
14092.0,14,4076.9100000000003,19.050981308411217,2066,9.654205607476635,7,350,214,187.0,162,0,2,High-Value Active Customers,0.023584163707051714,High,Low,96.15051285891622
14093.0,1,442.85,4.217619047619048,406,3.8666666666666667,11,0,105,0.0,1,0,0,Inactive Customers,0.6531630944368197,Medium,Medium,289.25327637134563
14096.0,17,47835.37,9.758337413300694,16033,3.270705834353325,3,97,4902,41.0,49,0,2,High-Value Active Customers,2.380199830149176e-09,High,Low,0.00011385773954912298
14098.0,1,147.35,7.016666666666667,104,4.9523809523809526,36,0,21,0.0,1,0,0,Inactive Customers,0.7235799911198458,Low,High,106.61951169150927
14099.0,11,3087.2200000000003,12.398473895582331,2178,8.74698795180723,15,338,249,136.0,153,0,0,Inactive Customers,0.031117818879234805,High,Low,96.06755280035128
14100.0,1,194.9,7.496153846153846,64,2.4615384615384617,137,0,26,0.0,1,1,0,Inactive Customers,0.7239359645666947,Low,High,141.09511949404882
14101.0,6,2885.99,120.24958333333332,1430,59.583333333333336,73,252,24,61.0,124,0,0,Inactive Customers,0.20013728102819944,High,Low,577.5941916745733
14102.0,5,1360.28,17.21873417721519,961,12.164556962025317,4,39,79,7.0,17,0,0,Inactive Customers,0.5670424724419154,High,Medium,771.3365344132886
14104.0,1,77.36,4.297777777777778,68,3.7777777777777777,165,0,18,0.0,1,1,1,Inactive Customers,0.7263183743214364,Low,High,56.187989437506324
14105.0,1,1266.23,17.111216216216217,800,10.81081081081081,238,0,74,0.0,1,1,1,Inactive Customers,0.6526025250030816,High,Medium,826.344895234652
14107.0,7,2703.23,21.977479674796747,1793,14.577235772357724,51,312,123,104.0,168,0,0,Inactive Customers,0.06646280591963298,High,Low,179.66425084612948
14108.0,2,581.26,17.613939393939393,380,11.515151515151516,30,70,33,1.0,1,0,0,Inactive Customers,0.6038003320017336,Medium,Medium,350.96498097932766
14109.0,1,144.2,16.022222222222222,88,9.777777777777779,72,0,9,0.0,1,0,0,Inactive Customers,0.7342242357329606,Low,High,105.8751347926929
14110.0,12,5683.15,36.66548387096774,2445,15.774193548387096,3,263,155,177.0,82,0,2,High-Value Active Customers,0.0517198307205347,High,Low,293.93155595940675
14111.0,4,598.65,74.83125,313,39.125,13,227,8,135.0,81,0,0,Inactive Customers,0.21311392471050275,Medium,Low,127.58065102794247
14112.0,7,2915.15,18.2196875,1651,10.31875,22,253,160,71.0,108,0,0,Inactive Customers,0.11332577194493601,High,Low,330.3616240852802
14113.0,4,1840.42,54.13,745,21.91176470588235,3,351,34,276.0,19,0,0,Inactive Customers,0.045705714037666906,High,Low,84.11771022920293
14114.0,2,284.83,23.735833333333332,95,7.916666666666667,273,56,12,1.0,1,1,1,Inactive Customers,0.6632990375467482,Low,Medium,188.92746486444028
14116.0,5,1382.74,19.204722222222223,707,9.819444444444445,19,101,72,28.0,44,0,0,Inactive Customers,0.4478983871698043,High,Medium,619.3270158751752
14117.0,1,90.0,30.0,72,24.0,143,0,3,0.0,1,1,1,Inactive Customers,0.7383068388835717,Low,High,66.44761549952146
14121.0,4,2713.5,17.28343949044586,2079,13.242038216560509,3,56,157,29.0,6,0,0,Inactive Customers,0.38509973054435975,High,Medium,1044.9681188321201
14124.0,1,118.08,59.04,192,96.0,83,0,2,0.0,1,0,0,Inactive Customers,0.7002856062972075,Low,High,82.68972439157426
14125.0,3,2681.53,16.35079268292683,1637,9.981707317073171,10,67,164,1.0,18,0,0,Inactive Customers,0.42021065563612137,High,Medium,1126.8074794079287
14126.0,3,385.85,29.680769230769233,219,16.846153846153847,7,2,13,1.0,2,0,0,Inactive Customers,0.72629808820894,Medium,High,280.24211733541955
14127.0,3,709.71,16.129772727272726,321,7.295454545454546,122,187,44,1.0,133,1,0,Inactive Customers,0.360925388124968,Medium,Medium,256.1523572061711
14128.0,2,637.5,13.858695652173912,564,12.26086956521739,60,195,46,1.0,1,0,0,Inactive Customers,0.38665355170219684,Medium,Medium,246.49163921015048
14129.0,5,1123.8600000000001,21.61269230769231,592,11.384615384615385,1,259,52,165.0,15,0,0,Inactive Customers,0.13430388193673579,High,Low,150.9387607534199
14130.0,1,483.86,7.221791044776119,258,3.8507462686567164,318,0,67,0.0,1,1,1,Inactive Customers,0.6865509871728113,Medium,Medium,332.1945606534365
14132.0,11,3586.03,17.93015,3368,16.84,1,181,200,69.0,84,0,0,Inactive Customers,0.11446810213290547,High,Low,410.486048291663
14133.0,3,569.69,21.099629629629632,347,12.851851851851851,129,186,27,1.0,1,1,0,Inactive Customers,0.43156698968118945,Medium,Medium,245.85939835147684
14135.0,15,4478.31,33.92659090909091,3050,23.106060606060606,1,371,132,46.0,218,0,2,High-Value Active Customers,0.04369319048197856,High,Low,195.67165186734942
14138.0,2,982.38,20.901702127659576,610,12.97872340425532,1,62,47,1.0,1,0,0,Inactive Customers,0.5921249673137682,Medium,Medium,581.6917253896996
14139.0,1,415.82,15.993076923076924,510,19.615384615384617,45,0,26,0.0,1,0,0,Inactive Customers,0.6970254337043029,Medium,High,289.83711584292325
14140.0,2,935.05,14.167424242424241,811,12.287878787878787,3,27,66,1.0,1,0,0,Inactive Customers,0.6173293950254896,Medium,Medium,577.233850818584
14141.0,4,915.13,22.87825,355,8.875,2,102,40,31.0,56,0,0,Inactive Customers,0.48637590494430943,Medium,Medium,445.09718189168586
14142.0,1,311.81,14.173181818181819,313,14.227272727272727,372,0,22,0.0,1,1,1,Inactive Customers,0.7113656807496419,Low,High,221.81093291454584
14143.0,1,115.8,16.54285714285714,30,4.285714285714286,133,0,7,0.0,1,1,0,Inactive Customers,0.7422202026793415,Low,High,85.94909947026774
14145.0,4,3742.2,340.2,756,68.72727272727273,46,170,11,58.0,110,0,0,Inactive Customers,0.518462425280044,High,Medium,1940.1900878829808
14146.0,5,4089.3,19.755072463768116,2431,11.743961352657005,8,348,207,102.0,72,0,0,Inactive Customers,0.04200398274611368,High,Low,171.76688664368268
14147.0,2,483.4,96.67999999999999,108,21.6,77,207,5,1.0,1,0,0,Inactive Customers,0.48767115901901975,Medium,Medium,235.74023826979413
14148.0,1,157.2,52.4,16,5.333333333333333,233,0,3,0.0,1,1,1,Inactive Customers,0.7682475417307935,Low,High,120.76851356008072
14149.0,1,446.62,15.950714285714286,218,7.785714285714286,220,0,28,0.0,1,1,1,Inactive Customers,0.7164802900140426,Medium,High,319.9944271260717
14150.0,2,658.64,25.33230769230769,496,19.076923076923077,35,324,26,1.0,1,0,0,Inactive Customers,0.2337082469771552,Medium,Low,153.9295997890335
14152.0,2,621.29,12.67938775510204,711,14.510204081632653,74,158,49,1.0,1,0,0,Inactive Customers,0.4310991259839794,Medium,Medium,267.83757598258654
14154.0,2,1150.62,22.561176470588233,464,9.098039215686274,238,0,51,1.0,1,1,1,Inactive Customers,0.6885088882058916,High,Medium,792.2120969474629
14155.0,1,118.75,19.791666666666668,25,4.166666666666667,265,0,6,0.0,1,1,1,Inactive Customers,0.7453155301637893,Low,High,88.50621920694998
14156.0,51,70571.29,56.86647058823529,28593,23.040290088638194,9,361,1241,223.0,134,0,3,High-Value Active Customers,2.580330710348038e-07,High,Low,0.01820972668558774
14157.0,2,432.88,9.018333333333333,284,5.916666666666667,19,265,48,1.0,1,0,0,Inactive Customers,0.3017783755330925,Medium,Medium,130.63382320076508
14158.0,1,507.65999999999997,12.381951219512194,781,19.048780487804876,39,0,41,0.0,1,0,0,Inactive Customers,0.6727028965703236,Medium,Medium,341.50435247289045
14159.0,11,4676.06,3.886999168744805,4407,3.663341645885287,19,343,1203,213.0,125,0,0,Inactive Customers,0.0007191489657110221,High,Low,3.362783712602682
14161.0,3,1110.52,10.282592592592593,455,4.212962962962963,215,153,108,1.0,62,1,1,Inactive Customers,0.3837628712691857,Medium,Medium,426.1763438018561
14162.0,2,289.36,11.5744,142,5.68,173,118,25,1.0,1,1,1,Inactive Customers,0.5504008991403384,Low,Medium,159.26400417524832
14163.0,4,2314.11,45.37470588235294,889,17.431372549019606,86,151,51,39.0,65,0,0,Inactive Customers,0.3587970638725375,High,Medium,830.2958734780779
14164.0,1,1273.77,45.49178571428571,833,29.75,80,0,28,0.0,1,0,0,Inactive Customers,0.6885785196042131,High,Medium,877.0906609162586
14165.0,1,122.53999999999999,4.901599999999999,54,2.16,275,0,25,0.0,1,1,1,Inactive Customers,0.7239343901035538,Low,High,88.71092016328947
14167.0,4,574.84,11.054615384615385,150,2.8846153846153846,38,291,52,67.0,125,0,0,Inactive Customers,0.17002860379866444,Medium,Low,97.73924260762428
14171.0,1,363.79,6.272241379310345,167,2.8793103448275863,97,0,58,0.0,1,1,0,Inactive Customers,0.6973007112946451,Low,High,253.67102576187895
14173.0,4,433.89,15.496071428571428,149,5.321428571428571,10,208,28,173.0,1,0,0,Inactive Customers,0.20183391543536627,Medium,Low,87.57371756825107
14174.0,1,134.46,5.171538461538462,94,3.6153846153846154,32,0,26,0.0,1,0,0,Inactive Customers,0.7207578772618263,Low,High,96.91310417662517
14175.0,3,3069.75,21.02568493150685,1506,10.315068493150685,59,269,146,1.0,111,0,0,Inactive Customers,0.15580767028955614,High,Low,478.2905958713649
14176.0,4,576.9000000000001,18.609677419354842,209,6.741935483870968,296,70,31,40.0,1,1,1,Inactive Customers,0.5642031202390143,Medium,Medium,325.4887800658874
14177.0,4,559.41,13.319285714285714,205,4.880952380952381,85,93,42,84.0,9,0,0,Inactive Customers,0.4491082656709616,Medium,Medium,251.23565489899264
14178.0,7,1620.93,4.9569724770642205,1505,4.602446483180428,8,173,327,84.0,57,0,0,Inactive Customers,0.12235190229398016,High,Low,198.32386898538127
14179.0,2,719.78,4.36230303030303,330,2.0,40,11,165,1.0,1,0,0,Inactive Customers,0.5964043069153624,Medium,Medium,429.27989203153953
14180.0,25,4170.67,19.044155251141554,695,3.17351598173516,10,361,219,117.0,224,0,2,High-Value Active Customers,0.03946290764773701,High,Low,164.5867650391873
14184.0,1,452.89,18.870416666666667,127,5.291666666666667,66,0,24,0.0,1,0,0,Inactive Customers,0.7264239161435514,Medium,High,328.990127382253
14185.0,1,32.65,16.325,5,2.5,330,0,2,0.0,1,1,1,Inactive Customers,0.7478722088710517,Low,High,24.418027619639837
14188.0,6,2054.36,31.605538461538462,1162,17.876923076923077,30,279,65,156.0,78,0,0,Inactive Customers,0.0970669738674371,High,Low,199.41050843430807
14189.0,15,4636.8,17.563636363636363,3793,14.367424242424242,1,366,264,167.0,198,0,2,High-Value Active Customers,0.013350805005831936,High,Low,61.905012651041524
14191.0,13,4684.76,18.08787644787645,3662,14.13899613899614,1,218,259,99.0,106,0,2,High-Value Active Customers,0.05921129501734412,High,Low,277.3907064454531
14193.0,2,853.39,20.318809523809524,445,10.595238095238095,67,201,42,1.0,1,0,0,Inactive Customers,0.39064502169218823,Medium,Medium,333.3725550618965
14194.0,21,11246.37,19.491109185441942,5835,10.11265164644714,4,303,577,170.0,109,0,2,High-Value Active Customers,0.004638750229755701,High,Low,52.16910142141763
14195.0,2,375.2,75.03999999999999,80,16.0,201,50,5,1.0,1,1,1,Inactive Customers,0.7096672451114984,Medium,High,266.2671503658342
14196.0,1,335.52,55.919999999999995,142,23.666666666666668,106,0,6,0.0,1,1,0,Inactive Customers,0.7502050970021954,Low,High,251.7088141461766
14198.0,4,681.45,17.932894736842105,289,7.605263157894737,17,221,38,94.0,68,0,0,Inactive Customers,0.2347061788483349,Medium,Low,159.9405255761978
14199.0,1,185.39999999999998,92.69999999999999,28,14.0,217,0,2,0.0,1,1,1,Inactive Customers,0.7880809841210417,Low,High,146.1102144560411
14201.0,7,747.44,20.20108108108108,590,15.945945945945946,59,299,37,143.0,125,0,0,Inactive Customers,0.10527148566529876,Medium,Low,78.68411924567091
14204.0,1,161.03,3.659772727272727,82,1.8636363636363635,1,0,44,0.0,1,0,0,Inactive Customers,0.7102686224362278,Low,High,114.37455627090576
14205.0,2,466.7,19.445833333333333,204,8.5,16,247,24,1.0,1,0,0,Inactive Customers,0.35178210774290863,Medium,Medium,164.17670968361546
14206.0,1,328.15999999999997,16.407999999999998,276,13.8,238,0,20,0.0,1,1,1,Inactive Customers,0.7159019309196637,Low,High,234.93037765059682
14208.0,1,151.74,15.174000000000001,114,11.4,94,0,10,0.0,1,1,0,Inactive Customers,0.7307603224919594,Low,High,110.88557133492994
14209.0,6,2033.53,23.645697674418603,689,8.011627906976743,10,321,86,118.0,129,0,0,Inactive Customers,0.08898152942090336,High,Low,180.9466095232896
14210.0,6,1905.8400000000001,18.684705882352944,760,7.450980392156863,105,265,102,75.0,121,1,0,Inactive Customers,0.1447666564125479,High,Low,275.9020844572903
14211.0,9,2241.1,20.009821428571428,1242,11.089285714285714,52,241,112,60.0,154,0,0,Inactive Customers,0.1497880818021065,High,Low,335.6900701267009
14212.0,1,678.8,113.13333333333333,608,101.33333333333333,89,0,6,0.0,1,0,0,Inactive Customers,0.7126689866258676,Medium,High,483.75970812163894
14214.0,5,970.48,14.704242424242425,749,11.348484848484848,30,246,66,107.0,125,0,0,Inactive Customers,0.15062338159691657,Medium,Low,146.1769793721756
14215.0,6,1789.72,16.57148148148148,1358,12.574074074074074,11,356,108,52.0,175,0,0,Inactive Customers,0.07809366814472389,High,Low,139.76579975197524
14216.0,4,1799.3,31.566666666666666,592,10.385964912280702,2,34,57,21.0,4,0,0,Inactive Customers,0.6023233195101506,High,Medium,1083.760348794614
14217.0,17,1969.0800000000002,20.092653061224492,687,7.010204081632653,1,364,98,181.0,154,0,2,High-Value Active Customers,0.04630600261982027,High,Low,91.18022363863571
14218.0,1,169.48000000000002,14.123333333333335,160,13.333333333333334,42,0,12,0.0,1,0,0,Inactive Customers,0.7254247413276802,Low,High,122.94498516021525
14219.0,1,89.94,12.848571428571429,78,11.142857142857142,3,0,7,0.0,1,0,0,Inactive Customers,0.73297709016256,Low,High,65.92395948922064
14220.0,2,632.4000000000001,30.114285714285717,272,12.952380952380953,246,110,21,1.0,1,1,1,Inactive Customers,0.5655411135908749,Medium,Medium,357.6482002348693
14221.0,9,3354.3,17.74761904761905,2187,11.571428571428571,41,296,189,149.0,106,0,0,Inactive Customers,0.047572164944411896,High,Low,159.57131287304082
14222.0,1,683.17,16.662682926829266,607,14.804878048780488,176,0,41,0.0,1,1,1,Inactive Customers,0.6851508983659212,Medium,Medium,468.0745392366464
14223.0,3,991.13,16.518833333333333,585,9.75,91,171,60,1.0,65,1,0,Inactive Customers,0.38532268524990815,Medium,Medium,381.9048730317415
14224.0,4,959.37,8.49,509,4.504424778761062,109,209,113,105.0,34,1,0,Inactive Customers,0.19595300241203634,Medium,Low,187.9914319240353
14226.0,4,1872.69,29.725238095238097,1002,15.904761904761905,29,239,63,58.0,41,0,0,Inactive Customers,0.2154271063645799,High,Low,403.42818781788515
14227.0,10,3350.96,19.148342857142858,1820,10.4,25,258,175,88.0,170,0,0,Inactive Customers,0.08404274611150878,High,Low,281.62388050982145
14229.0,3,1547.2,38.68,610,15.25,51,281,40,41.0,1,0,0,Inactive Customers,0.23292207351482486,High,Low,360.377032142137
14231.0,3,845.8100000000001,17.261428571428574,407,8.306122448979592,183,104,49,1.0,48,1,1,Inactive Customers,0.5173085253877788,Medium,Medium,437.54472385823726
14232.0,5,2048.07,17.80930434782609,1941,16.878260869565217,42,221,115,77.0,94,0,0,Inactive Customers,0.14465200100522793,High,Low,296.2574236987772
14233.0,4,1230.72,36.19764705882353,520,15.294117647058824,48,268,34,6.0,162,0,0,Inactive Customers,0.24007060166910005,High,Low,295.45969088619484
14234.0,4,775.46,4.877106918238994,963,6.056603773584905,21,35,159,12.0,8,0,0,Inactive Customers,0.5115692918921954,Medium,Medium,396.7015230907218
14235.0,5,3144.86,39.80835443037975,1959,24.79746835443038,74,185,79,33.0,82,0,0,Inactive Customers,0.23737314598813453,High,Low,746.5053118922448
14236.0,2,490.86,32.724000000000004,310,20.666666666666668,80,291,15,1.0,1,0,0,Inactive Customers,0.2929486457604166,Medium,Medium,143.7967722579581
14237.0,1,127.10000000000001,15.887500000000001,36,4.5,372,0,8,0.0,1,1,1,Inactive Customers,0.7407017640614942,Low,High,94.14319421221592
14238.0,1,146.85,18.35625,111,13.875,325,0,8,0.0,1,1,1,Inactive Customers,0.7325462415199301,Low,High,107.57441556720173
14239.0,11,2346.9500000000003,21.143693693693695,991,8.927927927927929,42,272,111,109.0,157,0,0,Inactive Customers,0.10324781086398663,High,Low,242.31744970723344
14240.0,2,890.34,21.19857142857143,418,9.952380952380953,29,195,42,1.0,1,0,0,Inactive Customers,0.4018882196817027,Medium,Medium,357.8171575114072
14241.0,1,213.70000000000002,21.37,146,14.6,183,0,10,0.0,1,1,1,Inactive Customers,0.7310530491602039,Low,High,156.22603660553557
14242.0,2,280.55,17.534375,123,7.6875,234,91,16,1.0,1,1,1,Inactive Customers,0.6030005047916197,Low,Medium,169.1717916192889
14243.0,10,2588.77,18.360070921985816,1221,8.659574468085106,8,357,141,120.0,167,0,0,Inactive Customers,0.05026992390435064,High,Low,130.1372709058658
14245.0,2,1693.45,15.680092592592594,976,9.037037037037036,219,43,108,1.0,1,1,1,Inactive Customers,0.5501791174317986,High,Medium,931.7008264148793
14246.0,3,1474.06,19.654133333333334,804,10.72,110,135,75,1.0,27,1,0,Inactive Customers,0.43210567281201445,High,Medium,636.949688065278
14247.0,1,136.77,6.838500000000001,47,2.35,277,0,20,0.0,1,1,1,Inactive Customers,0.7283080797771012,Low,High,99.61069607111413
14248.0,1,302.58,37.8225,102,12.75,317,0,8,0.0,1,1,1,Inactive Customers,0.7460913203592351,Low,High,225.75231171429735
14250.0,3,1904.05,17.153603603603603,1200,10.81081081081081,6,82,111,1.0,1,0,0,Inactive Customers,0.4735867762379659,High,Medium,901.732901295899
14251.0,5,2879.7000000000003,36.91923076923077,1674,21.46153846153846,1,55,78,40.0,13,0,0,Inactive Customers,0.45278302612209265,High,Medium,1303.8792803237902
14256.0,2,969.0600000000001,18.284150943396227,414,7.811320754716981,259,104,53,1.0,1,1,1,Inactive Customers,0.534530314604884,Medium,Medium,517.9919466710089
14257.0,5,2814.17,27.059326923076924,1441,13.85576923076923,63,254,104,133.0,95,0,0,Inactive Customers,0.10164421539409439,High,Low,286.0441016355986
14258.0,9,11206.220000000001,107.7521153846154,4292,41.26923076923077,8,328,104,91.0,236,0,2,High-Value Active Customers,0.032050124101999276,High,Low,359.16074171430637
14259.0,1,120.0,24.0,68,13.6,141,0,5,0.0,1,1,1,Inactive Customers,0.7403910979444694,Low,High,88.84693175333634
14261.0,2,1163.45,22.37403846153846,406,7.8076923076923075,50,27,52,1.0,1,0,0,Inactive Customers,0.6535265198398298,High,Medium,760.34542950765
14262.0,8,2618.23,18.3093006993007,1645,11.503496503496503,7,232,143,156.0,45,0,0,Inactive Customers,0.09569135054709872,High,Low,250.54196474293028
14264.0,2,333.97,19.64529411764706,70,4.117647058823529,154,90,17,1.0,1,1,1,Inactive Customers,0.6107237421862104,Low,Medium,203.9634081779287
14265.0,2,496.28,17.11310344827586,328,11.310344827586206,108,39,29,1.0,1,1,0,Inactive Customers,0.6552086845604626,Medium,Medium,325.1669659736663
14267.0,3,1516.24,27.568,530,9.636363636363637,162,97,55,1.0,97,1,1,Inactive Customers,0.49580512548578437,High,Medium,751.7595634665657
14270.0,1,492.65000000000003,16.98793103448276,197,6.793103448275862,331,0,29,0.0,1,1,1,Inactive Customers,0.7177904294111391,Medium,High,353.61945504939774
14271.0,1,112.32000000000001,11.232000000000001,88,8.8,225,0,10,0.0,1,1,1,Inactive Customers,0.7312109027010671,Low,High,82.12960859138387
14272.0,2,437.96,13.271515151515151,599,18.151515151515152,73,180,33,1.0,1,0,0,Inactive Customers,0.4134609914239673,Medium,Medium,181.07937580404072
14273.0,4,559.97,19.309310344827587,264,9.10344827586207,50,190,29,24.0,84,0,0,Inactive Customers,0.36214183941270994,Medium,Medium,202.7885658159352
14276.0,3,1119.74,17.4959375,744,11.625,98,191,64,1.0,81,1,0,Inactive Customers,0.337429827594416,High,Medium,377.83367515057137
14277.0,3,4030.6,18.32090909090909,1974,8.972727272727273,14,197,220,1.0,6,0,0,Inactive Customers,0.19672627703087206,High,Low,792.924932200633
14280.0,1,134.04,16.755,52,6.5,196,0,8,0.0,1,1,1,Inactive Customers,0.7391925573989107,Low,High,99.08137039374998
14282.0,15,3729.34,23.906025641025643,2668,17.102564102564102,2,364,156,205.0,113,0,2,High-Value Active Customers,0.022687187588839336,High,Low,84.6082361625621
14284.0,2,595.25,18.6015625,161,5.03125,30,55,32,1.0,1,0,0,Inactive Customers,0.643132652622956,Medium,Medium,382.8247114738146
14285.0,4,1893.06,72.81,540,20.76923076923077,20,155,26,100.0,16,0,0,Inactive Customers,0.3485976052691375,High,Medium,659.9161826307935
14286.0,3,4628.75,16.53125,4338,15.492857142857142,23,219,280,1.0,22,0,0,Inactive Customers,0.09353009475022513,High,Low,432.92742607510456
14287.0,2,159.35,19.91875,117,14.625,7,190,8,1.0,1,0,0,Inactive Customers,0.4517446998703642,Low,Medium,71.98551792434253
14288.0,1,426.6,26.6625,188,11.75,212,0,16,0.0,1,1,1,Inactive Customers,0.7298842908622204,Medium,High,311.3686384818232
14289.0,6,911.26,19.388510638297873,292,6.212765957446808,8,280,47,90.0,167,0,0,Inactive Customers,0.15020074419840196,Medium,Low,136.87193015823576
14290.0,5,2274.7,22.747,914,9.14,10,350,100,280.0,56,0,0,Inactive Customers,0.031126488474395444,High,Low,70.80342333270731
14291.0,11,3851.35,16.31927966101695,2747,11.639830508474576,1,273,236,102.0,118,0,0,Inactive Customers,0.0537086746667974,High,Low,206.85090417797016
14292.0,9,4838.03,49.36765306122449,1661,16.948979591836736,7,275,98,137.0,80,0,0,Inactive Customers,0.08715987248490253,High,Low,421.682077878133
14293.0,4,1046.56,17.15672131147541,709,11.62295081967213,2,365,61,63.0,143,0,0,Inactive Customers,0.09707380070550882,Medium,Low,101.5935568663573
14295.0,1,166.20000000000002,33.24,84,16.8,39,0,5,0.0,1,0,0,Inactive Customers,0.7435638682894565,Low,High,123.58031490970768
14297.0,4,1305.33,21.053709677419352,865,13.951612903225806,17,257,62,214.0,33,0,0,Inactive Customers,0.09294631517738247,High,Low,121.32561359049265
14298.0,42,47306.38,29.902895069532235,46864,29.623261694058154,7,352,1582,134.0,217,0,2,High-Value Active Customers,1.111444690937107e-08,High,Low,0.0005257842489845334
14299.0,9,3814.09,27.2435,1858,13.271428571428572,7,357,140,47.0,99,0,0,Inactive Customers,0.07228108442440445,High,Low,275.6865612922768
14300.0,1,43.2,14.4,32,10.666666666666666,18,0,3,0.0,1,0,0,Inactive Customers,0.7389266183935156,Low,High,31.921629914599876
14301.0,1,575.34,47.945,426,35.5,116,0,12,0.0,1,1,0,Inactive Customers,0.7192684780907564,Medium,High,413.82392618473585
14304.0,1,367.5,22.96875,138,8.625,222,0,16,0.0,1,1,1,Inactive Customers,0.7320080255418587,Medium,High,269.01294938663307
14305.0,3,1843.96,17.730384615384615,1088,10.461538461538462,70,64,104,1.0,42,0,0,Inactive Customers,0.49555448774886424,High,Medium,913.7826532293957
14306.0,2,1885.64,60.82709677419355,747,24.096774193548388,50,34,31,1.0,1,0,0,Inactive Customers,0.6529332560468891,High,Medium,1231.1970649322561
14307.0,6,2944.87,16.451787709497207,2055,11.480446927374302,88,284,179,153.0,45,0,0,Inactive Customers,0.05889324583951932,High,Low,173.43295287542526
14309.0,9,2214.29,19.088706896551724,1441,12.422413793103448,7,350,116,123.0,174,0,0,Inactive Customers,0.052684309311252585,High,Low,116.65833926481348
14311.0,1,310.26,15.513,146,7.3,242,0,20,0.0,1,1,1,Inactive Customers,0.725452810420698,Low,High,225.07898896112576
14312.0,6,1586.64,18.449302325581396,1011,11.755813953488373,46,290,86,63.0,140,0,0,Inactive Customers,0.13004470619647815,High,Low,206.3341326395801
14314.0,1,120.0,15.0,296,37.0,106,0,8,0.0,1,1,0,Inactive Customers,0.7053063251147145,Low,High,84.63675901376574
14315.0,6,2394.33,24.431938775510204,1017,10.377551020408163,44,221,98,112.0,89,0,0,Inactive Customers,0.15320792456707372,High,Low,366.8303300286816
14317.0,1,508.58,21.190833333333334,255,10.625,64,0,24,0.0,1,0,0,Inactive Customers,0.7185666201812378,Medium,High,365.4486116917739
14320.0,2,477.79,15.412580645161292,325,10.483870967741936,206,126,31,1.0,1,1,1,Inactive Customers,0.5213057703420327,Medium,Medium,249.07468401171982
14321.0,5,1530.75,12.445121951219512,2406,19.5609756097561,10,322,123,157.0,105,0,0,Inactive Customers,0.04632264820621984,High,Low,70.90839374167102
14323.0,2,605.0600000000001,16.807222222222222,350,9.722222222222221,114,123,36,1.0,1,1,0,Inactive Customers,0.5215759721022587,Medium,Medium,315.5847576801927
14326.0,1,183.85,22.98125,103,12.875,241,0,8,0.0,1,1,1,Inactive Customers,0.7365674665541341,Low,High,135.41792872597753
14327.0,1,311.65000000000003,25.970833333333335,139,11.583333333333334,162,0,12,0.0,1,1,1,Inactive Customers,0.7347932469896303,Low,High,228.99831542431832
14329.0,7,4874.56,18.967159533073932,2803,10.906614785992218,16,312,257,165.0,91,0,0,Inactive Customers,0.027688671135924672,High,Low,134.97008877233299
14331.0,2,462.66,16.52357142857143,252,9.0,123,10,28,1.0,1,1,0,Inactive Customers,0.7007730721859915,Medium,High,324.21966957757087
14332.0,3,866.3100000000001,33.31961538461539,481,18.5,22,125,26,1.0,43,0,0,Inactive Customers,0.5048745007668537,Medium,Medium,437.37782875933306
14333.0,1,415.2,27.68,58,3.8666666666666667,67,0,15,0.0,1,0,0,Inactive Customers,0.7420156458635768,Medium,High,308.0848961625571
14334.0,8,2552.21,15.754382716049383,1731,10.685185185185185,16,341,162,124.0,186,0,0,Inactive Customers,0.04401334213013374,High,Low,112.33129191794863
14335.0,2,468.26,7.432698412698413,379,6.015873015873016,15,80,63,1.0,1,0,0,Inactive Customers,0.5640968108083031,Medium,Medium,264.143972629096
14336.0,4,1614.91,17.943444444444445,1759,19.544444444444444,16,259,90,56.0,181,0,0,Inactive Customers,0.12639233690363327,High,Low,204.11224878904642
14338.0,2,588.22,18.97483870967742,335,10.806451612903226,160,35,31,1.0,1,1,1,Inactive Customers,0.6602221567466305,Medium,Medium,388.35587704150305
14339.0,1,309.52000000000004,22.10857142857143,168,12.0,242,0,14,0.0,1,1,1,Inactive Customers,0.7294391781632548,Low,High,225.77601442509064
14340.0,1,134.7,22.45,58,9.666666666666666,218,0,6,0.0,1,1,1,Inactive Customers,0.7418294132157807,Low,High,99.92442196016565
14341.0,8,2182.28,16.916899224806205,1403,10.875968992248062,44,273,129,103.0,86,0,0,Inactive Customers,0.10337483730819959,High,Low,225.59283996093782
14342.0,4,668.5600000000001,31.836190476190477,347,16.523809523809526,20,188,21,73.0,9,0,0,Inactive Customers,0.3350909048344755,Medium,Medium,224.02837533613697
14344.0,8,849.98,12.14257142857143,476,6.8,126,241,70,93.0,129,1,0,Inactive Customers,0.17363962458803123,Medium,Low,147.59020810733477
14345.0,1,108.98,18.163333333333334,50,8.333333333333334,38,0,6,0.0,1,0,0,Inactive Customers,0.7403048365477467,Low,High,80.67842108697344
14346.0,2,936.58,15.874237288135594,604,10.23728813559322,120,176,59,1.0,1,1,0,Inactive Customers,0.4043685973718934,Medium,Medium,378.7235409265679
14348.0,1,409.57,22.753888888888888,183,10.166666666666666,259,0,18,0.0,1,1,1,Inactive Customers,0.7274004828862063,Medium,High,297.9214157757035
14349.0,1,133.5,4.306451612903226,86,2.774193548387097,9,0,31,0.0,1,0,0,Inactive Customers,0.718072870449315,Low,High,95.86272820498355
14350.0,1,282.93,15.718333333333334,183,10.166666666666666,273,0,18,0.0,1,1,1,Inactive Customers,0.7234513495822911,Low,High,204.6860903373176
14351.0,1,51.0,51.0,12,12.0,164,0,1,0.0,1,1,1,Inactive Customers,0.7649072008553308,Low,High,39.01026724362187
14352.0,4,1047.06,22.762173913043476,536,11.652173913043478,156,116,46,38.0,1,1,1,Inactive Customers,0.46147765985246925,Medium,Medium,483.19479852512643
14353.0,1,90.6,15.1,64,10.666666666666666,214,0,6,0.0,1,1,1,Inactive Customers,0.7360530422693319,Low,High,66.68640562960147
14354.0,2,163.62,18.18,210,23.333333333333332,5,24,9,1.0,1,0,0,Inactive Customers,0.6885601710081078,Low,Medium,112.6622151803466
14355.0,1,174.4,15.854545454545455,92,8.363636363636363,365,0,11,0.0,1,1,1,Inactive Customers,0.7335539273322459,Low,High,127.9318049267437
14356.0,2,701.23,21.24939393939394,277,8.393939393939394,79,1,33,1.0,1,0,0,Inactive Customers,0.7101779112659252,Medium,High,497.9980567170048
14357.0,1,225.77,5.506585365853659,148,3.6097560975609757,42,0,41,0.0,1,0,0,Inactive Customers,0.7088701004510397,Low,High,160.04160257883123
14359.0,3,895.23,16.578333333333333,370,6.851851851851852,18,68,54,1.0,23,0,0,Inactive Customers,0.5829295786245001,Medium,Medium,521.8560466720113
14360.0,4,2009.88,17.630526315789474,1144,10.035087719298245,31,62,114,27.0,35,0,0,Inactive Customers,0.45258723086757285,High,Medium,909.6460235761174
14362.0,1,161.2,3.9317073170731707,100,2.4390243902439024,21,0,41,0.0,1,0,0,Inactive Customers,0.7111459394849091,Low,High,114.63672544496734
14364.0,8,3717.35,53.87463768115942,1967,28.507246376811594,108,102,69,23.0,61,1,0,Inactive Customers,0.37766255428020984,High,Medium,1403.903896153538
14367.0,16,9261.52,17.67465648854962,4438,8.469465648854962,7,267,524,91.0,142,0,2,High-Value Active Customers,0.014396992715280083,High,Low,133.33803597242078
14368.0,1,155.0,19.375,36,4.5,319,0,8,0.0,1,1,1,Inactive Customers,0.742907132568261,Low,High,115.15060554808046
14371.0,1,100.5,25.125,34,8.5,294,0,4,0.0,1,1,1,Inactive Customers,0.7468844439260847,Low,High,75.0618866145715
14373.0,1,51.6,17.2,16,5.333333333333333,357,0,3,0.0,1,1,1,Inactive Customers,0.7453025235727012,Low,High,38.457610216351384
14375.0,1,257.68,3.4357333333333333,194,2.5866666666666664,184,0,75,0.0,1,1,1,Inactive Customers,0.684462349997901,Low,Medium,176.37225834745914
14377.0,2,561.15,62.349999999999994,217,24.11111111111111,190,70,9,1.0,1,1,1,Inactive Customers,0.6553044135180488,Medium,Medium,367.72407164565305
14379.0,2,348.1,7.567391304347827,292,6.3478260869565215,43,251,46,1.0,1,0,0,Inactive Customers,0.32104862871884926,Low,Medium,111.75702765703143
14381.0,1,202.68,3.619285714285714,146,2.607142857142857,51,0,56,0.0,1,0,0,Inactive Customers,0.699210695934186,Low,High,141.71602385194083
14382.0,1,602.12,4.667596899224806,1036,8.031007751937985,25,0,129,0.0,1,0,0,Inactive Customers,0.6029277925460691,Medium,Medium,363.03488244783915
14383.0,3,1247.69,21.14728813559322,817,13.847457627118644,37,125,59,1.0,26,0,0,Inactive Customers,0.46043436602878235,High,Medium,574.4793541504515
14385.0,3,202.10999999999999,14.43642857142857,159,11.357142857142858,8,14,14,1.0,7,0,0,Inactive Customers,0.7054240715657446,Low,High,142.57325910415264
14386.0,1,142.4,20.342857142857145,54,7.714285714285714,296,0,7,0.0,1,1,1,Inactive Customers,0.7412696505508155,Low,High,105.55679823843613
14387.0,3,1687.3600000000001,12.13928057553957,815,5.863309352517986,32,76,139,1.0,41,0,0,Inactive Customers,0.4653564606742883,High,Medium,785.2238774833672
14388.0,8,3212.84,17.273333333333333,1941,10.435483870967742,9,362,186,217.0,111,0,0,Inactive Customers,0.022757298954349137,High,Low,73.11556037249109
14389.0,2,1043.46,23.188000000000002,729,16.2,64,125,45,1.0,1,0,0,Inactive Customers,0.4878222303435567,Medium,Medium,509.0229844742877
14390.0,9,4612.87,16.185508771929825,2135,7.491228070175438,9,362,285,228.0,46,0,0,Inactive Customers,0.016352797966091057,High,Low,75.43333115384245
14393.0,1,67.95,13.59,13,2.6,217,0,5,0.0,1,1,1,Inactive Customers,0.7435742330242328,Low,High,50.525869133996615
14395.0,9,3507.71,10.02202857142857,1693,4.837142857142857,1,369,350,125.0,220,0,0,Inactive Customers,0.01949105354149413,High,Low,68.36896341803437
14396.0,2,487.99,6.684794520547945,225,3.0821917808219177,64,306,73,1.0,1,0,0,Inactive Customers,0.23844383935172533,Medium,Low,116.35820916524845
14397.0,19,2509.28,29.177674418604653,1746,20.302325581395348,2,210,86,103.0,90,0,2,High-Value Active Customers,0.15657730730238945,High,Low,392.8963056677398
14400.0,1,574.7,22.988000000000003,454,18.16,148,0,25,0.0,1,1,1,Inactive Customers,0.7048795096469146,Medium,High,405.0942541940818
14401.0,13,3995.3199999999997,22.073591160220992,4363,24.104972375690608,3,355,181,217.0,124,0,0,Inactive Customers,0.014048509233081196,High,Low,56.12828990911396
14403.0,4,1475.81,73.7905,519,25.95,129,116,20,30.0,10,1,0,Inactive Customers,0.5175509641819083,High,Medium,763.806888449302
14404.0,6,1457.3700000000001,14.28794117647059,838,8.215686274509803,33,335,102,109.0,135,0,0,Inactive Customers,0.07897602883067135,High,Low,115.09729513695552
14406.0,1,156.75,19.59375,77,9.625,118,0,8,0.0,1,1,0,Inactive Customers,0.7377716219329079,Low,High,115.64570173798332
14407.0,5,1988.38,29.240882352941178,1169,17.191176470588236,106,169,68,71.0,34,1,0,Inactive Customers,0.27463189413808436,High,Low,546.0725656662842
14408.0,7,2606.53,24.360093457943925,1616,15.102803738317757,10,253,107,74.0,160,0,0,Inactive Customers,0.12075722169026663,High,Low,314.7573210523307
14409.0,6,1901.1000000000001,36.559615384615384,1085,20.865384615384617,70,297,52,49.0,78,0,0,Inactive Customers,0.16170575676799315,High,Low,307.4188141916318
14410.0,9,1105.07,5.725751295336787,571,2.9585492227979273,91,213,193,56.0,114,1,0,Inactive Customers,0.17627943765951437,Medium,Low,194.80111817439953
14411.0,1,1063.0,75.92857142857143,196,14.0,310,0,14,0.0,1,1,1,Inactive Customers,0.7578321488858611,Medium,High,805.5755742656704
14412.0,2,770.03,17.90767441860465,786,18.27906976744186,42,30,43,1.0,1,0,0,Inactive Customers,0.6298720930603752,Medium,Medium,485.02040781928065
14413.0,1,122.7,5.334782608695653,68,2.9565217391304346,361,0,23,0.0,1,1,1,Inactive Customers,0.724296572757393,Low,High,88.87118947733212
14414.0,7,1441.3,15.013541666666667,2320,24.166666666666668,91,267,96,227.0,23,1,0,Inactive Customers,0.05510332065934315,High,Low,79.42041606631128
14415.0,13,5883.33,9.98867572156197,3010,5.110356536502547,0,359,589,178.0,159,0,2,High-Value Active Customers,0.0058907347665297,High,Low,34.65713657396718
14416.0,2,490.22,35.01571428571429,326,23.285714285714285,21,20,14,1.0,1,0,0,Inactive Customers,0.6958870925181656,Medium,Medium,341.13777049425516
14418.0,3,1897.3,15.425203252032519,1710,13.902439024390244,3,104,123,1.0,21,0,0,Inactive Customers,0.39336195150125575,High,Medium,746.3256305833326
14419.0,6,1058.06,5.13621359223301,487,2.3640776699029127,10,354,206,291.0,49,0,0,Inactive Customers,0.023513759605032266,Medium,Low,24.878968487700437
14420.0,1,387.52,13.362758620689654,334,11.517241379310345,98,0,29,0.0,1,1,0,Inactive Customers,0.7069798219505695,Medium,High,273.96882060228467
14421.0,2,813.11,30.115185185185187,365,13.518518518518519,56,154,27,1.0,1,0,0,Inactive Customers,0.4848043188664707,Medium,Medium,394.19923971351596
14422.0,6,4263.64,19.205585585585588,2906,13.09009009009009,0,266,222,196.0,52,0,0,Inactive Customers,0.036394193448022916,High,Low,155.17173895272845
14423.0,1,265.2,88.39999999999999,120,40.0,217,0,3,0.0,1,1,1,Inactive Customers,0.763856000561257,Low,High,202.57461134884537
14424.0,1,322.08,322.08,48,48.0,17,0,1,0.0,1,0,0,Inactive Customers,0.883144438957331,Low,High,284.4431608993771
14426.0,10,4447.77,20.035000000000004,2697,12.14864864864865,23,289,222,172.0,117,0,0,Inactive Customers,0.03392976709187298,High,Low,150.9118001782199
14427.0,2,363.34000000000003,21.37294117647059,228,13.411764705882353,49,13,17,1.0,1,0,0,Inactive Customers,0.7058637481382846,Low,High,256.4685342485643
14428.0,5,1219.83,8.53027972027972,435,3.041958041958042,6,317,143,85.0,71,0,0,Inactive Customers,0.10696463422441015,High,Low,130.47866976596222
14431.0,1,470.36,27.668235294117647,130,7.647058823529412,302,0,17,0.0,1,1,1,Inactive Customers,0.73487189514857,Medium,High,345.6543446020814
14432.0,6,2255.51,5.904476439790576,2070,5.4188481675392675,9,79,382,42.0,28,0,0,Inactive Customers,0.20049051058295492,High,Low,452.2083515249607
14434.0,6,1372.8,114.39999999999999,368,30.666666666666668,21,50,12,12.0,29,0,0,Inactive Customers,0.6799924573205719,High,Medium,933.4936454096811
14436.0,1,89.06,9.895555555555555,129,14.333333333333334,98,0,9,0.0,1,1,0,Inactive Customers,0.7253107618281587,Low,High,64.59617644841582
14437.0,1,63.0,12.6,60,12.0,365,0,5,0.0,1,1,1,Inactive Customers,0.7342604672028417,Low,High,46.25840943377902
14438.0,1,131.9,14.655555555555557,82,9.11111111111111,305,0,9,0.0,1,1,1,Inactive Customers,0.7340782197867785,Low,High,96.82491718987607
14439.0,1,2661.24,83.16375,526,16.4375,319,0,32,0.0,1,1,1,Inactive Customers,0.7238156816606109,High,High,1926.247244662484
14440.0,5,2357.68,42.86690909090909,588,10.690909090909091,7,357,55,48.0,64,0,0,Inactive Customers,0.133699044163984,High,Low,315.2195624445418
14441.0,4,1696.24,33.9248,445,8.9,0,254,50,160.0,42,0,0,Inactive Customers,0.1427424683992739,High,Low,242.12548459758438
14442.0,2,1500.02,24.590491803278688,478,7.836065573770492,204,112,61,1.0,1,1,1,Inactive Customers,0.5122752614809365,High,Medium,768.4231377266343
14443.0,4,1384.25,15.046195652173912,937,10.184782608695652,53,314,92,58.0,84,0,0,Inactive Customers,0.12711506221753388,High,Low,175.95902487462126
14446.0,4,1039.58,3.548054607508532,933,3.1843003412969284,0,245,293,166.0,27,0,0,Inactive Customers,0.06777796728151995,Medium,Low,70.46061922652251
14447.0,5,1163.23,16.617571428571427,571,8.157142857142857,18,261,70,84.0,31,0,0,Inactive Customers,0.18457800420732767,High,Low,214.70667183408978
14448.0,2,375.35,18.767500000000002,104,5.2,8,354,20,1.0,1,0,0,Inactive Customers,0.22429100200895685,Medium,Low,84.18762760406196
14449.0,4,907.1,3.5158914728682173,757,2.934108527131783,18,353,258,125.0,45,0,0,Inactive Customers,0.049803465304847305,Medium,Low,45.17672337802699
14450.0,3,483.25,12.08125,241,6.025,180,139,40,1.0,62,1,1,Inactive Customers,0.47226422617960145,Medium,Medium,228.2216873012924
14451.0,2,662.59,6.078807339449542,389,3.5688073394495414,59,134,109,1.0,1,0,0,Inactive Customers,0.44344824303158825,Medium,Medium,293.82437135030005
14452.0,2,247.49,4.057213114754099,118,1.9344262295081966,10,83,61,1.0,1,0,0,Inactive Customers,0.5766591664855851,Low,Medium,142.71737711351747
14453.0,1,119.93,5.451363636363637,49,2.227272727272727,189,0,22,0.0,1,1,1,Inactive Customers,0.7262881670337614,Low,High,87.10373987235901
14456.0,9,3062.4,3.1571134020618556,2908,2.997938144329897,4,137,970,53.0,68,0,0,Inactive Customers,0.021175948800261933,High,Low,64.84922560592214
14457.0,1,113.64,28.41,88,22.0,310,0,4,0.0,1,1,1,Inactive Customers,0.7372484113915978,Low,High,83.78090947054118
14459.0,1,1837.92,49.67351351351351,760,20.54054054054054,154,0,37,0.0,1,1,1,Inactive Customers,0.6908228585296048,High,Medium,1269.6771481487312
14460.0,3,392.58,26.172,737,49.13333333333333,109,200,15,1.0,61,1,0,Inactive Customers,0.34901181707694323,Medium,Medium,137.01505914806637
14461.0,3,2086.11,11.654245810055867,765,4.273743016759776,147,113,179,1.0,30,1,0,Inactive Customers,0.38297617478125384,High,Medium,798.9304279729215
14462.0,11,1987.07,8.314100418410042,963,4.02928870292887,65,273,239,72.0,146,0,0,Inactive Customers,0.08968686694999055,High,Low,178.2140827103177
14463.0,3,514.62,102.924,178,35.6,97,107,5,1.0,72,1,0,Inactive Customers,0.6011484117377052,Medium,Medium,309.36299564845785
14465.0,3,1058.6200000000001,8.14323076923077,405,3.1153846153846154,246,56,130,1.0,1,1,1,Inactive Customers,0.5479549468412621,Medium,Medium,580.076065825097
14466.0,7,2272.4,31.561111111111114,1006,13.972222222222221,28,343,72,91.0,157,0,0,Inactive Customers,0.08481287652909063,High,Low,192.72878062470556
14467.0,4,598.76,6.652888888888889,278,3.088888888888889,17,295,90,266.0,7,0,0,Inactive Customers,0.061535812055216056,Medium,Low,36.845182826181166
14470.0,2,411.19,9.790238095238095,191,4.5476190476190474,11,275,42,1.0,1,0,0,Inactive Customers,0.29797080201458676,Medium,Medium,122.52261408037792
14472.0,8,1869.99,6.70247311827957,1157,4.146953405017921,103,251,279,97.0,83,1,0,Inactive Customers,0.08492859445708222,High,Low,158.81562234879917
14473.0,2,234.34,33.47714285714286,88,12.571428571428571,73,208,7,1.0,1,0,0,Inactive Customers,0.43919117202942654,Low,Medium,102.92005925337581
14474.0,1,514.36,18.37,138,4.928571428571429,45,0,28,0.0,1,0,0,Inactive Customers,0.722934622708508,Medium,High,371.84865253634814
14475.0,3,925.85,22.04404761904762,447,10.642857142857142,71,233,42,1.0,114,0,0,Inactive Customers,0.30007601713449306,Medium,Medium,277.8253804639704
14476.0,1,215.7,11.352631578947367,132,6.947368421052632,256,0,19,0.0,1,1,1,Inactive Customers,0.7247069318166213,Low,High,156.3192851928452
14477.0,4,1309.6,130.95999999999998,720,72.0,19,277,10,112.0,30,0,0,Inactive Customers,0.19297340548373768,High,Low,252.71797182150283
14479.0,2,316.25,17.569444444444443,117,6.5,253,111,18,1.0,1,1,1,Inactive Customers,0.5719639274521156,Low,Medium,180.88359205673154
14480.0,1,279.05,21.465384615384615,143,11.0,10,0,13,0.0,1,0,0,Inactive Customers,0.7315504070404266,Low,High,204.13914108463106
14481.0,2,636.51,21.217,489,16.3,164,122,30,1.0,1,1,1,Inactive Customers,0.5183367635753636,Medium,Medium,329.9265333833547
14482.0,6,1907.5,13.433098591549296,1445,10.17605633802817,17,220,142,193.0,15,0,0,Inactive Customers,0.09311450423985243,High,Low,177.6159168375185
14483.0,1,137.1,15.233333333333333,97,10.777777777777779,281,0,9,0.0,1,1,1,Inactive Customers,0.7326379625505427,Low,High,100.4446646656794
14484.0,1,321.92,22.994285714285716,210,15.0,49,0,14,0.0,1,0,0,Inactive Customers,0.7260959046485989,Low,High,233.74479362447696
14485.0,1,165.75,3.526595744680851,71,1.5106382978723405,38,0,47,0.0,1,0,0,Inactive Customers,0.7089927137875519,Low,High,117.51554231028673
14487.0,6,1134.48,7.989295774647887,732,5.154929577464789,26,341,142,285.0,55,0,0,Inactive Customers,0.029879004575761203,High,Low,33.89713311110957
14488.0,1,1064.28,23.136521739130433,799,17.369565217391305,67,0,46,0.0,1,0,0,Inactive Customers,0.6728694944077908,Medium,Medium,716.1215455083235
14489.0,1,463.38,15.446,299,9.966666666666667,206,0,30,0.0,1,1,1,Inactive Customers,0.7098110713842525,Medium,High,328.9122542580349
14491.0,2,340.93,20.05470588235294,139,8.176470588235293,174,197,17,1.0,1,1,1,Inactive Customers,0.43717717953417895,Low,Medium,149.04681581858765
14493.0,5,2343.29,19.691512605042018,1284,10.789915966386555,6,147,119,108.0,23,0,0,Inactive Customers,0.22571716065768532,High,Low,528.9207653975475
14494.0,1,139.56,19.937142857142856,92,13.142857142857142,25,0,7,0.0,1,0,0,Inactive Customers,0.7355966723464884,Low,High,102.65987159267593
14495.0,2,123.80000000000001,20.633333333333336,62,10.333333333333334,50,70,6,1.0,1,0,0,Inactive Customers,0.6459034466659088,Low,Medium,79.96284669723951
14496.0,2,538.8100000000001,28.35842105263158,159,8.368421052631579,311,61,19,1.0,1,1,1,Inactive Customers,0.6493707113880297,Medium,Medium,349.8874330029843
14497.0,1,475.37,16.392068965517243,235,8.10344827586207,308,0,29,0.0,1,1,1,Inactive Customers,0.7150070874256458,Medium,High,339.89291914952923
14498.0,5,1787.32,9.308958333333333,1096,5.708333333333333,42,319,192,175.0,107,0,0,Inactive Customers,0.04569424848835583,High,Low,81.67024420820813
14499.0,3,815.32,4.2026804123711345,501,2.582474226804124,25,252,194,1.0,107,0,0,Inactive Customers,0.1903845968900364,Medium,Low,155.22436953638447
14500.0,3,356.85,50.978571428571435,117,16.714285714285715,87,101,7,1.0,23,0,0,Inactive Customers,0.6061013800794322,Low,Medium,216.28727748134537
14501.0,2,251.21,25.121000000000002,161,16.1,183,136,10,1.0,1,1,1,Inactive Customers,0.5354085964057346,Low,Medium,134.4999935030846
14502.0,11,2436.77,3.917636655948553,1496,2.405144694533762,19,293,622,78.0,214,0,0,Inactive Customers,0.020245694997989824,High,Low,49.334102200251664
14503.0,6,3511.36,21.542085889570554,2002,12.282208588957054,2,175,163,159.0,7,0,0,Inactive Customers,0.11885423782316563,High,Low,417.3400165227509
14504.0,4,673.26,6.2921495327102805,308,2.878504672897196,46,231,107,18.0,195,0,0,Inactive Customers,0.2206023207716962,Medium,Low,148.52271848275217
14505.0,8,5818.79,7.310037688442211,2756,3.4623115577889445,16,344,796,148.0,187,0,0,Inactive Customers,0.004109394191887496,High,Low,23.911701829813044
14506.0,5,2012.17,6.367626582278481,730,2.310126582278481,16,351,316,85.0,144,0,0,Inactive Customers,0.04369844098526844,High,Low,87.9286919973276
14507.0,6,1366.23,14.381368421052631,599,6.3052631578947365,23,252,95,60.0,77,0,0,Inactive Customers,0.1885810228721614,High,Low,257.64505087863307
14508.0,2,276.42,4.849473684210526,131,2.2982456140350878,21,67,57,1.0,1,0,0,Inactive Customers,0.6033902835501316,Low,Medium,166.7891421789274
14511.0,5,1289.81,19.25089552238806,783,11.686567164179104,10,122,67,41.0,54,0,0,Inactive Customers,0.392048721317728,High,Medium,505.6683612428187
14512.0,2,225.38,10.732380952380952,120,5.714285714285714,187,44,21,1.0,1,1,1,Inactive Customers,0.6649428641022892,Low,Medium,149.86482271137393
14513.0,2,317.35,28.85,169,15.363636363636363,206,82,11,1.0,1,1,1,Inactive Customers,0.6204688035761,Low,Medium,196.90577481487534
14514.0,3,1055.35,14.456849315068492,589,8.068493150684931,60,270,73,129.0,140,0,0,Inactive Customers,0.11649100154120491,Medium,Low,122.93877847651059
14515.0,6,2082.14,20.821399999999997,1133,11.33,17,200,100,152.0,4,0,0,Inactive Customers,0.1559785346867424,High,Low,324.76914621265377
14517.0,2,330.45,18.358333333333334,91,5.055555555555555,32,108,18,1.0,1,0,0,Inactive Customers,0.5797028617590702,Low,Medium,191.56281066828473
14518.0,1,157.42,10.494666666666665,277,18.466666666666665,63,0,15,0.0,1,0,0,Inactive Customers,0.7125125985776121,Low,High,112.16373326808768
14520.0,2,270.6,67.65,146,36.5,1,289,4,1.0,1,0,0,Inactive Customers,0.3263454150256675,Low,Medium,88.30906930594563
14522.0,4,974.54,57.32588235294117,525,30.88235294117647,23,173,17,105.0,47,0,0,Inactive Customers,0.300253341756062,Medium,Medium,292.60889167495264
14523.0,1,241.09,20.090833333333332,251,20.916666666666668,107,0,12,0.0,1,1,0,Inactive Customers,0.7198293009928866,Low,High,173.54364617637503
14524.0,9,1711.88,8.602412060301509,671,3.371859296482412,31,329,199,124.0,146,0,0,Inactive Customers,0.05785564746457651,High,Low,99.04192578165924
14525.0,9,4225.45,14.722822299651567,2691,9.376306620209059,19,341,287,125.0,165,0,0,Inactive Customers,0.024572479156852896,High,Low,103.82978205332407
14527.0,55,8069.12,8.511729957805906,2063,2.1761603375527425,2,366,948,184.0,174,0,2,High-Value Active Customers,0.002225590892062504,High,Low,17.958559978959393
14528.0,1,364.21999999999997,20.234444444444442,278,15.444444444444445,36,0,18,0.0,1,0,0,Inactive Customers,0.7182727995100531,Low,High,261.60931903755153
14529.0,3,620.04,2.707598253275109,348,1.519650655021834,59,50,229,1.0,17,0,0,Inactive Customers,0.48108543581231816,Medium,Medium,298.2922136210697
14530.0,6,2777.21,13.038544600938968,1153,5.413145539906103,25,270,213,111.0,102,0,0,Inactive Customers,0.07962366406054684,High,Low,221.1316360655913
14532.0,4,915.9,14.538095238095238,283,4.492063492063492,235,115,63,38.0,49,1,1,Inactive Customers,0.44180672696175777,Medium,Medium,404.65078122427394
14533.0,7,1745.72,30.62666666666667,1979,34.719298245614034,24,328,57,263.0,43,0,0,Inactive Customers,0.03590248514458942,High,Low,62.675686366612645
14534.0,18,4380.25,8.505339805825242,2043,3.9669902912621358,2,315,515,131.0,166,0,2,High-Value Active Customers,0.016407178201579813,High,Low,71.86754231746998
14535.0,3,2864.19,8.679363636363636,1831,5.548484848484849,59,188,330,1.0,67,0,0,Inactive Customers,0.15092286569905083,High,Low,432.2717627065644
14536.0,1,171.8,9.042105263157895,40,2.1052631578947367,259,0,19,0.0,1,1,1,Inactive Customers,0.7306171866787039,Low,High,125.52003267140134
14537.0,1,355.56,35.556,120,12.0,57,0,10,0.0,1,0,0,Inactive Customers,0.742759782343432,Low,High,264.0956682100307
14538.0,2,388.25,20.43421052631579,155,8.157894736842104,64,191,19,1.0,1,0,0,Inactive Customers,0.4440773511768389,Medium,Medium,172.4130315944077
14539.0,2,537.48,16.79625,428,13.375,15,28,32,1.0,1,0,0,Inactive Customers,0.6619820142957794,Medium,Medium,355.80209304369555
14540.0,3,996.26,13.108684210526315,421,5.5394736842105265,9,299,76,1.0,65,0,0,Inactive Customers,0.21624158467007717,Medium,Low,215.43284114341108
14541.0,8,1461.65,13.168018018018019,647,5.828828828828829,58,260,111,32.0,183,0,0,Inactive Customers,0.16851183617792964,High,Low,246.30532534947088
14542.0,1,103.25,20.65,19,3.8,185,0,5,0.0,1,1,1,Inactive Customers,0.7471057077323076,Low,High,77.13866432336076
14543.0,16,3562.53,50.89328571428572,675,9.642857142857142,28,336,70,150.0,161,0,2,High-Value Active Customers,0.07116675702612435,High,Low,253.5337069082788
14544.0,2,1903.82,16.998392857142857,1398,12.482142857142858,23,337,112,1.0,1,0,0,Inactive Customers,0.14601084830137773,High,Low,277.9783732131289
14546.0,5,2578.09,6.4613784461152886,1317,3.300751879699248,4,243,399,46.0,71,0,0,Inactive Customers,0.08066059257179593,High,Low,207.9502671034214
14547.0,8,3895.69,10.731928374655647,2663,7.336088154269972,3,50,363,34.0,13,0,0,Inactive Customers,0.22320566195044467,High,Low,869.5400652037277
14548.0,2,652.8,163.2,256,64.0,150,167,4,1.0,1,1,1,Inactive Customers,0.5629837241906327,Medium,Medium,367.515775151645
14549.0,1,289.24,5.165,136,2.4285714285714284,310,0,56,0.0,1,1,1,Inactive Customers,0.7000784953070954,Low,High,202.4907039826243
14550.0,2,765.62,15.950416666666667,394,8.208333333333334,10,33,48,1.0,1,0,0,Inactive Customers,0.6467927026722821,Medium,Medium,495.1974290199526
14551.0,2,186.23,18.622999999999998,106,10.6,17,185,10,1.0,1,0,0,Inactive Customers,0.4609152581588844,Low,Medium,85.83624852692904
14552.0,1,165.07,2.8460344827586206,91,1.5689655172413792,151,0,58,0.0,1,1,1,Inactive Customers,0.7008052633189414,Low,High,115.68192481605766
14553.0,5,694.27,6.1988392857142856,492,4.392857142857143,18,319,112,120.0,13,0,0,Inactive Customers,0.10504178205916058,Medium,Low,72.92735803021341
14554.0,4,2356.09,10.958558139534885,1477,6.869767441860465,9,42,215,29.0,6,0,0,Inactive Customers,0.3970280783965954,High,Medium,935.4338852294345
14555.0,2,324.14,15.435238095238095,130,6.190476190476191,56,244,21,1.0,1,0,0,Inactive Customers,0.36166796817974917,Low,Medium,117.23105520578389
14557.0,1,788.38,49.27375,510,31.875,84,0,16,0.0,1,0,0,Inactive Customers,0.7152583941393038,Medium,High,563.8954127715443
14560.0,21,2136.97,29.273561643835613,1020,13.972602739726028,6,350,73,195.0,127,0,2,High-Value Active Customers,0.04975569191722018,High,Low,106.32642095634199
14561.0,3,1080.76,15.6631884057971,1014,14.695652173913043,75,108,69,1.0,86,0,0,Inactive Customers,0.43938170206621463,Medium,Medium,474.8661683250821
14562.0,18,4994.87,11.836184834123223,1832,4.341232227488152,3,300,422,221.0,74,0,2,High-Value Active Customers,0.016914558678339138,High,Low,84.48602170567581
14565.0,4,2949.12,23.78322580645161,1537,12.39516129032258,95,265,124,155.0,17,1,0,Inactive Customers,0.08864147111722018,High,Low,261.41433530121634
14567.0,2,1530.3600000000001,46.374545454545455,412,12.484848484848484,56,73,33,1.0,1,0,0,Inactive Customers,0.6112808334615787,High,Medium,935.4797362962616
14569.0,1,227.39,18.949166666666667,79,6.583333333333333,0,0,12,0.0,1,0,0,Inactive Customers,0.7365068032627687,Low,High,167.47428199392098
14570.0,2,218.06,7.519310344827586,95,3.2758620689655173,280,0,29,1.0,1,1,1,Inactive Customers,0.7194807992311365,Low,High,156.88998308034164
14572.0,7,2792.94,10.38267657992565,1426,5.301115241635688,2,320,269,69.0,143,0,0,Inactive Customers,0.05639716157995263,High,Low,157.5138884631129
14573.0,9,1602.57,6.907629310344827,541,2.331896551724138,179,192,232,114.0,32,1,1,Inactive Customers,0.15064101827252716,High,Low,241.41277665300385
14576.0,1,35.400000000000006,35.400000000000006,12,12.0,371,0,1,0.0,1,1,1,Inactive Customers,0.7545425653997307,Low,High,26.710806815150473
14577.0,4,859.71,6.989512195121952,353,2.869918699186992,12,350,123,130.0,151,0,0,Inactive Customers,0.06562936992855238,Medium,Low,56.42222562127577
14578.0,1,168.63,7.02625,240,10.0,2,0,24,0.0,1,0,0,Inactive Customers,0.7123520980918684,Low,High,120.12393430123177
14581.0,1,138.6,8.152941176470588,217,12.764705882352942,16,0,17,0.0,1,0,0,Inactive Customers,0.716514390466,Low,High,99.30889451858759
14582.0,1,114.11,19.018333333333334,73,12.166666666666666,40,0,6,0.0,1,0,0,Inactive Customers,0.7371910418927216,Low,High,84.12086979037845
14583.0,5,1052.55,3.1895454545454545,792,2.4,5,200,330,20.0,160,0,0,Inactive Customers,0.14206275214720446,Medium,Low,149.52814977254005
14584.0,4,978.46,9.883434343434343,379,3.8282828282828283,168,29,99,1.0,13,1,1,Inactive Customers,0.6103598109170286,Medium,Medium,597.2126605898759
14585.0,1,157.05,5.415517241379311,91,3.1379310344827585,49,0,29,0.0,1,0,0,Inactive Customers,0.7193996044192184,Low,High,112.98170787403825
14586.0,1,237.35999999999999,12.492631578947368,444,23.36842105263158,276,0,19,0.0,1,1,1,Inactive Customers,0.7001977820572197,Low,High,166.19894554910167
14587.0,9,1601.14,4.180522193211488,761,1.9869451697127938,18,312,383,58.0,240,0,0,Inactive Customers,0.04579730905158614,High,Low,73.32790341485664
14589.0,1,39.75,13.25,5,1.6666666666666667,371,0,3,0.0,1,1,1,Inactive Customers,0.7456986000037741,Low,High,29.64151935015002
14591.0,4,1413.24,7.2473846153846155,1295,6.641025641025641,14,197,195,197.0,1,0,0,Inactive Customers,0.09542311780048995,High,Low,134.8557670003644
14592.0,3,570.46,3.4784146341463416,415,2.5304878048780486,34,28,164,1.0,21,0,0,Inactive Customers,0.5592477265056957,Medium,Medium,319.02845806243914
14593.0,3,617.99,4.065723684210527,332,2.1842105263157894,21,177,152,1.0,177,0,0,Inactive Customers,0.282329640172624,Medium,Low,174.47689433027992
14594.0,2,379.83,7.166603773584906,185,3.490566037735849,6,365,53,1.0,1,0,0,Inactive Customers,0.1883433761950429,Medium,Low,71.53846458016315
14595.0,6,1740.6000000000001,17.064705882352943,978,9.588235294117647,19,293,102,251.0,36,0,0,Inactive Customers,0.05297476915929951,High,Low,92.20788319867673
14597.0,2,883.15,16.05727272727273,577,10.49090909090909,10,180,55,1.0,1,0,0,Inactive Customers,0.4029708379308693,Medium,Medium,355.8836955186472
14598.0,1,221.97,4.4394,189,3.78,43,0,50,0.0,1,0,0,Inactive Customers,0.7007225342411064,Low,High,155.5393809254984
14600.0,1,393.33000000000004,15.733200000000002,125,5.0,305,0,25,0.0,1,1,1,Inactive Customers,0.7243969981121055,Medium,High,284.9270712674345
14601.0,1,213.96,30.565714285714286,168,24.0,10,0,7,0.0,1,0,0,Inactive Customers,0.7316061312339858,Low,High,156.5344478388236
14606.0,90,11493.7,4.288694029850746,6192,2.31044776119403,0,372,2680,166.0,198,0,2,High-Value Active Customers,5.409009079605053e-06,High,Low,0.062169527658256604
14607.0,12,9756.54,137.41605633802817,5518,77.71830985915493,15,245,71,214.0,30,0,2,High-Value Active Customers,0.03476766014322456,High,Low,339.2120668937762
14608.0,4,1785.15,89.25750000000001,437,21.85,3,358,20,276.0,24,0,0,Inactive Customers,0.05425707707181859,High,Low,96.85702113475695
14616.0,3,406.08000000000004,135.36,104,34.666666666666664,242,74,3,1.0,41,1,1,Inactive Customers,0.695002991386081,Medium,Medium,282.2268147420598
14618.0,3,523.44,37.38857142857143,262,18.714285714285715,8,328,14,1.0,1,0,0,Inactive Customers,0.25416255972217955,Medium,Low,133.03885026097768
14619.0,1,394.44,19.722,152,7.6,245,0,20,0.0,1,1,1,Inactive Customers,0.7272718496425057,Medium,High,286.86510837298994
14620.0,2,412.78000000000003,15.876153846153848,214,8.23076923076923,205,78,26,1.0,1,1,1,Inactive Customers,0.6077930567887477,Medium,Medium,250.88481798125932
14621.0,5,1737.51,19.52258426966292,990,11.123595505617978,0,357,89,171.0,155,0,0,Inactive Customers,0.047628773785419486,High,Low,82.75547073990421
14622.0,1,320.58000000000004,15.265714285714287,146,6.9523809523809526,184,0,21,0.0,1,1,1,Inactive Customers,0.7248410834876409,Low,High,232.36955454446795
14623.0,5,889.25,6.6361940298507465,419,3.126865671641791,31,203,134,48.0,84,0,0,Inactive Customers,0.2369166177066243,Medium,Low,210.67810229561567
14624.0,2,225.85,17.373076923076923,162,12.461538461538462,56,1,13,1.0,1,0,0,Inactive Customers,0.7253830270031412,Low,High,163.82775664865943
14625.0,2,865.73,16.648653846153845,333,6.403846153846154,195,164,52,1.0,1,1,1,Inactive Customers,0.44586393854784,Medium,Medium,385.99778751902153
14626.0,4,2751.32,22.73818181818182,1402,11.586776859504132,23,209,121,110.0,40,0,0,Inactive Customers,0.15319421091668461,High,Low,421.48629637929275
14628.0,2,655.01,28.47869565217391,271,11.782608695652174,90,151,23,1.0,1,1,0,Inactive Customers,0.49911397943043945,Medium,Medium,326.92464766673214
14629.0,2,925.71,6.130529801324504,378,2.5033112582781456,3,43,151,1.0,1,0,0,Inactive Customers,0.5536997683159863,Medium,Medium,512.5654125277918
14631.0,3,1006.98,24.56048780487805,622,15.170731707317072,50,248,41,1.0,184,0,0,Inactive Customers,0.24757041616091502,Medium,Low,249.29845766571822
14632.0,1,114.56,14.32,96,12.0,262,0,8,0.0,1,1,1,Inactive Customers,0.7319015156588636,Low,High,83.84663763387942
14633.0,1,344.90000000000003,17.245,96,4.8,265,0,20,0.0,1,1,1,Inactive Customers,0.7301872456801484,Low,High,251.8415810350832
14636.0,2,609.85,21.780357142857145,241,8.607142857142858,35,232,28,1.0,1,0,0,Inactive Customers,0.3695055774662658,Medium,Medium,225.3429764178022
14638.0,1,443.6,27.725,166,10.375,50,0,16,0.0,1,0,0,Inactive Customers,0.7323584256524078,Medium,High,324.8741976194081
14639.0,6,2848.89,17.371280487804878,1423,8.676829268292684,51,309,164,240.0,68,0,0,Inactive Customers,0.03564764756610017,High,Low,101.55622667458711
14640.0,6,2091.78,19.921714285714287,884,8.41904761904762,23,203,105,79.0,103,0,0,Inactive Customers,0.1951636744064734,High,Low,408.239470849973
14641.0,1,110.46000000000001,15.780000000000001,90,12.857142857142858,21,0,7,0.0,1,0,0,Inactive Customers,0.7331677183082896,Low,High,80.98570616433368
14642.0,1,96.12,48.06,76,38.0,58,0,2,0.0,1,0,0,Inactive Customers,0.7412400789047112,Low,High,71.24799638432084
14643.0,2,693.8100000000001,22.380967741935486,815,26.29032258064516,169,187,31,1.0,1,1,1,Inactive Customers,0.39187833093938945,Medium,Medium,271.8891047890578
14644.0,2,830.76,31.95230769230769,258,9.923076923076923,67,230,26,1.0,1,0,0,Inactive Customers,0.37819602872063957,Medium,Medium,314.19013281995854
14645.0,2,557.14,19.211724137931036,380,13.10344827586207,156,118,29,1.0,1,1,1,Inactive Customers,0.532777664246243,Medium,Medium,296.8317478581518
14646.0,63,158967.8,101.12455470737913,89646,57.02671755725191,1,352,1572,212.0,120,0,3,High-Value Active Customers,1.234574646769157e-14,High,Low,1.9625761553267e-09
14647.0,1,243.22,8.107333333333333,95,3.1666666666666665,200,0,30,0.0,1,1,1,Inactive Customers,0.7197825226428166,Low,High,175.06550515718587
14649.0,4,1387.05,7.00530303030303,874,4.414141414141414,4,207,198,1.0,67,0,0,Inactive Customers,0.23212866125532766,High,Low,321.97405959420223
14651.0,2,603.75,6.098484848484849,341,3.4444444444444446,66,143,99,1.0,1,0,0,Inactive Customers,0.439917346833433,Medium,Medium,265.60009815068514
14652.0,1,114.18,3.937241379310345,53,1.8275862068965518,76,0,29,0.0,1,0,0,Inactive Customers,0.7212042726518499,Low,High,82.34710385138823
14653.0,7,1947.55,8.217510548523206,950,4.008438818565401,0,337,237,298.0,31,0,0,Inactive Customers,0.020945194236286442,High,Low,40.79181303487966
14655.0,4,1932.23,39.43326530612245,1089,22.224489795918366,7,214,49,151.0,14,0,0,Inactive Customers,0.1680246234688519,High,Low,324.66221820521974
14656.0,2,291.05,3.638125,120,1.5,168,114,80,1.0,1,1,1,Inactive Customers,0.5135914313535365,Low,Medium,149.4807860954468
14657.0,4,848.22,6.7319047619047625,466,3.6984126984126986,17,308,126,44.0,137,0,0,Inactive Customers,0.13089751855820364,Medium,Low,111.0298931914395
14658.0,2,207.2,7.3999999999999995,46,1.6428571428571428,4,111,28,1.0,1,0,0,Inactive Customers,0.5646459356846193,Low,Medium,116.99463787385311
14659.0,9,2529.93,9.999723320158102,1195,4.723320158102767,8,306,253,97.0,178,0,0,Inactive Customers,0.05488613905091376,High,Low,138.85808976907825
14660.0,2,285.74,9.524666666666667,228,7.6,86,14,30,1.0,1,0,0,Inactive Customers,0.6926382673492044,Low,Medium,197.91445851236168
14661.0,1,107.95,26.9875,35,8.75,26,0,4,0.0,1,0,0,Inactive Customers,0.7478972610077331,Low,High,80.73550932578479
14662.0,4,771.17,4.590297619047619,602,3.5833333333333335,28,287,168,40.0,205,0,0,Inactive Customers,0.11755285775639596,Medium,Low,90.65323731599986
14664.0,2,637.89,6.443333333333333,466,4.707070707070707,19,13,99,1.0,1,0,0,Inactive Customers,0.6340596436799812,Medium,Medium,404.4603061070232
14665.0,5,1717.05,20.68734939759036,733,8.831325301204819,60,250,83,14.0,235,0,0,Inactive Customers,0.18859864665143006,High,Low,323.83330623283797
14666.0,1,195.25,13.946428571428571,161,11.5,23,0,14,0.0,1,0,0,Inactive Customers,0.725210312890844,Low,High,141.5973135919373
14667.0,25,9160.77,16.04338003502627,5240,9.176882661996498,10,357,571,189.0,161,0,2,High-Value Active Customers,0.003401382523425685,High,Low,31.159282979122313
14669.0,3,1236.09,7.314142011834319,773,4.57396449704142,241,90,169,1.0,90,1,1,Inactive Customers,0.40404823001225076,High,Medium,499.43997663584304
14670.0,2,411.53,3.1176515151515147,337,2.553030303030303,279,0,132,1.0,1,1,1,Inactive Customers,0.6376484231092814,Medium,Medium,262.41145556216253
14672.0,2,765.5500000000001,12.55,454,7.442622950819672,234,101,61,1.0,1,1,1,Inactive Customers,0.5289136843241238,Medium,Medium,404.909871034333
14673.0,5,1736.4,23.464864864864865,1004,13.567567567567568,2,364,74,329.0,19,0,0,Inactive Customers,0.02470121271664714,High,Low,42.8911857611861
14675.0,1,604.75,5.928921568627451,341,3.343137254901961,15,0,102,0.0,1,0,0,Inactive Customers,0.6581282216039892,Medium,Medium,398.00304201501245
14676.0,6,2290.7200000000003,60.2821052631579,1612,42.421052631578945,30,251,38,76.0,116,0,0,Inactive Customers,0.16017039670754887,High,Low,366.90553114591637
14680.0,16,25618.61,102.06617529880478,12325,49.103585657370516,24,346,251,158.0,173,0,2,High-Value Active Customers,0.00146886536145431,High,Low,37.630288837607004
14681.0,3,498.95,71.27857142857142,76,10.857142857142858,70,140,7,1.0,1,0,0,Inactive Customers,0.5800597883910258,Medium,Medium,289.4208314177023
14682.0,2,52.0,26.0,80,40.0,187,13,2,1.0,1,1,1,Inactive Customers,0.7067478299096757,Low,High,36.75088715530313
14684.0,5,1236.28,2.9365320665083137,853,2.026128266033254,25,336,421,147.0,56,0,0,Inactive Customers,0.029107822148457325,High,Low,35.98541836569482
14687.0,1,549.1800000000001,39.22714285714286,326,23.285714285714285,106,0,14,0.0,1,1,0,Inactive Customers,0.7250827373015805,Medium,High,398.200937671282
14688.0,21,5605.87,17.195920245398774,3620,11.104294478527608,7,366,326,175.0,172,0,2,High-Value Active Customers,0.011283371292168175,High,Low,63.253112625626805
14689.0,1,112.80000000000001,8.676923076923078,76,5.846153846153846,208,0,13,0.0,1,1,1,Inactive Customers,0.7302611202764643,Low,High,82.37345436718518
14690.0,2,371.7,7.434,170,3.4,43,107,50,1.0,1,0,0,Inactive Customers,0.5451759942481155,Medium,Medium,202.6419170620245
14691.0,5,2114.33,29.779295774647885,707,9.95774647887324,30,182,71,116.0,40,0,0,Inactive Customers,0.2269785785260952,High,Low,479.90761793507886
14692.0,4,591.55,8.699264705882353,265,3.8970588235294117,136,185,68,22.0,97,1,0,Inactive Customers,0.3354402875760819,Medium,Medium,198.42970211563124
14693.0,1,172.9,21.6125,34,4.25,264,0,8,0.0,1,1,1,Inactive Customers,0.7445702000021609,Low,High,128.7361875803736
14696.0,7,2078.95,15.991923076923076,1630,12.538461538461538,3,368,130,130.0,183,0,0,Inactive Customers,0.041103088980658786,High,Low,85.45126683634058
14697.0,2,188.61,8.57318181818182,181,8.227272727272727,217,0,22,1.0,1,1,1,Inactive Customers,0.7175999486914983,Low,High,135.3465263227035
14698.0,5,1250.76,5.9559999999999995,615,2.9285714285714284,1,49,210,3.0,24,0,0,Inactive Customers,0.4732250160964344,High,Medium,591.8909211327763
14699.0,1,109.13000000000001,13.641250000000001,77,9.625,213,0,8,0.0,1,1,1,Inactive Customers,0.7339517219815564,Low,High,80.09615141984726
14700.0,3,2235.3,19.437391304347827,1342,11.669565217391304,31,206,115,1.0,157,0,0,Inactive Customers,0.22753757102221786,High,Low,508.6147325059636
14701.0,9,2128.9700000000003,6.412560240963856,920,2.7710843373493974,10,305,332,49.0,236,0,0,Inactive Customers,0.055663252406458245,High,Low,118.50539447577742
14702.0,17,3088.7400000000002,9.192678571428573,1442,4.291666666666667,0,364,336,209.0,115,0,2,High-Value Active Customers,0.016978605944251126,High,Low,52.44249932424623
14703.0,1,318.17,14.462272727272728,183,8.318181818181818,14,0,22,0.0,1,0,0,Inactive Customers,0.7211997262001328,Low,High,229.46411688509627
14704.0,7,1516.91,3.672905569007264,1080,2.6150121065375305,19,160,413,98.0,31,0,0,Inactive Customers,0.1100897616663322,High,Low,166.996260369276
14705.0,1,179.0,179.0,100,100.0,198,0,1,0.0,1,1,1,Inactive Customers,0.7847783990318022,Low,High,140.4753334266926
14708.0,3,988.13,36.59740740740741,429,15.88888888888889,2,365,27,1.0,151,0,0,Inactive Customers,0.15863022038826893,Medium,Low,156.7472796722602
14709.0,13,4921.04,25.10734693877551,2484,12.673469387755102,14,343,196,208.0,115,0,2,High-Value Active Customers,0.022371791179735832,High,Low,110.09247926712722
14710.0,4,606.13,4.360647482014389,378,2.7194244604316546,13,45,139,18.0,5,0,0,Inactive Customers,0.5361950945090745,Medium,Medium,325.0039326347854
14711.0,11,2213.8,6.289204545454546,973,2.7642045454545454,9,252,352,61.0,175,0,0,Inactive Customers,0.0741052688835087,High,Low,164.05424425431158
14712.0,3,917.07,36.6828,315,12.6,28,82,25,1.0,45,0,0,Inactive Customers,0.5877725965614293,Medium,Medium,539.02861512859
14713.0,11,2666.36,7.865368731563422,1615,4.76401179941003,8,355,339,97.0,208,0,0,Inactive Customers,0.027745507673625828,High,Low,73.97951184064897
14714.0,1,79.55,8.838888888888889,37,4.111111111111111,23,0,9,0.0,1,0,0,Inactive Customers,0.7357948198262334,Low,High,58.53247791717686
14715.0,4,850.4300000000001,12.149000000000001,520,7.428571428571429,24,306,70,32.0,70,0,0,Inactive Customers,0.17861676744693936,Medium,Low,151.90105753990065
14716.0,2,329.68,5.9941818181818185,604,10.981818181818182,42,105,55,1.0,1,0,0,Inactive Customers,0.515703951307661,Low,Medium,170.01727866710968
14719.0,5,1602.13,6.7600421940928275,1032,4.3544303797468356,1,247,237,69.0,59,0,0,Inactive Customers,0.12026182799357628,High,Low,192.67508248334838
14720.0,3,612.96,18.02823529411765,216,6.352941176470588,5,120,34,1.0,83,0,0,Inactive Customers,0.5019568079926191,Medium,Medium,307.67944502715585
14722.0,1,187.92,6.4799999999999995,120,4.137931034482759,146,0,29,0.0,1,1,1,Inactive Customers,0.7179880991870535,Low,High,134.9243235992311
14723.0,6,1141.35,4.120397111913357,694,2.5054151624548737,9,361,277,13.0,30,0,0,Inactive Customers,0.08639997423918744,High,Low,98.61261059789658
14725.0,1,718.08,13.80923076923077,593,11.403846153846153,24,0,52,0.0,1,0,0,Inactive Customers,0.6787846084497221,Medium,Medium,487.4216516355765
14727.0,1,116.03,16.575714285714287,53,7.571428571428571,273,0,7,0.0,1,1,1,Inactive Customers,0.7389841418898335,Low,High,85.74432998347739
14729.0,1,313.49,4.415352112676056,197,2.7746478873239435,373,0,71,0.0,1,1,1,Inactive Customers,0.6869502109661526,Low,Medium,215.35202163577918
14730.0,8,1895.66,3.81420523138833,1126,2.265593561368209,0,275,497,43.0,177,0,0,Inactive Customers,0.04608370648926949,High,Low,87.3590390434486
14731.0,3,380.02,8.444888888888888,256,5.688888888888889,46,165,45,1.0,158,0,0,Inactive Customers,0.38351910603057615,Medium,Medium,145.74493067373953
14732.0,8,2685.54,18.394109589041097,1404,9.616438356164384,7,330,146,152.0,135,0,0,Inactive Customers,0.0491377142648463,High,Low,131.9612971668153
14733.0,12,9585.91,47.455,3764,18.633663366336634,15,351,202,64.0,254,0,2,High-Value Active Customers,0.024932938089346962,High,Low,239.00490056005194
14735.0,31,6050.6900000000005,31.350725388601038,2263,11.72538860103627,3,354,193,153.0,192,0,2,High-Value Active Customers,0.026883958277479594,High,Low,162.66649750996302
14737.0,3,1164.55,68.50294117647059,345,20.294117647058822,3,349,17,1.0,125,0,0,Inactive Customers,0.2007271695067831,High,Low,233.75682524912426
14738.0,7,1294.5,24.42452830188679,600,11.320754716981131,42,273,53,104.0,156,0,0,Inactive Customers,0.1364146705910968,High,Low,176.58879108017481
14739.0,7,3132.84,59.11018867924528,1820,34.339622641509436,3,363,53,147.0,90,0,0,Inactive Customers,0.05565573319720133,High,Low,174.36050718952023
14740.0,3,1380.41,15.686477272727274,731,8.306818181818182,196,86,88,1.0,28,1,1,Inactive Customers,0.502158974294607,High,Medium,693.1852697060185
14741.0,6,1306.74,22.53,697,12.017241379310345,11,361,58,208.0,101,0,0,Inactive Customers,0.04925850763560315,High,Low,64.36806226774806
14744.0,7,1084.98,43.3992,626,25.04,15,350,25,54.0,295,0,0,Inactive Customers,0.10126791699097265,Medium,Low,109.87366457686551
14745.0,5,1220.26,17.684927536231886,1038,15.043478260869565,112,172,69,100.0,28,1,0,Inactive Customers,0.2450742782780882,High,Low,299.0543388116199
14747.0,1,294.3,17.311764705882354,82,4.823529411764706,248,0,17,0.0,1,1,1,Inactive Customers,0.7329864501013794,Low,High,215.71791226483597
14748.0,5,1415.75,15.907303370786517,1223,13.741573033707866,28,339,89,1.0,183,0,0,Inactive Customers,0.12087315354710246,High,Low,171.1261671343103
14752.0,1,180.84,45.21,116,29.0,43,0,4,0.0,1,0,0,Inactive Customers,0.7423795132625048,Low,High,134.25191117839137
14753.0,1,563.15,18.771666666666665,211,7.033333333333333,86,0,30,0.0,1,0,0,Inactive Customers,0.7170944630161318,Medium,High,403.8317468475346
14754.0,2,638.05,15.562195121951218,486,11.853658536585366,44,250,41,1.0,1,0,0,Inactive Customers,0.3163169717431608,Medium,Medium,201.82604382072375
14755.0,11,4970.33,21.240726495726495,2218,9.478632478632479,9,324,234,158.0,132,0,0,Inactive Customers,0.03030520831563935,High,Low,150.62688604747174
14756.0,1,705.66,19.07189189189189,414,11.18918918918919,14,0,37,0.0,1,0,0,Inactive Customers,0.7002231433401148,Medium,High,494.1194633293854
14757.0,1,420.5,22.13157894736842,160,8.421052631578947,74,0,19,0.0,1,0,0,Inactive Customers,0.7284477174757138,Medium,High,306.31226519853766
14758.0,4,1400.26,20.293623188405796,415,6.0144927536231885,144,114,69,34.0,60,1,0,Inactive Customers,0.4315915740038714,High,Medium,604.3404174146609
14759.0,3,1610.02,15.94079207920792,568,5.623762376237623,4,228,101,1.0,108,0,0,Inactive Customers,0.26110039756837733,High,Low,420.3768620930389
14760.0,1,89.2,17.84,40,8.0,296,0,5,0.0,1,1,1,Inactive Customers,0.7414467285596495,Low,High,66.13704818752075
14761.0,2,255.9,23.263636363636365,118,10.727272727272727,58,276,11,1.0,1,0,0,Inactive Customers,0.3267174613157297,Low,Medium,83.60699835069524
14762.0,1,300.52,14.310476190476189,341,16.238095238095237,263,0,21,0.0,1,1,1,Inactive Customers,0.7095068680495628,Low,High,213.22100398625457
14764.0,1,278.3,46.38333333333333,190,31.666666666666668,46,0,6,0.0,1,0,0,Inactive Customers,0.736443149052246,Low,High,204.95212838124004
14765.0,3,254.11,6.515641025641026,135,3.4615384615384617,28,147,39,1.0,83,0,0,Inactive Customers,0.45612884888433614,Low,Medium,115.90690178999866
14766.0,6,2473.37,18.321259259259257,1349,9.992592592592592,7,358,135,152.0,160,0,0,Inactive Customers,0.04154700941921944,High,Low,102.76112668721478
14768.0,2,192.60000000000002,38.52,52,10.4,16,109,5,1.0,1,0,0,Inactive Customers,0.6040168611310237,Low,Medium,116.33364745383518
14769.0,8,10389.05,9.583994464944649,7298,6.732472324723247,2,354,1084,156.0,139,0,2,High-Value Active Customers,0.0005664918960847042,High,Low,5.8853126330187955
14770.0,2,876.4200000000001,16.85423076923077,490,9.423076923076923,231,90,52,1.0,1,1,1,Inactive Customers,0.5518278677406411,Medium,Medium,483.6329798452527
14772.0,1,139.26,15.473333333333333,82,9.11111111111111,111,0,9,0.0,1,1,0,Inactive Customers,0.7345972398754205,Low,High,102.30001162505104
14775.0,3,1011.9,16.865,1174,19.566666666666666,57,313,60,1.0,79,0,0,Inactive Customers,0.17657105136578552,Medium,Low,178.67224687703836
14776.0,11,2538.2999999999997,21.694871794871794,3134,26.786324786324787,50,261,117,136.0,120,0,0,Inactive Customers,0.063472702910048,High,Low,161.11276179657483
14778.0,2,730.86,20.881714285714285,306,8.742857142857142,126,181,35,1.0,1,1,0,Inactive Customers,0.4364552451128019,Medium,Medium,318.98768044314244
14779.0,3,254.4,7.066666666666666,79,2.1944444444444446,280,43,36,1.0,42,1,1,Inactive Customers,0.641445004815223,Low,Medium,163.18360922499275
14780.0,2,430.73,16.566538461538464,309,11.884615384615385,54,24,26,1.0,1,0,0,Inactive Customers,0.6788032776267868,Medium,Medium,292.3809357721859
14782.0,1,200.10000000000002,33.35,114,19.0,319,0,6,0.0,1,1,1,Inactive Customers,0.740041440923295,Low,High,148.08229232875135
14784.0,2,250.04000000000002,17.860000000000003,236,16.857142857142858,25,297,14,1.0,1,0,0,Inactive Customers,0.282850992066838,Low,Low,70.72406205639219
14785.0,2,77.4,25.8,84,28.0,9,4,3,1.0,1,0,0,Inactive Customers,0.7263937661332032,Low,High,56.22287749870993
14788.0,2,679.44,22.648000000000003,421,14.033333333333333,6,19,30,1.0,1,0,0,Inactive Customers,0.6788464394471351,Medium,Medium,461.2354248179615
14789.0,1,197.64,32.94,116,19.333333333333332,28,0,6,0.0,1,0,0,Inactive Customers,0.739454458228826,Low,High,146.14577912434518
14790.0,4,745.06,16.19695652173913,699,15.195652173913043,16,236,46,134.0,11,0,0,Inactive Customers,0.17506785648164994,Medium,Low,130.4360571502181
14792.0,1,6.2,3.1,2,1.0,63,0,2,0.0,1,0,0,Inactive Customers,0.7400223160686611,Low,High,4.588138359625699
14793.0,1,228.99,16.356428571428573,91,6.5,20,0,14,0.0,1,0,0,Inactive Customers,0.7330757228176992,Low,High,167.86700976802493
14794.0,6,1235.16,16.252105263157897,668,8.789473684210526,2,331,76,130.0,27,0,0,Inactive Customers,0.09689064648131912,High,Low,119.67545090786614
14795.0,1,131.45000000000002,21.908333333333335,17,2.8333333333333335,165,0,6,0.0,1,1,1,Inactive Customers,0.7479291129249045,Low,High,98.3152818939787
14796.0,17,8022.49,7.031104294478528,6025,5.28045574057844,0,365,1141,127.0,216,0,2,High-Value Active Customers,0.0006736016293844432,High,Low,5.403962335720402
14798.0,3,173.74,14.478333333333333,150,12.5,52,257,12,1.0,91,0,0,Inactive Customers,0.3082463404351743,Low,Medium,53.55471918720718
14799.0,1,157.7,12.13076923076923,146,11.23076923076923,50,0,13,0.0,1,0,0,Inactive Customers,0.7256138553237432,Low,High,114.42930498455429
14800.0,12,4238.04,11.09434554973822,3649,9.552356020942408,47,322,382,149.0,143,0,0,Inactive Customers,0.015711384144871835,High,Low,66.58547446133264
14801.0,1,193.14,3.273559322033898,175,2.9661016949152543,60,0,59,0.0,1,0,0,Inactive Customers,0.6956798095571737,Low,Medium,134.3635984178725
14803.0,3,845.5500000000001,19.217045454545456,370,8.409090909090908,161,130,44,1.0,113,1,1,Inactive Customers,0.45410053502161263,Medium,Medium,383.9647073875246
14804.0,1,353.27,29.439166666666665,121,10.083333333333334,8,0,12,0.0,1,0,0,Inactive Customers,0.7386668053946797,Low,High,260.94882234177845
14805.0,4,554.65,11.801063829787234,115,2.4468085106382977,14,298,47,260.0,4,0,0,Inactive Customers,0.07450408633849501,Medium,Low,41.32369148764625
14806.0,1,193.39000000000001,17.580909090909092,330,30.0,74,0,11,0.0,1,0,0,Inactive Customers,0.7088470822257599,Low,High,137.0839372316397
14808.0,7,2267.87,10.079422222222222,2131,9.471111111111112,39,132,225,19.0,113,0,0,Inactive Customers,0.21782672891225938,High,Low,494.0027036982456
14810.0,11,2067.93,8.141456692913385,1015,3.9960629921259843,40,328,254,97.0,213,0,0,Inactive Customers,0.04774848239740982,High,Low,98.74051920407568
14813.0,2,155.43,5.181,67,2.2333333333333334,369,0,30,1.0,1,1,1,Inactive Customers,0.7196434708063376,Low,High,111.85418466742907
14815.0,2,778.5,14.68867924528302,744,14.037735849056604,36,31,53,1.0,1,0,0,Inactive Customers,0.6242268426057385,Medium,Medium,485.9605969685674
14816.0,1,21.85,10.925,3,1.5,196,0,2,0.0,1,1,1,Inactive Customers,0.7449948603782475,Low,High,16.278137699264708
14817.0,2,1010.34,16.562950819672132,653,10.704918032786885,199,76,61,1.0,1,1,1,Inactive Customers,0.5561711142513914,Medium,Medium,561.9219235727509
14818.0,3,657.8,13.704166666666666,324,6.75,73,179,48,1.0,95,0,0,Inactive Customers,0.38493851698585624,Medium,Medium,253.21255647329622
14819.0,2,272.07,20.928461538461537,109,8.384615384615385,63,127,13,1.0,1,0,0,Inactive Customers,0.5529719917982392,Low,Medium,150.44708980854693
14820.0,4,507.29,17.492758620689656,253,8.724137931034482,20,152,29,97.0,12,0,0,Inactive Customers,0.34843059591274406,Medium,Medium,176.75535700057594
14821.0,1,48.800000000000004,24.400000000000002,20,10.0,366,0,2,0.0,1,1,1,Inactive Customers,0.7474108813487427,Low,High,36.473651009818646
14823.0,3,321.43,4.591857142857143,88,1.2571428571428571,179,14,70,1.0,13,1,1,Inactive Customers,0.6694057656049258,Low,Medium,215.1670952383913
14824.0,4,1127.71,38.88655172413793,525,18.103448275862068,9,81,29,18.0,22,0,0,Inactive Customers,0.5572435901219787,High,Medium,628.4091690164565
14825.0,12,2226.9100000000003,18.40421487603306,991,8.190082644628099,3,364,121,199.0,124,0,0,Inactive Customers,0.037650617673149624,High,Low,83.84453700251365
14828.0,3,1405.1200000000001,100.36571428571429,828,59.142857142857146,196,140,14,1.0,57,1,1,Inactive Customers,0.4836497204420913,High,Medium,679.5858951875914
14829.0,4,697.55,16.60833333333333,452,10.761904761904763,28,343,42,11.0,155,0,0,Inactive Customers,0.1567878987561278,Medium,Low,109.36739877733694
14830.0,1,197.13,4.92825,169,4.225,52,0,40,0.0,1,0,0,Inactive Customers,0.7080086663955867,Low,High,139.569748406562
14834.0,6,1720.3,25.676119402985073,734,10.955223880597014,17,222,67,168.0,40,0,0,Inactive Customers,0.14496692143150178,High,Low,249.3865949386125
14836.0,3,102.45,17.075,45,7.5,9,20,6,1.0,18,0,0,Inactive Customers,0.7089987254007662,Low,High,72.6369194173085
14837.0,4,1649.5,15.273148148148149,1436,13.296296296296296,89,111,108,34.0,15,0,0,Inactive Customers,0.36664269867496146,High,Medium,604.7771314643489
14840.0,1,62.85,15.7125,31,7.75,267,0,4,0.0,1,1,1,Inactive Customers,0.7412742454251364,Low,High,46.58908632496983
14841.0,6,3295.76,23.88231884057971,1778,12.884057971014492,52,305,138,84.0,126,0,0,Inactive Customers,0.07843763126301884,High,Low,258.511607611407
14842.0,4,2529.69,17.567291666666666,1165,8.090277777777779,43,264,144,116.0,51,0,0,Inactive Customers,0.10621190960611132,High,Low,268.68320561148374
14844.0,4,2831.81,21.95201550387597,1633,12.65891472868217,63,177,129,64.0,59,0,0,Inactive Customers,0.20574680635499784,High,Low,582.6358637041465
14847.0,1,309.40000000000003,23.800000000000004,120,9.23076923076923,148,0,13,0.0,1,1,1,Inactive Customers,0.7351341196134188,Low,High,227.4504966083918
14849.0,25,7851.34,20.287700258397933,5550,14.34108527131783,21,351,387,232.0,97,0,2,High-Value Active Customers,0.005317941059169519,High,Low,41.75296335550001
14850.0,1,325.75,15.511904761904763,293,13.952380952380953,311,0,21,0.0,1,1,1,Inactive Customers,0.7138559231767054,Low,High,232.5385669748118
14851.0,2,511.35,18.2625,325,11.607142857142858,22,232,28,1.0,1,0,0,Inactive Customers,0.36118680959341337,Medium,Medium,184.69287508559194
14852.0,6,2819.7400000000002,19.857323943661974,1746,12.295774647887324,57,193,142,74.0,82,0,0,Inactive Customers,0.16613458268834863,High,Low,468.4563281896442
14853.0,2,475.8,52.86666666666667,82,9.11111111111111,23,187,9,1.0,1,0,0,Inactive Customers,0.48908009919745665,Medium,Medium,232.70431119814987
14854.0,7,2648.03,21.35508064516129,1828,14.741935483870968,77,196,124,47.0,91,0,0,Inactive Customers,0.19086195288102603,High,Low,505.4081770875434
14855.0,2,645.65,32.2825,267,13.35,118,15,20,1.0,1,1,0,Inactive Customers,0.7053887752077521,Medium,High,455.43426271288513
14856.0,3,1311.38,19.86939393939394,714,10.818181818181818,35,20,66,1.0,1,0,0,Inactive Customers,0.634688078695611,High,Medium,832.3172526398504
14857.0,2,1173.1200000000001,19.552000000000003,464,7.733333333333333,59,88,60,1.0,1,0,0,Inactive Customers,0.5507982583981325,High,Medium,646.1524528920172
14859.0,4,1336.79,23.452456140350876,670,11.75438596491228,12,191,57,123.0,1,0,0,Inactive Customers,0.2316430447332277,High,Low,309.6581057689314
14860.0,1,170.32,15.483636363636363,232,21.09090909090909,18,0,11,0.0,1,0,0,Inactive Customers,0.7182983354453312,Low,High,122.3405724930488
14861.0,1,125.79,20.965,117,19.5,51,0,6,0.0,1,0,0,Inactive Customers,0.7313753772236529,Low,High,91.9997087009633
14862.0,2,841.2,17.525000000000002,772,16.083333333333332,25,122,48,1.0,1,0,0,Inactive Customers,0.4855766275335796,Medium,Medium,408.4670590812472
14863.0,1,266.76,24.25090909090909,132,12.0,28,0,11,0.0,1,0,0,Inactive Customers,0.734515638486771,Low,High,195.93939172273105
14865.0,2,52.2,13.05,108,27.0,6,364,4,1.0,1,0,0,Inactive Customers,0.20661269052642728,Low,Low,10.785182445479505
14866.0,10,9371.48,118.62632911392404,3263,41.30379746835443,10,130,79,90.0,33,0,2,High-Value Active Customers,0.2013020868480351,High,Low,1886.498480854624
14867.0,3,710.28,19.73,328,9.11111111111111,185,150,36,1.0,33,1,1,Inactive Customers,0.46824784035081984,Medium,Medium,332.5870760443803
14868.0,8,2937.64,20.542937062937064,1404,9.818181818181818,2,230,143,113.0,68,0,0,Inactive Customers,0.12173420714770936,High,Low,357.6112762853969
14869.0,2,708.75,10.125,549,7.8428571428571425,8,94,70,1.0,1,0,0,Inactive Customers,0.5267343145287028,Medium,Medium,373.3229454222181
14870.0,1,327.25,25.173076923076923,119,9.153846153846153,261,0,13,0.0,1,1,1,Inactive Customers,0.7360458545915408,Low,High,240.87100591508172
14871.0,4,522.38,5.330408163265306,185,1.8877551020408163,2,357,98,105.0,175,0,0,Inactive Customers,0.07759799561297359,Medium,Low,40.535640948305144
14873.0,1,519.68,18.56,168,6.0,209,0,28,0.0,1,1,1,Inactive Customers,0.7210404133069858,Medium,High,374.71028198737434
14875.0,2,1308.57,29.07933333333333,553,12.28888888888889,107,155,45,1.0,1,1,0,Inactive Customers,0.4550626410406365,High,Medium,595.4813201865456
14878.0,9,1485.54,11.980161290322581,802,6.467741935483871,12,345,124,156.0,167,0,0,Inactive Customers,0.051759504777260316,High,Low,76.89081472681129
14880.0,3,691.19,15.025869565217393,372,8.08695652173913,76,211,46,1.0,108,0,0,Inactive Customers,0.3319455108339799,Medium,Medium,229.43741763333858
14881.0,1,255.4,15.023529411764706,316,18.58823529411765,19,0,17,0.0,1,0,0,Inactive Customers,0.7121024394368043,Low,High,181.8709630321598
14882.0,2,589.7,53.60909090909092,158,14.363636363636363,26,7,11,1.0,1,0,0,Inactive Customers,0.7405847776877348,Medium,High,436.7228434024572
14883.0,6,761.59,14.369622641509434,790,14.90566037735849,18,193,53,47.0,54,0,0,Inactive Customers,0.29240350290508826,Medium,Medium,222.6915837774862
14885.0,1,765.3199999999999,51.02133333333333,724,48.266666666666666,131,0,15,0.0,1,1,0,Inactive Customers,0.695894107285773,Medium,High,532.5816781879477
14886.0,1,364.8,20.266666666666666,160,8.88888888888889,252,0,18,0.0,1,1,1,Inactive Customers,0.7278568829838614,Medium,High,265.52219091251266
14887.0,1,72.0,72.0,100,100.0,78,0,1,0.0,1,0,0,Inactive Customers,0.7118198614054604,Low,High,51.251030021193145
14888.0,1,369.2,18.46,184,9.2,206,0,20,0.0,1,1,1,Inactive Customers,0.7241439632261409,Medium,High,267.3539512230912
14889.0,1,135.9,13.59,90,9.0,335,0,10,0.0,1,1,1,Inactive Customers,0.7324686992318322,Low,High,99.542496225606
14890.0,1,125.65,17.95,51,7.285714285714286,253,0,7,0.0,1,1,1,Inactive Customers,0.740154843045493,Low,High,93.00045602866619
14891.0,2,554.38,16.79939393939394,505,15.303030303030303,147,39,33,1.0,1,1,1,Inactive Customers,0.6403057245895591,Medium,Medium,354.9726875979598
14893.0,2,1212.9,16.845833333333335,798,11.083333333333334,9,2,72,1.0,1,0,0,Inactive Customers,0.6506001513914138,High,Medium,789.1129236226459
14894.0,1,655.75,28.51086956521739,265,11.521739130434783,84,0,23,0.0,1,0,0,Inactive Customers,0.7220955253583283,Medium,High,473.5141407537238
14895.0,20,10723.26,22.20136645962733,4653,9.633540372670808,7,282,483,180.0,83,0,2,High-Value Active Customers,0.008972591399981597,High,Low,96.21543045576666
14896.0,2,468.77000000000004,10.901627906976746,279,6.488372093023256,204,160,43,1.0,1,1,1,Inactive Customers,0.4607811591834016,Medium,Medium,216.0003839904032
14897.0,4,1283.18,23.762592592592593,464,8.592592592592593,7,289,54,208.0,45,0,0,Inactive Customers,0.08836544595532748,High,Low,113.38877294095713
14898.0,6,1069.18,9.54625,586,5.232142857142857,22,347,112,68.0,217,0,0,Inactive Customers,0.08255930196206775,Medium,Low,88.2707544718036
14901.0,9,1421.29,14.805104166666666,661,6.885416666666667,10,361,96,250.0,90,0,0,Inactive Customers,0.03556940422238597,High,Low,50.55443852723495
14902.0,1,332.66,16.633000000000003,218,10.9,25,0,20,0.0,1,0,0,Inactive Customers,0.7205300429219222,Low,High,239.69152407840667
14903.0,5,2752.03,7.818267045454546,1533,4.355113636363637,20,257,352,32.0,179,0,0,Inactive Customers,0.07278217395459119,High,Low,200.2987261882536
14904.0,2,913.12,13.428235294117647,1697,24.955882352941178,1,23,68,1.0,1,0,0,Inactive Customers,0.5686301740078407,Medium,Medium,519.2275844900395
14905.0,2,616.15,36.24411764705882,287,16.88235294117647,157,76,17,1.0,1,1,1,Inactive Customers,0.6214583754927868,Medium,Medium,382.9115780598806
14907.0,7,3337.6,20.86,1681,10.50625,2,364,160,7.0,144,0,0,Inactive Customers,0.07845962515878502,High,Low,261.86684492996085
14908.0,1,277.8,30.866666666666667,132,14.666666666666666,73,0,9,0.0,1,0,0,Inactive Customers,0.7383356484160059,Low,High,205.10964312996643
14910.0,4,434.35,14.478333333333333,238,7.933333333333334,2,51,30,23.0,22,0,0,Inactive Customers,0.6045880746370375,Medium,Medium,262.6028302185972
14911.0,198,125132.11,22.817671407731584,70315,12.821845368344274,0,372,5484,259.0,111,0,3,High-Value Active Customers,2.0117362995857718e-17,High,Low,2.5173280793075974e-12
14912.0,2,811.69,31.218846153846155,827,31.807692307692307,16,229,26,1.0,1,0,0,Inactive Customers,0.33491554613202046,Medium,Medium,271.8475996398997
14913.0,4,1227.43,14.108390804597702,1743,20.03448275862069,35,323,87,85.0,147,0,0,Inactive Customers,0.0808056134726374,High,Low,99.18323414471934
14915.0,2,307.48,25.623333333333335,112,9.333333333333334,90,186,12,1.0,1,1,0,Inactive Customers,0.46373519604638286,Low,Medium,142.58929808034182
14916.0,4,1268.98,16.48025974025974,1136,14.753246753246753,70,253,77,174.0,22,0,0,Inactive Customers,0.10787807268665466,High,Low,136.89511667791103
14918.0,2,1610.15,35.781111111111116,675,15.0,115,38,45,1.0,1,1,0,Inactive Customers,0.6305235529730707,High,Medium,1015.2374988195899
14920.0,2,960.82,17.157500000000002,508,9.071428571428571,212,0,56,1.0,1,1,1,Inactive Customers,0.6811558209134632,Medium,Medium,654.4681358500737
14921.0,2,1316.07,16.872692307692308,953,12.217948717948717,29,171,78,1.0,1,0,0,Inactive Customers,0.3770501672836234,High,Medium,496.22441365695823
14923.0,1,749.1,17.025000000000002,418,9.5,50,0,44,0.0,1,0,0,Inactive Customers,0.6949782193657841,Medium,Medium,520.6081841269089
14924.0,1,185.05,20.561111111111114,63,7.0,245,0,9,0.0,1,1,1,Inactive Customers,0.7400707527118108,Low,High,136.9500927893206
14929.0,1,223.88,20.35272727272727,136,12.363636363636363,31,0,11,0.0,1,0,0,Inactive Customers,0.7316858263240205,Low,High,163.8098227974217
14930.0,3,2271.16,18.025079365079364,1160,9.206349206349206,108,165,126,1.0,1,1,0,Inactive Customers,0.3373688515705402,High,Medium,766.218640932948
14931.0,4,864.6800000000001,22.754736842105263,414,10.894736842105264,4,236,38,166.0,18,0,0,Inactive Customers,0.16279055811445003,Medium,Low,140.76173979040266
14932.0,1,313.53,19.595625,79,4.9375,365,0,16,0.0,1,1,1,Inactive Customers,0.7350601725222148,Low,High,230.46341589089
14934.0,2,1873.99,21.790581395348838,1041,12.104651162790697,81,200,86,1.0,1,0,0,Inactive Customers,0.3242283643796361,High,Medium,607.6007125637942
14935.0,1,1520.1599999999999,168.90666666666664,528,58.666666666666664,296,0,9,0.0,1,1,1,Inactive Customers,0.7759728764076484,High,High,1179.6029277998507
14936.0,8,7955.17,22.22114525139665,4074,11.379888268156424,33,241,358,209.0,32,0,0,Inactive Customers,0.018977087260268206,High,Low,150.96595526026783
14937.0,3,1621.88,47.70235294117647,484,14.235294117647058,56,73,34,1.0,1,0,0,Inactive Customers,0.6064427399010436,High,Medium,983.5773509907046
14944.0,12,5866.35,34.712130177514794,2813,16.644970414201183,29,266,169,110.0,114,0,2,High-Value Active Customers,0.06159908093130212,High,Low,361.3617684213442
14946.0,1,100.9,33.63333333333333,22,7.333333333333333,13,0,3,0.0,1,0,0,Inactive Customers,0.7545763976778475,Low,High,76.13675852569482
14947.0,2,275.82,21.216923076923077,178,13.692307692307692,71,58,13,1.0,1,0,0,Inactive Customers,0.6492019984532786,Low,Medium,179.0628952133833
14948.0,6,1101.97,17.491587301587302,673,10.682539682539682,22,196,63,109.0,75,0,0,Inactive Customers,0.21380657466361352,Medium,Low,235.6084310820622
14950.0,1,371.2,19.53684210526316,136,7.157894736842105,18,0,19,0.0,1,0,0,Inactive Customers,0.7288951619434736,Medium,High,270.5658841134174
14951.0,1,311.69,15.5845,311,15.55,78,0,20,0.0,1,0,0,Inactive Customers,0.7127037871291287,Low,High,222.14264341027814
14952.0,11,7785.09,57.24330882352941,3019,22.198529411764707,59,304,136,157.0,147,0,2,High-Value Active Customers,0.036428593721069935,High,Low,283.59988069196436
14953.0,1,289.82,5.269454545454545,225,4.090909090909091,24,0,55,0.0,1,0,0,Inactive Customers,0.695819505958159,Low,Medium,201.66240921679363
14954.0,1,296.27,3.5695180722891564,125,1.5060240963855422,11,0,83,0.0,1,0,0,Inactive Customers,0.6827831519423035,Low,Medium,202.28816442594626
14957.0,1,58.49,4.8741666666666665,34,2.8333333333333335,252,0,12,0.0,1,1,1,Inactive Customers,0.7324561352622887,Low,High,42.84135935149127
14958.0,3,435.88,11.176410256410255,125,3.2051282051282053,146,98,39,1.0,37,1,1,Inactive Customers,0.5568231573955813,Medium,Medium,242.708077845586
14959.0,4,695.42,11.786779661016949,494,8.372881355932204,63,232,59,80.0,45,0,0,Inactive Customers,0.22173320991424847,Medium,Low,154.19770883856665
14960.0,2,221.27,8.195185185185185,221,8.185185185185185,7,162,27,1.0,1,0,0,Inactive Customers,0.47118766145802465,Low,Medium,104.25969385081711
14961.0,9,7044.68,22.579102564102566,3708,11.884615384615385,10,349,312,113.0,221,0,0,Inactive Customers,0.015504706099115107,High,Low,109.22569296231421
14962.0,1,126.7,25.34,44,8.8,270,0,5,0.0,1,1,1,Inactive Customers,0.745647750584935,Low,High,94.47356999911128
14963.0,5,1487.8,7.514141414141414,1176,5.9393939393939394,9,173,198,125.0,23,0,0,Inactive Customers,0.15490704429763066,High,Low,230.4707005060149
14964.0,1,206.21,15.862307692307693,143,11.0,246,0,13,0.0,1,1,1,Inactive Customers,0.7281701163734603,Low,High,150.15595969737126
14965.0,2,599.0,7.216867469879518,365,4.397590361445783,95,0,83,1.0,1,1,0,Inactive Customers,0.6692671640297331,Medium,Medium,400.8910312538101
14966.0,1,191.32,5.034736842105263,187,4.921052631578948,14,0,38,0.0,1,0,0,Inactive Customers,0.7081131404144939,Low,High,135.47620602410097
14967.0,1,463.8,77.3,140,23.333333333333332,49,0,6,0.0,1,0,0,Inactive Customers,0.7638706880640275,Medium,High,354.28322512409596
14968.0,1,147.59,3.988918918918919,127,3.4324324324324325,29,0,37,0.0,1,0,0,Inactive Customers,0.711924014486477,Low,High,105.07286529805914
14970.0,4,1592.06,46.825294117647054,250,7.352941176470588,67,248,34,64.0,68,0,0,Inactive Customers,0.25111856285487855,High,Low,399.79581917873793
14971.0,3,1100.62,6.922138364779873,643,4.044025157232705,34,8,159,1.0,1,0,0,Inactive Customers,0.5873008239216505,Medium,Medium,646.3950328246469
14972.0,1,114.77,6.376111111111111,28,1.5555555555555556,127,0,18,0.0,1,1,0,Inactive Customers,0.7306799224170493,Low,High,83.86013469580475
14973.0,3,564.45,19.46379310344828,365,12.586206896551724,106,118,29,1.0,26,1,0,Inactive Customers,0.5235021461380439,Medium,Medium,295.4907863876189
14974.0,1,114.39,5.4471428571428575,44,2.0952380952380953,36,0,21,0.0,1,0,0,Inactive Customers,0.727222140440352,Low,High,83.18694064497187
14975.0,1,279.94,25.44909090909091,380,34.54545454545455,56,0,11,0.0,1,0,0,Inactive Customers,0.7084061390248784,Low,High,198.31121455862444
14976.0,6,775.86,10.927605633802816,233,3.2816901408450705,56,269,71,130.0,43,0,0,Inactive Customers,0.14837006465502361,Medium,Low,115.11439836324662
14978.0,5,1931.42,8.941759259259259,525,2.4305555555555554,71,258,216,13.0,217,0,0,Inactive Customers,0.13509680906189575,High,Low,260.9286789583267
14981.0,1,102.12,12.765,97,12.125,245,0,8,0.0,1,1,1,Inactive Customers,0.730761257359219,Low,High,74.62533960152345
14984.0,2,213.27,5.201707317073171,60,1.4634146341463414,18,161,41,1.0,1,0,0,Inactive Customers,0.4738406723217644,Low,Medium,101.0560001860627
14985.0,2,296.75,3.410919540229885,260,2.9885057471264367,197,159,87,1.0,1,1,1,Inactive Customers,0.4293810040943955,Low,Medium,127.41881296501187
14987.0,2,326.4,81.6,128,32.0,15,349,4,1.0,1,0,0,Inactive Customers,0.262289642514569,Low,Low,85.6113393167553
14988.0,1,334.54,8.3635,141,3.525,211,0,40,0.0,1,1,1,Inactive Customers,0.7109163429603411,Low,High,237.82995337395252
14995.0,2,233.23000000000002,3.82344262295082,103,1.6885245901639345,38,241,61,1.0,1,0,0,Inactive Customers,0.3352525136476591,Low,Medium,78.19094375804355
14997.0,3,546.1999999999999,21.007692307692306,1120,43.07692307692308,45,131,26,1.0,41,0,0,Inactive Customers,0.434919240698089,Medium,Medium,237.5528892692962
14998.0,2,429.87,5.7316,270,3.6,169,71,75,1.0,1,1,1,Inactive Customers,0.5755900919051655,Medium,Medium,247.42891280727352
15000.0,1,490.52,6.37038961038961,218,2.831168831168831,47,0,77,0.0,1,0,0,Inactive Customers,0.6818715485188741,Medium,Medium,334.4716319794781
15002.0,4,1641.76,14.276173913043479,862,7.495652173913044,115,251,115,28.0,181,1,0,Inactive Customers,0.16969237191839098,High,Low,278.5941485207376
15004.0,1,1214.42,7.735159235668791,628,4.0,146,0,157,0.0,1,1,1,Inactive Customers,0.6011278246880292,High,Medium,730.0216528576365
15005.0,28,6282.67,5.624592658907789,4245,3.8003581020590866,15,350,1117,179.0,161,0,2,High-Value Active Customers,0.0010241672655954244,High,Low,6.434504954538405
15006.0,1,502.09,3.486736111111111,302,2.0972222222222223,50,0,144,0.0,1,0,0,Inactive Customers,0.6313452877445339,Medium,Medium,316.992155523653
15007.0,1,156.91,13.075833333333334,69,5.75,158,0,12,0.0,1,1,1,Inactive Customers,0.7339470094012468,Low,High,115.16362524514963
15009.0,3,1245.13,6.879171270718233,641,3.541436464088398,11,12,181,1.0,7,0,0,Inactive Customers,0.5612481215183504,High,Medium,698.8268735461436
15010.0,1,308.94,15.447,184,9.2,35,0,20,0.0,1,0,0,Inactive Customers,0.7225030183335727,Low,High,223.21008248397393
15012.0,2,423.04,3.305,231,1.8046875,53,319,128,1.0,1,0,0,Inactive Customers,0.19578076200414923,Medium,Low,82.8230935582353
15014.0,2,260.17,7.433428571428572,151,4.314285714285714,42,133,35,1.0,1,0,0,Inactive Customers,0.5168427385762323,Low,Medium,134.46697529537838
15016.0,1,170.04,8.501999999999999,76,3.8,172,0,20,0.0,1,1,1,Inactive Customers,0.7269999141862178,Low,High,123.61906540822447
15017.0,1,125.58,6.279,63,3.15,33,0,20,0.0,1,0,0,Inactive Customers,0.726789251742237,Low,High,91.27019423379012
15018.0,3,431.26,14.87103448275862,187,6.448275862068965,38,329,29,1.0,214,0,0,Inactive Customers,0.1776725857950681,Medium,Low,76.62307934998107
15019.0,1,266.0,3.8,159,2.2714285714285714,266,0,70,0.0,1,1,1,Inactive Customers,0.6895834432526728,Low,Medium,183.42919590521097
15021.0,9,1894.8700000000001,4.02307855626327,846,1.7961783439490446,8,357,471,190.0,148,0,0,Inactive Customers,0.014430778204157587,High,Low,27.34444869571209
15022.0,3,865.09,6.45589552238806,542,4.044776119402985,11,35,134,1.0,14,0,0,Inactive Customers,0.5652505547956675,Medium,Medium,488.9926024481841
15023.0,11,6461.96,11.58057347670251,2865,5.134408602150538,2,366,558,200.0,156,0,2,High-Value Active Customers,0.005464024025793597,High,Low,35.30830469371719
15024.0,10,1661.33,10.718258064516128,920,5.935483870967742,9,357,155,254.0,49,0,0,Inactive Customers,0.030174960841598264,High,Low,50.13056769497244
15025.0,1,377.01,5.23625,189,2.625,32,0,72,0.0,1,0,0,Inactive Customers,0.6867549173923589,Medium,Medium,258.91347140609327
15026.0,3,469.0,7.688524590163935,285,4.672131147540983,79,197,61,1.0,159,0,0,Inactive Customers,0.3241062681961184,Medium,Medium,152.00583978397952
15027.0,4,1066.15,30.461428571428574,565,16.142857142857142,30,207,35,19.0,137,0,0,Inactive Customers,0.3043814159202444,Medium,Medium,324.5162465833686
15028.0,4,627.13,13.065208333333333,459,9.5625,7,360,48,325.0,34,0,0,Inactive Customers,0.030957712817228977,Medium,Low,19.41451043906881
15030.0,2,518.28,74.03999999999999,372,53.142857142857146,71,196,7,1.0,1,0,0,Inactive Customers,0.4397502131804341,Medium,Medium,227.9137404871554
15031.0,4,668.14,6.019279279279279,401,3.6126126126126126,3,277,111,172.0,25,0,0,Inactive Customers,0.10118853235146269,Medium,Low,67.60810600530628
15032.0,3,3639.1,75.81458333333333,2168,45.166666666666664,255,110,48,1.0,110,1,1,Inactive Customers,0.38264385816647023,High,Medium,1392.4792642536017
15033.0,10,2538.82,4.997677165354331,1692,3.3307086614173227,4,324,508,206.0,104,0,0,Inactive Customers,0.01294054824064384,High,Low,32.85372268431139
15034.0,8,4190.96,10.773676092544987,2415,6.208226221079691,15,338,389,121.0,217,0,0,Inactive Customers,0.01820629069045666,High,Low,76.30183603207625
15035.0,1,252.73000000000002,9.36037037037037,245,9.074074074074074,89,0,27,0.0,1,0,0,Inactive Customers,0.7119741558744687,Low,High,179.93722841415448
15036.0,3,465.55,3.665748031496063,327,2.574803149606299,71,107,127,1.0,105,0,0,Inactive Customers,0.4303781505871239,Medium,Medium,200.36254800583555
15038.0,6,705.49,5.426846153846154,217,1.6692307692307693,58,311,130,154.0,129,0,0,Inactive Customers,0.07629324788181996,Medium,Low,53.824123448145166
15039.0,47,19406.54,12.989651941097724,8243,5.517402945113789,9,359,1494,153.0,198,0,2,High-Value Active Customers,9.03186400840131e-05,High,Low,1.7527723015360035
15041.0,1,180.35,2.6917910447761195,104,1.5522388059701493,169,0,67,0.0,1,1,1,Inactive Customers,0.6943521267883349,Low,Medium,125.2264060662762
15042.0,1,135.93,27.186,30,6.0,198,0,5,0.0,1,1,1,Inactive Customers,0.7493711703077264,Low,High,101.86202317992925
15043.0,1,537.0,179.0,300,100.0,30,0,3,0.0,1,0,0,Inactive Customers,0.7741294632643131,Medium,High,415.7075217729361
15044.0,17,7643.38,16.947627494456764,2792,6.1906873614190685,18,342,451,99.0,222,0,2,High-Value Active Customers,0.013800235778840202,High,Low,105.48044614727162
15045.0,2,735.66,61.305,114,9.5,151,105,12,1.0,1,1,1,Inactive Customers,0.6167616431926857,Medium,Medium,453.72687043113115
15046.0,15,4477.59,22.38795,2857,14.285,8,329,200,137.0,185,0,2,High-Value Active Customers,0.030142767283543724,High,Low,134.96695336112253
15047.0,1,343.62,15.61909090909091,222,10.090909090909092,269,0,22,0.0,1,1,1,Inactive Customers,0.7189311715776382,Low,High,247.03912917750804
15048.0,4,384.05,3.959278350515464,195,2.0103092783505154,64,303,97,147.0,51,0,0,Inactive Customers,0.10392317508979451,Medium,Low,39.91169539323558
15049.0,1,121.17000000000002,40.39000000000001,63,21.0,273,0,3,0.0,1,1,1,Inactive Customers,0.7478470644918793,Low,High,90.61662880448102
15050.0,3,1782.09,22.84730769230769,1224,15.692307692307692,24,46,78,1.0,46,0,0,Inactive Customers,0.5353712693014452,High,Medium,954.0797853094124
15051.0,3,1305.81,9.195845070422536,855,6.02112676056338,22,127,142,1.0,26,0,0,Inactive Customers,0.3909987645662994,High,Medium,510.5700967583194
15052.0,1,135.88,4.68551724137931,80,2.7586206896551726,318,0,29,0.0,1,1,1,Inactive Customers,0.7197834689853276,Low,High,97.80417776572632
15053.0,3,697.79,9.828028169014084,986,13.887323943661972,4,277,71,1.0,151,0,0,Inactive Customers,0.19325365555313262,Medium,Low,134.8504683084204
15054.0,2,302.1,2.6500000000000004,198,1.736842105263158,11,28,114,1.0,1,0,0,Inactive Customers,0.6167231386102685,Low,Medium,186.31206017416213
15057.0,2,1489.5,59.58,668,26.72,274,40,25,1.0,1,1,1,Inactive Customers,0.6529031103850428,High,Medium,972.4991829185212
15058.0,11,2055.19,7.555845588235294,1065,3.9154411764705883,24,286,272,68.0,157,0,0,Inactive Customers,0.0744872877247245,High,Low,153.08552885897655
15059.0,9,1286.87,5.499444444444444,601,2.5683760683760686,40,293,234,119.0,129,0,0,Inactive Customers,0.07035394171730627,High,Low,90.53637697774991
15060.0,4,303.09000000000003,2.5048760330578514,263,2.1735537190082646,7,0,121,1.0,1,0,0,Inactive Customers,0.6507347261647667,Low,Medium,197.23118815327916
15061.0,47,37154.58,108.63912280701754,16103,47.08479532163743,3,368,342,110.0,250,0,2,High-Value Active Customers,0.0003491921629649949,High,Low,12.974088154255941
15062.0,4,987.86,17.330877192982456,763,13.385964912280702,70,288,57,74.0,146,0,0,Inactive Customers,0.13989487680802898,Medium,Low,138.1965530035795
15063.0,1,115.6,28.9,40,10.0,212,0,4,0.0,1,1,1,Inactive Customers,0.7480780974277894,Low,High,86.47782806265245
15065.0,4,2752.53,18.598175675675677,1373,9.277027027027026,37,253,148,63.0,126,0,0,Inactive Customers,0.12472946164401832,High,Low,343.3215850590098
15066.0,1,893.59,21.275952380952383,317,7.5476190476190474,52,0,42,0.0,1,0,0,Inactive Customers,0.7037289953157427,Medium,High,628.8451929241945
15067.0,3,1704.86,21.047654320987654,952,11.753086419753087,77,204,81,1.0,1,0,0,Inactive Customers,0.32783882387421237,High,Medium,558.9192972701896
15068.0,2,553.36,5.320769230769231,364,3.5,45,210,104,1.0,1,0,0,Inactive Customers,0.33528328820634506,Medium,Medium,185.5323603618631
15069.0,1,1092.58,15.834492753623188,519,7.521739130434782,178,0,69,0.0,1,1,1,Inactive Customers,0.671716953199298,Medium,Medium,733.904508726489
15070.0,1,106.2,106.2,36,36.0,372,0,1,0.0,1,1,1,Inactive Customers,0.7832513891616951,Low,High,83.18129752897202
15071.0,2,982.07,37.77192307692308,269,10.346153846153847,93,182,26,1.0,1,1,0,Inactive Customers,0.4541700935721222,Medium,Medium,446.026823794374
15073.0,3,1043.41,19.322407407407407,491,9.092592592592593,9,177,54,1.0,175,0,0,Inactive Customers,0.3410810828443496,Medium,Medium,355.8874126506229
15074.0,1,748.87,17.830238095238094,455,10.833333333333334,104,0,42,0.0,1,1,0,Inactive Customers,0.6942808525555694,Medium,Medium,519.9261020532892
15075.0,1,773.03,28.63074074074074,447,16.555555555555557,77,0,27,0.0,1,0,0,Inactive Customers,0.7075189528420259,Medium,High,546.9333761154713
15076.0,1,844.9,17.602083333333333,570,11.875,172,0,48,0.0,1,1,1,Inactive Customers,0.6836570896850708,Medium,Medium,577.6218750749163
15078.0,32,9743.11,22.14343181818182,5105,11.602272727272727,6,361,440,210.0,150,0,2,High-Value Active Customers,0.004550842321956227,High,Low,44.339357335474936
15079.0,3,773.76,17.194666666666667,386,8.577777777777778,212,153,45,1.0,102,1,1,Inactive Customers,0.42067682766325226,Medium,Medium,325.50290217271805
15081.0,5,488.15000000000003,15.254687500000001,189,5.90625,21,345,32,158.0,64,0,0,Inactive Customers,0.09209022279245267,Medium,Low,44.95384225613577
15083.0,1,88.2,17.64,38,7.6,256,0,5,0.0,1,1,1,Inactive Customers,0.7416805411418811,Low,High,65.41622372871392
15087.0,1,246.46,17.604285714285716,182,13.0,281,0,14,0.0,1,1,1,Inactive Customers,0.725458255972276,Low,High,178.79644176692713
15088.0,2,1075.07,19.197678571428572,459,8.196428571428571,20,45,56,1.0,1,0,0,Inactive Customers,0.620075055873988,Medium,Medium,666.6240903184482
15089.0,6,2403.89,16.693680555555556,1358,9.430555555555555,9,118,144,34.0,34,0,0,Inactive Customers,0.3255084569744404,High,Medium,782.4865246362875
15090.0,1,381.32,16.57913043478261,208,9.043478260869565,307,0,23,0.0,1,1,1,Inactive Customers,0.7200274042573768,Medium,High,274.5608497914229
15091.0,1,480.71,16.023666666666667,346,11.533333333333333,67,0,30,0.0,1,0,0,Inactive Customers,0.7069684436415211,Medium,High,339.8468005429156
15092.0,2,457.81,17.608076923076922,135,5.1923076923076925,214,68,26,1.0,1,1,1,Inactive Customers,0.6300003726172899,Medium,Medium,288.4204705879215
15093.0,6,4160.7,40.79117647058823,2320,22.745098039215687,17,353,102,84.0,188,0,0,Inactive Customers,0.05245390695472093,High,Low,218.24497066650736
15095.0,4,1370.6000000000001,29.161702127659577,1079,22.95744680851064,103,99,47,67.0,1,1,0,Inactive Customers,0.41071680601720106,High,Medium,562.9284543271758
15096.0,1,219.39000000000001,19.944545454545455,120,10.909090909090908,42,0,11,0.0,1,0,0,Inactive Customers,0.733124889043989,Low,High,160.84026940736075
15097.0,1,248.08,9.923200000000001,170,6.8,3,0,25,0.0,1,0,0,Inactive Customers,0.7183752600111726,Low,High,178.2145345035717
15098.0,1,297.0,297.0,60,60.0,181,0,1,0.0,1,1,1,Inactive Customers,0.8679849718936471,Low,High,257.7915366524132
15099.0,1,410.48,17.84695652173913,343,14.91304347826087,83,0,23,0.0,1,0,0,Inactive Customers,0.7108285811533493,Medium,High,291.7809159918269
15100.0,3,876.0,292.0,80,26.666666666666668,333,40,3,1.0,32,1,1,Inactive Customers,0.8381749058204888,Medium,High,734.2412174987483
15101.0,2,317.53000000000003,39.691250000000004,241,30.125,8,350,8,1.0,1,0,0,Inactive Customers,0.22772386301133707,Low,Low,72.30915822198986
15103.0,2,593.36,17.98060606060606,327,9.909090909090908,30,55,33,1.0,1,0,0,Inactive Customers,0.630213634740803,Medium,Medium,373.9435623098029
15104.0,2,837.99,14.203220338983051,626,10.610169491525424,196,85,59,1.0,1,1,1,Inactive Customers,0.5448804551811508,Medium,Medium,456.60437263725254
15105.0,7,2298.93,22.76168316831683,1211,11.990099009900991,17,116,101,48.0,49,0,0,Inactive Customers,0.3433130771793628,High,Medium,789.2527325199525
15106.0,5,1405.57,14.197676767676768,1180,11.919191919191919,17,251,99,57.0,123,0,0,Inactive Customers,0.158433840176309,High,Low,222.68985273661463
15107.0,6,319.5,19.96875,169,10.5625,310,61,16,38.0,21,1,1,Inactive Customers,0.5869576915535759,Low,Medium,187.5329824513675
15108.0,3,1159.25,20.337719298245613,490,8.596491228070175,141,85,57,1.0,45,1,0,Inactive Customers,0.5373854626962051,High,Medium,622.9640976305758
15109.0,1,451.05,17.348076923076924,129,4.961538461538462,245,0,26,0.0,1,1,1,Inactive Customers,0.7243085254548579,Medium,High,326.6993604064137
15110.0,4,756.4,23.6375,240,7.5,23,294,32,191.0,21,0,0,Inactive Customers,0.11071474374805684,Medium,Low,83.74463217103019
15111.0,3,1567.48,18.660476190476192,710,8.452380952380953,28,343,84,1.0,37,0,0,Inactive Customers,0.16624220897707534,High,Low,260.581337727386
15113.0,3,3525.81,35.97765306122449,2098,21.408163265306122,9,44,98,1.0,15,0,0,Inactive Customers,0.48110701856358834,High,Medium,1696.2919371216854
15114.0,10,2760.56,14.012994923857867,3096,15.715736040609137,29,271,197,153.0,85,0,0,Inactive Customers,0.04643839945554725,High,Low,128.1959880010055
15115.0,1,306.81,15.3405,155,7.75,17,0,20,0.0,1,0,0,Inactive Customers,0.7246707709569172,Low,High,222.33623923729178
15116.0,4,1352.75,30.06111111111111,648,14.4,17,187,45,70.0,40,0,0,Inactive Customers,0.2933982313609349,High,Medium,396.8944574735047
15117.0,5,1183.13,15.5675,847,11.144736842105264,14,200,76,94.0,35,0,0,Inactive Customers,0.22196167947263157,High,Low,262.6095218344546
15119.0,1,192.55,16.045833333333334,85,7.083333333333333,245,0,12,0.0,1,1,1,Inactive Customers,0.7341542797487803,Low,High,141.36140656562768
15120.0,1,302.92,15.943157894736842,294,15.473684210526315,133,0,19,0.0,1,1,0,Inactive Customers,0.7144016412656263,Low,High,216.40654517218354
15121.0,2,416.07,16.002692307692307,197,7.576923076923077,49,238,26,1.0,1,0,0,Inactive Customers,0.3622167346347178,Medium,Medium,150.70751677946703
15122.0,3,1633.78,19.924146341463413,800,9.75609756097561,113,183,82,1.0,89,1,0,Inactive Customers,0.3291353124354773,High,Medium,537.734690750834
15123.0,2,2199.31,20.748207547169812,1195,11.273584905660377,6,198,106,1.0,1,0,0,Inactive Customers,0.3041513733256518,High,Medium,668.9231568688392
15124.0,2,184.19,12.279333333333334,233,15.533333333333333,22,169,15,1.0,1,0,0,Inactive Customers,0.4657493231939434,Low,Medium,85.78636783909243
15125.0,15,10756.84,87.4539837398374,5709,46.41463414634146,24,245,123,92.0,146,0,2,High-Value Active Customers,0.042573487147066706,High,Low,457.95618948305304
15127.0,1,406.53000000000003,25.408125000000002,251,15.6875,65,0,16,0.0,1,0,0,Inactive Customers,0.7237634187578824,Medium,High,294.23154262764194
15128.0,4,1471.0,14.42156862745098,1343,13.166666666666666,59,159,102,50.0,66,0,0,Inactive Customers,0.2699803332739245,High,Low,397.14107024594296
15129.0,11,3326.77,40.57036585365854,1649,20.109756097560975,49,241,82,113.0,126,0,0,Inactive Customers,0.12001557559232962,High,Low,399.2642164132944
15130.0,1,330.11,15.005,197,8.954545454545455,169,0,22,0.0,1,1,1,Inactive Customers,0.7204540477806142,Low,High,237.82908571285856
15132.0,5,977.9300000000001,18.806346153846157,679,13.057692307692308,17,244,52,62.0,87,0,0,Inactive Customers,0.21092001321869838,Medium,Low,206.26500852696174
15133.0,3,982.42,33.87655172413793,680,23.448275862068964,127,174,29,1.0,129,1,0,Inactive Customers,0.37379923815886285,Medium,Medium,367.22784755203
15134.0,8,1387.99,19.013561643835615,887,12.150684931506849,14,225,73,113.0,57,0,0,Inactive Customers,0.17429962700681123,High,Low,241.9261392891839
15135.0,1,139.05,15.450000000000001,43,4.777777777777778,238,0,9,0.0,1,1,1,Inactive Customers,0.7392424998519938,Low,High,102.79166960441974
15136.0,4,1286.7,18.92205882352941,776,11.411764705882353,2,93,68,1.0,19,0,0,Inactive Customers,0.5097903034237582,High,Medium,655.9471834153497
15139.0,2,178.96,13.766153846153847,208,16.0,239,96,13,1.0,1,1,1,Inactive Customers,0.5837777586174357,Low,Medium,104.4728676821763
15140.0,7,2275.05,28.798101265822787,1428,18.075949367088608,51,211,79,65.0,63,0,0,Inactive Customers,0.20588578599378513,High,Low,468.4004574251609
15142.0,1,498.74,19.182307692307692,365,14.038461538461538,45,0,26,0.0,1,0,0,Inactive Customers,0.7089313118284867,Medium,High,353.57240246133944
15143.0,1,259.45,18.532142857142855,150,10.714285714285714,225,0,14,0.0,1,1,1,Inactive Customers,0.7289662076362935,Low,High,189.13028257123634
15144.0,17,6580.4400000000005,30.32460829493088,3050,14.055299539170507,7,304,217,174.0,104,0,2,High-Value Active Customers,0.02824761974116777,High,Low,185.88176684957006
15145.0,4,1178.78,17.86030303030303,755,11.43939393939394,3,244,66,21.0,39,0,0,Inactive Customers,0.2579088130577336,High,Low,304.01775065619523
15146.0,2,1327.16,14.584175824175825,1473,16.186813186813186,164,126,91,1.0,1,1,1,Inactive Customers,0.4057717202221041,High,Medium,538.5239962099678
15147.0,1,623.5,22.267857142857142,366,13.071428571428571,239,0,28,0.0,1,1,1,Inactive Customers,0.7095238289228621,Medium,High,442.38810733340455
15148.0,1,301.29,15.0645,187,9.35,10,0,20,0.0,1,0,0,Inactive Customers,0.7220633005773236,Low,High,217.55045183094185
15149.0,1,520.8000000000001,22.643478260869568,128,5.565217391304348,133,0,23,0.0,1,1,0,Inactive Customers,0.7288772614226905,Medium,High,379.59927774893725
15150.0,10,5250.62,15.443,3655,10.75,16,251,340,160.0,57,0,0,Inactive Customers,0.028836781699587755,High,Low,151.41098272748945
15152.0,13,4745.69,17.511771217712177,2704,9.977859778597786,9,177,271,73.0,75,0,2,High-Value Active Customers,0.10554992564078068,High,Low,500.9072266141964
15153.0,1,312.3,14.871428571428572,197,9.380952380952381,30,0,21,0.0,1,0,0,Inactive Customers,0.720801680773121,Low,High,225.1063649054457
15154.0,1,296.42,3.487294117647059,104,1.223529411764706,74,0,85,0.0,1,0,0,Inactive Customers,0.6825370253869052,Low,Medium,202.31762506518646
15156.0,3,961.49,17.481636363636365,597,10.854545454545455,0,32,55,1.0,3,0,0,Inactive Customers,0.630974846946405,Medium,Medium,606.676005590499
15157.0,3,1851.07,14.927983870967742,2391,19.282258064516128,3,354,124,1.0,150,0,0,Inactive Customers,0.08313937632339197,High,Low,153.89680533094116
15158.0,1,401.40000000000003,57.34285714285715,198,28.285714285714285,44,0,7,0.0,1,0,0,Inactive Customers,0.7446682240645535,Medium,High,298.9098251395118
15159.0,29,18101.11,25.602701555869874,11435,16.173974540311175,1,359,707,176.0,169,0,2,High-Value Active Customers,0.00047727010204259385,High,Low,8.639118616784216
15160.0,1,158.16,39.54,84,21.0,356,0,4,0.0,1,1,1,Inactive Customers,0.7455837800578389,Low,High,117.9215306539478
15163.0,2,304.47,10.49896551724138,186,6.413793103448276,17,173,29,1.0,1,0,0,Inactive Customers,0.45691139320369345,Low,Medium,139.11581188872856
15164.0,3,843.05,8.18495145631068,360,3.495145631067961,68,270,103,1.0,139,0,0,Inactive Customers,0.2123429439673804,Medium,Low,179.01571891170005
15165.0,1,468.8,18.03076923076923,159,6.115384615384615,372,0,26,0.0,1,1,1,Inactive Customers,0.7226010498799667,Medium,High,338.75537218372835
15167.0,1,163.0,3.975609756097561,67,1.6341463414634145,320,0,41,0.0,1,1,1,Inactive Customers,0.7130978097706203,Low,High,116.23494299261111
15168.0,1,106.56,21.312,52,10.4,25,0,5,0.0,1,0,0,Inactive Customers,0.7415446442440606,Low,High,79.0189972906471
15171.0,1,1289.5,257.9,290,58.0,330,0,5,0.0,1,1,1,Inactive Customers,0.8378407874176884,High,High,1080.3956953751092
15172.0,5,1609.05,14.761926605504586,1610,14.770642201834862,8,227,109,39.0,127,0,0,Inactive Customers,0.17490222640441805,High,Low,281.4264273960288
15174.0,1,135.75,12.340909090909092,145,13.181818181818182,322,0,11,0.0,1,1,1,Inactive Customers,0.7257265469317914,Low,High,98.51737874599068
15175.0,1,224.14,9.745217391304347,454,19.73913043478261,71,0,23,0.0,1,0,0,Inactive Customers,0.6981914381333695,Low,High,156.49262894321342
15178.0,1,40.5,13.5,30,10.0,259,0,3,0.0,1,1,1,Inactive Customers,0.7388755512809267,Low,High,29.924459826877534
15179.0,5,2042.79,22.448241758241757,1506,16.54945054945055,17,300,91,67.0,215,0,0,Inactive Customers,0.09427045035522229,High,Low,192.57473328114455
15180.0,1,87.5,14.583333333333334,36,6.0,366,0,6,0.0,1,1,1,Inactive Customers,0.7401939110691561,Low,High,64.76696721855116
15181.0,3,689.48,43.0925,544,34.0,65,203,16,1.0,109,0,0,Inactive Customers,0.35673139063659287,Medium,Medium,245.95915921611805
15182.0,2,622.85,21.477586206896554,253,8.724137931034482,153,114,29,1.0,1,1,1,Inactive Customers,0.5505662450561717,Medium,Medium,342.92018573323656
15184.0,2,406.76,6.456507936507936,223,3.5396825396825395,28,161,63,1.0,1,0,0,Inactive Customers,0.44658513886831286,Medium,Medium,181.65297108607493
15185.0,1,230.72,11.536,664,33.2,69,0,20,0.0,1,0,0,Inactive Customers,0.6818047391355864,Low,Medium,157.30598941336248
15186.0,2,411.41,21.653157894736843,215,11.31578947368421,13,154,19,1.0,1,0,0,Inactive Customers,0.49716426129268465,Medium,Medium,204.5383487384234
15187.0,15,4697.38,52.779550561797755,1706,19.168539325842698,1,210,89,141.0,48,0,2,High-Value Active Customers,0.13491513800660548,High,Low,633.7476709694685
15189.0,41,15634.95,75.16802884615385,5548,26.673076923076923,0,331,208,176.0,148,0,2,High-Value Active Customers,0.010875803095030813,High,Low,170.04263760065203
15192.0,3,1044.32,20.47686274509804,918,18.0,119,245,51,1.0,71,1,0,Inactive Customers,0.2685589699858794,Medium,Low,280.46150353565355
15193.0,1,499.32,26.28,144,7.578947368421052,60,0,19,0.0,1,0,0,Inactive Customers,0.7319524523626431,Medium,High,365.47849851371495
15194.0,15,7311.28,23.815244299674266,5540,18.04560260586319,2,365,307,119.0,213,0,2,High-Value Active Customers,0.009686474860627538,High,Low,70.8205299190089
15197.0,3,660.21,21.297096774193548,457,14.741935483870968,10,347,31,1.0,241,0,0,Inactive Customers,0.14529201695308708,Medium,Low,95.92324251259762
15198.0,2,193.64,19.363999999999997,120,12.0,91,31,10,1.0,1,1,0,Inactive Customers,0.6920442893266671,Low,Medium,134.0074561852158
15199.0,4,1268.7,97.5923076923077,396,30.46153846153846,58,249,13,72.0,35,0,0,Inactive Customers,0.281546874576914,High,Low,357.1985197757308
15201.0,5,1236.54,17.92086956521739,1210,17.536231884057973,86,160,69,43.0,39,0,0,Inactive Customers,0.31513650290688044,High,Medium,389.67889130447395
15203.0,6,1827.8,12.871830985915492,1753,12.345070422535212,25,285,142,175.0,79,0,0,Inactive Customers,0.05936713498440973,High,Low,108.5112493245041
15204.0,1,316.58,35.175555555555555,258,28.666666666666668,356,0,9,0.0,1,1,1,Inactive Customers,0.7258554451887005,Low,High,229.7913168378388
15205.0,2,619.34,17.69542857142857,376,10.742857142857142,84,42,35,1.0,1,0,0,Inactive Customers,0.6443431590404254,Medium,Medium,399.0674921200971
15206.0,4,420.3,46.7,162,18.0,9,265,9,130.0,89,0,0,Inactive Customers,0.17950583332562625,Medium,Low,75.44630174676071
15208.0,5,870.12,20.717142857142857,316,7.523809523809524,0,352,42,190.0,62,0,0,Inactive Customers,0.07068057638314797,Medium,Low,61.50058312250471
15210.0,1,245.28,13.626666666666667,226,12.555555555555555,224,0,18,0.0,1,1,1,Inactive Customers,0.7187647009392633,Low,High,176.2986058463825
15211.0,2,894.4100000000001,17.20019230769231,240,4.615384615384615,59,304,52,1.0,1,0,0,Inactive Customers,0.2543389264593191,Medium,Low,227.4832792144796
15212.0,1,101.8,20.36,36,7.2,240,0,5,0.0,1,1,1,Inactive Customers,0.7438366255058977,Low,High,75.72256847650038
15213.0,2,328.35,13.68125,272,11.333333333333334,318,11,24,1.0,1,1,1,Inactive Customers,0.6984349117332521,Low,High,229.33110326761334
15214.0,8,1661.44,15.104000000000001,1254,11.4,1,241,110,179.0,37,0,0,Inactive Customers,0.09841601179131797,High,Low,163.51229863056733
15215.0,3,709.94,20.88058823529412,224,6.588235294117647,46,49,34,1.0,1,0,0,Inactive Customers,0.6475816586781368,Medium,Medium,459.7441227619565
15216.0,1,96.6,48.3,28,14.0,87,0,2,0.0,1,0,0,Inactive Customers,0.760226514325628,Low,High,73.43788128385566
15218.0,11,4708.89,29.4305625,2209,13.80625,10,308,160,181.0,127,0,0,Inactive Customers,0.037603162530049784,High,Low,177.06915600612615
15219.0,1,305.75,33.97222222222222,45,5.0,175,0,9,0.0,1,1,1,Inactive Customers,0.7504587967515808,Low,High,229.45277710679582
15220.0,6,1778.96,15.204786324786324,1393,11.905982905982906,51,229,117,77.0,118,0,0,Inactive Customers,0.14853201313570463,High,Low,264.2325100878931
15221.0,1,264.6,88.2,36,12.0,365,0,3,0.0,1,1,1,Inactive Customers,0.7851699389639752,Low,High,207.75596584986786
15222.0,1,585.0,117.0,440,88.0,318,0,5,0.0,1,1,1,Inactive Customers,0.7336861198758622,Medium,High,429.20638012737936
15223.0,2,755.75,37.7875,213,10.65,225,23,20,1.0,1,1,1,Inactive Customers,0.7023055398933395,Medium,High,530.7674117743913
15224.0,2,322.08,23.005714285714284,152,10.857142857142858,357,4,14,1.0,1,1,1,Inactive Customers,0.7258304304448481,Low,High,233.77546503767667
15225.0,1,409.40000000000003,17.8,226,9.826086956521738,233,0,23,0.0,1,1,1,Inactive Customers,0.7193586654679774,Medium,High,294.50543764259
15226.0,1,154.41,19.30125,71,8.875,310,0,8,0.0,1,1,1,Inactive Customers,0.7383611635269396,Low,High,114.01034726019473
15227.0,5,1083.8,20.449056603773585,742,14.0,36,280,53,32.0,179,0,0,Inactive Customers,0.17437148887216836,Medium,Low,188.98381963965605
15228.0,4,3318.91,26.9830081300813,2251,18.30081300813008,65,228,123,125.0,63,0,0,Inactive Customers,0.10271846720850894,High,Low,340.9133480029924
15230.0,2,429.6,18.678260869565218,351,15.26086956521739,238,1,23,1.0,1,1,1,Inactive Customers,0.7087377630265694,Medium,High,304.47374299621424
15232.0,2,612.06,19.743870967741934,686,22.129032258064516,112,27,31,1.0,1,1,0,Inactive Customers,0.6469083693741944,Medium,Medium,395.9467365591694
15234.0,1,197.0,14.071428571428571,196,14.0,276,0,14,0.0,1,1,1,Inactive Customers,0.7220286621539551,Low,High,142.23964644432917
15235.0,12,2213.61,15.69936170212766,1322,9.375886524822695,217,155,141,50.0,104,1,1,Inactive Customers,0.2413528890630622,High,Low,534.2611687588852
15236.0,1,321.05,21.403333333333332,269,17.933333333333334,298,0,15,0.0,1,1,1,Inactive Customers,0.7198101487795981,Low,High,231.09504826569
15237.0,4,1395.37,14.238469387755101,1070,10.918367346938776,1,225,98,23.0,76,0,0,Inactive Customers,0.23251518362034745,High,Low,324.4447117683242
15238.0,3,946.99,19.326326530612246,691,14.10204081632653,28,154,49,1.0,65,0,0,Inactive Customers,0.41301887144696664,Medium,Medium,391.12474107156294
15239.0,2,780.59,15.930408163265307,594,12.122448979591837,9,68,49,1.0,1,0,0,Inactive Customers,0.580955848959363,Medium,Medium,453.4883261391892
15240.0,5,1706.57,21.879102564102563,1369,17.55128205128205,44,267,78,70.0,146,0,0,Inactive Customers,0.13343563850575685,High,Low,227.71725760476946
15241.0,8,1741.44,15.97651376146789,1817,16.6697247706422,66,216,109,99.0,88,0,0,Inactive Customers,0.14121560387329235,High,Low,245.91850120910624
15243.0,1,316.68,14.394545454545455,185,8.409090909090908,73,0,22,0.0,1,0,0,Inactive Customers,0.7210165907025352,Low,High,228.33153394367886
15244.0,2,631.57,18.57558823529412,405,11.911764705882353,64,182,34,1.0,1,0,0,Inactive Customers,0.4270723096029212,Medium,Medium,269.72605857591697
15245.0,3,2515.84,28.267865168539327,1784,20.04494382022472,133,127,89,1.0,53,1,0,Inactive Customers,0.36460842372282454,High,Medium,917.2964567388309
15246.0,2,514.15,15.58030303030303,247,7.484848484848484,237,120,33,1.0,1,1,1,Inactive Customers,0.5355759826612467,Medium,Medium,275.36639148528
15247.0,1,356.0,59.333333333333336,160,26.666666666666668,121,0,6,0.0,1,1,0,Inactive Customers,0.749586042651271,Low,High,266.8526311838525
15249.0,13,6663.51,19.093151862464182,3576,10.246418338108883,31,224,349,100.0,96,0,2,High-Value Active Customers,0.04228871924515098,High,Low,281.79130357725603
15251.0,10,9152.19,90.61574257425742,4587,45.415841584158414,8,232,101,114.0,97,0,2,High-Value Active Customers,0.062401242386609455,High,Low,571.1080265583032
15252.0,2,740.78,16.83590909090909,522,11.863636363636363,35,146,44,1.0,1,0,0,Inactive Customers,0.4674116672851805,Medium,Medium,346.24921489151603
15253.0,5,918.2,17.324528301886794,866,16.339622641509433,15,153,53,81.0,1,0,0,Inactive Customers,0.31977319809817667,Medium,Medium,293.61575049374585
15254.0,1,300.36,16.686666666666667,275,15.277777777777779,126,0,18,0.0,1,1,0,Inactive Customers,0.7164920210066352,Low,High,215.20554342955296
15255.0,1,890.85,18.95425531914894,489,10.404255319148936,66,0,47,0.0,1,0,0,Inactive Customers,0.6894696583857453,Medium,Medium,614.2140451729412
15256.0,1,98.45,16.408333333333335,55,9.166666666666666,148,0,6,0.0,1,1,1,Inactive Customers,0.7383577635257645,Low,High,72.69132181911152
15257.0,1,118.25,23.65,43,8.6,282,0,5,0.0,1,1,1,Inactive Customers,0.7447229653933082,Low,High,88.06349065775869
15258.0,2,591.26,17.916969696969698,140,4.242424242424242,168,48,33,1.0,1,1,1,Inactive Customers,0.6536042406222734,Medium,Medium,386.4500433103254
15260.0,7,1794.8200000000002,23.61605263157895,884,11.631578947368421,99,272,76,169.0,86,1,0,Inactive Customers,0.09564498376476756,High,Low,171.66552976068013
15261.0,1,254.82,13.41157894736842,270,14.210526315789474,134,0,19,0.0,1,1,0,Inactive Customers,0.7148988261140172,Low,High,182.17051887037385
15262.0,1,178.95000000000002,17.895000000000003,73,7.3,323,0,10,0.0,1,1,1,Inactive Customers,0.7370593511247608,Low,High,131.89677088377596
15263.0,1,156.51,13.042499999999999,89,7.416666666666667,106,0,12,0.0,1,1,0,Inactive Customers,0.7319278098270773,Low,High,114.55402151603586
15264.0,1,393.74,17.11913043478261,265,11.521739130434783,63,0,23,0.0,1,0,0,Inactive Customers,0.7161677746349615,Medium,High,281.98389958476974
15265.0,2,1489.17,18.384814814814817,611,7.54320987654321,150,84,81,1.0,1,1,1,Inactive Customers,0.5297750800488501,High,Medium,788.9251559563461
15266.0,1,119.3,19.883333333333333,18,3.0,337,0,6,0.0,1,1,1,Inactive Customers,0.7464728601728784,Low,High,89.05421221862439
15267.0,5,1567.6,156.76,800,80.0,21,160,10,27.0,36,0,0,Inactive Customers,0.45934643281788173,High,Medium,720.0714680853114
15269.0,1,118.8,118.8,24,24.0,23,0,1,0.0,1,0,0,Inactive Customers,0.7987625451351689,Low,High,94.89299036205806
15270.0,7,1436.69,39.908055555555556,751,20.86111111111111,15,294,36,8.0,222,0,0,Inactive Customers,0.18287082343824043,High,Low,262.72868332548563
15271.0,15,2449.2200000000003,9.037712177121772,1259,4.645756457564576,6,358,271,202.0,121,0,0,Inactive Customers,0.023251457570888385,High,Low,56.947934911771256
15272.0,2,721.94,11.45936507936508,310,4.920634920634921,56,28,63,1.0,1,0,0,Inactive Customers,0.647054832665172,Medium,Medium,467.13476589429433
15274.0,2,716.57,15.246170212765959,619,13.170212765957446,3,14,47,1.0,1,0,0,Inactive Customers,0.6604377576487002,Medium,Medium,473.2498839983291
15275.0,1,615.14,15.003414634146342,498,12.146341463414634,37,0,41,0.0,1,0,0,Inactive Customers,0.6912386021806729,Medium,Medium,425.2085137454191
15276.0,1,135.31,2.602115384615385,64,1.2307692307692308,65,0,52,0.0,1,0,0,Inactive Customers,0.7060075332524064,Low,High,95.52987932438312
15277.0,1,255.89999999999998,21.325,205,17.083333333333332,46,0,12,0.0,1,0,0,Inactive Customers,0.7253066308016984,Low,High,185.6059668221546
15279.0,1,270.56,15.03111111111111,188,10.444444444444445,354,0,18,0.0,1,1,1,Inactive Customers,0.722658165345474,Low,High,195.52239321587146
15280.0,1,113.12,7.07,154,9.625,171,0,16,0.0,1,1,1,Inactive Customers,0.7214351625549132,Low,High,81.60874558821179
15281.0,9,2332.15,16.778057553956835,1211,8.712230215827338,58,274,139,101.0,142,0,0,Inactive Customers,0.09569232064031415,High,Low,223.16884558130866
15286.0,1,240.55,80.18333333333334,55,18.333333333333332,49,0,3,0.0,1,0,0,Inactive Customers,0.7755404817005401,Low,High,186.55626287306492
15287.0,2,414.69,21.82578947368421,233,12.263157894736842,21,48,19,1.0,1,0,0,Inactive Customers,0.6572575076581829,Medium,Medium,272.55811585077186
15288.0,5,2306.52,26.210454545454546,775,8.806818181818182,42,322,88,101.0,157,0,0,Inactive Customers,0.08985950123035423,High,Low,207.26273677783664
15289.0,3,939.78,16.20310344827586,1008,17.379310344827587,28,220,58,1.0,108,0,0,Inactive Customers,0.2772710626163999,Medium,Low,260.5737992256403
15290.0,18,7778.46,38.50722772277228,4356,21.564356435643564,4,354,202,200.0,123,0,2,High-Value Active Customers,0.01334987828432998,High,Low,103.84149423952938
15291.0,13,4227.3,42.273,1814,18.14,25,348,100,105.0,222,0,0,Inactive Customers,0.05191572447868136,High,Low,219.46334208872972
15292.0,1,164.99,6.874583333333334,55,2.2916666666666665,200,0,24,0.0,1,1,1,Inactive Customers,0.7254330307208808,Low,High,119.68919573863813
15296.0,6,3672.86,18.932268041237116,1766,9.103092783505154,50,275,194,142.0,125,0,0,Inactive Customers,0.05727070573009404,High,Low,210.3472842478332
15297.0,3,641.94,16.46,292,7.487179487179487,9,53,39,1.0,19,0,0,Inactive Customers,0.6238584856837535,Medium,Medium,400.47971629982874
15298.0,11,3809.9,19.94712041884817,2756,14.429319371727749,1,364,191,179.0,90,0,0,Inactive Customers,0.0239195555495457,High,Low,91.13111468821417
15299.0,2,1169.85,584.925,189,94.5,66,304,2,1.0,1,0,0,Inactive Customers,0.6946435841501851,High,Medium,812.628796918094
15300.0,1,496.44,17.73,292,10.428571428571429,63,0,28,0.0,1,0,0,Inactive Customers,0.7123553067785047,Medium,High,353.64166849712086
15301.0,11,4447.85,18.379545454545458,2625,10.847107438016529,50,317,242,181.0,121,0,0,Inactive Customers,0.025830335965015914,High,Low,114.88945982199604
15303.0,1,542.12,18.070666666666668,246,8.2,289,0,30,0.0,1,1,1,Inactive Customers,0.7144948323816828,Medium,High,387.3419385307579
15304.0,8,694.4,30.191304347826087,104,4.521739130434782,60,307,23,132.0,158,0,0,Inactive Customers,0.12300776260716186,Medium,Low,85.41659035441319
15306.0,3,1174.3500000000001,20.24741379310345,810,13.96551724137931,63,83,58,1.0,28,0,0,Inactive Customers,0.5267189490658403,High,Medium,618.5523978354696
15307.0,1,205.3,17.108333333333334,37,3.0833333333333335,95,0,12,0.0,1,1,0,Inactive Customers,0.7395468615815338,Low,High,151.8289706826889
15308.0,1,310.47,16.340526315789475,175,9.210526315789474,273,0,19,0.0,1,1,1,Inactive Customers,0.7240848579469988,Low,High,224.80662584680474
15311.0,91,56591.06,24.01997453310696,33958,14.413412563667233,0,373,2356,188.0,178,0,3,High-Value Active Customers,6.963869042326827e-09,High,Low,0.00039409273080645996
15312.0,4,924.85,19.677659574468084,516,10.97872340425532,74,279,47,139.0,27,0,0,Inactive Customers,0.13854038728953724,Medium,Low,128.12907718472852
15313.0,1,52.0,52.0,25,25.0,109,0,1,0.0,1,1,0,Inactive Customers,0.7561004169730295,Low,High,39.317221682597534
15314.0,1,327.97,13.665416666666667,313,13.041666666666666,198,0,24,0.0,1,1,1,Inactive Customers,0.7105222953636555,Low,High,233.02999721041812
15315.0,2,570.5,15.41891891891892,862,23.2972972972973,63,51,37,1.0,1,0,0,Inactive Customers,0.5947594956527825,Medium,Medium,339.31029226991245
15316.0,1,165.0,165.0,100,100.0,326,0,1,0.0,1,1,1,Inactive Customers,0.7760460381588502,Low,High,128.0475962962103
15318.0,1,312.62,9.473333333333333,642,19.454545454545453,3,0,33,0.0,1,0,0,Inactive Customers,0.683159128199109,Low,Medium,213.56920665760543
15319.0,1,204.5,12.78125,175,10.9375,283,0,16,0.0,1,1,1,Inactive Customers,0.7229578774239437,Low,High,147.84488593319648
15320.0,1,197.53,5.643714285714286,86,2.4571428571428573,43,0,35,0.0,1,0,0,Inactive Customers,0.716271294947107,Low,High,141.48506889090203
15321.0,3,2748.31,28.92957894736842,1181,12.43157894736842,70,220,95,1.0,1,0,0,Inactive Customers,0.28313581003978794,High,Low,778.1449780904496
15322.0,1,679.68,16.18285714285714,416,9.904761904761905,85,0,42,0.0,1,0,0,Inactive Customers,0.6960496380682724,Medium,High,473.09101800224335
15325.0,1,162.29,3.3120408163265305,232,4.73469387755102,103,0,49,0.0,1,1,0,Inactive Customers,0.6985703165287723,Low,High,113.37097666945445
15326.0,1,311.71,10.748620689655171,386,13.310344827586206,333,0,29,0.0,1,1,1,Inactive Customers,0.7022220533069355,Low,High,218.88963623630485
15327.0,1,208.75,20.875,116,11.6,52,0,10,0.0,1,0,0,Inactive Customers,0.7341159775836248,Low,High,153.24671032058168
15329.0,3,1049.7,18.41578947368421,486,8.526315789473685,38,132,57,1.0,95,0,0,Inactive Customers,0.4406605116456045,Medium,Medium,462.56133907439107
15330.0,2,297.35999999999996,29.735999999999997,592,59.2,31,28,10,1.0,1,0,0,Inactive Customers,0.6435764767861772,Low,Medium,191.37390113713764
15332.0,4,1661.06,47.45885714285714,652,18.62857142857143,365,3,35,1.0,3,1,1,Inactive Customers,0.6938891536177566,High,Medium,1152.5915175083107
15333.0,1,1028.56,64.285,344,21.5,207,0,16,0.0,1,1,1,Inactive Customers,0.7381574751749314,Medium,High,759.2392526659273
15334.0,3,351.67,3.5522222222222224,274,2.7676767676767677,156,16,99,1.0,6,1,1,Inactive Customers,0.6392528836539543,Low,Medium,224.8060615945861
15335.0,1,173.97,4.8325,80,2.2222222222222223,53,0,36,0.0,1,0,0,Inactive Customers,0.7157060831100668,Low,High,124.51138727865832
15339.0,2,574.07,6.675232558139536,416,4.837209302325581,65,251,86,1.0,1,0,0,Inactive Customers,0.2889152511039561,Medium,Medium,165.8575782012481
15341.0,1,2020.52,118.85411764705883,812,47.76470588235294,80,0,17,0.0,1,0,0,Inactive Customers,0.7303215776386742,High,High,1475.629354050494
15342.0,1,406.09000000000003,16.920416666666668,283,11.791666666666666,129,0,24,0.0,1,1,0,Inactive Customers,0.7143714536391421,Medium,High,290.09910360831924
15343.0,1,364.5,17.357142857142858,84,4.0,86,0,21,0.0,1,0,0,Inactive Customers,0.7305516915627471,Medium,High,266.2860915746213
15344.0,3,563.94,21.69,116,4.461538461538462,0,73,26,1.0,31,0,0,Inactive Customers,0.614266689018267,Medium,Medium,346.4095566049615
15345.0,1,373.59000000000003,19.66263157894737,80,4.2105263157894735,45,0,19,0.0,1,0,0,Inactive Customers,0.7332984407542639,Medium,High,273.95296448138544
15346.0,1,252.42000000000002,14.848235294117648,144,8.470588235294118,332,0,17,0.0,1,1,1,Inactive Customers,0.7264912258404453,Low,High,183.38091522664521
15347.0,1,201.60000000000002,40.32000000000001,130,26.0,365,0,5,0.0,1,1,1,Inactive Customers,0.7398256347632589,Low,High,149.148847968273
15348.0,1,158.04,17.56,84,9.333333333333334,71,0,9,0.0,1,0,0,Inactive Customers,0.735679020862084,Low,High,116.26671245704375
15349.0,2,473.81,6.580694444444444,327,4.541666666666667,157,29,72,1.0,1,1,1,Inactive Customers,0.6376393779572574,Medium,Medium,302.11991366992817
15350.0,1,115.65,23.130000000000003,51,10.2,372,0,5,0.0,1,1,1,Inactive Customers,0.7429261402793474,Low,High,85.91940812330654
15351.0,7,1960.11,8.711599999999999,753,3.3466666666666667,11,357,225,304.0,46,0,0,Inactive Customers,0.018781614515169503,High,Low,36.814030427328895
15353.0,2,777.02,12.333650793650794,343,5.444444444444445,254,113,63,1.0,1,1,1,Inactive Customers,0.5154455611570771,Medium,Medium,400.51150993027204
15355.0,2,277.05,19.789285714285715,45,3.2142857142857144,28,23,14,1.0,1,0,0,Inactive Customers,0.709662585121574,Low,High,196.6120192079321
15356.0,10,2766.5,5.330443159922929,1673,3.2235067437379574,30,336,519,149.0,143,0,0,Inactive Customers,0.015012775989819177,High,Low,41.532844775834754
15358.0,22,8166.24,14.901897810218978,6426,11.726277372262773,4,360,548,157.0,173,0,2,High-Value Active Customers,0.003444928764987979,High,Low,28.132115077795433
15360.0,1,427.93,32.917692307692306,223,17.153846153846153,39,0,13,0.0,1,0,0,Inactive Customers,0.7307928692181935,Medium,High,312.72819252454156
15361.0,1,215.4,35.9,144,24.0,361,0,6,0.0,1,1,1,Inactive Customers,0.7369189420011514,Low,High,158.732340107048
15363.0,1,326.0,20.375,144,9.0,372,0,16,0.0,1,1,1,Inactive Customers,0.7300125606487228,Low,High,237.98409477148363
15364.0,2,913.19,31.489310344827587,493,17.0,95,158,29,1.0,1,1,0,Inactive Customers,0.46759784714411884,Medium,Medium,427.0056780335379
15365.0,7,2314.32,20.301052631578948,1084,9.508771929824562,25,289,114,233.0,55,0,0,Inactive Customers,0.054383919434797735,High,Low,125.8617924263411
15366.0,2,602.51,13.69340909090909,621,14.113636363636363,74,282,44,1.0,1,0,0,Inactive Customers,0.26472406830518674,Medium,Low,159.49889839455807
15367.0,4,1877.5900000000001,19.764105263157898,1057,11.126315789473685,56,218,95,29.0,1,0,0,Inactive Customers,0.26090944197378146,High,Low,489.8809591555524
15368.0,1,167.70000000000002,55.900000000000006,74,24.666666666666668,20,0,3,0.0,1,0,0,Inactive Customers,0.7551068150882869,Low,High,126.63141289030573
15370.0,7,2386.05,25.383510638297874,830,8.829787234042554,40,291,94,128.0,100,0,0,Inactive Customers,0.09929729888979094,High,Low,236.9283200159857
15372.0,1,1498.12,71.33904761904762,1748,83.23809523809524,136,0,21,0.0,1,1,0,Inactive Customers,0.6267440138847001,High,Medium,938.9377420809469
15373.0,11,2364.96,18.192,498,3.830769230769231,7,363,130,116.0,202,0,0,Inactive Customers,0.05664109958524708,High,Low,133.95393487512592
15374.0,1,168.0,56.0,126,42.0,128,0,3,0.0,1,1,0,Inactive Customers,0.7408435399849594,Low,High,124.46171471747319
15376.0,3,1211.41,10.443189655172414,618,5.327586206896552,39,182,116,1.0,76,0,0,Inactive Customers,0.32169232089716526,High,Medium,389.701294458035
15379.0,7,3703.29,19.089123711340207,2305,11.881443298969073,168,189,194,35.0,105,1,1,Inactive Customers,0.15388594500904126,High,Low,569.8842812925324
15380.0,5,1690.26,46.95166666666667,376,10.444444444444445,8,356,36,224.0,77,0,0,Inactive Customers,0.058590258251213216,High,Low,99.03276991169565
15381.0,1,282.3,40.32857142857143,162,23.142857142857142,267,0,7,0.0,1,1,1,Inactive Customers,0.7388336793548776,Low,High,208.57274768188196
15382.0,6,5846.150000000001,19.552341137123747,3864,12.923076923076923,14,280,299,110.0,169,0,0,Inactive Customers,0.02764731539227496,High,Low,161.6303528805483
15384.0,2,642.41,15.668536585365853,596,14.536585365853659,169,189,41,1.0,1,1,1,Inactive Customers,0.397225977648001,Medium,Medium,255.18194030085232
15385.0,1,316.88,26.406666666666666,161,13.416666666666666,39,0,12,0.0,1,0,0,Inactive Customers,0.7328637060697302,Low,High,232.22985117937608
15386.0,1,394.14,12.714193548387096,446,14.387096774193548,185,0,31,0.0,1,1,1,Inactive Customers,0.6983598885022831,Medium,High,275.25156645428984
15388.0,1,140.54,14.053999999999998,88,8.8,269,0,10,0.0,1,1,1,Inactive Customers,0.7329847689511125,Low,High,103.01367942838935
15392.0,4,1518.58,18.296144578313253,1276,15.373493975903614,4,355,83,271.0,25,0,0,Inactive Customers,0.03273722416386554,High,Low,49.71409387076293
15393.0,2,231.86,19.32166666666667,150,12.5,15,264,12,1.0,1,0,0,Inactive Customers,0.33701533294838154,Low,Medium,78.14037509741175
15394.0,4,2183.54,25.68870588235294,910,10.705882352941176,9,348,85,154.0,68,0,0,Inactive Customers,0.06580290553742435,High,Low,143.68327635718757
15395.0,1,107.45,15.35,17,2.4285714285714284,325,0,7,0.0,1,1,1,Inactive Customers,0.7432877501641533,Low,High,79.86626875513826
15396.0,1,288.18,20.584285714285716,122,8.714285714285714,112,0,14,0.0,1,1,0,Inactive Customers,0.7327445424170097,Low,High,211.16232223373387
15397.0,1,94.0,15.666666666666666,20,3.3333333333333335,289,0,6,0.0,1,1,1,Inactive Customers,0.7434357139180366,Low,High,69.88295710829544
15398.0,2,1345.53,18.43191780821918,769,10.534246575342467,15,62,73,1.0,1,0,0,Inactive Customers,0.5614690012548987,High,Medium,755.4733852585039
15399.0,3,815.77,16.3154,611,12.22,0,77,50,1.0,20,0,0,Inactive Customers,0.5575466862612708,Medium,Medium,454.8298602513569
15400.0,5,716.2,59.68333333333334,390,32.5,91,186,12,94.0,35,1,0,Inactive Customers,0.31373785894562783,Medium,Medium,224.69905457685866
15402.0,2,536.0500000000001,13.401250000000001,262,6.55,148,47,40,1.0,1,1,1,Inactive Customers,0.6396848967642076,Medium,Medium,342.9030889104535
15405.0,1,349.1,43.6375,193,24.125,188,0,8,0.0,1,1,1,Inactive Customers,0.7381112580144391,Low,High,257.6746401728407
15406.0,2,510.71000000000004,9.636037735849058,254,4.7924528301886795,30,269,53,1.0,269,0,0,Inactive Customers,0.20462785279019524,Medium,Low,104.50549069848061
15407.0,4,861.44,5.667368421052632,557,3.664473684210526,33,271,152,83.0,150,0,0,Inactive Customers,0.11790366084450163,Medium,Low,101.5669295978875
15408.0,1,234.28,7.32125,104,3.25,263,0,32,0.0,1,1,1,Inactive Customers,0.7176623507235517,Low,High,168.1339355275137
15410.0,8,3450.84,28.285573770491805,1200,9.836065573770492,83,177,122,56.0,119,0,0,Inactive Customers,0.2153807944040386,High,Low,743.2446605612325
15411.0,4,1358.88,13.726060606060607,530,5.353535353535354,25,156,99,58.0,44,0,0,Inactive Customers,0.3134296288860222,High,Medium,425.9132541006379
15412.0,1,190.53,19.053,108,10.8,170,0,10,0.0,1,1,1,Inactive Customers,0.733872499250125,Low,High,139.8247272821263
15414.0,3,759.9000000000001,19.997368421052634,442,11.631578947368421,9,232,38,1.0,27,0,0,Inactive Customers,0.3378575130244937,Medium,Medium,256.73792414731275
15415.0,1,572.8100000000001,11.933541666666668,575,11.979166666666666,312,0,48,0.0,1,1,1,Inactive Customers,0.6816824853400655,Medium,Medium,390.47454442764297
15416.0,4,3952.42,20.693298429319373,2088,10.93193717277487,64,218,191,43.0,90,0,0,Inactive Customers,0.13385587146523178,High,Low,529.0546234966114
15417.0,1,508.8,18.17142857142857,284,10.142857142857142,84,0,28,0.0,1,0,0,Inactive Customers,0.7131057739444855,Medium,High,362.8282177829542
15419.0,1,135.86,16.9825,230,28.75,24,0,8,0.0,1,0,0,Inactive Customers,0.7157361632601715,Low,High,97.23991514052692
15421.0,4,950.36,17.93132075471698,500,9.433962264150944,58,251,53,94.0,156,0,0,Inactive Customers,0.16290655590879394,Medium,Low,154.8198744734814
15422.0,2,97.7,16.283333333333335,38,6.333333333333333,322,0,6,1.0,1,1,1,Inactive Customers,0.7403886396474405,Low,High,72.33597009355493
15423.0,1,43.5,21.75,101,50.5,37,0,2,0.0,1,0,0,Inactive Customers,0.7120804349146711,Low,High,30.975498918788194
15424.0,2,322.86,20.17875,266,16.625,253,0,16,1.0,1,1,1,Inactive Customers,0.7187734939929601,Low,High,232.0632102705671
15426.0,5,1422.39,4.8879381443298975,673,2.3127147766323026,18,350,291,112.0,14,0,0,Inactive Customers,0.0524730400436868,High,Low,74.63712742773967
15427.0,3,1483.14,4.84686274509804,1013,3.310457516339869,32,13,306,1.0,1,0,0,Inactive Customers,0.4472202340312645,High,Medium,663.2902179011296
15428.0,1,93.78,15.63,102,17.0,14,0,6,0.0,1,0,0,Inactive Customers,0.7302514460998746,Low,High,68.48298061524623
15429.0,2,397.35,4.845731707317073,380,4.634146341463414,26,48,82,1.0,1,0,0,Inactive Customers,0.5991900406131401,Medium,Medium,238.08816263763123
15432.0,1,171.19000000000003,17.119000000000003,65,6.5,22,0,10,0.0,1,0,0,Inactive Customers,0.7374671677120549,Low,High,126.2470044406267
15433.0,2,533.3,13.00731707317073,534,13.024390243902438,213,53,41,1.0,1,1,1,Inactive Customers,0.6117259190540114,Medium,Medium,326.2334326315043
15434.0,5,1041.48,18.936,647,11.763636363636364,7,191,55,93.0,98,0,0,Inactive Customers,0.23363490955443386,Medium,Low,243.3260856027518
15435.0,1,149.29,5.147931034482759,54,1.8620689655172413,21,0,29,0.0,1,0,0,Inactive Customers,0.7216952602958306,Low,High,107.74188540956455
15436.0,3,1122.53,3.4119452887537993,613,1.8632218844984803,11,221,329,1.0,34,0,0,Inactive Customers,0.17389029046054072,High,Low,195.19706775067078
15437.0,1,200.16,4.4479999999999995,79,1.7555555555555555,261,0,45,0.0,1,1,1,Inactive Customers,0.710068063980455,Low,High,142.12722368632785
15438.0,1,156.57999999999998,6.263199999999999,59,2.36,130,0,25,0.0,1,1,0,Inactive Customers,0.7242636103605679,Low,High,113.4051961102577
15440.0,3,383.68,6.188387096774194,197,3.1774193548387095,54,154,62,1.0,81,0,0,Inactive Customers,0.42471793624479437,Medium,Medium,162.9557777784027
15442.0,1,594.0,297.0,120,60.0,248,0,2,0.0,1,1,1,Inactive Customers,0.86463249936241,Medium,High,513.5917046212716
15443.0,7,3152.16,8.33904761904762,1658,4.386243386243386,1,318,378,246.0,43,0,0,Inactive Customers,0.0170102247488639,High,Low,53.61895004437883
15444.0,2,1418.26,6.476073059360731,764,3.4885844748858448,8,31,219,1.0,1,0,0,Inactive Customers,0.4969240074845169,High,Medium,704.7674428549909
15445.0,1,113.5,22.7,58,11.6,263,0,5,0.0,1,1,1,Inactive Customers,0.7413636716403526,Low,High,84.14477673118002
15447.0,1,155.17000000000002,17.241111111111113,85,9.444444444444445,330,0,9,0.0,1,1,1,Inactive Customers,0.7353573095007137,Low,High,114.10539371522574
15448.0,1,494.64,17.665714285714284,232,8.285714285714286,312,0,28,0.0,1,1,1,Inactive Customers,0.7163569324700187,Medium,High,354.3387930769701
15449.0,3,974.52,16.242,812,13.533333333333333,25,235,60,1.0,158,0,0,Inactive Customers,0.25000888113187186,Medium,Low,243.63865484063177
15450.0,1,429.84,14.328,376,12.533333333333333,29,0,30,0.0,1,0,0,Inactive Customers,0.7041840688552307,Medium,High,302.68648015673233
15452.0,3,538.73,9.28844827586207,283,4.879310344827586,29,234,58,1.0,41,0,0,Inactive Customers,0.3223685513393109,Medium,Medium,173.669609663027
15453.0,7,1388.37,4.854440559440559,845,2.9545454545454546,1,185,286,56.0,90,0,0,Inactive Customers,0.15787645699180922,High,Low,219.19093659371813
15454.0,1,179.1,7.164,86,3.44,361,0,25,0.0,1,1,1,Inactive Customers,0.7228435753188253,Low,High,129.4612843396016
15456.0,3,416.98,7.067457627118644,516,8.745762711864407,282,75,59,1.0,1,1,1,Inactive Customers,0.5666793689871957,Medium,Medium,236.29396328028088
15457.0,1,237.07,4.087413793103448,132,2.2758620689655173,261,0,58,0.0,1,1,1,Inactive Customers,0.6988046263609695,Low,High,165.66561277139505
15458.0,1,161.64,23.09142857142857,156,22.285714285714285,24,0,7,0.0,1,0,0,Inactive Customers,0.7284146397807122,Low,High,117.74094237415432
15460.0,1,216.76,3.7372413793103445,109,1.8793103448275863,353,0,58,0.0,1,1,1,Inactive Customers,0.6999921415970611,Low,High,151.73029661257897
15462.0,3,234.6,21.327272727272728,172,15.636363636363637,93,92,11,1.0,49,1,0,Inactive Customers,0.5789770761498492,Low,Medium,135.8280220647546
15463.0,1,126.14,18.02,106,15.142857142857142,28,0,7,0.0,1,0,0,Inactive Customers,0.732327459560358,Low,High,92.37578574894357
15464.0,1,888.1,5.804575163398693,345,2.2549019607843137,337,0,153,0.0,1,1,1,Inactive Customers,0.6206076151428337,Medium,Medium,551.1616230083506
15465.0,18,7354.62,75.82082474226804,1257,12.958762886597938,19,349,97,112.0,224,0,2,High-Value Active Customers,0.055557373512537214,High,Low,408.60337038277646
15466.0,1,334.53,5.868947368421052,246,4.315789473684211,84,0,57,0.0,1,0,0,Inactive Customers,0.6935222480028449,Low,Medium,232.00399762439167
15467.0,3,499.93,9.802549019607843,309,6.0588235294117645,8,142,51,1.0,135,0,0,Inactive Customers,0.4211655246427617,Medium,Medium,210.55328073465586
15468.0,2,467.51,19.479583333333334,155,6.458333333333333,50,0,24,1.0,1,0,0,Inactive Customers,0.7241475195049404,Medium,High,338.54620684375465
15469.0,2,415.45,18.884090909090908,147,6.681818181818182,49,69,22,1.0,1,0,0,Inactive Customers,0.6310202138152061,Medium,Medium,262.1573478295274
15471.0,1,469.48,6.097142857142857,266,3.4545454545454546,1,0,77,0.0,1,0,0,Inactive Customers,0.6793397002881467,Medium,Medium,318.9364024912791
15472.0,1,371.56,4.888947368421053,251,3.3026315789473686,112,0,76,0.0,1,1,0,Inactive Customers,0.6808059660281413,Medium,Medium,252.96026473741617
15473.0,7,1771.2,161.01818181818183,672,61.09090909090909,13,46,11,2.0,44,0,0,Inactive Customers,0.688790136142458,High,Medium,1219.9850891355215
15475.0,1,454.11,15.65896551724138,319,11.0,76,0,29,0.0,1,0,0,Inactive Customers,0.7090717854565762,Medium,High,321.99658849368586
15478.0,2,1441.42,31.33521739130435,585,12.717391304347826,39,16,46,1.0,1,0,0,Inactive Customers,0.6655657709742179,High,Medium,959.3598135976572
15480.0,1,873.6,19.854545454545455,301,6.840909090909091,115,0,44,0.0,1,1,0,Inactive Customers,0.7027994805754982,Medium,High,613.9656262307552
15482.0,11,9550.56,107.3096629213483,3401,38.21348314606742,15,343,89,312.0,29,0,2,High-Value Active Customers,0.01605704718164332,High,Low,153.3537925311154
15483.0,4,233.81,2.656931818181818,295,3.352272727272727,160,105,88,105.0,1,1,1,Inactive Customers,0.36320322688787965,Low,Medium,84.92054647865514
15484.0,4,3478.15,18.6997311827957,2672,14.365591397849462,0,77,186,21.0,16,0,0,Inactive Customers,0.3081598386697713,High,Medium,1071.8261428692651
15485.0,3,2575.0,29.941860465116278,1306,15.186046511627907,29,343,86,1.0,305,0,0,Inactive Customers,0.09503184075638453,High,Low,244.70698994769018
15488.0,1,76.32000000000001,76.32000000000001,72,72.0,92,0,1,0.0,1,1,0,Inactive Customers,0.7372952083115197,Low,High,56.270370298335195
15489.0,3,1134.28,22.6856,608,12.16,22,188,50,1.0,34,0,0,Inactive Customers,0.3808494003844066,High,Medium,431.9898578680247
15491.0,6,2967.44,20.324931506849314,1638,11.219178082191782,94,140,146,17.0,84,1,0,Inactive Customers,0.28110877732249023,High,Low,834.1734301778504
15492.0,2,659.46,18.841714285714286,483,13.8,27,46,35,1.0,1,0,0,Inactive Customers,0.631573801801436,Medium,Medium,416.49765933597496
15493.0,5,1981.8500000000001,6.69543918918919,559,1.8885135135135136,32,238,296,20.0,117,0,0,Inactive Customers,0.1366300278472487,High,Low,270.78022068906984
15494.0,2,1299.23,10.39384,1148,9.184,20,99,125,1.0,1,0,0,Inactive Customers,0.44102355091022927,High,Medium,572.9910280490972
15497.0,2,936.6,72.04615384615384,320,24.615384615384617,17,302,13,1.0,1,0,0,Inactive Customers,0.3019452697153681,Medium,Medium,282.8019396154138
15498.0,27,13228.6,25.887671232876713,6101,11.939334637964775,2,364,511,176.0,168,0,2,High-Value Active Customers,0.0029781032477568608,High,Low,39.39613662327641
15500.0,4,995.96,16.063870967741938,564,9.096774193548388,7,73,62,54.0,10,0,0,Inactive Customers,0.4851975077473768,Medium,Medium,483.2373098160774
15502.0,9,5955.2300000000005,29.62800995024876,3115,15.497512437810945,15,353,201,245.0,74,0,0,Inactive Customers,0.015127054074482857,High,Low,90.08508623598254
15503.0,1,147.09,2.1012857142857144,74,1.0571428571428572,362,0,70,0.0,1,1,1,Inactive Customers,0.6939643113986081,Low,Medium,102.07521056362127
15504.0,1,52.83,4.063846153846153,33,2.5384615384615383,80,0,13,0.0,1,0,0,Inactive Customers,0.7315968131152069,Low,High,38.65025963687638
15505.0,5,3610.96,37.22639175257732,2390,24.63917525773196,52,102,97,29.0,60,0,0,Inactive Customers,0.32121755673141456,High,Medium,1159.9037486548687
15506.0,3,979.26,5.971097560975609,848,5.170731707317073,22,116,164,1.0,23,0,0,Inactive Customers,0.3952411617146276,Medium,Medium,387.0438600206662
15507.0,1,492.36,10.703478260869565,162,3.5217391304347827,171,0,46,0.0,1,1,1,Inactive Customers,0.7065945182626809,Medium,High,347.89887701181357
15508.0,6,1000.27,10.8725,440,4.782608695652174,188,46,92,16.0,1,1,1,Inactive Customers,0.5716471699182699,Medium,Medium,571.8015146541478
15511.0,5,909.23,5.6826875,271,1.69375,11,73,160,27.0,38,0,0,Inactive Customers,0.4527139769064148,Medium,Medium,411.6211292226195
15512.0,2,121.0,17.285714285714285,68,9.714285714285714,155,203,7,1.0,1,1,1,Inactive Customers,0.4372367489227332,Low,Medium,52.90564661965072
15513.0,18,13948.48,46.187019867549665,5110,16.920529801324502,32,340,302,161.0,178,0,2,High-Value Active Customers,0.008317847688570437,High,Low,116.02133212707096
15514.0,11,3391.6200000000003,19.380685714285715,1632,9.325714285714286,11,352,175,83.0,213,0,0,Inactive Customers,0.0479459669840295,High,Low,162.61450054237417
15516.0,3,62.43,4.162,27,1.8,44,1,15,1.0,1,0,0,Inactive Customers,0.7298787182675328,Low,High,45.56632838144208
15517.0,1,267.03,9.889999999999999,293,10.851851851851851,232,0,27,0.0,1,1,1,Inactive Customers,0.7089320290804209,Low,High,189.30611972534476
15518.0,8,1942.45,9.076869158878505,1273,5.9485981308411215,63,268,214,117.0,95,0,0,Inactive Customers,0.0791188856928174,High,Low,153.68447951401316
15520.0,1,343.5,19.083333333333332,314,17.444444444444443,1,0,18,0.0,1,0,0,Inactive Customers,0.7146529213138346,Low,High,245.48327847130219
15521.0,8,2687.35,14.847237569060773,1831,10.116022099447514,39,214,181,42.0,172,0,0,Inactive Customers,0.13565451983833662,High,Low,364.5511738875539
15522.0,2,398.84,6.99719298245614,573,10.052631578947368,32,54,57,1.0,1,0,0,Inactive Customers,0.5959607440590857,Medium,Medium,237.69298316052573
15523.0,1,412.01000000000005,41.20100000000001,132,13.2,83,0,10,0.0,1,0,0,Inactive Customers,0.7448945475740016,Medium,High,306.90400254596443
15525.0,3,825.92,4.64,416,2.337078651685393,1,371,178,1.0,15,0,0,Inactive Customers,0.12290681087925025,Medium,Low,101.51119324139036
15526.0,2,148.44,37.11,24,6.0,32,0,4,1.0,1,0,0,Inactive Customers,0.7562619877864724,Low,High,112.25952946702395
15527.0,8,2429.78,14.906625766871167,992,6.085889570552148,18,335,163,171.0,126,0,0,Inactive Customers,0.04530747726327188,High,Low,110.08720210475276
15528.0,1,229.33,8.820384615384615,123,4.730769230769231,253,0,26,0.0,1,1,1,Inactive Customers,0.7205599517735566,Low,High,165.24601374022973
15529.0,11,3995.23,5.945282738095238,3496,5.2023809523809526,22,343,672,106.0,225,0,0,Inactive Customers,0.006730830681938222,High,Low,26.891216665400044
15530.0,4,1502.3500000000001,13.91064814814815,950,8.796296296296296,21,225,108,77.0,128,0,0,Inactive Customers,0.16635185299006164,High,Low,249.91870633961912
15531.0,2,2007.44,8.804561403508773,1105,4.8464912280701755,7,22,228,1.0,1,0,0,Inactive Customers,0.48166999862919024,High,Medium,966.9236220481816
15532.0,4,1526.08,6.031936758893281,518,2.047430830039526,24,332,253,191.0,106,0,0,Inactive Customers,0.03654906145265296,High,Low,55.77679170166462
15533.0,3,771.67,9.52679012345679,287,3.54320987654321,18,69,81,1.0,63,0,0,Inactive Customers,0.5458455461972921,Medium,Medium,421.21263263406433
15535.0,4,536.4,7.152,143,1.9066666666666667,172,154,75,1.0,63,1,1,Inactive Customers,0.4267226286026525,Medium,Medium,228.89401798246277
15537.0,1,93.97,4.085652173913044,28,1.2173913043478262,162,0,23,0.0,1,1,1,Inactive Customers,0.7265151758741893,Low,High,68.27063107689757
15539.0,1,538.46,13.133170731707319,410,10.0,6,0,41,0.0,1,0,0,Inactive Customers,0.6959140430574167,Medium,High,374.7218756246966
15540.0,1,213.3,14.22,200,13.333333333333334,10,0,15,0.0,1,0,0,Inactive Customers,0.7217360348860308,Low,High,153.94629624119037
15541.0,1,85.13000000000001,2.9355172413793107,49,1.6896551724137931,113,0,29,0.0,1,1,0,Inactive Customers,0.7210048737629781,Low,High,61.37914490344233
15543.0,1,127.86,4.566428571428571,86,3.0714285714285716,287,0,28,0.0,1,1,1,Inactive Customers,0.7199001725130253,Low,High,92.04643605751541
15544.0,9,3546.71,13.693861003861004,3109,12.003861003861005,8,363,259,161.0,164,0,0,Inactive Customers,0.017833109613931662,High,Low,63.248868198827566
15545.0,2,292.71999999999997,3.613827160493827,163,2.0123456790123457,53,316,81,1.0,1,0,0,Inactive Customers,0.2254787340679431,Low,Low,66.0021350363683
15547.0,14,4713.34,6.742975679542203,3550,5.078683834048641,6,354,699,168.0,102,0,2,High-Value Active Customers,0.00487255582715641,High,Low,22.966012282369395
15549.0,3,1645.41,14.43342105263158,695,6.0964912280701755,76,239,114,1.0,80,0,0,Inactive Customers,0.24394453598567778,High,Low,401.3887789561941
15550.0,4,575.63,9.43655737704918,295,4.836065573770492,3,297,61,131.0,102,0,0,Inactive Customers,0.11641763618150007,Medium,Low,67.01348391515688
15551.0,1,436.06,15.036551724137931,218,7.517241379310345,36,0,29,0.0,1,0,0,Inactive Customers,0.7155000265592587,Medium,High,312.00094158143037
15552.0,1,90.12,5.301176470588236,60,3.5294117647058822,216,0,17,0.0,1,1,1,Inactive Customers,0.7280162240926348,Low,High,65.60882211522825
15553.0,1,437.23,7.807678571428572,451,8.053571428571429,59,0,56,0.0,1,0,0,Inactive Customers,0.6830724086558704,Medium,Medium,298.6597492366062
15554.0,1,217.2,15.514285714285714,74,5.285714285714286,277,0,14,0.0,1,1,1,Inactive Customers,0.7341259393125321,Low,High,159.45215401868197
15555.0,16,4695.07,5.245888268156424,4433,4.953072625698324,11,357,895,193.0,145,0,2,High-Value Active Customers,0.0018014919093703905,High,Low,8.458130618927639
15556.0,1,279.77,9.024838709677418,236,7.612903225806452,23,0,31,0.0,1,0,0,Inactive Customers,0.7105020547359894,Low,High,198.77715985348775
15557.0,1,473.65000000000003,23.6825,219,10.95,28,0,20,0.0,1,0,0,Inactive Customers,0.7243001354048302,Medium,High,343.0647591344978
15561.0,4,800.5899999999999,29.65148148148148,267,9.88888888888889,11,203,27,65.0,137,0,0,Inactive Customers,0.277458799685148,Medium,Low,222.13074043993262
15562.0,1,134.55,134.55,39,39.0,351,0,1,0.0,1,1,1,Inactive Customers,0.7983339659345706,Low,High,107.41583511649648
15563.0,4,1400.44,12.393274336283186,1501,13.283185840707965,21,336,113,158.0,1,0,0,Inactive Customers,0.06310290032333146,High,Low,88.37182572880631
15565.0,2,173.16000000000003,21.645000000000003,60,7.5,49,20,8,1.0,1,0,0,Inactive Customers,0.7156983820564895,Low,High,123.93033183690174
15567.0,1,186.01,26.572857142857142,223,31.857142857142858,18,0,7,0.0,1,0,0,Inactive Customers,0.7208870718563809,Low,High,134.09220423600541
15568.0,3,724.39,13.930576923076924,459,8.826923076923077,2,70,52,1.0,41,0,0,Inactive Customers,0.5668940375516498,Medium,Medium,410.6523718620396
15569.0,5,1375.71,44.377741935483876,666,21.483870967741936,103,228,31,200.0,27,1,0,Inactive Customers,0.14014184431361204,High,Low,192.7945366406792
15570.0,12,4082.77,12.798652037617554,2062,6.463949843260188,6,362,319,85.0,232,0,0,Inactive Customers,0.025222300847833435,High,Low,102.97685323250892
15571.0,4,650.4300000000001,11.411052631578949,264,4.631578947368421,11,66,57,44.0,12,0,0,Inactive Customers,0.5323793879643262,Medium,Medium,346.2755253136367
15572.0,7,2341.21,10.991596244131456,1227,5.76056338028169,4,273,213,29.0,104,0,0,Inactive Customers,0.12064658820257712,High,Low,282.4589987657556
15573.0,2,607.45,5.840865384615385,363,3.4903846153846154,31,53,104,1.0,1,0,0,Inactive Customers,0.5759323994506448,Medium,Medium,349.8501360462942
15574.0,4,702.25,4.180059523809524,349,2.0773809523809526,177,194,168,13.0,180,1,1,Inactive Customers,0.23724734687912996,Medium,Low,166.60694934586903
15576.0,1,940.67,20.903777777777776,404,8.977777777777778,37,0,45,0.0,1,0,0,Inactive Customers,0.6964088628396766,Medium,High,655.0909250073986
15577.0,3,258.88,6.637948717948718,89,2.282051282051282,150,154,39,1.0,1,1,1,Inactive Customers,0.4856442401298813,Low,Medium,125.72358088482366
15578.0,1,127.1,9.776923076923076,52,4.0,161,0,13,0.0,1,1,1,Inactive Customers,0.7332124085046481,Low,High,93.19129712094076
15579.0,2,348.6,6.835294117647059,120,2.3529411764705883,68,245,51,1.0,1,0,0,Inactive Customers,0.33620679810613696,Low,Medium,117.20168981979936
15581.0,10,721.63,4.942671232876712,283,1.9383561643835616,155,209,146,90.0,82,1,0,Inactive Customers,0.19147041562386077,Medium,Low,138.17079602664666
15582.0,3,682.9100000000001,15.52068181818182,453,10.295454545454545,24,195,44,1.0,75,0,0,Inactive Customers,0.36486688457175004,Medium,Medium,249.17124414289384
15584.0,4,708.46,5.807049180327869,313,2.5655737704918034,23,138,122,89.0,23,0,0,Inactive Customers,0.3039194635052679,Medium,Medium,215.3147831149421
15585.0,1,455.3,14.687096774193549,320,10.32258064516129,176,0,31,0.0,1,1,1,Inactive Customers,0.7075801905718356,Medium,High,322.1612607673568
15587.0,4,913.68,101.52,312,34.666666666666664,49,301,9,209.0,39,0,0,Inactive Customers,0.11552581882149512,Medium,Low,105.55363014082366
15589.0,3,456.58,16.306428571428572,242,8.642857142857142,255,54,28,1.0,1,1,1,Inactive Customers,0.6407986228557268,Medium,Medium,292.5758352234677
15592.0,1,388.58,16.190833333333334,354,14.75,46,0,24,0.0,1,0,0,Inactive Customers,0.7088641335134431,Medium,High,275.4504250006537
15593.0,1,199.8,39.96,60,12.0,70,0,5,0.0,1,0,0,Inactive Customers,0.752250132116098,Low,High,150.2995763967964
15594.0,5,1771.78,17.201747572815535,983,9.54368932038835,15,218,103,141.0,65,0,0,Inactive Customers,0.13914280312402014,High,Low,246.5304357190764
15596.0,5,1406.59,18.267402597402597,561,7.285714285714286,100,264,77,38.0,180,1,0,Inactive Customers,0.17861310543224196,High,Low,251.2354079699372
15597.0,1,324.57,14.753181818181817,279,12.681818181818182,34,0,22,0.0,1,0,0,Inactive Customers,0.7142277905046097,Low,High,231.81691396408118
15598.0,1,240.68,17.19142857142857,160,11.428571428571429,52,0,14,0.0,1,0,0,Inactive Customers,0.7272457692543828,Low,High,175.03351174414485
15599.0,2,761.74,14.648846153846154,718,13.807692307692308,26,177,52,1.0,1,0,0,Inactive Customers,0.400245380019164,Medium,Medium,304.882915775798
15601.0,14,6776.56,16.52819512195122,4983,12.153658536585366,10,361,410,77.0,241,0,2,High-Value Active Customers,0.010088171137607781,High,Low,68.36309700426739
15602.0,9,1297.8700000000001,28.214565217391307,1137,24.717391304347824,7,359,46,55.0,192,0,0,Inactive Customers,0.09282561723211828,High,Low,120.47558383704937
15603.0,1,48.480000000000004,24.240000000000002,96,48.0,78,0,2,0.0,1,0,0,Inactive Customers,0.7160468114567042,Low,High,34.71394941942103
15604.0,1,216.39000000000001,12.728823529411766,159,9.352941176470589,51,0,17,0.0,1,0,0,Inactive Customers,0.7240334207160152,Low,High,156.67359190873853
15605.0,5,1178.28,17.85272727272727,440,6.666666666666667,35,337,66,83.0,216,0,0,Inactive Customers,0.09543579572543533,High,Low,112.45008938736594
15606.0,9,2920.16,37.92415584415584,892,11.584415584415584,60,263,77,45.0,200,0,0,Inactive Customers,0.15882541170457362,High,Low,463.7956142432277
15607.0,1,104.76,8.05846153846154,202,15.538461538461538,336,0,13,0.0,1,1,1,Inactive Customers,0.7176416244305004,Low,High,75.18013657533922
15608.0,4,1093.68,18.228,714,11.9,27,92,60,60.0,31,0,0,Inactive Customers,0.4296852880875892,Medium,Medium,469.9382058756346
15609.0,1,281.53000000000003,18.768666666666668,147,9.8,183,0,15,0.0,1,1,1,Inactive Customers,0.7291407870469198,Low,High,205.27500577731934
15610.0,1,112.46000000000001,18.743333333333336,66,11.0,51,0,6,0.0,1,0,0,Inactive Customers,0.7381315467668652,Low,High,83.01027374940166
15611.0,12,1576.45,37.53452380952381,503,11.976190476190476,9,325,42,171.0,94,0,0,Inactive Customers,0.08644148883091687,High,Low,136.2706850674989
15612.0,2,180.15,36.03,51,10.2,35,25,5,1.0,1,0,0,Inactive Customers,0.7200667002554938,Low,High,129.72001605102722
15615.0,23,10399.74,24.585673758865248,5508,13.02127659574468,9,348,423,175.0,173,0,2,High-Value Active Customers,0.005368031975337834,High,Low,55.82613685519988
15618.0,4,776.851,17.263355555555556,454,10.088888888888889,32,103,45,44.0,59,0,0,Inactive Customers,0.4512667036223202,Medium,Medium,350.56698997570305
15619.0,1,336.4,112.13333333333333,136,45.333333333333336,10,0,3,0.0,1,0,0,Inactive Customers,0.7746295919105454,Low,High,260.58539471870745
15620.0,3,1523.23,15.386161616161615,914,9.232323232323232,56,301,99,1.0,164,0,0,Inactive Customers,0.15771003872615796,High,Low,240.2286622888456
15621.0,4,1293.03,80.814375,501,31.3125,3,17,16,10.0,1,0,0,Inactive Customers,0.7024551565026913,High,High,908.2955910126749
15622.0,9,3465.11,19.46691011235955,1662,9.337078651685394,42,239,178,85.0,154,0,0,Inactive Customers,0.09944326198747333,High,Low,344.58184154541374
15623.0,1,301.03000000000003,15.843684210526318,125,6.578947368421052,140,0,19,0.0,1,1,0,Inactive Customers,0.727728122898407,Low,High,219.06799683610748
15624.0,4,588.13,17.297941176470587,357,10.5,116,139,34,49.0,18,1,0,Inactive Customers,0.42105310275717517,Medium,Medium,247.63396132457743
15625.0,4,1534.26,23.9728125,1188,18.5625,103,131,64,55.0,26,1,0,Inactive Customers,0.3498205824444044,High,Medium,536.7157268211519
15626.0,2,675.8,13.791836734693877,766,15.63265306122449,74,254,49,1.0,1,0,0,Inactive Customers,0.2897205091126972,Medium,Medium,195.79312005836076
15628.0,9,2870.2400000000002,18.51767741935484,1894,12.219354838709677,4,362,155,238.0,93,0,0,Inactive Customers,0.023380981123866742,High,Low,67.10902726096728
15630.0,2,1186.35,19.772499999999997,800,13.333333333333334,44,159,60,1.0,1,0,0,Inactive Customers,0.4181509632680389,High,Medium,496.07339527303793
15632.0,8,3285.31,19.67251497005988,2109,12.62874251497006,15,259,167,92.0,126,0,0,Inactive Customers,0.08474827834037019,High,Low,278.4243663144016
15634.0,1,243.55,16.236666666666668,99,6.6,16,0,15,0.0,1,0,0,Inactive Customers,0.7318892384401579,Low,High,178.25162402210046
15636.0,2,724.76,28.9904,284,11.36,89,192,25,1.0,1,0,0,Inactive Customers,0.43273997734681735,Medium,Medium,313.63262598187936
15637.0,1,223.36,14.890666666666668,128,8.533333333333333,52,0,15,0.0,1,0,0,Inactive Customers,0.728548893877601,Low,High,162.72868093650098
15639.0,1,391.42,17.018260869565218,321,13.956521739130435,133,0,23,0.0,1,1,0,Inactive Customers,0.7120113077763036,Medium,High,278.6954660898008
15640.0,15,11970.86,25.043640167364018,6283,13.144351464435147,3,367,478,145.0,180,0,2,High-Value Active Customers,0.0037259178681052375,High,Low,44.60244117058627
15641.0,4,1887.2,15.858823529411765,1562,13.126050420168067,104,253,119,76.0,155,1,0,Inactive Customers,0.11808436411409826,High,Low,222.84881195612624
15643.0,3,596.2,20.558620689655175,242,8.344827586206897,191,90,29,1.0,1,1,1,Inactive Customers,0.5887242373015161,Medium,Medium,350.99739027916394
15644.0,4,813.0,3.4159663865546217,557,2.3403361344537816,165,94,238,1.0,89,1,1,Inactive Customers,0.3638666162771583,Medium,Medium,295.8235590333297
15645.0,1,612.01,11.769423076923077,256,4.923076923076923,18,0,52,0.0,1,0,0,Inactive Customers,0.6975472455267994,Medium,High,426.9058897348565
15646.0,3,447.64000000000004,12.789714285714288,394,11.257142857142858,157,214,35,1.0,89,1,1,Inactive Customers,0.3398883152428251,Medium,Medium,152.14760543529823
15648.0,2,657.35,26.294,221,8.84,203,62,25,1.0,1,1,1,Inactive Customers,0.6375951918259906,Medium,Medium,419.1231993468149
15649.0,2,816.0,408.0,192,96.0,335,31,2,1.0,1,1,1,Inactive Customers,0.8702612563330266,Medium,High,710.1331851677497
15651.0,3,646.3,20.196875,479,14.96875,36,223,32,1.0,1,0,0,Inactive Customers,0.3625010390735409,Medium,Medium,234.2844215532295
15652.0,1,337.74,16.082857142857144,208,9.904761904761905,90,0,21,0.0,1,1,0,Inactive Customers,0.7206239170941261,Low,High,243.38352175937015
15653.0,1,48.0,12.0,48,12.0,115,0,4,0.0,1,1,0,Inactive Customers,0.7350040843444756,Low,High,35.28019604853483
15654.0,2,907.53,45.3765,474,23.7,8,16,20,1.0,1,0,0,Inactive Customers,0.6948691043250638,Medium,Medium,630.6145582481251
15655.0,1,560.6700000000001,16.49029411764706,324,9.529411764705882,242,0,34,0.0,1,1,1,Inactive Customers,0.7065150286259557,Medium,High,396.12178109971467
15656.0,4,748.5,15.925531914893616,343,7.297872340425532,44,238,47,63.0,133,0,0,Inactive Customers,0.2189950224404278,Medium,Low,163.9177742966602
15657.0,1,30.0,30.0,24,24.0,22,0,1,0.0,1,0,0,Inactive Customers,0.7417979441325844,Low,High,22.253938323977533
15658.0,5,1004.1500000000001,21.364893617021277,241,5.127659574468085,189,182,47,63.0,71,1,1,Inactive Customers,0.3171529471531883,Medium,Medium,318.46913188387407
15659.0,1,306.45,27.85909090909091,111,10.090909090909092,43,0,11,0.0,1,0,0,Inactive Customers,0.7389220057140957,Low,High,226.44264865108462
15660.0,9,1600.86,17.787333333333333,1050,11.666666666666666,24,340,90,161.0,110,0,0,Inactive Customers,0.0599276265901194,High,Low,95.93574030305854
15661.0,2,309.8,61.96,236,47.2,316,21,5,1.0,1,1,1,Inactive Customers,0.7074015180666169,Low,High,219.15299029703792
15663.0,1,138.14,15.348888888888887,106,11.777777777777779,105,0,9,0.0,1,1,0,Inactive Customers,0.731623829433923,Low,High,101.06651579800211
15664.0,1,386.43,22.731176470588235,157,9.235294117647058,50,0,17,0.0,1,0,0,Inactive Customers,0.7298898340120965,Medium,High,282.0513285572945
15665.0,2,2217.06,19.27878260869565,1665,14.478260869565217,167,74,115,1.0,1,1,1,Inactive Customers,0.4548341139633839,High,Medium,1008.39452070366
15667.0,1,301.32000000000005,23.17846153846154,240,18.46153846153846,39,0,13,0.0,1,0,0,Inactive Customers,0.7232384416400176,Low,High,217.92620723497015
15668.0,1,76.32000000000001,76.32000000000001,72,72.0,217,0,1,0.0,1,1,1,Inactive Customers,0.7372952083115197,Low,High,56.270370298335195
15669.0,4,684.34,20.737575757575758,342,10.363636363636363,39,223,33,87.0,63,0,0,Inactive Customers,0.24234562508355476,Medium,Low,165.84680506967987
15670.0,1,173.05,14.420833333333334,91,7.583333333333333,296,0,12,0.0,1,1,1,Inactive Customers,0.7325675491488767,Low,High,126.77081438021311
15671.0,7,2585.37,34.471599999999995,1553,20.706666666666667,18,252,75,28.0,107,0,0,Inactive Customers,0.1843625981178355,High,Low,476.6455302959084
15673.0,4,2847.12,18.487792207792207,1512,9.818181818181818,87,238,154,112.0,68,0,0,Inactive Customers,0.11019738750752728,High,Low,313.745185920431
15674.0,4,2111.89,18.68929203539823,1274,11.274336283185841,72,181,113,6.0,141,0,0,Inactive Customers,0.2614915414742302,High,Low,552.241371524012
15675.0,3,306.74,15.337,526,26.3,80,198,20,1.0,73,0,0,Inactive Customers,0.3645715354700603,Low,Medium,111.8286727900863
15676.0,3,3348.21,16.910151515151515,2248,11.353535353535353,18,265,198,1.0,16,0,0,Inactive Customers,0.13908156686410528,High,Low,465.6742929900659
15677.0,1,657.23,19.916060606060608,319,9.666666666666666,48,0,33,0.0,1,0,0,Inactive Customers,0.7088717415722342,Medium,High,465.8917747135195
15678.0,1,352.7,29.391666666666666,184,15.333333333333334,52,0,12,0.0,1,0,0,Inactive Customers,0.7323806683032245,Low,High,258.31066171054727
15679.0,4,781.28,7.102545454545455,1170,10.636363636363637,23,158,110,28.0,5,0,0,Inactive Customers,0.32688204371576585,Medium,Medium,255.38640311425354
15680.0,3,1333.68,17.09846153846154,952,12.205128205128204,8,356,78,1.0,30,0,0,Inactive Customers,0.15193775901481182,High,Low,202.63635044287423
15681.0,5,1426.16,26.90867924528302,816,15.39622641509434,24,255,53,97.0,157,0,0,Inactive Customers,0.14774204989311632,High,Low,210.70380187556677
15683.0,1,193.75,19.375,131,13.1,116,0,10,0.0,1,1,0,Inactive Customers,0.7314886885717771,Low,High,141.7259334107818
15687.0,9,2993.1,18.030722891566263,1310,7.891566265060241,8,321,166,61.0,177,0,0,Inactive Customers,0.07624167760710804,High,Low,228.19896524583507
15689.0,2,254.1,28.233333333333334,84,9.333333333333334,119,241,9,1.0,1,1,0,Inactive Customers,0.385588327592121,Low,Medium,97.97799404115796
15690.0,2,239.76,12.618947368421052,408,21.473684210526315,3,96,19,1.0,1,0,0,Inactive Customers,0.5630930863873663,Low,Medium,135.00719839223495
15691.0,1,136.8,68.4,72,36.0,251,0,2,0.0,1,1,1,Inactive Customers,0.7565518231852991,Low,High,103.49628941174893
15692.0,1,191.04,15.92,138,11.5,27,0,12,0.0,1,0,0,Inactive Customers,0.7287618447166957,Low,High,139.22266281467753
15694.0,13,6326.16,83.23894736842105,1484,19.526315789473685,0,372,76,169.0,186,0,2,High-Value Active Customers,0.039613976140574166,High,Low,250.60435130145467
15695.0,2,409.98,18.635454545454547,212,9.636363636363637,266,0,22,1.0,1,1,1,Inactive Customers,0.7206400239543402,Medium,High,295.4479970208004
15696.0,8,2676.51,15.744176470588236,1027,6.041176470588235,32,293,170,48.0,222,0,0,Inactive Customers,0.09371507748410865,High,Low,250.82934203699168
15699.0,1,279.7,16.45294117647059,112,6.588235294117647,17,0,17,0.0,1,0,0,Inactive Customers,0.7300441512063935,Low,High,204.19334909242826
15700.0,2,679.73,7.996823529411765,356,4.188235294117647,171,1,85,1.0,1,1,1,Inactive Customers,0.6668803422707898,Medium,Medium,453.298575051724
15701.0,4,1512.19,6.407584745762712,922,3.906779661016949,1,108,236,36.0,66,0,0,Inactive Customers,0.28808173193213965,High,Medium,435.63431421046226
15703.0,1,211.5,42.3,66,13.2,264,0,5,0.0,1,1,1,Inactive Customers,0.7526854643350611,Low,High,159.19297570686544
15704.0,4,2293.62,19.603589743589744,1028,8.786324786324787,139,75,117,28.0,1,1,0,Inactive Customers,0.449039377206042,High,Medium,1029.925696347322
15705.0,1,143.1,23.849999999999998,62,10.333333333333334,200,0,6,0.0,1,1,1,Inactive Customers,0.7421063466030415,Low,High,106.19541819889524
15706.0,4,1060.56,19.28290909090909,321,5.836363636363636,63,52,55,40.0,1,0,0,Inactive Customers,0.5649264377403096,Medium,Medium,599.1383828098627
15707.0,4,945.58,4.418598130841121,605,2.8271028037383177,34,51,214,22.0,7,0,0,Inactive Customers,0.44914018797747907,Medium,Medium,424.6979789477447
15708.0,7,3364.2400000000002,11.68138888888889,1267,4.399305555555555,40,328,288,56.0,244,0,0,Inactive Customers,0.04652560275286079,High,Low,156.5232938052844
15709.0,1,133.25,22.208333333333332,121,20.166666666666668,283,0,6,0.0,1,1,1,Inactive Customers,0.7315549251627854,Low,High,97.47969377794115
15712.0,5,1072.3600000000001,20.233207547169815,486,9.169811320754716,8,278,53,104.0,100,0,0,Inactive Customers,0.1473935651820359,Medium,Low,158.058963558608
15713.0,2,356.7,18.773684210526316,150,7.894736842105263,142,222,19,1.0,1,1,0,Inactive Customers,0.3958167648023199,Low,Medium,141.18784000498752
15714.0,2,330.88,9.453714285714286,187,5.3428571428571425,11,66,35,1.0,1,0,0,Inactive Customers,0.6185599690813435,Low,Medium,204.66912256963494
15716.0,4,1118.81,9.481440677966102,744,6.305084745762712,145,223,118,112.0,55,1,0,Inactive Customers,0.16099741835966147,High,Low,180.12552163497284
15717.0,1,150.3,21.47142857142857,70,10.0,233,0,7,0.0,1,1,1,Inactive Customers,0.7397296692481993,Low,High,111.18136928800436
15719.0,13,5045.61,5.384855923159018,2725,2.9082177161152614,32,304,937,117.0,167,0,2,High-Value Active Customers,0.004554949033750286,High,Low,22.98249639418078
15720.0,1,581.78,4.580944881889764,280,2.204724409448819,23,0,127,0.0,1,0,0,Inactive Customers,0.6439849714189894,Medium,Medium,374.6575766721396
15721.0,1,507.08000000000004,5.572307692307692,409,4.4945054945054945,11,0,91,0.0,1,0,0,Inactive Customers,0.6623156893130011,Medium,Medium,335.8470397368366
15722.0,5,1991.5600000000002,29.28764705882353,894,13.147058823529411,35,254,68,102.0,73,0,0,Inactive Customers,0.15542597683626957,High,Low,309.5401584280411
15723.0,1,203.10000000000002,4.953658536585366,87,2.1219512195121952,364,0,41,0.0,1,1,1,Inactive Customers,0.7122671749243553,Low,High,144.66146322713658
15724.0,2,218.25,19.84090909090909,73,6.636363636363637,200,83,11,1.0,1,1,1,Inactive Customers,0.624472439847996,Low,Medium,136.29110999682513
15725.0,1,415.25,12.9765625,221,6.90625,14,0,32,0.0,1,0,0,Inactive Customers,0.7126845385588849,Medium,High,295.94225463657693
15727.0,7,4678.96,15.596533333333333,3061,10.203333333333333,16,342,300,110.0,181,0,0,Inactive Customers,0.02262036488040717,High,Low,105.83978246082994
15729.0,1,85.0,17.0,28,5.6,212,0,5,0.0,1,1,1,Inactive Customers,0.743084491043238,Low,High,63.16218173867523
15730.0,3,1120.88,16.01257142857143,689,9.842857142857143,65,140,70,1.0,26,0,0,Inactive Customers,0.4356408767475053,High,Medium,488.3011459287438
15732.0,2,294.12,21.00857142857143,215,15.357142857142858,211,159,14,1.0,1,1,1,Inactive Customers,0.48998023631221876,Low,Medium,144.1129871041498
15733.0,1,162.3,16.23,62,6.2,282,0,10,0.0,1,1,1,Inactive Customers,0.7372489014954208,Low,High,119.6554967127068
15734.0,2,1339.45,51.517307692307696,346,13.307692307692308,114,85,26,1.0,1,1,0,Inactive Customers,0.6072245172537463,High,Medium,813.3468796355305
15737.0,8,1173.17,16.75957142857143,597,8.528571428571428,14,228,70,56.0,132,0,0,Inactive Customers,0.21516431902457975,High,Low,252.42432415006624
15738.0,16,4778.52,27.782093023255815,2980,17.325581395348838,18,353,172,167.0,185,0,2,High-Value Active Customers,0.023131196796354465,High,Low,110.53288651531575
15739.0,1,343.52,49.074285714285715,280,40.0,65,0,7,0.0,1,0,0,Inactive Customers,0.7275498637430846,Low,High,249.92792919302443
15740.0,1,154.88,17.20888888888889,152,16.88888888888889,48,0,9,0.0,1,0,0,Inactive Customers,0.7272225742490104,Low,High,112.63223229968672
15743.0,4,784.46,8.914318181818182,216,2.4545454545454546,15,168,88,71.0,21,0,0,Inactive Customers,0.314308298871147,Medium,Medium,246.56228813245997
15744.0,1,34.8,11.6,120,40.0,77,0,3,0.0,1,0,0,Inactive Customers,0.7113198155811282,Low,High,24.75392958222326
15745.0,4,1094.5900000000001,17.65467741935484,421,6.790322580645161,18,217,62,162.0,14,0,0,Inactive Customers,0.1716381913065666,Medium,Low,187.87344782225475
15746.0,1,196.88,7.031428571428571,178,6.357142857142857,133,0,28,0.0,1,1,0,Inactive Customers,0.71492404893217,Low,High,140.7542467537656
15747.0,3,974.04,10.473548387096773,480,5.161290322580645,12,160,93,1.0,107,0,0,Inactive Customers,0.36446876421333196,Medium,Medium,355.00715509435383
15748.0,1,149.31,7.11,51,2.4285714285714284,39,0,21,0.0,1,0,0,Inactive Customers,0.7275834629540495,Low,High,108.63548685366914
15750.0,8,2465.48,8.414607508532423,1786,6.09556313993174,2,364,293,196.0,69,0,0,Inactive Customers,0.021011576815502527,High,Low,51.80362240708517
15752.0,7,2617.43,6.383975609756098,1977,4.821951219512195,39,333,410,123.0,110,0,0,Inactive Customers,0.024391787837894877,High,Low,63.843797240541186
15754.0,3,458.57,16.3775,199,7.107142857142857,50,195,28,1.0,22,0,0,Inactive Customers,0.4170297945882376,Medium,Medium,191.2373529043281
15755.0,6,2364.25,16.7677304964539,1427,10.120567375886525,9,284,141,186.0,77,0,0,Inactive Customers,0.05981998120049284,High,Low,141.4293905532652
15756.0,4,532.96,2.7758333333333334,242,1.2604166666666667,60,187,192,36.0,91,0,0,Inactive Customers,0.2419396002216778,Medium,Low,128.9441293341454
15757.0,2,714.42,15.876,491,10.911111111111111,65,152,45,1.0,1,0,0,Inactive Customers,0.4590829823336532,Medium,Medium,327.9780642388085
15758.0,1,205.25,22.805555555555557,47,5.222222222222222,24,0,9,0.0,1,0,0,Inactive Customers,0.7433587517602606,Low,High,152.5743837987935
15759.0,3,253.04000000000002,36.14857142857143,60,8.571428571428571,217,139,7,1.0,78,1,1,Inactive Customers,0.5208518916106071,Low,Medium,131.79636265314804
15762.0,2,549.85,15.71,249,7.114285714285714,64,12,35,1.0,1,0,0,Inactive Customers,0.6938180994947127,Medium,Medium,381.49588200716784
15763.0,2,991.0699999999999,16.79779661016949,268,4.5423728813559325,31,45,59,1.0,1,0,0,Inactive Customers,0.6287792273158905,Medium,Medium,623.1642288159596
15764.0,6,3101.2200000000003,17.325251396648046,2045,11.424581005586592,87,188,179,92.0,19,0,0,Inactive Customers,0.14666667207797604,High,Low,454.8456167816609
15766.0,1,315.06,28.64181818181818,170,15.454545454545455,63,0,11,0.0,1,0,0,Inactive Customers,0.7332190886957252,Low,High,231.00800608447517
15768.0,3,371.83,14.301153846153845,242,9.307692307692308,115,110,26,1.0,88,1,0,Inactive Customers,0.5168292267521265,Medium,Medium,192.17261138324318
15769.0,16,7122.72,178.068,3328,83.2,6,363,40,215.0,100,0,2,High-Value Active Customers,0.031735703062303784,High,Low,226.0445269159324
15773.0,1,147.52,16.391111111111112,167,18.555555555555557,5,0,9,0.0,1,0,0,Inactive Customers,0.7248544927722117,Low,High,106.93053477375668
15774.0,1,270.8,10.832,87,3.48,68,0,25,0.0,1,0,0,Inactive Customers,0.7245930485644225,Low,High,196.21979755124562
15775.0,1,104.9,14.985714285714286,68,9.714285714285714,244,0,7,0.0,1,1,1,Inactive Customers,0.735811512057298,Low,High,77.18662761481056
15776.0,1,241.62,13.423333333333334,138,7.666666666666667,132,0,18,0.0,1,1,0,Inactive Customers,0.7257963541427633,Low,High,175.3669150879745
15777.0,4,1047.1100000000001,49.86238095238096,378,18.0,240,120,21,43.0,76,1,1,Inactive Customers,0.45895285908887345,Medium,Medium,480.5741282805503
15780.0,3,475.28000000000003,16.38896551724138,220,7.586206896551724,183,174,29,1.0,59,1,1,Inactive Customers,0.4306185124288376,Medium,Medium,204.66436658717794
15781.0,3,345.46000000000004,17.273000000000003,180,9.0,24,280,20,1.0,112,0,0,Inactive Customers,0.2677624572083434,Low,Low,92.50121846719432
15782.0,3,2198.12,56.362051282051276,570,14.615384615384615,9,79,39,1.0,40,0,0,Inactive Customers,0.5731470697511908,High,Medium,1259.8460369614875
15783.0,1,246.3,17.592857142857145,212,15.142857142857142,10,0,14,0.0,1,0,0,Inactive Customers,0.7226624698818771,Low,High,177.99176633190635
15785.0,5,2249.07,27.7662962962963,1610,19.876543209876544,32,262,81,98.0,125,0,0,Inactive Customers,0.11557209838775724,High,Low,259.9297393209532
15786.0,3,4898.9,18.41691729323308,3362,12.639097744360901,45,68,266,1.0,1,0,0,Inactive Customers,0.2602335195838328,High,Low,1274.8579890892383
15787.0,3,948.05,4.602184466019417,540,2.621359223300971,25,35,206,1.0,1,0,0,Inactive Customers,0.5166033020512879,Medium,Medium,489.76576050972346
15789.0,1,351.3,14.052,438,17.52,357,0,25,0.0,1,1,1,Inactive Customers,0.7014089024832179,Low,High,246.40494744235443
15790.0,1,220.85,6.31,114,3.257142857142857,9,0,35,0.0,1,0,0,Inactive Customers,0.714819920580984,Low,High,157.8679794603103
15791.0,2,1612.69,21.502533333333336,731,9.746666666666666,43,160,75,1.0,1,0,0,Inactive Customers,0.4088706266024579,High,Medium,659.3815708155178
15793.0,3,948.96,86.2690909090909,552,50.18181818181818,14,253,11,1.0,24,0,0,Inactive Customers,0.34250160438888133,Medium,Medium,325.02032250087285
15795.0,1,559.16,14.337435897435897,578,14.820512820512821,149,0,39,0.0,1,1,1,Inactive Customers,0.6870744683017392,Medium,Medium,384.1845596956005
15796.0,8,2711.56,20.38766917293233,861,6.473684210526316,0,301,133,114.0,108,0,0,Inactive Customers,0.08746960464396258,High,Low,237.1790811683832
15797.0,1,1228.8000000000002,307.20000000000005,384,96.0,304,0,4,0.0,1,1,1,Inactive Customers,0.8412003720943545,High,High,1033.667017229543
15799.0,3,884.14,9.021836734693878,955,9.744897959183673,75,258,98,1.0,109,0,0,Inactive Customers,0.2135862216679944,Medium,Low,188.84012202554058
15800.0,2,699.08,5.874621848739496,335,2.8151260504201683,106,139,119,1.0,1,1,0,Inactive Customers,0.4310042042638676,Medium,Medium,301.3064191167846
15801.0,3,1063.95,16.62421875,570,8.90625,45,63,64,1.0,13,0,0,Inactive Customers,0.5745026184708568,Medium,Medium,611.2420609220682
15803.0,1,415.82000000000005,51.977500000000006,290,36.25,50,0,8,0.0,1,0,0,Inactive Customers,0.7308221286832497,Medium,High,303.8904575490689
15804.0,13,3922.4900000000002,15.086500000000001,2561,9.85,0,198,260,112.0,84,0,0,Inactive Customers,0.08137014494724347,High,Low,319.17357985411303
15805.0,17,5477.63,18.381308724832216,3384,11.355704697986576,22,341,298,189.0,152,0,2,High-Value Active Customers,0.014290241954495974,High,Low,78.27665803720578
15806.0,3,784.58,25.309032258064516,602,19.419354838709676,45,230,31,1.0,111,0,0,Inactive Customers,0.30274421828746806,Medium,Medium,237.52705878398172
15807.0,3,903.9,18.83125,430,8.958333333333334,49,26,48,1.0,1,0,0,Inactive Customers,0.6561213644956042,Medium,Medium,593.0681013675767
15808.0,4,3734.9700000000003,17.95658653846154,1343,6.456730769230769,305,63,208,8.0,32,1,1,Inactive Customers,0.3854503129494444,High,Medium,1439.6453553567862
15809.0,5,515.77,14.736285714285714,301,8.6,35,266,35,46.0,167,0,0,Inactive Customers,0.20402269858884056,Medium,Low,105.2287872511663
15810.0,4,1307.23,15.562261904761906,856,10.19047619047619,78,218,84,64.0,91,0,0,Inactive Customers,0.2101987692988682,High,Low,274.77813719055945
15811.0,6,2218.62,16.681353383458646,1071,8.052631578947368,21,343,133,67.0,183,0,0,Inactive Customers,0.07505363637982472,High,Low,166.5154987450067
15812.0,5,1611.3300000000002,43.54945945945946,631,17.054054054054053,106,210,37,63.0,81,1,0,Inactive Customers,0.26887398167996457,High,Low,433.24471290037735
15813.0,2,1303.9099999999999,32.59775,603,15.075,207,31,40,1.0,1,1,1,Inactive Customers,0.6479998631193102,High,Medium,844.9335015198997
15814.0,4,1909.38,26.89267605633803,1270,17.887323943661972,16,33,71,1.0,19,0,0,Inactive Customers,0.5715126296888096,High,Medium,1091.2347848752192
15815.0,5,1742.52,37.074893617021274,1472,31.319148936170212,63,196,47,14.0,148,0,0,Inactive Customers,0.264612561784939,High,Low,461.09268116149195
15819.0,4,1905.45,15.491463414634147,1357,11.032520325203253,48,227,123,77.0,81,0,0,Inactive Customers,0.15650105751773308,High,Low,298.2049400471645
15820.0,1,206.98,12.175294117647057,128,7.529411764705882,319,0,17,0.0,1,1,1,Inactive Customers,0.7262954943551543,Low,High,150.32864142162984
15821.0,2,554.01,9.082131147540984,201,3.2950819672131146,43,17,61,1.0,1,0,0,Inactive Customers,0.6699881904548379,Medium,Medium,371.18015739388477
15822.0,2,885.47,26.832424242424242,375,11.363636363636363,2,356,33,1.0,1,0,0,Inactive Customers,0.20375182873968373,Medium,Low,180.41613179412775
15825.0,1,282.94,14.891578947368421,218,11.473684210526315,171,0,19,0.0,1,1,1,Inactive Customers,0.7198809046883022,Low,High,203.68310317250823
15826.0,3,1654.31,24.328088235294118,963,14.161764705882353,55,154,68,1.0,1,0,0,Inactive Customers,0.4108670637395148,High,Medium,679.7014922149167
15827.0,14,1836.09,15.966,882,7.6695652173913045,72,299,115,91.0,163,0,0,Inactive Customers,0.09894138970482132,High,Low,181.66529622312535
15829.0,2,636.14,12.473333333333333,996,19.529411764705884,98,41,51,1.0,1,1,0,Inactive Customers,0.5937385787010562,Medium,Medium,377.7008594548899
15830.0,1,576.0,14.76923076923077,415,10.64102564102564,37,0,39,0.0,1,0,0,Inactive Customers,0.6973458169295204,Medium,High,401.6711905514037
15831.0,3,717.2,10.866666666666667,816,12.363636363636363,57,265,66,1.0,65,0,0,Inactive Customers,0.2422395552506226,Medium,Low,173.73420902574654
15832.0,1,836.79,15.49611111111111,465,8.61111111111111,253,0,54,0.0,1,1,1,Inactive Customers,0.6852700804134779,Medium,Medium,573.4271505891942
15834.0,3,1932.9,7.212313432835821,960,3.582089552238806,69,206,268,1.0,95,0,0,Inactive Customers,0.18369823250536638,High,Low,355.0703136096227
15835.0,4,903.24,18.433469387755103,436,8.89795918367347,43,286,49,70.0,93,0,0,Inactive Customers,0.172033038767271,Medium,Low,155.38712193614987
15836.0,1,112.37,12.485555555555557,25,2.7777777777777777,49,0,9,0.0,1,0,0,Inactive Customers,0.7395218880406661,Low,High,83.10007455912965
15837.0,1,391.98,16.3325,189,7.875,64,0,24,0.0,1,0,0,Inactive Customers,0.7207759000277562,Medium,High,282.5297372928799
15838.0,19,16992.88,124.03562043795621,9136,66.68613138686132,10,356,137,188.0,154,0,2,High-Value Active Customers,0.004816464375712741,High,Low,81.84560116076152
15839.0,3,1048.49,16.911129032258064,675,10.887096774193548,32,114,62,1.0,47,0,0,Inactive Customers,0.474136663370745,Medium,Medium,497.1275501775924
15840.0,2,355.56,13.168888888888889,396,14.666666666666666,58,113,27,1.0,1,0,0,Inactive Customers,0.5367421743077692,Low,Medium,190.84404749687042
15841.0,4,1224.06,26.043829787234042,942,20.04255319148936,72,266,47,120.0,13,0,0,Inactive Customers,0.15239774122711505,High,Low,186.54397912646243
15843.0,1,118.95,14.86875,27,3.375,303,0,8,0.0,1,1,1,Inactive Customers,0.7412121867096789,Low,High,88.1671896091163
15844.0,1,130.73999999999998,11.885454545454543,134,12.181818181818182,45,0,11,0.0,1,0,0,Inactive Customers,0.7266205942333193,Low,High,94.99837649006415
15845.0,8,3711.77,26.896884057971015,1926,13.956521739130435,17,319,138,157.0,126,0,0,Inactive Customers,0.046606105431963286,High,Low,172.99114395919835
15847.0,2,328.79,15.656666666666668,161,7.666666666666667,37,249,21,1.0,1,0,0,Inactive Customers,0.35189641394974874,Low,Medium,115.7000219425379
15850.0,2,238.85,2.4623711340206187,302,3.11340206185567,18,148,97,1.0,1,0,0,Inactive Customers,0.4368249798580951,Low,Medium,104.33564643910601
15852.0,2,160.71,7.305000000000001,48,2.1818181818181817,186,10,22,1.0,1,1,1,Inactive Customers,0.7139969194018312,Low,High,114.7464449170683
15853.0,1,110.8,3.6933333333333334,135,4.5,51,0,30,0.0,1,0,0,Inactive Customers,0.715183420319926,Low,High,79.24232297144779
15854.0,12,2974.65,21.247500000000002,939,6.707142857142857,3,357,140,153.0,200,0,0,Inactive Customers,0.041860592254013305,High,Low,124.52061074840068
15855.0,5,712.24,8.903,470,5.875,136,126,80,23.0,69,1,0,Inactive Customers,0.4130116530844771,Medium,Medium,294.16341979288796
15856.0,27,15531.41,24.22996879875195,10357,16.157566302652107,3,361,641,250.0,99,0,2,High-Value Active Customers,0.0005815237473465905,High,Low,9.031883744776309
15857.0,1,297.0,21.214285714285715,308,22.0,18,0,14,0.0,1,0,0,Inactive Customers,0.7158452017212601,Low,High,212.60602491121423
15858.0,5,1438.85,7.533246073298429,1167,6.109947643979058,15,351,191,77.0,62,0,0,Inactive Customers,0.07018405550819057,High,Low,100.98432826796
15860.0,8,876.51,6.351521739130435,434,3.1449275362318843,40,327,138,224.0,83,0,0,Inactive Customers,0.047685985288986245,Medium,Low,41.79724296564933
15861.0,7,3000.36,5.505247706422018,2543,4.66605504587156,11,254,545,221.0,14,0,0,Inactive Customers,0.015889825128145938,High,Low,47.67519572148395
15862.0,4,799.28,5.512275862068965,583,4.020689655172414,7,365,145,169.0,103,0,0,Inactive Customers,0.046976910889210674,Medium,Low,37.547705335528306
15863.0,2,68.84,3.8244444444444445,19,1.0555555555555556,25,167,18,1.0,1,0,0,Inactive Customers,0.48434304866963085,Low,Medium,33.34217547041739
15864.0,4,1173.1200000000001,78.20800000000001,472,31.466666666666665,66,249,15,138.0,32,0,0,Inactive Customers,0.19599726663979866,High,Low,229.92831344048062
15865.0,3,794.98,20.920526315789473,363,9.552631578947368,40,173,38,1.0,48,0,0,Inactive Customers,0.4222027713663714,Medium,Medium,335.64275918083797
15866.0,1,179.68,4.278095238095238,123,2.9285714285714284,100,0,42,0.0,1,1,0,Inactive Customers,0.7093124217076756,Low,High,127.44925593243516
15867.0,15,3756.79,8.20259825327511,2051,4.478165938864628,4,363,458,100.0,236,0,2,High-Value Active Customers,0.015459070829712205,High,Low,58.07648270235452
15869.0,2,149.64,9.975999999999999,175,11.666666666666666,276,0,15,1.0,1,1,1,Inactive Customers,0.7208303321441268,Low,High,107.86505090204713
15870.0,1,354.09000000000003,4.659078947368421,335,4.407894736842105,32,0,76,0.0,1,0,0,Inactive Customers,0.6763441748742387,Low,Medium,239.48670888121922
15872.0,2,360.93,2.819765625,212,1.65625,14,0,128,1.0,1,0,0,Inactive Customers,0.647035849759463,Low,Medium,233.534649253683
15874.0,7,3673.9300000000003,33.09846846846847,1850,16.666666666666668,63,220,111,28.0,182,0,0,Inactive Customers,0.16403188285821346,High,Low,602.6416553892763
15877.0,2,493.28,3.823875968992248,371,2.875968992248062,1,16,129,1.0,1,0,0,Inactive Customers,0.6139565128316551,Medium,Medium,302.8524686495988
15880.0,1,326.33,3.1377884615384612,210,2.019230769230769,368,0,104,0.0,1,1,1,Inactive Customers,0.6643066231456294,Low,Medium,216.78318033111321
15881.0,5,501.39,17.289310344827587,260,8.96551724137931,311,52,29,2.0,1,1,1,Inactive Customers,0.6421933304952939,Medium,Medium,321.9893139770354
15882.0,4,516.36,22.450434782608696,276,12.0,198,169,23,1.0,1,1,1,Inactive Customers,0.4678151935915911,Medium,Medium,241.561053362954
15883.0,2,396.48,8.091428571428573,223,4.551020408163265,1,31,49,1.0,1,0,0,Inactive Customers,0.6571162393768636,Medium,Medium,260.5334465881389
15885.0,1,349.35,21.834375,109,6.8125,92,0,16,0.0,1,1,0,Inactive Customers,0.7338092389722459,Low,High,256.35625763495415
15886.0,1,181.09,15.090833333333334,147,12.25,59,0,12,0.0,1,0,0,Inactive Customers,0.7273417061966762,Low,High,131.71430957515608
15888.0,1,168.31,14.025833333333333,76,6.333333333333333,80,0,12,0.0,1,0,0,Inactive Customers,0.7338256453430734,Low,High,123.51019436769268
15889.0,2,424.92,4.618695652173913,214,2.3260869565217392,156,212,92,1.0,1,1,1,Inactive Customers,0.3488422257419319,Medium,Medium,148.2300385622617
15891.0,1,524.52,8.459999999999999,442,7.129032258064516,226,0,62,0.0,1,1,1,Inactive Customers,0.6799375791608658,Medium,Medium,356.64085902145735
15894.0,2,263.55,6.4280487804878055,168,4.097560975609756,252,115,41,1.0,1,1,1,Inactive Customers,0.5391164204848211,Low,Medium,142.08413261877462
15895.0,1,179.17,16.288181818181815,94,8.545454545454545,149,0,11,0.0,1,1,1,Inactive Customers,0.7336105897720852,Low,High,131.4410093694645
15897.0,2,111.55,4.85,131,5.695652173913044,193,0,23,1.0,1,1,1,Inactive Customers,0.7188787073604632,Low,High,80.19091980605967
15898.0,5,1372.93,16.152117647058823,569,6.694117647058824,0,367,85,1.0,263,0,0,Inactive Customers,0.10544473236357078,High,Low,144.76823640391726
15899.0,1,56.25,14.0625,39,9.75,368,0,4,0.0,1,1,1,Inactive Customers,0.7384011829402373,Low,High,41.53506654038835
15900.0,1,351.11,6.884509803921569,221,4.333333333333333,23,0,51,0.0,1,0,0,Inactive Customers,0.6989364504778993,Low,High,245.40357712729525
15901.0,3,346.93,3.016782608695652,383,3.3304347826086955,16,138,115,1.0,61,0,0,Inactive Customers,0.4084025964286623,Low,Medium,141.6871127789958
15903.0,7,5126.76,69.28054054054054,2410,32.567567567567565,9,285,74,218.0,60,0,0,Inactive Customers,0.0506149137708926,High,Low,259.49051532406133
15904.0,1,144.73,4.990689655172414,83,2.8620689655172415,7,0,29,0.0,1,0,0,Inactive Customers,0.7197277348121904,Low,High,104.16619505936832
15906.0,7,1550.74,10.40765100671141,543,3.6442953020134228,19,235,149,35.0,125,0,0,Inactive Customers,0.18957469874383004,High,Low,293.981068330007
15907.0,3,967.45,3.8853413654618474,509,2.0441767068273093,3,206,249,1.0,172,0,0,Inactive Customers,0.190412201559255,Medium,Low,184.21428439850126
15909.0,1,191.94,27.419999999999998,98,14.0,173,0,7,0.0,1,1,1,Inactive Customers,0.7395923408094262,Low,High,141.95735389496124
15910.0,8,1232.18,4.614906367041199,1015,3.801498127340824,0,315,267,109.0,98,0,0,Inactive Customers,0.05779024151467986,High,Low,71.20797978955824
15912.0,2,264.62,13.927368421052632,185,9.736842105263158,177,54,19,1.0,1,1,1,Inactive Customers,0.6479975941673635,Low,Medium,171.4731233685677
15916.0,8,1511.14,9.812597402597403,756,4.909090909090909,15,350,154,120.0,175,0,0,Inactive Customers,0.05579501051892588,High,Low,84.31407219556966
15917.0,1,123.1,10.258333333333333,42,3.5,247,0,12,0.0,1,1,1,Inactive Customers,0.7349278521107344,Low,High,90.4696185948314
15918.0,2,334.23,8.35575,153,3.825,190,80,40,1.0,1,1,1,Inactive Customers,0.5958760210808379,Low,Medium,199.15964252584848
15919.0,2,639.89,4.4747552447552446,545,3.8111888111888113,19,349,143,1.0,1,0,0,Inactive Customers,0.15167947775427462,Medium,Low,97.05818102018279
15920.0,4,167.5,2.7916666666666665,99,1.65,153,0,60,1.0,1,1,1,Inactive Customers,0.6996127073719677,Low,High,117.18512848480458
15921.0,1,319.08,13.295,165,6.875,172,0,24,0.0,1,1,1,Inactive Customers,0.7209307461460496,Low,High,230.0345824802815
15922.0,1,369.5,33.59090909090909,138,12.545454545454545,372,0,11,0.0,1,1,1,Inactive Customers,0.7396020408265864,Medium,High,273.2829540854237
15923.0,1,127.08,6.051428571428572,122,5.809523809523809,372,0,21,0.0,1,1,1,Inactive Customers,0.7217111737073213,Low,High,91.7150559547264
15925.0,1,207.15,17.2625,93,7.75,193,0,12,0.0,1,1,1,Inactive Customers,0.7340951036057403,Low,High,152.0678007119291
15930.0,1,426.63,20.315714285714286,139,6.619047619047619,66,0,21,0.0,1,0,0,Inactive Customers,0.7280447781204669,Medium,High,310.6057436895348
15932.0,8,2495.87,21.703217391304346,2325,20.217391304347824,3,285,115,74.0,161,0,0,Inactive Customers,0.08539627951672266,High,Low,213.13801215740256
15933.0,3,1107.46,14.965675675675676,885,11.95945945945946,20,65,74,1.0,49,0,0,Inactive Customers,0.5278697636981662,Medium,Medium,584.5946485051711
15935.0,1,108.03999999999999,9.82181818181818,114,10.363636363636363,238,0,11,0.0,1,1,1,Inactive Customers,0.7274689346797667,Low,High,78.59574370280198
15937.0,1,145.35000000000002,20.764285714285716,73,10.428571428571429,63,0,7,0.0,1,0,0,Inactive Customers,0.7388468277793516,Low,High,107.39138641772878
15938.0,5,404.58000000000004,22.47666666666667,240,13.333333333333334,111,211,18,59.0,136,1,0,Inactive Customers,0.2776749233688834,Medium,Low,112.34172049658285
15939.0,13,5045.21,72.07442857142857,3227,46.1,89,241,70,84.0,137,0,0,Inactive Customers,0.1023727362225608,High,Low,516.491952517426
15940.0,1,35.8,35.8,4,4.0,310,0,1,0.0,1,1,1,Inactive Customers,0.7606856396235745,Low,High,27.232545898523966
15942.0,1,337.44,24.102857142857143,232,16.571428571428573,133,0,14,0.0,1,1,0,Inactive Customers,0.7247218931831695,Low,High,244.55015563572871
15944.0,1,325.1,54.18333333333334,50,8.333333333333334,276,0,6,0.0,1,1,1,Inactive Customers,0.763138218308057,Low,High,248.09623477194933
15945.0,1,181.0,90.5,52,26.0,364,0,2,0.0,1,1,1,Inactive Customers,0.7781947062819575,Low,High,140.85324183703432
15947.0,1,1708.24,58.9048275862069,898,30.96551724137931,82,0,29,0.0,1,0,0,Inactive Customers,0.6903524396301259,High,Medium,1179.2876514737663
15948.0,2,955.24,15.920666666666667,567,9.45,7,35,60,1.0,1,0,0,Inactive Customers,0.6245970235265339,Medium,Medium,596.6400607534863
15949.0,2,364.72,19.19578947368421,284,14.947368421052632,16,54,19,1.0,1,0,0,Inactive Customers,0.6424147445723981,Medium,Medium,234.30150564044504
15950.0,4,1765.51,18.015408163265306,729,7.438775510204081,31,327,98,253.0,46,0,0,Inactive Customers,0.04465666343011092,High,Low,78.84178585249512
15951.0,2,708.22,17.273658536585366,313,7.634146341463414,8,276,41,1.0,1,0,0,Inactive Customers,0.29267757729723387,Medium,Medium,207.280113793447
15952.0,4,806.57,8.863406593406594,399,4.384615384615385,33,191,91,66.0,34,0,0,Inactive Customers,0.2744130787955652,Medium,Low,221.33335696413903
15953.0,8,1659.3799999999999,16.932448979591836,892,9.10204081632653,14,354,98,157.0,50,0,0,Inactive Customers,0.06292398912170563,High,Low,104.41480906877588
15955.0,14,4416.26,24.13256830601093,2135,11.666666666666666,23,348,183,252.0,82,0,2,High-Value Active Customers,0.020344252486223673,High,Low,89.84550848481017
15957.0,1,428.89,10.211666666666666,211,5.023809523809524,31,0,42,0.0,1,0,0,Inactive Customers,0.7061767008134571,Medium,High,302.8721252118836
15958.0,1,104.35,14.907142857142857,33,4.714285714285714,73,0,7,0.0,1,0,0,Inactive Customers,0.7407459162498963,Low,High,77.29683636067668
15963.0,2,470.76,16.812857142857144,298,10.642857142857142,19,25,28,1.0,1,0,0,Inactive Customers,0.6773959540531126,Medium,Medium,318.8909193300433
15965.0,4,845.64,6.931475409836065,453,3.7131147540983607,16,350,122,338.0,11,0,0,Inactive Customers,0.025438760400042032,Medium,Low,21.512033344691545
15967.0,2,418.83,4.986071428571428,211,2.511904761904762,22,295,84,1.0,1,0,0,Inactive Customers,0.24552238907186433,Medium,Low,102.83214221496893
15969.0,3,582.9,30.678947368421053,120,6.315789473684211,2,182,19,1.0,47,0,0,Inactive Customers,0.44855454017366964,Medium,Medium,261.462441467232
15970.0,1,314.09999999999997,28.55454545454545,116,10.545454545454545,303,0,11,0.0,1,1,1,Inactive Customers,0.7388251588589458,Low,High,232.06498239759486
15971.0,11,3218.85,97.54090909090908,1347,40.81818181818182,17,293,33,154.0,123,0,0,Inactive Customers,0.0983637084678214,High,Low,316.6180230016469
15973.0,1,307.82000000000005,76.95500000000001,106,26.5,366,0,4,0.0,1,1,1,Inactive Customers,0.7650869318966569,Low,High,235.50905937642895
15974.0,7,3442.15,19.557670454545455,2262,12.852272727272727,38,249,176,77.0,144,0,0,Inactive Customers,0.0887638992771872,High,Low,305.53865589696994
15975.0,1,371.01,15.45875,243,10.125,83,0,24,0.0,1,0,0,Inactive Customers,0.7164858034883603,Medium,High,265.82339795221657
15976.0,2,430.94,4.39734693877551,277,2.826530612244898,164,54,98,1.0,1,1,1,Inactive Customers,0.5842012741625437,Medium,Medium,251.7556970876066
15977.0,2,981.62,15.581269841269842,871,13.825396825396826,16,21,63,1.0,1,0,0,Inactive Customers,0.6249350839903726,Medium,Medium,613.4487771466295
15978.0,1,1098.78,22.42408163265306,888,18.122448979591837,76,0,49,0.0,1,0,0,Inactive Customers,0.6654935745153391,Medium,Medium,731.2310298059642
15980.0,3,2295.18,54.64714285714285,1272,30.285714285714285,88,165,42,1.0,1,0,0,Inactive Customers,0.40309296433342806,High,Medium,925.1709098787974
15981.0,8,3408.48,35.13896907216495,1866,19.237113402061855,24,286,97,100.0,143,0,0,Inactive Customers,0.08735735225607058,High,Low,297.75578801777147
15983.0,4,1475.02,13.053274336283186,892,7.893805309734513,21,351,113,7.0,338,0,0,Inactive Customers,0.0848264497327667,High,Low,125.12070988482554
15984.0,10,2564.17,9.639736842105263,1401,5.2669172932330826,2,365,266,134.0,107,0,0,Inactive Customers,0.03266655384002374,High,Low,83.76259735997367
15985.0,2,1037.42,28.817222222222224,836,23.22222222222222,122,113,36,1.0,1,1,0,Inactive Customers,0.5068704044897702,Medium,Medium,525.8374950257775
15986.0,1,168.12,12.008571428571429,268,19.142857142857142,29,0,14,0.0,1,0,0,Inactive Customers,0.713988196201881,Low,High,120.03569554546024
15987.0,6,1097.94,7.89884892086331,650,4.676258992805756,11,356,139,169.0,136,0,0,Inactive Customers,0.046939845365228314,Medium,Low,51.53713382029878
15988.0,1,138.07999999999998,5.31076923076923,180,6.923076923076923,18,0,26,0.0,1,0,0,Inactive Customers,0.7149073777263801,Low,High,98.71441071645856
15990.0,2,792.11,15.232884615384616,443,8.51923076923077,43,243,52,1.0,1,0,0,Inactive Customers,0.3214717228101606,Medium,Medium,254.64096635515634
15992.0,1,41.989999999999995,13.996666666666664,17,5.666666666666667,3,0,3,0.0,1,0,0,Inactive Customers,0.7428626480704398,Low,High,31.19280259247776
15993.0,7,2797.57,5.068061594202899,2051,3.7155797101449277,8,35,552,10.0,16,0,0,Inactive Customers,0.1949180541422277,High,Low,545.296900726672
15994.0,1,410.12,12.06235294117647,176,5.176470588235294,54,0,34,0.0,1,0,0,Inactive Customers,0.7139526454532396,Medium,High,292.8062589532826
15996.0,6,1002.78,7.83421875,382,2.984375,87,277,128,102.0,77,0,0,Inactive Customers,0.12844163131033898,Medium,Low,128.7986990453817
15998.0,5,3039.12,6.041988071570576,2038,4.0516898608349905,36,325,503,99.0,135,0,0,Inactive Customers,0.020719725779194224,High,Low,62.96973301006475
16003.0,5,2235.37,22.13237623762376,1181,11.693069306930694,29,329,101,193.0,104,0,0,Inactive Customers,0.04997334688672392,High,Low,111.70892043017604
16005.0,4,615.39,2.822889908256881,300,1.3761467889908257,11,258,218,88.0,1,0,0,Inactive Customers,0.13872781659480257,Medium,Low,85.37171105427555
16006.0,1,101.4,12.675,84,10.5,210,0,8,0.0,1,1,1,Inactive Customers,0.7324112359787407,Low,High,74.26649932824431
16007.0,4,1701.94,4.420623376623377,1393,3.618181818181818,47,167,385,34.0,20,0,0,Inactive Customers,0.1502786275598018,High,Low,255.76520738912907
16008.0,3,478.78,14.508484848484848,323,9.787878787878787,23,180,33,1.0,51,0,0,Inactive Customers,0.4133855179557149,Medium,Medium,197.92071828683714
16009.0,4,992.71,11.030111111111111,378,4.2,21,137,90,116.0,10,0,0,Inactive Customers,0.29407386458803164,Medium,Medium,291.9300661151849
16010.0,3,407.5,4.738372093023256,210,2.441860465116279,245,116,86,1.0,4,1,1,Inactive Customers,0.49965780027615386,Medium,Medium,203.6105536125327
16011.0,16,3362.71,15.86183962264151,2042,9.632075471698114,7,357,212,189.0,136,0,2,High-Value Active Customers,0.02429273428251924,High,Low,81.68942049917028
16012.0,3,1399.34,15.046666666666665,798,8.580645161290322,34,119,93,1.0,93,0,0,Inactive Customers,0.41338156111231333,High,Medium,578.4613537269045
16013.0,33,17660.62,163.52425925925925,5406,50.05555555555556,3,367,108,251.0,115,0,2,High-Value Active Customers,0.009220769677946597,High,Low,162.84450938973723
16014.0,3,647.38,4.495694444444444,264,1.8333333333333333,37,253,144,1.0,114,0,0,Inactive Customers,0.221043505609055,Medium,Low,143.09914466119002
16015.0,3,705.39,3.875769230769231,909,4.9945054945054945,3,45,182,1.0,22,0,0,Inactive Customers,0.49133710532442243,Medium,Medium,346.5842807247943
16016.0,8,1474.8600000000001,6.302820512820514,618,2.641025641025641,2,363,234,170.0,76,0,0,Inactive Customers,0.03770098013655237,High,Low,55.60366756419563
16017.0,1,191.93,6.191290322580645,101,3.2580645161290325,46,0,31,0.0,1,0,0,Inactive Customers,0.7179481216449942,Low,High,137.79578298732375
16018.0,2,408.9,14.603571428571428,190,6.785714285714286,38,141,28,1.0,1,0,0,Inactive Customers,0.5100176736871189,Medium,Medium,208.5462267706629
16019.0,9,3786.24,23.663999999999998,1733,10.83125,46,317,160,67.0,207,0,0,Inactive Customers,0.06587397398617602,High,Low,249.41467526541908
16020.0,3,851.01,18.500217391304346,487,10.58695652173913,16,48,46,1.0,1,0,0,Inactive Customers,0.6218183089570042,Medium,Medium,529.1735991055001
16022.0,1,628.28,8.266842105263157,261,3.4342105263157894,259,0,76,0.0,1,1,1,Inactive Customers,0.680286530827249,Medium,Medium,427.410421588144
16023.0,3,719.81,7.126831683168317,358,3.5445544554455446,45,220,101,1.0,146,0,0,Inactive Customers,0.2689848313919792,Medium,Low,193.61797148426055
16024.0,1,251.24,3.925625,398,6.21875,11,0,64,0.0,1,0,0,Inactive Customers,0.6804817966226313,Low,Medium,170.9642465834699
16025.0,1,439.65999999999997,15.702142857142857,338,12.071428571428571,29,0,28,0.0,1,0,0,Inactive Customers,0.7082637505073613,Medium,High,311.39524054806645
16026.0,1,236.09,7.3778125,243,7.59375,42,0,32,0.0,1,0,0,Inactive Customers,0.7088073084110752,Low,High,167.34231744277074
16027.0,4,215.22,23.913333333333334,138,15.333333333333334,136,165,9,83.0,38,1,0,Inactive Customers,0.35932877392459067,Low,Medium,77.33473872405041
16029.0,50,23042.19,143.11919254658383,11178,69.42857142857143,38,335,161,191.0,126,0,2,High-Value Active Customers,0.003085571621020526,High,Low,71.09832755016295
16030.0,1,331.24,11.422068965517242,283,9.758620689655173,309,0,29,0.0,1,1,1,Inactive Customers,0.7094845150140847,Low,High,235.00965075326542
16031.0,2,508.99,5.141313131313131,422,4.262626262626263,91,154,99,1.0,1,1,0,Inactive Customers,0.41856762290604754,Medium,Medium,213.04673438294915
16033.0,20,8706.7,7.684642541924096,3533,3.118270079435128,5,364,1133,158.0,195,0,2,High-Value Active Customers,0.0009590709499209802,High,Low,8.350343039677
16034.0,3,437.70000000000005,19.895454545454548,242,11.0,195,136,22,1.0,12,1,1,Inactive Customers,0.5160781641529448,Medium,Medium,225.88741244974398
16036.0,2,728.6800000000001,13.494074074074076,572,10.592592592592593,86,176,54,1.0,1,0,0,Inactive Customers,0.40944061717904456,Medium,Medium,298.3511889260262
16037.0,3,715.22,18.821578947368423,424,11.157894736842104,269,88,38,1.0,34,1,1,Inactive Customers,0.5563649589315015,Medium,Medium,397.92334592698853
16038.0,3,471.78,18.145384615384614,244,9.384615384615385,7,194,26,1.0,169,0,0,Inactive Customers,0.3540151590865308,Medium,Medium,167.0172717538435
16040.0,3,1313.55,20.20846153846154,684,10.523076923076923,64,203,65,1.0,82,0,0,Inactive Customers,0.32324976156324353,High,Medium,424.6047243013985
16041.0,2,1487.0,495.6666666666667,180,60.0,140,0,3,1.0,1,1,0,Inactive Customers,0.925959273278849,High,High,1376.9014393656485
16042.0,5,1146.42,16.859117647058824,752,11.058823529411764,21,310,68,224.0,35,0,0,Inactive Customers,0.06505381349966838,High,Low,74.57899287228983
16043.0,4,689.24,20.271764705882354,498,14.647058823529411,37,280,34,71.0,173,0,0,Inactive Customers,0.1601958378165497,Medium,Low,110.41337925667871
16045.0,4,1340.7,16.15301204819277,897,10.80722891566265,119,170,83,44.0,42,1,0,Inactive Customers,0.3056358409570481,High,Medium,409.7659719711144
16048.0,2,256.44,32.055,144,18.0,372,0,8,1.0,1,1,1,Inactive Customers,0.7364533925131259,Low,High,188.856107976066
16049.0,3,1111.79,3.563429487179487,793,2.5416666666666665,39,34,312,1.0,1,0,0,Inactive Customers,0.42466695543860217,Medium,Medium,472.1404743870835
16050.0,1,137.9,13.790000000000001,278,27.8,173,0,10,0.0,1,1,1,Inactive Customers,0.7109298460951595,Low,High,98.0372257765225
16052.0,1,362.06,10.648823529411764,282,8.294117647058824,53,0,34,0.0,1,0,0,Inactive Customers,0.7066980504859739,Low,High,255.8670961589517
16053.0,2,1454.35,17.522289156626506,1217,14.662650602409638,32,89,83,1.0,1,0,0,Inactive Customers,0.48398429686925654,High,Medium,703.8825621518032
16054.0,1,752.0,10.898550724637682,378,5.478260869565218,144,0,69,0.0,1,1,1,Inactive Customers,0.6790202060879397,Medium,Medium,510.62319497813064
16055.0,1,93.9,15.65,20,3.3333333333333335,220,0,6,0.0,1,1,1,Inactive Customers,0.7434249104433588,Low,High,69.8075990906314
16056.0,1,664.85,9.777205882352941,347,5.102941176470588,44,0,68,0.0,1,0,0,Inactive Customers,0.6813008458560759,Medium,Medium,452.96286736741206
16057.0,7,2263.12,18.703471074380165,863,7.132231404958677,15,268,121,73.0,80,0,0,Inactive Customers,0.14201603606873134,High,Low,321.39933154786723
16059.0,6,1459.8600000000001,8.110333333333333,643,3.5722222222222224,65,301,180,113.0,97,0,0,Inactive Customers,0.08345708634725063,High,Low,121.83566207489731
16062.0,4,1121.72,17.805079365079365,798,12.666666666666666,9,355,63,123.0,123,0,0,Inactive Customers,0.07498450370298504,High,Low,84.11161749371239
16063.0,1,335.32,14.57913043478261,262,11.391304347826088,259,0,23,1.0,1,1,1,Inactive Customers,0.7138533786954985,Low,High,239.36931494417453
16065.0,1,372.09,5.028243243243243,231,3.1216216216216215,364,0,74,0.0,1,1,1,Inactive Customers,0.6831933150535417,Medium,Medium,254.20940059827234
16066.0,5,1418.19,14.041485148514852,792,7.841584158415841,16,107,101,62.0,31,0,0,Inactive Customers,0.36823052285272884,High,Medium,522.2208452045115
16070.0,2,852.15,25.82272727272727,457,13.848484848484848,21,9,33,1.0,1,0,0,Inactive Customers,0.6899207663692234,Medium,Medium,587.9159810615337
16071.0,1,326.24,15.535238095238096,180,8.571428571428571,44,0,21,0.0,1,0,0,Inactive Customers,0.7224376262049189,Low,High,235.68805117309276
16072.0,1,516.52,24.596190476190475,136,6.476190476190476,287,0,21,0.0,1,1,1,Inactive Customers,0.730525622912793,Medium,High,377.3310947469158
16073.0,1,122.4,122.4,48,48.0,296,0,1,0.0,1,1,1,Inactive Customers,0.7851084955156235,Low,High,96.09727985111232
16076.0,10,2234.73,17.323488372093024,1435,11.124031007751938,2,205,129,115.0,76,0,0,Inactive Customers,0.14354042386172464,High,Low,320.7740914165119
16078.0,1,79.2,79.2,16,16.0,283,0,1,0.0,1,1,1,Inactive Customers,0.7801304803854223,Low,High,61.78633404652545
16079.0,3,944.0,47.2,704,35.2,16,23,20,1.0,7,0,0,Inactive Customers,0.6653836250116633,Medium,Medium,628.1221420110102
16080.0,2,217.16,21.716,128,12.8,81,192,10,1.0,1,0,0,Inactive Customers,0.44928569760159953,Low,Medium,97.56688209116335
16081.0,5,2806.9,12.365198237885464,1477,6.506607929515418,55,310,227,107.0,128,0,0,Inactive Customers,0.055257225696293454,High,Low,155.1015068069261
16083.0,2,1317.62,42.50387096774193,908,29.29032258064516,100,259,31,1.0,1,1,0,Inactive Customers,0.293339579101981,High,Medium,386.51009621635217
16084.0,1,436.18,11.47842105263158,216,5.684210526315789,298,0,38,0.0,1,1,1,Inactive Customers,0.7088181707303597,Medium,High,309.1723097091683
16085.0,5,981.51,5.877305389221557,636,3.808383233532934,22,297,167,84.0,55,0,0,Inactive Customers,0.11179664890631116,Medium,Low,109.72952886803347
16086.0,5,1121.39,28.753589743589746,511,13.102564102564102,58,307,39,78.0,140,0,0,Inactive Customers,0.14102493053983348,High,Low,158.14394685806388
16091.0,2,315.06,17.503333333333334,154,8.555555555555555,154,43,18,1.0,1,1,1,Inactive Customers,0.6690525225474014,Low,Medium,210.7916877537843
16092.0,3,817.86,16.036470588235293,628,12.313725490196079,114,139,51,1.0,82,1,0,Inactive Customers,0.4303092984528644,Medium,Medium,351.9327628326597
16093.0,1,17.0,17.0,20,20.0,106,0,1,0.0,1,1,0,Inactive Customers,0.7357533000286842,Low,High,12.507806100487631
16094.0,4,1078.23,17.114761904761906,647,10.26984126984127,11,207,63,1.0,17,0,0,Inactive Customers,0.34770930833829056,Medium,Medium,374.91060752959504
16096.0,1,195.62,17.783636363636365,154,14.0,263,0,11,0.0,1,1,1,Inactive Customers,0.7281730572777293,Low,High,142.44521346466942
16097.0,1,185.04999999999998,18.505,87,8.7,239,0,10,0.0,1,1,1,Inactive Customers,0.7358790151016043,Low,High,136.17441174455186
16098.0,7,1762.23,27.11123076923077,601,9.246153846153845,87,286,65,139.0,97,0,0,Inactive Customers,0.11233174139577957,High,Low,197.95436463988463
16099.0,3,731.9,18.766666666666666,434,11.128205128205128,49,175,39,1.0,87,0,0,Inactive Customers,0.39535276982023715,Medium,Medium,289.3586922314316
16101.0,1,1290.7,16.982894736842105,757,9.960526315789474,70,0,76,0.0,1,0,0,Inactive Customers,0.6534939037376477,High,Medium,843.4645815541819
16102.0,3,1842.14,32.31824561403509,942,16.526315789473685,41,86,57,1.0,56,0,0,Inactive Customers,0.5042686387800108,High,Medium,928.9334302422092
16103.0,6,1429.64,29.784166666666668,558,11.625,6,226,48,46.0,150,0,0,Inactive Customers,0.23796944722353644,High,Low,340.21064052865665
16104.0,1,251.51000000000002,8.9825,120,4.285714285714286,61,0,28,0.0,1,0,0,Inactive Customers,0.719720986401132,Low,High,181.01702528974872
16105.0,1,336.96,25.919999999999998,330,25.384615384615383,248,0,13,0.0,1,1,1,Inactive Customers,0.7161030385136362,Low,High,241.29807985755485
16106.0,1,108.38,18.063333333333333,74,12.333333333333334,65,0,6,0.0,1,0,0,Inactive Customers,0.7364011298920728,Low,High,79.81115445770286
16107.0,7,3064.36,102.14533333333334,1172,39.06666666666667,17,165,30,79.0,71,0,0,Inactive Customers,0.308208785092193,High,Medium,944.4626726851126
16108.0,1,842.5,17.552083333333332,615,12.8125,84,0,48,0.0,1,0,0,Inactive Customers,0.6809822067301243,Medium,Medium,573.7275091701298
16109.0,2,551.4,32.43529411764706,468,27.529411764705884,218,89,17,1.0,1,1,1,Inactive Customers,0.5810871780622212,Medium,Medium,320.41146998350877
16110.0,3,1337.48,3.77819209039548,733,2.0706214689265536,44,266,354,1.0,217,0,0,Inactive Customers,0.09257468299364124,High,Low,123.81678701033529
16112.0,4,143.9,9.593333333333334,430,28.666666666666668,142,195,15,5.0,11,1,0,Inactive Customers,0.3932780160010232,Low,Medium,56.59270650254724
16113.0,1,145.43,5.014827586206897,175,6.0344827586206895,182,0,29,0.0,1,1,1,Inactive Customers,0.7136744474824347,Low,High,103.78967489737049
16114.0,1,135.75000000000003,16.968750000000004,43,5.375,170,0,8,0.0,1,1,1,Inactive Customers,0.7404876480915378,Low,High,100.52119822842627
16115.0,8,1667.97,5.873133802816901,1001,3.5246478873239435,9,282,284,112.0,107,0,0,Inactive Customers,0.06413357555249158,High,Low,106.97288001428937
16116.0,1,612.78,18.02294117647059,248,7.294117647058823,211,0,34,0.0,1,1,1,Inactive Customers,0.7119470160249459,Medium,High,436.26689247976634
16117.0,1,232.21,7.740333333333334,130,4.333333333333333,189,0,30,0.0,1,1,1,Inactive Customers,0.7173494263641123,Low,High,166.5757102960105
16119.0,2,423.36,26.46,240,15.0,7,64,16,1.0,1,0,0,Inactive Customers,0.637367046543232,Medium,Medium,269.83571282454267
16120.0,4,1309.14,43.638000000000005,878,29.266666666666666,58,0,30,1.0,1,0,0,Inactive Customers,0.6845071319048268,High,Medium,896.115666661885
16121.0,2,867.11,4.090141509433963,586,2.7641509433962264,56,158,212,1.0,1,0,0,Inactive Customers,0.32344243469117734,Medium,Medium,280.4601695450668
16122.0,4,559.62,15.124864864864865,936,25.2972972972973,72,293,37,33.0,39,0,0,Inactive Customers,0.19493113961435418,Medium,Low,109.08736435098488
16123.0,1,307.78000000000003,19.236250000000002,170,10.625,51,0,16,0.0,1,0,0,Inactive Customers,0.7271385819259637,Low,High,223.79871274517313
16124.0,1,113.4,16.2,40,5.714285714285714,316,0,7,0.0,1,1,1,Inactive Customers,0.7405866536506056,Low,High,83.98252652397868
16125.0,1,289.35,22.25769230769231,124,9.538461538461538,366,0,13,0.0,1,1,1,Inactive Customers,0.7338345084062813,Low,High,212.3350150073575
16126.0,4,6287.77,53.741623931623934,2125,18.162393162393162,28,267,117,112.0,72,0,0,Inactive Customers,0.08663794611231963,High,Low,544.75947842666
16127.0,1,656.25,16.40625,323,8.075,38,0,40,0.0,1,0,0,Inactive Customers,0.7029589378254341,Medium,High,461.3168029479411
16128.0,5,1880.22,21.126067415730336,988,11.101123595505618,17,264,89,138.0,59,0,0,Inactive Customers,0.1150549233500274,High,Low,216.3285679811885
16131.0,6,3506.54,44.95564102564102,1802,23.102564102564102,51,188,78,32.0,63,0,0,Inactive Customers,0.2494474346382357,High,Low,874.6974074563591
16133.0,33,12352.44,38.601375000000004,6743,21.071875,3,314,320,188.0,118,0,2,High-Value Active Customers,0.006955482185852384,High,Low,85.91717637181043
16134.0,2,618.09,17.659714285714287,371,10.6,21,337,35,1.0,1,0,0,Inactive Customers,0.21989628393068836,Medium,Low,135.91569413471916
16135.0,1,517.55,24.645238095238092,209,9.952380952380953,262,0,21,0.0,1,1,1,Inactive Customers,0.7251337364045516,Medium,High,375.29296527617566
16136.0,3,709.38,19.172432432432434,440,11.891891891891891,59,217,37,1.0,18,0,0,Inactive Customers,0.3635380462026633,Medium,Medium,257.8866192152453
16139.0,3,635.4100000000001,20.49709677419355,330,10.64516129032258,18,187,31,1.0,93,0,0,Inactive Customers,0.38825246268179275,Medium,Medium,246.69949731263796
16140.0,2,542.3,16.433333333333334,442,13.393939393939394,65,305,33,1.0,1,0,0,Inactive Customers,0.25283347958804786,Medium,Low,137.11159598059834
16141.0,1,586.5,20.224137931034484,236,8.137931034482758,87,0,29,0.0,1,0,0,Inactive Customers,0.7167230266816752,Medium,High,420.3580551488025
16142.0,1,535.34,14.46864864864865,422,11.405405405405405,249,0,37,0.0,1,1,1,Inactive Customers,0.6978851202697993,Medium,High,373.6058202852344
16143.0,6,2174.94,18.74948275862069,917,7.905172413793103,2,365,116,65.0,209,0,0,Inactive Customers,0.06945386348921652,High,Low,151.0579858572366
16144.0,1,175.2,175.2,16,16.0,246,0,1,0.0,1,1,1,Inactive Customers,0.8342260835279862,Low,High,146.1564098341032
16145.0,11,3799.4900000000002,16.96200892857143,3123,13.941964285714286,8,351,224,183.0,141,0,0,Inactive Customers,0.01943427542467657,High,Low,73.84033513330438
16146.0,3,734.13,25.314827586206896,427,14.724137931034482,156,74,29,1.0,46,1,1,Inactive Customers,0.5814391927191619,Medium,Medium,426.8519545509183
16147.0,1,375.0,17.045454545454547,246,11.181818181818182,133,0,22,0.0,1,1,0,Inactive Customers,0.7179094903391144,Medium,High,269.21605887716794
16148.0,1,76.32000000000001,76.32000000000001,72,72.0,295,0,1,0.0,1,1,1,Inactive Customers,0.7372952083115197,Low,High,56.270370298335195
16149.0,2,280.52,15.584444444444443,308,17.11111111111111,4,137,18,1.0,1,0,0,Inactive Customers,0.510707600714603,Low,Medium,143.26369615246043
16150.0,5,2053.02,17.547179487179488,1047,8.948717948717949,42,329,117,243.0,86,0,0,Inactive Customers,0.038189886265491586,High,Low,78.40460030077953
16152.0,1,1727.34,66.43615384615384,636,24.46153846153846,268,0,26,0.0,1,1,1,Inactive Customers,0.7136131188242235,High,High,1232.6524846698342
16153.0,5,1824.23,20.496966292134832,1073,12.0561797752809,49,305,89,137.0,136,0,0,Inactive Customers,0.07924275187831685,High,Low,144.55700525898195
16156.0,9,3058.2400000000002,23.707286821705427,1304,10.108527131782946,8,302,129,155.0,143,0,0,Inactive Customers,0.060328763617348506,High,Low,184.4998380451199
16157.0,3,656.69,36.482777777777784,347,19.27777777777778,15,56,18,1.0,8,0,0,Inactive Customers,0.6427341236204174,Medium,Medium,422.07707164029193
16159.0,1,348.2,24.87142857142857,236,16.857142857142858,281,0,14,0.0,1,1,1,Inactive Customers,0.7248123359530797,Low,High,252.37965537886234
16160.0,2,732.96,40.72,714,39.666666666666664,64,20,18,1.0,1,0,0,Inactive Customers,0.665470754648649,Medium,Medium,487.7634443272738
16161.0,19,5411.91,11.613540772532188,2589,5.555793991416309,1,367,466,158.0,196,0,2,High-Value Active Customers,0.009598505113727847,High,Low,51.94624581003487
16162.0,1,37.4,18.7,4,2.0,251,0,2,0.0,1,1,1,Inactive Customers,0.7498707554738859,Low,High,28.045166254723334
16163.0,2,856.6,142.76666666666668,192,32.0,231,132,6,1.0,1,1,1,Inactive Customers,0.6264901033434362,Medium,Medium,536.6514225239875
16164.0,3,782.58,23.714545454545455,431,13.06060606060606,16,25,33,1.0,7,0,0,Inactive Customers,0.6669117488433656,Medium,Medium,521.911796409841
16168.0,26,3529.84,36.390103092783505,1748,18.02061855670103,10,359,97,224.0,118,0,2,High-Value Active Customers,0.031804511586633596,High,Low,112.26483717896274
16169.0,4,1822.97,21.44670588235294,1325,15.588235294117647,7,67,85,36.0,21,0,0,Inactive Customers,0.4511758601461807,High,Medium,822.4800577706831
16170.0,6,1845.1,14.879838709677419,1769,14.266129032258064,50,197,124,64.0,83,0,0,Inactive Customers,0.18079836521050704,High,Low,333.5910636499065
16171.0,1,73.19999999999999,24.399999999999995,24,8.0,58,0,3,0.0,1,0,0,Inactive Customers,0.7479161011649774,Low,High,54.747458605276336
16172.0,5,1140.21,16.524782608695652,787,11.405797101449275,94,146,69,65.0,34,1,0,Inactive Customers,0.33099266341127714,High,Medium,377.4011447481723
16173.0,6,1418.32,16.884761904761906,575,6.845238095238095,15,82,84,20.0,29,0,0,Inactive Customers,0.494683750299827,High,Medium,701.6198567252505
16174.0,3,551.95,26.283333333333335,211,10.047619047619047,125,25,21,1.0,8,1,0,Inactive Customers,0.6905845784892078,Medium,Medium,381.1681580971183
16175.0,4,1037.5900000000001,17.88948275862069,533,9.189655172413794,93,145,58,35.0,74,1,0,Inactive Customers,0.37852503724458597,Medium,Medium,392.75379339461
16177.0,1,331.95,22.13,95,6.333333333333333,49,0,15,0.0,1,0,0,Inactive Customers,0.7356500227657772,Low,High,244.19902505709973
16178.0,1,197.9,24.7375,94,11.75,137,0,8,0.0,1,1,0,Inactive Customers,0.7388548108007363,Low,High,146.21936705746572
16179.0,1,215.83,19.62090909090909,99,9.0,60,0,11,0.0,1,0,0,Inactive Customers,0.735136576041524,Low,High,158.66452720704214
16180.0,8,10254.18,63.29740740740741,5867,36.21604938271605,99,152,162,42.0,70,1,2,High-Value Active Customers,0.09232289171624222,High,Low,946.6955497788567
16181.0,1,305.54,27.776363636363637,152,13.818181818181818,72,0,11,0.0,1,0,0,Inactive Customers,0.7345818426988981,Low,High,224.44413621822136
16182.0,4,1538.65,109.90357142857144,891,63.642857142857146,71,222,14,91.0,57,0,0,Inactive Customers,0.24769079492447232,High,Low,381.10944161053936
16183.0,1,338.71000000000004,22.58066666666667,113,7.533333333333333,66,0,15,0.0,1,0,0,Inactive Customers,0.7343423656202503,Low,High,248.72910265923502
16184.0,6,1158.79,25.750888888888888,561,12.466666666666667,63,147,45,78.0,48,0,0,Inactive Customers,0.33963875547953154,High,Medium,393.5699934621263
16185.0,2,529.41,17.07774193548387,260,8.387096774193548,16,215,31,1.0,1,0,0,Inactive Customers,0.3888199692234175,Medium,Medium,205.84517990656946
16186.0,12,4006.94,18.38045871559633,3020,13.853211009174313,22,349,218,229.0,119,0,0,Inactive Customers,0.016249384652593676,High,Low,65.1103093398637
16187.0,15,6820.64,23.35835616438356,5044,17.273972602739725,31,252,292,81.0,138,0,2,High-Value Active Customers,0.0326651800188972,High,Low,222.79743344409098
16188.0,4,981.86,14.654626865671641,782,11.671641791044776,44,198,67,16.0,96,0,0,Inactive Customers,0.2989958253839076,Medium,Medium,293.5720411114435
16189.0,2,215.48,19.58909090909091,134,12.181818181818182,15,69,11,1.0,1,0,0,Inactive Customers,0.6372017336189323,Low,Medium,137.30422956020752
16190.0,1,125.23,25.046,85,17.0,39,0,5,0.0,1,0,0,Inactive Customers,0.7379572016879216,Low,High,92.41438036737841
16191.0,12,4609.32,34.919090909090905,2679,20.295454545454547,2,357,132,58.0,260,0,0,Inactive Customers,0.04422926712204776,High,Low,203.86684553099718
16193.0,1,314.45,16.55,219,11.526315789473685,236,0,19,0.0,1,1,1,Inactive Customers,0.7207269934123373,Low,High,226.63260307850945
16198.0,1,400.68100000000004,26.71206666666667,129,8.6,74,0,15,0.0,1,0,0,Inactive Customers,0.7353336361133448,Medium,High,294.6342166515311
16200.0,2,1046.72,5.880449438202247,521,2.9269662921348316,3,159,178,1.0,1,0,0,Inactive Customers,0.34681372955104733,Medium,Medium,363.0168669956723
16201.0,4,1863.47,16.78801801801802,1286,11.585585585585585,2,106,111,64.0,17,0,0,Inactive Customers,0.3376854467542267,High,Medium,629.2666994630988
16202.0,1,365.27,20.292777777777776,191,10.61111111111111,360,0,18,0.0,1,1,1,Inactive Customers,0.7253782973242618,Medium,High,264.9589306636331
16203.0,4,592.9,16.939999999999998,262,7.485714285714286,58,313,35,144.0,88,0,0,Inactive Customers,0.11122728604485356,Medium,Low,65.94665789599367
16204.0,1,405.71,7.117719298245614,231,4.052631578947368,22,0,57,0.0,1,0,0,Inactive Customers,0.6945981862177981,Medium,Medium,281.80543013042285
16205.0,4,761.38,7.769183673469388,517,5.275510204081633,30,148,98,112.0,6,0,0,Inactive Customers,0.2748915561949581,Medium,Low,209.29693305571718
16206.0,4,537.0600000000001,8.524761904761906,272,4.317460317460317,54,272,63,118.0,69,0,0,Inactive Customers,0.15014410663145042,Medium,Low,80.63639390748678
16207.0,1,344.38,19.13222222222222,138,7.666666666666667,24,0,18,0.0,1,0,0,Inactive Customers,0.7289865106540985,Low,High,251.04837453905844
16208.0,2,642.3100000000001,9.881692307692308,332,5.107692307692307,44,244,65,1.0,1,0,0,Inactive Customers,0.31645210845743577,Medium,Medium,203.26035378329559
16209.0,5,888.98,20.673953488372092,626,14.55813953488372,88,157,43,59.0,90,0,0,Inactive Customers,0.32838809214334147,Medium,Medium,291.9304461535877
16210.0,18,6113.18,55.0736936936937,2663,23.99099099099099,1,372,111,160.0,114,0,2,High-Value Active Customers,0.03127102308624351,High,Low,191.1653929103621
16211.0,1,547.02,23.783478260869565,154,6.695652173913044,88,0,23,0.0,1,0,0,Inactive Customers,0.7276117575811689,Medium,High,398.01818363205103
16212.0,2,690.34,16.837560975609758,244,5.951219512195122,18,264,41,1.0,1,0,0,Inactive Customers,0.31266996911281425,Medium,Medium,215.8485864773402
16213.0,1,159.0,26.5,48,8.0,78,0,6,0.0,1,0,0,Inactive Customers,0.7460281930910988,Low,High,118.61848270148471
16214.0,3,994.95,24.26707317073171,416,10.146341463414634,170,98,41,1.0,82,1,1,Inactive Customers,0.5197534483801808,Medium,Medium,517.1286934658609
16215.0,1,242.35,17.310714285714287,104,7.428571428571429,80,0,14,0.0,1,0,0,Inactive Customers,0.7324539991981742,Low,High,177.51022670567752
16216.0,1,727.98,20.79942857142857,252,7.2,266,0,35,0.0,1,1,1,Inactive Customers,0.7122081939584944,Medium,High,518.4733210379048
16217.0,2,304.25,20.283333333333335,91,6.066666666666666,234,46,15,1.0,1,1,1,Inactive Customers,0.6740030434001371,Low,Medium,205.0654259544917
16218.0,7,3084.68,36.72238095238095,2088,24.857142857142858,29,343,84,166.0,176,0,0,Inactive Customers,0.04063083851175782,High,Low,125.3331349404491
16221.0,3,864.86,8.916082474226805,717,7.391752577319588,36,330,97,1.0,239,0,0,Inactive Customers,0.12611941149194927,Medium,Low,109.07563422292725
16222.0,1,814.82,6.035703703703704,363,2.688888888888889,317,0,135,0.0,1,1,1,Inactive Customers,0.6329871933695648,Medium,Medium,515.7706249013888
16224.0,4,1295.3,13.492708333333333,1116,11.625,56,192,96,9.0,83,0,0,Inactive Customers,0.2850260238980988,High,Low,369.19420875520734
16225.0,5,1096.32,8.181492537313432,493,3.6791044776119404,44,232,134,1.0,131,0,0,Inactive Customers,0.23469141508882213,Medium,Low,257.29689219017746
16226.0,3,255.12,31.89,192,24.0,202,32,8,1.0,4,1,1,Inactive Customers,0.6878957848564206,Low,Medium,175.49597263257002
16227.0,1,314.22,52.370000000000005,90,15.0,224,0,6,0.0,1,1,1,Inactive Customers,0.7559658382532002,Low,High,237.53958569592058
16229.0,2,1010.6,21.50212765957447,318,6.76595744680851,86,125,47,1.0,1,0,0,Inactive Customers,0.5140185938448817,Medium,Medium,519.4671909396375
16230.0,2,542.03,15.486571428571429,365,10.428571428571429,189,30,35,1.0,1,1,1,Inactive Customers,0.6612615698448971,Medium,Medium,358.4236087030296
16232.0,4,990.88,26.78054054054054,550,14.864864864864865,43,171,37,1.0,99,0,0,Inactive Customers,0.39357403624102,Medium,Medium,389.9846410305019
16233.0,3,536.6800000000001,24.394545454545458,174,7.909090909090909,70,295,22,1.0,258,0,0,Inactive Customers,0.20591390883190977,Medium,Low,110.50987659190935
16235.0,5,827.41,18.386888888888887,328,7.288888888888889,40,291,45,36.0,145,0,0,Inactive Customers,0.18971249347881,Medium,Low,156.97001422930217
16236.0,1,432.2,21.61,184,9.2,77,0,20,0.0,1,0,0,Inactive Customers,0.7258530834488112,Medium,High,313.7137026665762
16239.0,2,414.2,21.8,228,12.0,56,132,19,1.0,1,0,0,Inactive Customers,0.5306625079393397,Medium,Medium,219.8004107884745
16240.0,2,3428.8,25.58805970149254,1639,12.23134328358209,23,53,134,1.0,1,0,0,Inactive Customers,0.46829398594563226,High,Medium,1605.686419010384
16241.0,13,2607.87,3.939380664652568,1453,2.194864048338369,9,360,662,230.0,112,0,0,Inactive Customers,0.005911227819611322,High,Low,15.415713693929778
16242.0,7,3586.26,12.239795221843004,1981,6.761092150170649,7,268,293,111.0,58,0,0,Inactive Customers,0.05743666744015368,High,Low,205.98282297392555
16243.0,2,307.15,6.268367346938775,108,2.204081632653061,33,21,49,1.0,1,0,0,Inactive Customers,0.6775112965200383,Low,Medium,208.09759472612973
16244.0,2,1522.75,16.733516483516482,855,9.395604395604396,211,160,91,1.0,1,1,1,Inactive Customers,0.38883195665396714,High,Medium,592.0938619948284
16245.0,3,1377.71,15.479887640449439,1013,11.382022471910112,23,233,89,1.0,98,0,0,Inactive Customers,0.24669558877390024,High,Low,339.8749796096901
16247.0,1,114.56,7.16,182,11.375,169,0,16,0.0,1,1,1,Inactive Customers,0.7190546831869414,Low,High,82.37490450589601
16248.0,1,152.94,21.84857142857143,78,11.142857142857142,61,0,7,0.0,1,0,0,Inactive Customers,0.7388365020696513,Low,High,112.99765462653248
16249.0,5,1800.07,26.08797101449275,950,13.768115942028986,52,186,69,38.0,84,0,0,Inactive Customers,0.283905627259212,High,Low,511.0500024604897
16250.0,2,389.44,16.226666666666667,208,8.666666666666666,260,112,24,1.0,1,1,1,Inactive Customers,0.5575758642486165,Medium,Medium,217.14234457298122
16253.0,2,3683.86,29.95008130081301,3233,26.284552845528456,66,188,123,1.0,1,0,0,Inactive Customers,0.21343785709269156,High,Low,786.2751842294828
16255.0,8,2594.96,9.646691449814126,1766,6.565055762081784,16,348,269,118.0,129,0,0,Inactive Customers,0.034954018878412006,High,Low,90.70428082872402
16256.0,1,752.4300000000001,57.87923076923077,581,44.69230769230769,266,0,13,0.0,1,1,1,Inactive Customers,0.7111479395987526,Medium,High,535.0890441922894
16258.0,5,4800.31,35.82320895522388,2034,15.17910447761194,44,173,134,49.0,91,0,0,Inactive Customers,0.19175902039824613,High,Low,920.5027432079049
16260.0,1,1035.45,57.525000000000006,311,17.27777777777778,50,0,18,0.0,1,0,0,Inactive Customers,0.7364576888825576,Medium,High,762.5651139534443
16261.0,4,730.88,5.942113821138212,305,2.4796747967479673,16,228,123,132.0,58,0,0,Inactive Customers,0.15246627293012296,Medium,Low,111.43454955916827
16265.0,9,5028.95,20.1158,2625,10.5,8,355,250,70.0,251,0,0,Inactive Customers,0.02925156836224953,High,Low,147.10467471533477
16266.0,7,861.89,14.129344262295081,398,6.524590163934426,73,132,61,5.0,102,0,0,Inactive Customers,0.43593970532052195,Medium,Medium,375.73207261870465
16268.0,2,577.7,13.434883720930234,531,12.348837209302326,70,0,43,0.0,1,0,0,Inactive Customers,0.6881763299853232,Medium,Medium,397.55946583252125
16270.0,1,1073.44,20.25358490566038,684,12.90566037735849,352,0,53,0.0,1,1,1,Inactive Customers,0.674471697690647,Medium,Medium,724.0048991690481
16271.0,4,1414.24,10.713939393939395,1037,7.856060606060606,15,342,132,215.0,110,0,0,Inactive Customers,0.038319850817109265,High,Low,54.19346581958861
16272.0,1,411.7,16.468,224,8.96,116,0,25,1.0,1,1,0,Inactive Customers,0.7166873202609936,Medium,High,295.06016975145104
16274.0,1,292.1,4.5640625,152,2.375,372,0,64,0.0,1,1,1,Inactive Customers,0.6939339837608747,Low,Medium,202.69811665655152
16275.0,1,559.87,16.965757575757575,336,10.181818181818182,196,0,33,0.0,1,1,1,Inactive Customers,0.7065086963664549,Medium,High,395.5530238346871
16276.0,1,277.8,55.56,132,26.4,176,0,5,0.0,1,1,1,Inactive Customers,0.7494499858457883,Low,High,208.19720606796
16278.0,1,346.38,15.744545454545454,112,5.090909090909091,99,0,22,0.0,1,1,0,Inactive Customers,0.7270690033685008,Low,High,251.8421613867813
16279.0,3,1509.58,14.10822429906542,1054,9.850467289719626,20,155,107,1.0,65,0,0,Inactive Customers,0.3472382111902342,High,Medium,524.1838588485537
16281.0,1,1756.78,117.11866666666667,646,43.06666666666667,71,0,15,0.0,1,0,0,Inactive Customers,0.7424148736202626,High,High,1304.259601678605
16282.0,1,168.3,15.3,114,10.363636363636363,339,0,11,0.0,1,1,1,Inactive Customers,0.7308837604216142,Low,High,123.00773687895767
16283.0,5,1519.96,9.268048780487804,1233,7.5182926829268295,5,202,164,55.0,115,0,0,Inactive Customers,0.1757630910894152,High,Low,267.15286793226755
16284.0,2,823.97,7.559357798165138,544,4.990825688073395,30,19,109,1.0,1,0,0,Inactive Customers,0.6132375401398787,Medium,Medium,505.2893359490559
16287.0,1,125.22000000000001,17.88857142857143,82,11.714285714285714,169,0,7,0.0,1,1,1,Inactive Customers,0.7356956634080166,Low,High,92.12381097195185
16292.0,1,302.25,17.779411764705884,191,11.235294117647058,121,0,17,0.0,1,1,0,Inactive Customers,0.7242577930891732,Low,High,218.9069179612026
16293.0,10,2179.4900000000002,19.118333333333336,978,8.578947368421053,21,345,114,159.0,69,0,0,Inactive Customers,0.05928857838599469,High,Low,129.2188637064916
16295.0,4,1328.55,16.817088607594936,841,10.645569620253164,9,54,79,6.0,14,0,0,Inactive Customers,0.5529815206797728,High,Medium,734.6635992991121
16297.0,1,301.9,15.094999999999999,206,10.3,268,0,20,0.0,1,1,1,Inactive Customers,0.720614458543341,Low,High,217.55350503423466
16298.0,3,548.2,21.084615384615386,196,7.538461538461538,22,164,26,1.0,29,0,0,Inactive Customers,0.46652269303813426,Medium,Medium,255.7477403235052
16302.0,1,233.22,21.201818181818183,158,14.363636363636363,126,0,11,0.0,1,1,0,Inactive Customers,0.7298782818864401,Low,High,170.22221290155557
16303.0,3,5191.13,33.06452229299363,2649,16.872611464968152,25,307,157,1.0,89,0,0,Inactive Customers,0.097386335066152,High,Low,505.5451255519537
16305.0,1,361.22,16.41909090909091,256,11.636363636363637,138,0,22,0.0,1,1,0,Inactive Customers,0.7168332384938095,Low,High,258.9345024087339
16306.0,6,632.27,15.42121951219512,487,11.878048780487806,213,153,41,65.0,83,1,1,Inactive Customers,0.33760456711611636,Medium,Medium,213.4572396505069
16309.0,2,706.57,16.823095238095238,467,11.119047619047619,105,134,42,1.0,1,1,0,Inactive Customers,0.49156188238230875,Medium,Medium,347.3228792348679
16311.0,2,616.26,16.655675675675674,394,10.64864864864865,17,31,37,1.0,1,0,0,Inactive Customers,0.657218461999798,Medium,Medium,405.01744939199557
16313.0,2,274.15000000000003,17.134375000000002,165,10.3125,2,46,16,1.0,1,0,0,Inactive Customers,0.664348246654183,Low,Medium,182.1310718202443
16315.0,1,209.42,16.10923076923077,74,5.6923076923076925,330,0,13,0.0,1,1,1,Inactive Customers,0.7349067820989471,Low,High,153.9041783071615
16316.0,8,2337.21,16.230625,1474,10.23611111111111,63,293,144,82.0,142,0,0,Inactive Customers,0.0886160506490891,High,Low,207.11431973755754
16317.0,3,1341.65,19.444202898550724,890,12.898550724637682,119,177,69,1.0,42,1,0,Inactive Customers,0.36192023915479477,High,Medium,485.57028886203045
16318.0,1,328.15000000000003,17.27105263157895,199,10.473684210526315,34,0,19,0.0,1,0,0,Inactive Customers,0.7227096998087973,Low,High,237.15718799225687
16319.0,1,404.40000000000003,134.8,72,24.0,217,0,3,0.0,1,1,1,Inactive Customers,0.8035351603527471,Medium,High,324.94961884665094
16320.0,2,1038.46,18.543928571428573,732,13.071428571428571,171,40,56,1.0,1,1,1,Inactive Customers,0.6105030175922862,Medium,Medium,633.9829636488855
16321.0,5,373.65000000000003,31.137500000000003,135,11.25,71,251,12,18.0,232,0,0,Inactive Customers,0.25694019597659484,Medium,Low,96.00570422665467
16322.0,2,326.75,8.83108108108108,231,6.243243243243243,0,35,37,1.0,1,0,0,Inactive Customers,0.6590602090940426,Low,Medium,215.34792332147842
16323.0,1,207.50000000000003,207.50000000000003,50,50.0,195,0,1,0.0,1,1,1,Inactive Customers,0.8316636940656084,Low,High,172.57021651861376
16324.0,3,428.68,3.6328813559322035,282,2.389830508474576,127,48,118,1.0,1,1,0,Inactive Customers,0.5790942583414027,Medium,Medium,248.24612666579253
16325.0,3,594.24,33.013333333333335,194,10.777777777777779,46,198,18,1.0,108,0,0,Inactive Customers,0.3920625679466944,Medium,Medium,232.9792603766437
16326.0,14,3075.01,9.669842767295599,708,2.2264150943396226,5,328,318,216.0,90,0,0,Inactive Customers,0.02583949314027194,High,Low,79.45669980126763
16327.0,6,3844.2200000000003,12.050846394984326,2571,8.059561128526646,13,355,319,99.0,184,0,0,Inactive Customers,0.023708168806844943,High,Low,91.13941669064947
16330.0,3,251.91,6.4592307692307696,147,3.769230769230769,17,94,39,1.0,94,0,0,Inactive Customers,0.5336978088071653,Low,Medium,134.44381501661303
16332.0,7,1593.2,10.413071895424837,801,5.235294117647059,27,277,153,174.0,43,0,0,Inactive Customers,0.07888991369668087,High,Low,125.68741050155197
16333.0,1,177.60000000000002,177.60000000000002,96,96.0,191,0,1,0.0,1,1,1,Inactive Customers,0.7866141791556711,Low,High,139.7026782180472
16337.0,1,151.05,15.105,87,8.7,36,0,10,0.0,1,0,0,Inactive Customers,0.7337556660871706,Low,High,110.83379336246712
16338.0,1,214.8,19.527272727272727,94,8.545454545454545,156,0,11,0.0,1,1,1,Inactive Customers,0.7356039379717532,Low,High,158.0077258763326
16339.0,1,109.95,5.4975000000000005,23,1.15,283,0,20,0.0,1,1,1,Inactive Customers,0.7294068929696649,Low,High,80.19828788201465
16340.0,1,532.12,3.5007894736842107,500,3.289473684210526,106,0,152,0.0,1,1,0,Inactive Customers,0.615362044798386,Medium,Medium,327.44645127811714
16341.0,4,1971.8700000000001,25.608701298701302,1398,18.155844155844157,24,176,77,115.0,1,0,0,Inactive Customers,0.2133573338684625,High,Low,420.7129259352052
16342.0,4,286.46,20.46142857142857,156,11.142857142857142,74,104,14,34.0,32,0,0,Inactive Customers,0.5219060161425172,Low,Medium,149.50519738418546
16343.0,2,370.48,7.882553191489362,195,4.148936170212766,15,0,47,1.0,1,0,0,Inactive Customers,0.7025624471259754,Medium,High,260.28533541123136
16344.0,1,101.10000000000001,50.550000000000004,18,9.0,157,0,2,0.0,1,1,1,Inactive Customers,0.7654812300750973,Low,High,77.39015236059234
16345.0,1,475.41,12.848918918918919,287,7.756756756756757,43,0,37,0.0,1,0,0,Inactive Customers,0.7056125205290367,Medium,High,335.45524838470936
16347.0,2,837.65,9.307222222222222,351,3.9,10,25,90,1.0,1,0,0,Inactive Customers,0.6287787451700675,Medium,Medium,526.696515891707
16348.0,7,1266.05,5.626888888888889,807,3.5866666666666664,31,207,225,49.0,96,0,0,Inactive Customers,0.16979498598970047,High,Low,214.96894201226027
16349.0,1,37.55,4.69375,8,1.0,290,0,8,0.0,1,1,1,Inactive Customers,0.7371870465577274,Low,High,27.68137359824266
16350.0,4,1116.47,19.58719298245614,545,9.56140350877193,20,312,57,248.0,43,0,0,Inactive Customers,0.06028117707164741,High,Low,67.30212576518218
16351.0,1,153.9,19.2375,90,11.25,332,0,8,0.0,1,1,1,Inactive Customers,0.7358565084145013,Low,High,113.24831664499176
16352.0,2,494.44,17.658571428571427,300,10.714285714285714,17,20,28,1.0,1,0,0,Inactive Customers,0.6845377622474831,Medium,Medium,338.46285116564553
16353.0,23,6675.71,71.0181914893617,2006,21.340425531914892,3,366,94,151.0,138,0,2,High-Value Active Customers,0.040986030809423236,High,Low,273.6108557347748
16354.0,2,395.8,10.148717948717948,150,3.8461538461538463,62,9,39,1.0,1,0,0,Inactive Customers,0.6992154135762434,Medium,High,276.74946069347715
16356.0,3,211.77,6.831290322580646,93,3.0,197,79,31,1.0,29,1,1,Inactive Customers,0.5958917948582144,Low,Medium,126.19200539712408
16357.0,3,642.9300000000001,19.482727272727274,245,7.424242424242424,32,180,33,1.0,128,0,0,Inactive Customers,0.3880590913846352,Medium,Medium,249.49483162392352
16358.0,4,2027.5,18.60091743119266,1302,11.944954128440367,0,183,109,104.0,62,0,0,Inactive Customers,0.185908755621191,High,Low,376.93000202196475
16359.0,8,1119.41,19.989464285714288,956,17.071428571428573,6,324,56,88.0,207,0,0,Inactive Customers,0.09359097321375975,High,Low,104.76667132521482
16360.0,6,3410.83,5.175766312594841,2138,3.244309559939302,4,83,659,21.0,33,0,0,Inactive Customers,0.10127828431991169,High,Low,345.4430105068844
16361.0,4,862.76,8.216761904761904,419,3.9904761904761905,9,61,105,31.0,15,0,0,Inactive Customers,0.5099224727575441,Medium,Medium,439.94071259629874
16362.0,5,734.77,9.071234567901234,351,4.333333333333333,31,58,81,1.0,58,0,0,Inactive Customers,0.5628410087062389,Medium,Medium,413.55868796708313
16363.0,1,109.36000000000001,21.872000000000003,52,10.4,52,0,5,0.0,1,0,0,Inactive Customers,0.7419143986550142,Low,High,81.13575863691236
16364.0,2,707.04,13.340377358490565,280,5.283018867924528,11,125,53,1.0,1,0,0,Inactive Customers,0.5089414928118796,Medium,Medium,359.8419930777113
16365.0,9,1506.52,30.74530612244898,502,10.244897959183673,17,349,49,216.0,132,0,0,Inactive Customers,0.05276889492865137,High,Low,79.49739558791185
16366.0,1,327.3,18.183333333333334,256,14.222222222222221,18,0,18,0.0,1,0,0,Inactive Customers,0.7189051431399871,Low,High,235.2976533497178
16367.0,2,804.49,6.188384615384615,647,4.976923076923077,36,325,130,1.0,1,0,0,Inactive Customers,0.17406985943205755,Medium,Low,140.03746121449598
16368.0,2,480.48,6.4064000000000005,259,3.453333333333333,1,25,75,1.0,1,0,0,Inactive Customers,0.6451449243575792,Medium,Medium,309.9792332553297
16369.0,3,1553.66,13.166610169491527,1035,8.771186440677965,17,178,118,1.0,62,0,0,Inactive Customers,0.3096975022950144,High,Medium,481.1646214156721
16370.0,4,1201.91,5.389730941704037,640,2.8699551569506725,81,142,223,42.0,35,0,0,Inactive Customers,0.2709491428277779,High,Low,325.65648425613455
16372.0,2,367.93,3.7930927835051547,166,1.711340206185567,32,0,97,1.0,1,0,0,Inactive Customers,0.670488071657706,Medium,Medium,246.69267620501975
16374.0,2,473.03,4.261531531531531,240,2.1621621621621623,65,196,111,1.0,1,0,0,Inactive Customers,0.3571314636541254,Medium,Medium,168.93389625231092
16376.0,2,970.0600000000001,7.823064516129032,693,5.588709677419355,8,8,124,1.0,1,0,0,Inactive Customers,0.6102745875203558,Medium,Medium,592.0029663699963
16377.0,1,106.2,35.4,180,60.0,266,0,3,0.0,1,1,1,Inactive Customers,0.7106215512714887,Low,High,75.46800874503211
16378.0,3,362.95,15.780434782608696,267,11.608695652173912,246,63,23,1.0,49,1,1,Inactive Customers,0.6073371614545794,Low,Medium,220.4330227499396
16379.0,4,2157.4,19.975925925925928,1410,13.055555555555555,3,74,108,41.0,14,0,0,Inactive Customers,0.41246208909716575,High,Medium,889.8457110182254
16380.0,1,974.43,32.481,1180,39.333333333333336,60,0,30,0.0,1,0,0,Inactive Customers,0.6571034007648556,Medium,Medium,640.3012668072982
16383.0,2,668.36,6.552549019607843,475,4.6568627450980395,74,193,102,1.0,1,0,0,Inactive Customers,0.35479866606685223,Medium,Medium,237.13323645244137
16384.0,2,584.5,17.71212121212121,260,7.878787878787879,89,174,33,1.0,1,0,0,Inactive Customers,0.450699756151768,Medium,Medium,263.43400747070837
16385.0,3,555.89,9.42186440677966,261,4.423728813559322,59,306,59,1.0,97,0,0,Inactive Customers,0.21475590864628208,Medium,Low,119.38066205738174
16386.0,2,317.2,3.6045454545454545,224,2.5454545454545454,28,225,88,1.0,1,0,0,Inactive Customers,0.3327970700653193,Low,Medium,105.56323062471927
16387.0,1,94.36,23.59,44,11.0,322,0,4,0.0,1,1,1,Inactive Customers,0.7436924449438511,Low,High,70.17481910490179
16389.0,4,1309.47,40.9209375,665,20.78125,52,229,32,77.0,24,0,0,Inactive Customers,0.2492061675221037,High,Low,326.3280001851691
16392.0,1,221.19,4.915333333333333,203,4.511111111111111,269,0,45,0.0,1,1,1,Inactive Customers,0.7030678544061437,Low,High,155.51157871609493
16393.0,13,3046.21,9.230939393939394,1576,4.775757575757575,1,366,330,184.0,154,0,0,Inactive Customers,0.01774521065893204,High,Low,54.05563816134538
16394.0,5,1383.98,17.086172839506172,2196,27.11111111111111,56,232,81,41.0,114,0,0,Inactive Customers,0.16405491647815798,High,Low,227.0487233074411
16395.0,5,1486.9,7.080476190476191,1476,7.0285714285714285,60,270,210,6.0,107,0,0,Inactive Customers,0.1346942891206988,High,Low,200.27693849356706
16398.0,2,1517.3,19.964473684210525,748,9.842105263157896,153,99,76,1.0,1,1,1,Inactive Customers,0.5021723499757683,High,Medium,761.9461066182332
16399.0,2,383.57,5.327361111111111,263,3.6527777777777777,18,216,72,1.0,1,0,0,Inactive Customers,0.3544197207243731,Medium,Medium,135.9447722782478
16400.0,1,286.98,10.249285714285715,171,6.107142857142857,94,0,28,0.0,1,1,0,Inactive Customers,0.7169207483640262,Low,High,205.74191636550825
16401.0,12,3522.32,19.353406593406593,3082,16.934065934065934,0,326,182,165.0,130,0,0,Inactive Customers,0.029583563185480187,High,Low,104.20277627948057
16402.0,2,299.6,4.993333333333334,149,2.4833333333333334,264,104,60,1.0,1,1,1,Inactive Customers,0.5429825543756386,Low,Medium,162.67757329094133
16403.0,1,177.5,17.75,114,11.4,311,0,10,0.0,1,1,1,Inactive Customers,0.7323815745772719,Low,High,129.99772948746576
16404.0,1,443.05,19.26304347826087,157,6.826086956521739,69,0,23,0.0,1,0,0,Inactive Customers,0.7250828931656318,Medium,High,321.2479758170332
16405.0,2,74.85,18.7125,19,4.75,301,7,4,1.0,1,1,1,Inactive Customers,0.7368259192167672,Low,High,55.15142005337502
16406.0,1,163.07,2.6301612903225804,122,1.967741935483871,18,0,62,0.0,1,0,0,Inactive Customers,0.6965657262840853,Low,High,113.58897298514579
16407.0,10,2126.93,12.365872093023254,1124,6.534883720930233,12,299,172,69.0,181,0,0,Inactive Customers,0.08603334800665806,High,Low,182.98690887580122
16409.0,5,2028.88,8.745172413793103,1306,5.629310344827586,35,281,232,75.0,114,0,0,Inactive Customers,0.083467422969901,High,Low,169.34538511517277
16411.0,2,214.65,4.7700000000000005,132,2.933333333333333,18,349,45,1.0,1,0,0,Inactive Customers,0.21007843438137735,Low,Low,45.09333593996265
16412.0,1,151.83,4.338,73,2.085714285714286,53,0,35,0.0,1,0,0,Inactive Customers,0.7165398530303692,Low,High,108.79224588560096
16413.0,1,262.2,8.458064516129031,148,4.774193548387097,56,0,31,0.0,1,0,0,Inactive Customers,0.7159394308778447,Low,High,187.71931877617087
16414.0,2,126.25,18.035714285714285,27,3.857142857142857,21,258,7,1.0,1,0,0,Inactive Customers,0.3619765684246363,Low,Medium,45.699541763610334
16415.0,1,210.35,3.89537037037037,187,3.462962962962963,43,0,54,0.0,1,0,0,Inactive Customers,0.6982471081289746,Low,High,146.8762791949298
16416.0,3,1011.5,14.45,670,9.571428571428571,26,29,70,1.0,16,0,0,Inactive Customers,0.6139978291299817,Medium,Medium,621.0588041649764
16418.0,3,620.37,6.2037,286,2.86,44,181,100,1.0,48,0,0,Inactive Customers,0.3648111701072318,Medium,Medium,226.3179055994234
16419.0,6,972.23,19.063333333333333,436,8.549019607843137,112,199,51,142.0,55,1,0,Inactive Customers,0.20144361893704205,Medium,Low,195.84952963916038
16422.0,50,25042.12,80.0067731629393,15860,50.670926517571885,16,351,313,163.0,183,0,2,High-Value Active Customers,0.0005902302315192699,High,Low,14.780616285333338
16423.0,1,346.12,19.22888888888889,230,12.777777777777779,24,0,18,0.0,1,0,0,Inactive Customers,0.7216197768885209,Low,High,249.76703717665484
16424.0,1,133.56,26.712,88,17.6,190,0,5,0.0,1,1,1,Inactive Customers,0.7385133931383071,Low,High,98.6358487875523
16425.0,1,302.7,14.414285714285715,199,9.476190476190476,301,0,21,0.0,1,1,1,Inactive Customers,0.7204047921337312,Low,High,218.06653057888042
16426.0,10,1908.25,5.129704301075269,1243,3.3413978494623655,1,273,372,229.0,32,0,0,Inactive Customers,0.029488430660899446,High,Low,56.271297808661366
16427.0,2,241.06,26.784444444444446,156,17.333333333333332,262,21,9,1.0,1,1,1,Inactive Customers,0.7054956798111321,Low,High,170.06678857527152
16429.0,1,4.95,4.95,1,1.0,105,0,1,0.0,1,1,0,Inactive Customers,0.7419528483394586,Low,High,3.6726665992803205
16430.0,1,300.85,50.14166666666667,103,17.166666666666668,56,0,6,0.0,1,0,0,Inactive Customers,0.7525676845244454,Low,High,226.40998788917943
16431.0,3,642.81,7.744698795180722,453,5.457831325301205,212,84,83,1.0,84,1,1,Inactive Customers,0.5013364064488658,Medium,Medium,322.2640554293954
16432.0,1,143.4,20.485714285714288,76,10.857142857142858,63,0,7,0.0,1,0,0,Inactive Customers,0.7382395877793136,Low,High,105.86355688755359
16433.0,1,184.26,10.838823529411764,106,6.235294117647059,27,0,17,0.0,1,0,0,Inactive Customers,0.7273577320460557,Low,High,134.0229357068062
16434.0,7,1522.25,13.965596330275229,767,7.036697247706422,28,270,109,107.0,67,0,0,Inactive Customers,0.12843522685532716,High,Low,195.51052408052178
16438.0,5,798.35,6.04810606060606,463,3.507575757575758,5,76,132,39.0,30,0,0,Inactive Customers,0.4455552258730938,Medium,Medium,355.70901457578447
16440.0,5,3640.67,12.91017730496454,2018,7.156028368794326,7,206,282,148.0,44,0,0,Inactive Customers,0.07039197034077405,High,Low,256.2739346605459
16441.0,2,381.2,15.883333333333333,173,7.208333333333333,66,224,24,1.0,1,0,0,Inactive Customers,0.3860047438455606,Medium,Medium,147.1450083539277
16442.0,3,599.84,3.46728323699422,445,2.5722543352601157,1,359,173,1.0,225,0,0,Inactive Customers,0.09481507614181764,Medium,Low,56.873875272907895
16444.0,4,638.02,7.686987951807229,406,4.891566265060241,45,218,83,69.0,48,0,0,Inactive Customers,0.23839289649636086,Medium,Low,152.09943582260814
16445.0,1,230.51,3.658888888888889,111,1.7619047619047619,33,0,63,0.0,1,0,0,Inactive Customers,0.6966636119422268,Low,High,160.5879291888027
16446.0,1,2.9,1.45,2,1.0,205,0,2,0.0,1,1,1,Inactive Customers,0.7388805132515572,Low,High,2.142753488429516
16447.0,1,259.01,7.194722222222222,223,6.194444444444445,135,0,36,0.0,1,1,0,Inactive Customers,0.7078747017765781,Low,High,183.34662650715148
16448.0,1,188.89000000000001,9.444500000000001,78,3.9,197,0,20,0.0,1,1,1,Inactive Customers,0.7273565108587949,Low,High,137.3903713361178
16449.0,2,707.69,17.69225,367,9.175,197,82,40,1.0,1,1,1,Inactive Customers,0.581835326831373,Medium,Medium,411.75904244529437
16450.0,1,311.92,28.35636363636364,200,18.181818181818183,149,0,11,0.0,1,1,1,Inactive Customers,0.7298639511538366,Low,High,227.65916364390472
16451.0,1,266.97,19.069285714285716,120,8.571428571428571,87,0,14,0.0,1,0,0,Inactive Customers,0.7320327134451734,Low,High,195.43077350845797
16454.0,2,6.9,3.45,3,1.5,44,19,2,1.0,1,0,0,Inactive Customers,0.7154926982370003,Low,High,4.936899617835302
16455.0,7,1841.18,18.59777777777778,988,9.97979797979798,63,307,99,10.0,192,0,0,Inactive Customers,0.13863008013695421,High,Low,255.24293094655738
16456.0,5,2158.37,19.444774774774775,1148,10.342342342342342,98,273,111,66.0,128,1,0,Inactive Customers,0.12880963084468058,High,Low,278.0188429262332
16457.0,1,208.36,23.151111111111113,140,15.555555555555555,217,0,9,0.0,1,1,1,Inactive Customers,0.7324922594213523,Low,High,152.62208717303298
16458.0,18,3482.7400000000002,17.241287128712873,2154,10.663366336633663,2,357,202,222.0,120,0,2,High-Value Active Customers,0.020852273938056498,High,Low,72.6230485350269
16460.0,3,814.72,6.034962962962963,879,6.511111111111111,27,53,135,1.0,44,0,0,Inactive Customers,0.5044203888286148,Medium,Medium,410.9613791864491
16461.0,1,135.47,4.2334375,48,1.5,177,0,32,0.0,1,1,1,Inactive Customers,0.7198618154545213,Low,High,97.519680139624
16462.0,3,136.0,45.333333333333336,16,5.333333333333333,73,210,3,1.0,111,0,0,Inactive Customers,0.41280641952115243,Low,Medium,56.14167305487673
16463.0,4,1422.4,17.346341463414635,1163,14.182926829268293,20,182,82,150.0,30,0,0,Inactive Customers,0.17367360686938763,High,Low,247.03333841101698
16464.0,3,1255.83,5.3898283261802575,960,4.120171673819742,19,122,233,1.0,60,0,0,Inactive Customers,0.3166180982554164,High,Medium,397.61850633209957
16466.0,7,1586.51,10.792585034013605,788,5.360544217687075,33,258,147,112.0,83,0,0,Inactive Customers,0.11676313047912666,High,Low,185.24587413643923
16468.0,1,74.9,37.45,31,15.5,73,0,2,0.0,1,0,0,Inactive Customers,0.7518794422108017,Low,High,56.315770221589055
16469.0,4,634.48,3.505414364640884,272,1.5027624309392265,23,222,181,1.0,63,0,0,Inactive Customers,0.25311701920936824,Medium,Low,160.59768634795998
16470.0,4,762.39,4.484647058823529,531,3.123529411764706,51,307,170,165.0,64,0,0,Inactive Customers,0.0683381619751701,Medium,Low,52.100331308249935
16471.0,1,223.95000000000002,17.22692307692308,141,10.846153846153847,274,0,13,0.0,1,1,1,Inactive Customers,0.7291878989798828,Low,High,163.30162997654477
16473.0,3,316.11,17.561666666666667,196,10.88888888888889,164,171,18,1.0,122,1,1,Inactive Customers,0.4162861144289842,Low,Medium,131.5922036321462
16474.0,7,1871.5,5.198611111111111,943,2.6194444444444445,6,137,360,56.0,58,0,0,Inactive Customers,0.17173819828547146,High,Low,321.4080380912598
16475.0,3,459.3,17.011111111111113,318,11.777777777777779,143,130,27,1.0,18,1,0,Inactive Customers,0.5117598814485343,Medium,Medium,235.05131354931183
16477.0,7,2494.46,17.085342465753424,1415,9.691780821917808,63,307,146,51.0,210,0,0,Inactive Customers,0.08629489471886302,High,Low,215.25916308041505
16478.0,3,331.0,19.470588235294116,224,13.176470588235293,24,40,17,1.0,39,0,0,Inactive Customers,0.6535943316263266,Low,Medium,216.33972376831412
16479.0,2,300.83,8.595142857142857,102,2.914285714285714,9,0,35,1.0,1,0,0,Inactive Customers,0.7158540586439094,Low,High,215.35037646184725
16480.0,1,737.39,14.180576923076924,453,8.711538461538462,75,0,52,0.0,1,0,0,Inactive Customers,0.6869618133249465,Medium,Medium,506.5587715276823
16482.0,1,220.62,12.256666666666668,346,19.22222222222222,15,0,18,0.0,1,0,0,Inactive Customers,0.7080426258355841,Low,High,156.20836411184658
16483.0,1,123.39999999999999,6.855555555555555,43,2.388888888888889,191,0,18,0.0,1,1,1,Inactive Customers,0.7297496812995818,Low,High,90.0511106723684
16484.0,2,389.3,16.220833333333335,199,8.291666666666666,173,17,24,1.0,1,1,1,Inactive Customers,0.6972216079030598,Medium,High,271.4283719566612
16485.0,1,363.65,8.658333333333333,235,5.595238095238095,76,0,42,0.0,1,0,0,Inactive Customers,0.7042242323532072,Low,High,256.09114209524375
16488.0,3,410.9,15.803846153846154,526,20.23076923076923,32,115,26,1.0,81,0,0,Inactive Customers,0.48891596932106546,Medium,Medium,200.89557179402578
16491.0,1,731.5,18.756410256410255,478,12.256410256410257,46,0,39,0.0,1,0,0,Inactive Customers,0.6949881992377595,Medium,Medium,508.38386774242105
16493.0,4,1351.63,24.13625,1164,20.785714285714285,79,250,56,44.0,93,0,0,Inactive Customers,0.1980586631040098,High,Low,267.7020308112728
16494.0,1,826.53,16.5306,675,13.5,296,0,50,0.0,1,1,1,Inactive Customers,0.6759255479820419,Medium,Medium,558.672743173597
16495.0,3,636.56,6.700631578947368,334,3.5157894736842104,2,272,95,1.0,272,0,0,Inactive Customers,0.17770653621961544,Medium,Low,113.1208726959584
16496.0,3,1599.52,16.837052631578945,1111,11.694736842105263,8,308,95,1.0,198,0,0,Inactive Customers,0.1400051647343571,High,Low,223.94106109589885
16497.0,6,2897.89,21.626044776119404,1392,10.388059701492537,49,283,134,64.0,153,0,0,Inactive Customers,0.10440805380508765,High,Low,302.5630550412254
16498.0,2,100.97,6.731333333333334,45,3.0,160,0,15,1.0,1,1,1,Inactive Customers,0.7304883086930287,Low,High,73.75740452873511
16499.0,2,365.45,19.23421052631579,127,6.684210526315789,359,4,19,1.0,1,1,1,Inactive Customers,0.7237968111890659,Medium,High,264.51154464904414
16500.0,5,235.86,23.586000000000002,122,12.2,4,31,10,1.0,17,0,0,Inactive Customers,0.6902600952235382,Low,Medium,162.8047460594237
16503.0,4,1398.03,16.843734939759035,567,6.831325301204819,106,253,83,29.0,107,1,0,Inactive Customers,0.2149146178506201,High,Low,300.45708319370243
16504.0,1,484.38,5.632325581395349,524,6.093023255813954,24,0,86,0.0,1,0,0,Inactive Customers,0.6596038326111358,Medium,Medium,319.49890444018195
16506.0,2,90.30000000000001,30.100000000000005,42,14.0,19,20,3,1.0,1,0,0,Inactive Customers,0.7215297771787199,Low,High,65.15413887923842
16509.0,1,346.75,28.895833333333332,63,5.25,296,0,12,0.0,1,1,1,Inactive Customers,0.7440216303365889,Low,High,257.9895003192122
16510.0,1,248.1,19.084615384615383,92,7.076923076923077,371,0,13,0.0,1,1,1,Inactive Customers,0.734975462940582,Low,High,182.3474123555584
16511.0,3,950.26,5.6228402366863905,417,2.467455621301775,21,244,169,1.0,122,0,0,Inactive Customers,0.20843923676766762,Medium,Low,198.07146913084384
16513.0,4,874.59,24.988285714285716,407,11.628571428571428,4,38,35,23.0,3,0,0,Inactive Customers,0.6217619773064261,Medium,Medium,543.7868077324273
16515.0,5,1627.13,14.399380530973453,833,7.371681415929204,51,259,113,64.0,98,0,0,Inactive Customers,0.15663369546475764,High,Low,254.86338490157112
16516.0,1,101.69999999999999,16.95,58,9.666666666666666,29,0,6,0.0,1,0,0,Inactive Customers,0.7382335979655994,Low,High,75.07835691310144
16517.0,1,162.70000000000002,9.57058823529412,96,5.647058823529412,276,0,17,0.0,1,1,1,Inactive Customers,0.7274643706267415,Low,High,118.35845310097086
16518.0,2,484.32,12.108,327,8.175,60,222,40,1.0,1,0,0,Inactive Customers,0.36549540172174005,Medium,Medium,177.01673296187315
16519.0,2,215.07999999999998,16.544615384615383,54,4.153846153846154,24,340,13,1.0,1,0,0,Inactive Customers,0.24630894089082972,Low,Low,52.97612700679965
16520.0,3,1046.57,6.708782051282051,558,3.576923076923077,185,179,156,1.0,52,1,1,Inactive Customers,0.312120458481315,Medium,Medium,326.6559082327898
16523.0,21,9350.67,32.46760416666667,4261,14.79513888888889,1,313,288,161.0,139,0,2,High-Value Active Customers,0.01558747840013159,High,Low,145.75336665175845
16525.0,26,10327.75,64.5484375,3831,23.94375,1,364,160,161.0,194,0,2,High-Value Active Customers,0.017081562477443035,High,Low,176.4141068764123
16526.0,1,290.36,19.357333333333333,106,7.066666666666666,171,0,15,0.0,1,1,1,Inactive Customers,0.7330878323875489,Low,High,212.8593830120487
16527.0,1,228.06,16.29,106,7.571428571428571,80,0,14,0.0,1,0,0,Inactive Customers,0.7316685289208413,Low,High,166.86432470568707
16528.0,1,244.41,14.377058823529412,171,10.058823529411764,3,0,17,0.0,1,0,0,Inactive Customers,0.7239768346114124,Low,High,176.9471781473753
16529.0,1,455.25,15.175,198,6.6,189,0,30,0.0,1,1,1,Inactive Customers,0.7163056483339314,Medium,High,326.09814640402226
16531.0,7,1210.69,15.93013157894737,913,12.013157894736842,21,338,76,66.0,105,0,0,Inactive Customers,0.10928009977591333,High,Low,132.30432399770052
16533.0,3,1095.56,6.189604519774011,612,3.457627118644068,18,48,177,1.0,34,0,0,Inactive Customers,0.49811542420770727,Medium,Medium,545.7153341449957
16535.0,1,593.75,19.153225806451612,356,11.483870967741936,4,0,31,0.0,1,0,0,Inactive Customers,0.7072480770087242,Medium,High,419.92854572393
16536.0,1,532.02,9.852222222222222,250,4.62962962962963,109,0,54,0.0,1,1,0,Inactive Customers,0.6960919119815046,Medium,High,370.33481901240003
16539.0,4,1388.81,30.862444444444442,477,10.6,2,370,45,15.0,216,0,0,Inactive Customers,0.1211894361021907,High,Low,168.30910075308347
16542.0,1,119.62,23.924,46,9.2,53,0,5,0.0,1,0,0,Inactive Customers,0.7443578499535343,Low,High,89.04008601144177
16545.0,1,339.3,113.10000000000001,78,26.0,164,0,3,0.0,1,1,1,Inactive Customers,0.789659144962513,Low,High,267.93134788578067
16546.0,2,787.15,31.486,549,21.96,290,81,25,1.0,1,1,1,Inactive Customers,0.5852865175707468,Medium,Medium,460.7082823058133
16549.0,10,4154.64,4.235107033639144,2365,2.4108053007135575,9,324,981,288.0,21,0,0,Inactive Customers,0.0018619563291585976,High,Low,7.735758243375477
16550.0,5,2269.02,9.07608,1539,6.156,108,259,250,132.0,76,1,0,Inactive Customers,0.06691357557403571,High,Low,151.8282412489985
16551.0,3,737.8,24.59333333333333,714,23.8,95,240,30,1.0,34,1,0,Inactive Customers,0.3114967847707252,Medium,Medium,229.82232780384103
16552.0,2,379.73,22.337058823529414,219,12.882352941176471,242,130,17,1.0,1,1,1,Inactive Customers,0.5357936993328587,Medium,Medium,203.45694144766645
16553.0,12,5327.66,66.59575,3720,46.5,162,197,80,127.0,68,1,0,Inactive Customers,0.10114071194359245,High,Low,538.8433253933997
16554.0,3,837.1,16.098076923076924,402,7.730769230769231,41,289,52,1.0,180,0,0,Inactive Customers,0.20618990234029758,Medium,Low,172.6015672490631
16555.0,2,285.89,16.81705882352941,175,10.294117647058824,34,74,17,1.0,1,0,0,Inactive Customers,0.6223227613611799,Low,Medium,177.9158542455477
16556.0,7,3279.89,15.999463414634146,1888,9.209756097560975,66,293,205,115.0,135,0,0,Inactive Customers,0.05627622674956264,High,Low,184.579833353623
16557.0,2,281.85,25.622727272727275,111,10.090909090909092,23,113,11,1.0,1,0,0,Inactive Customers,0.5785865789718919,Low,Medium,163.07462728322776
16558.0,20,8236.79,18.142709251101323,5371,11.830396475770925,0,365,454,173.0,175,0,2,High-Value Active Customers,0.0049177376176193196,High,Low,40.50637203143064
16560.0,2,816.41,14.84381818181818,499,9.072727272727272,26,331,55,1.0,1,0,0,Inactive Customers,0.20966512772015475,Medium,Low,171.17270692201154
16561.0,2,511.12,16.48774193548387,244,7.870967741935484,5,54,31,1.0,1,0,0,Inactive Customers,0.6382297625630985,Medium,Medium,326.2119962412509
16563.0,1,845.74,46.98555555555556,326,18.11111111111111,53,0,18,0.0,1,0,0,Inactive Customers,0.7294558424336873,Medium,High,616.9299841798668
16565.0,1,173.7,57.9,46,15.333333333333334,363,0,3,0.0,1,1,1,Inactive Customers,0.7638790473146375,Low,High,132.68579051855252
16566.0,5,614.66,34.147777777777776,362,20.11111111111111,14,277,18,99.0,155,0,0,Inactive Customers,0.1598589723003279,Medium,Low,98.25891591411954
16567.0,2,704.56,21.350303030303028,576,17.454545454545453,193,142,33,1.0,1,1,1,Inactive Customers,0.47855820863740944,Medium,Medium,337.1729714775732
16569.0,1,124.2,24.84,93,18.6,2,0,5,0.0,1,0,0,Inactive Customers,0.7363397967617877,Low,High,91.45340275781403
16570.0,10,3738.4,29.66984126984127,2112,16.761904761904763,14,296,126,148.0,112,0,0,Inactive Customers,0.0578107876301954,High,Low,216.1198484767225
16571.0,3,1388.39,16.144069767441863,1237,14.383720930232558,26,255,86,1.0,149,0,0,Inactive Customers,0.19912649794143653,High,Low,276.46523847691105
16572.0,3,973.65,17.38660714285714,531,9.482142857142858,126,148,56,1.0,24,1,0,Inactive Customers,0.44525199024122303,Medium,Medium,433.5196002983668
16573.0,2,663.61,15.800238095238095,360,8.571428571428571,84,205,42,1.0,1,0,0,Inactive Customers,0.38860130196883813,Medium,Medium,257.8797099995407
16574.0,1,451.44,16.122857142857143,416,14.857142857142858,70,0,28,0.0,1,0,0,Inactive Customers,0.703132418403473,Medium,High,317.4220989640638
16581.0,1,105.84,11.76,134,14.88888888888889,182,0,9,0.0,1,1,1,Inactive Customers,0.7259048577202633,Low,High,76.82977014111266
16582.0,1,313.62,52.27,164,27.333333333333332,112,0,6,0.0,1,1,0,Inactive Customers,0.7444239711594414,Low,High,233.466245835024
16583.0,1,233.45,16.675,111,7.928571428571429,373,0,14,0.0,1,1,1,Inactive Customers,0.7314393436804043,Low,High,170.75451478219037
16584.0,2,831.08,30.780740740740743,396,14.666666666666666,79,174,27,1.0,1,0,0,Inactive Customers,0.4512015425577183,Medium,Medium,374.9845779888686
16586.0,1,463.95,57.99375,95,11.875,248,0,8,0.0,1,1,1,Inactive Customers,0.759356748159992,Medium,High,352.3035633088283
16587.0,1,200.2,16.683333333333334,70,5.833333333333333,231,0,12,0.0,1,1,1,Inactive Customers,0.7360316012127004,Low,High,147.3535265627826
16589.0,3,459.24,13.916363636363636,368,11.151515151515152,70,90,33,1.0,35,0,0,Inactive Customers,0.557748013549722,Medium,Medium,256.14019774257434
16591.0,1,213.5,21.35,41,4.1,68,0,10,0.0,1,0,0,Inactive Customers,0.7427254431654686,Low,High,158.57188211582755
16592.0,16,4113.68,19.044814814814817,2927,13.550925925925926,3,283,216,104.0,132,0,2,High-Value Active Customers,0.050186863391764244,High,Low,206.45269619743274
16593.0,3,330.03,12.223333333333333,116,4.296296296296297,50,277,27,1.0,139,0,0,Inactive Customers,0.26025940546974596,Low,Low,85.89341158718025
16594.0,1,181.09,3.416792452830189,64,1.2075471698113207,74,0,53,0.0,1,0,0,Inactive Customers,0.7055711281935716,Low,High,127.77187560457388
16595.0,1,360.16,4.237176470588236,335,3.9411764705882355,60,0,85,0.0,1,0,0,Inactive Customers,0.6704269670167414,Low,Medium,241.46097644074962
16596.0,2,250.15,20.845833333333335,97,8.083333333333334,15,350,12,1.0,1,0,0,Inactive Customers,0.23368182333839727,Low,Low,58.45550810810008
16597.0,1,90.04,12.862857142857143,184,26.285714285714285,3,0,7,0.0,1,0,0,Inactive Customers,0.7174174795091042,Low,High,64.59626985499975
16598.0,1,145.05,14.505,73,7.3,285,0,10,0.0,1,1,1,Inactive Customers,0.7349483165424754,Low,High,106.60425331448606
16600.0,6,813.52,13.121290322580645,1145,18.467741935483872,3,334,62,264.0,20,0,0,Inactive Customers,0.04284610663986785,Medium,Low,34.85616467366529
16601.0,1,244.8,7.896774193548388,134,4.32258064516129,40,0,31,0.0,1,0,0,Inactive Customers,0.7165893242237882,Low,High,175.42106656998337
16602.0,1,511.13,18.25464285714286,335,11.964285714285714,35,0,28,0.0,1,0,0,Inactive Customers,0.7096971045659815,Medium,High,362.7474810568101
16603.0,2,482.47,14.19029411764706,480,14.117647058823529,74,16,34,1.0,1,0,0,Inactive Customers,0.6730652943210075,Medium,Medium,324.7338125510565
16607.0,13,2785.43,16.481834319526627,2640,15.621301775147929,17,341,169,151.0,123,0,0,Inactive Customers,0.034458852741306424,High,Low,95.98272219121715
16609.0,7,5493.46,19.903840579710145,2420,8.768115942028986,14,237,276,55.0,135,0,0,Inactive Customers,0.0745937441568238,High,Low,409.77774977574524
16610.0,1,75.66,12.61,66,11.0,218,0,6,0.0,1,1,1,Inactive Customers,0.7340827332286385,Low,High,55.54069959607879
16611.0,1,129.49,12.949000000000002,47,4.7,185,0,10,0.0,1,1,1,Inactive Customers,0.7368797674158053,Low,High,95.41856108267264
16612.0,4,1187.66,17.994848484848486,506,7.666666666666667,32,278,66,125.0,86,0,0,Inactive Customers,0.12932247430028518,High,Low,153.5911298274767
16613.0,1,618.59,20.619666666666667,293,9.766666666666667,69,0,30,0.0,1,0,0,Inactive Customers,0.7125838141853477,Medium,High,440.7972216169142
16614.0,1,506.19,19.468846153846155,223,8.576923076923077,182,0,26,0.0,1,1,1,Inactive Customers,0.7189277363979772,Medium,High,363.9140308872921
16616.0,2,420.52,13.14125,368,11.5,14,142,32,1.0,1,0,0,Inactive Customers,0.49087900838725756,Medium,Medium,206.42444060700953
16617.0,1,151.85,30.369999999999997,91,18.2,235,0,5,0.0,1,1,1,Inactive Customers,0.7403906991865059,Low,High,112.42832767147092
16618.0,4,2528.94,27.790549450549452,1356,14.901098901098901,30,291,91,63.0,179,0,0,Inactive Customers,0.11026319580427293,High,Low,278.849006397258
16619.0,1,226.21,16.157857142857143,133,9.5,263,0,14,0.0,1,1,1,Inactive Customers,0.7291162955422882,Low,High,164.933397214621
16620.0,2,178.96,19.884444444444444,88,9.777777777777779,3,257,9,1.0,1,0,0,Inactive Customers,0.3551425257838284,Low,Medium,63.55630641427393
16621.0,4,813.48,28.05103448275862,302,10.413793103448276,51,226,29,61.0,95,0,0,Inactive Customers,0.2643245037025203,Medium,Low,215.02269727192623
16623.0,1,129.45000000000002,25.890000000000004,39,7.8,245,0,5,0.0,1,1,1,Inactive Customers,0.7469105180829716,Low,High,96.68756656584068
16624.0,2,794.62,16.9068085106383,487,10.361702127659575,80,116,47,1.0,1,0,0,Inactive Customers,0.5149994130687207,Medium,Medium,409.2288336126668
16625.0,1,333.08,14.481739130434782,164,7.130434782608695,274,0,23,0.0,1,1,1,Inactive Customers,0.7221167604123044,Low,High,240.52265055813035
16626.0,16,3733.2,21.959999999999997,1820,10.705882352941176,0,265,170,192.0,68,0,2,High-Value Active Customers,0.05532008769084069,High,Low,206.52095136744646
16627.0,1,322.8,16.14,162,8.1,78,0,20,0.0,1,0,0,Inactive Customers,0.7245689320532658,Low,High,233.89085126679421
16628.0,5,2188.05,18.701282051282053,1205,10.2991452991453,29,205,117,16.0,106,0,0,Inactive Customers,0.23492347259886115,High,Low,514.0243042199381
16629.0,2,417.73,6.52703125,493,7.703125,73,22,64,1.0,1,0,0,Inactive Customers,0.6437182574907403,Medium,Medium,268.90042770160693
16633.0,6,2848.15,18.987666666666666,1136,7.573333333333333,16,216,150,119.0,60,0,0,Inactive Customers,0.13284807915414965,High,Low,378.3712566428913
16634.0,2,217.9,24.211111111111112,82,9.11111111111111,222,149,9,1.0,1,1,1,Inactive Customers,0.5257113540677084,Low,Medium,114.55250405135367
16637.0,4,1046.62,15.621194029850745,924,13.791044776119403,31,193,67,102.0,28,0,0,Inactive Customers,0.22467874100050428,Medium,Low,235.15326390594777
16638.0,10,1560.82,16.78301075268817,1253,13.473118279569892,22,346,93,90.0,234,0,0,Inactive Customers,0.06586929807970734,High,Low,102.81011782876881
16639.0,3,1257.51,25.150199999999998,510,10.2,30,204,50,1.0,175,0,0,Inactive Customers,0.30709828581075804,High,Medium,386.17916538988635
16641.0,1,231.1,19.258333333333333,256,21.333333333333332,105,0,12,0.0,1,1,0,Inactive Customers,0.7187913920220801,Low,High,166.1126906963027
16642.0,2,688.33,20.245,479,14.088235294117647,4,202,34,1.0,1,0,0,Inactive Customers,0.3919254796790277,Medium,Medium,269.77406542746513
16643.0,1,487.51,18.055925925925926,269,9.962962962962964,245,0,27,0.0,1,1,1,Inactive Customers,0.7145705403589945,Medium,High,348.3602841304134
16644.0,2,833.78,13.448064516129032,826,13.32258064516129,177,34,62,1.0,1,1,1,Inactive Customers,0.6085865422960819,Medium,Medium,507.42728723562715
16647.0,2,214.06,15.290000000000001,146,10.428571428571429,169,35,14,1.0,1,1,1,Inactive Customers,0.6808020511766691,Low,Medium,145.7324870748778
16648.0,1,290.66,15.297894736842107,281,14.789473684210526,42,0,19,0.0,1,0,0,Inactive Customers,0.715080884472335,Low,High,207.8454098807289
16650.0,1,518.42,21.60083333333333,372,15.5,71,0,24,0.0,1,0,0,Inactive Customers,0.7103766373713429,Medium,High,368.2734563460516
16652.0,7,6258.45,55.38451327433628,2419,21.4070796460177,58,214,113,60.0,50,0,0,Inactive Customers,0.1523844356015057,High,Low,953.6903709902433
16653.0,2,1195.71,17.583970588235296,732,10.764705882352942,15,55,68,1.0,1,0,0,Inactive Customers,0.5784980544441377,High,Medium,691.7159086794
16654.0,4,567.37,20.263214285714287,280,10.0,140,227,28,133.0,46,1,0,Inactive Customers,0.2021371688856856,Medium,Low,114.68656551067143
16655.0,6,3760.62,14.519768339768339,2365,9.13127413127413,17,314,259,200.0,57,0,0,Inactive Customers,0.02671495045367677,High,Low,100.46477697510593
16656.0,15,3125.0,66.48936170212765,1886,40.12765957446808,21,342,47,213.0,120,0,2,High-Value Active Customers,0.042731689732951585,High,Low,133.5365304154737
16657.0,4,933.62,4.488557692307692,1229,5.908653846153846,9,244,208,105.0,13,0,0,Inactive Customers,0.11548955530437895,Medium,Low,107.82335862327427
16658.0,1,123.24,15.405,40,5.0,367,0,8,0.0,1,1,1,Inactive Customers,0.7398808402627182,Low,High,91.18291475397739
16659.0,1,39.12,19.56,72,36.0,188,0,2,0.0,1,1,1,Inactive Customers,0.7228102726826422,Low,High,28.27633786734496
16660.0,4,1267.65,79.228125,571,35.6875,15,303,16,108.0,1,0,0,Inactive Customers,0.17389621586269308,High,Low,220.4395380383429
16665.0,1,135.4,15.044444444444444,59,6.555555555555555,361,0,9,0.0,1,1,1,Inactive Customers,0.7370814947896517,Low,High,99.80083439451884
16666.0,1,118.98,3.718125,233,7.28125,18,0,32,0.0,1,0,0,Inactive Customers,0.7078337407377918,Low,High,84.21805847298248
16667.0,2,536.23,10.312115384615385,235,4.519230769230769,67,216,52,1.0,1,0,0,Inactive Customers,0.37123542140339266,Medium,Medium,199.06757001914124
16668.0,6,306.72,15.336000000000002,318,15.9,14,269,20,101.0,123,0,0,Inactive Customers,0.16860756307666339,Low,Low,51.7153117468742
16669.0,3,1374.87,8.5929375,888,5.55,23,54,160,1.0,54,0,0,Inactive Customers,0.475750441289566,High,Medium,654.0950092157856
16670.0,11,4095.9,16.25357142857143,2556,10.142857142857142,16,341,252,111.0,155,0,0,Inactive Customers,0.031201611068683414,High,Low,127.7986787762204
16671.0,2,418.35,139.45000000000002,123,41.0,35,128,3,1.0,1,0,0,Inactive Customers,0.6316788427115752,Medium,Medium,264.2628438483875
16672.0,20,8134.9400000000005,71.35912280701754,2832,24.842105263157894,1,264,114,82.0,174,0,2,High-Value Active Customers,0.07739924383631261,High,Low,629.638204653773
16674.0,2,319.61,3.261326530612245,188,1.9183673469387754,54,43,98,1.0,1,0,0,Inactive Customers,0.606193002945605,Low,Medium,193.74534567144482
16676.0,4,1512.22,17.18431818181818,634,7.204545454545454,33,303,88,104.0,179,0,0,Inactive Customers,0.09819951358168619,High,Low,148.4992684284975
16678.0,12,3109.99,19.07969325153374,2397,14.705521472392638,2,280,163,137.0,116,0,0,Inactive Customers,0.05769116620895984,High,Low,179.418949998203
16679.0,1,129.75,43.25,29,9.666666666666666,365,0,3,0.0,1,1,1,Inactive Customers,0.7589646123903173,Low,High,98.47565845764368
16680.0,1,183.7,18.369999999999997,94,9.4,42,0,10,0.0,1,0,0,Inactive Customers,0.7350130080987493,Low,High,135.02188958774022
16681.0,6,1770.3400000000001,40.23500000000001,1407,31.977272727272727,72,180,44,48.0,72,0,0,Inactive Customers,0.27865187563080984,High,Low,493.30856150424796
16682.0,5,958.88,33.064827586206896,848,29.24137931034483,4,183,29,28.0,87,0,0,Inactive Customers,0.33041929249992796,Medium,Medium,316.83245119233095
16684.0,17,23716.3,171.8572463768116,8668,62.81159420289855,3,353,138,152.0,201,0,2,High-Value Active Customers,0.005286335730024165,High,Low,125.3723240739721
16685.0,2,324.24,5.2296774193548385,396,6.387096774193548,60,0,62,1.0,1,0,0,Inactive Customers,0.6813247954372272,Low,Medium,220.91275167256657
16686.0,7,2884.53,4.999185441941075,2022,3.5043327556325825,46,307,577,116.0,146,0,0,Inactive Customers,0.01681537973788585,High,Low,48.50446731532388
16688.0,4,1260.8600000000001,20.33645161290323,804,12.96774193548387,0,59,62,17.0,8,0,0,Inactive Customers,0.5479839671499825,High,Medium,690.9310648207271
16689.0,2,370.76,30.896666666666665,186,15.5,75,6,12,1.0,1,0,0,Inactive Customers,0.7250022948783671,Medium,High,268.8018508491034
16690.0,2,208.63,18.966363636363635,137,12.454545454545455,71,129,11,1.0,1,0,0,Inactive Customers,0.5451140852557491,Low,Medium,113.72715160690693
16692.0,1,8.5,8.5,1,1.0,288,0,1,0.0,1,1,1,Inactive Customers,0.7444192228462998,Low,High,6.3275633941935485
16693.0,2,462.06,7.831525423728814,203,3.440677966101695,68,203,59,1.0,1,0,0,Inactive Customers,0.3867474835887585,Medium,Medium,178.70054226702175
16696.0,4,657.9,65.78999999999999,146,14.6,134,112,10,34.0,67,1,0,Inactive Customers,0.5308333250646975,Medium,Medium,349.2352445600645
16697.0,1,112.75,5.369047619047619,27,1.2857142857142858,240,0,21,0.0,1,1,1,Inactive Customers,0.7284425034924855,Low,High,82.13189226877775
16698.0,1,510.0,255.0,200,100.0,252,0,2,0.0,1,1,1,Inactive Customers,0.8228431637916898,Medium,High,419.65001353376175
16700.0,13,5076.55,16.482305194805196,4024,13.064935064935066,8,357,308,147.0,192,0,2,High-Value Active Customers,0.013139292758823288,High,Low,66.70227665480436
16701.0,13,5044.0599999999995,36.288201438848915,4929,35.460431654676256,8,352,139,171.0,164,0,2,High-Value Active Customers,0.016962170017095372,High,Low,85.55820329643008
16705.0,20,13398.15,51.13797709923664,4888,18.65648854961832,0,358,262,259.0,74,0,2,High-Value Active Customers,0.006201035766575049,High,Low,83.08240735593749
16706.0,3,480.5,4.004166666666666,246,2.05,36,76,120,1.0,61,0,0,Inactive Customers,0.5086005807350826,Medium,Medium,244.38257904320722
16708.0,1,622.73,23.951153846153847,283,10.884615384615385,45,0,26,0.0,1,0,0,Inactive Customers,0.7170059175381062,Medium,High,446.5010950285049
16709.0,5,2894.27,38.590266666666665,843,11.24,84,197,75,36.0,114,0,0,Inactive Customers,0.2627503666730534,High,Low,760.4705037508182
16710.0,10,2466.09,6.1498503740648385,1835,4.576059850374065,18,349,401,155.0,187,0,0,Inactive Customers,0.01715336646224916,High,Low,42.30174549888803
16711.0,5,1620.79,77.18047619047618,689,32.80952380952381,2,354,21,55.0,137,0,0,Inactive Customers,0.13425863608280517,High,Low,217.60505477664978
16712.0,11,3611.53,8.115797752808989,1747,3.9258426966292137,8,266,445,97.0,120,0,0,Inactive Customers,0.038495879955554514,High,Low,139.0290253358838
16713.0,15,6520.37,10.550760517799352,3792,6.135922330097087,18,347,618,124.0,217,0,2,High-Value Active Customers,0.00603070450912655,High,Low,39.32242476017348
16714.0,2,896.53,9.851978021978022,607,6.670329670329671,316,0,91,1.0,1,1,1,Inactive Customers,0.6504228075666393,Medium,Medium,583.1235596677191
16715.0,1,222.51999999999998,12.362222222222222,498,27.666666666666668,77,0,18,0.0,1,0,0,Inactive Customers,0.6952231174101718,Low,Medium,154.70104808611143
16716.0,2,901.2,450.6,120,60.0,266,44,2,1.0,1,1,1,Inactive Customers,0.8933266573451255,Medium,High,805.0659835994271
16717.0,6,3818.4300000000003,19.285,1865,9.419191919191919,23,342,198,203.0,72,0,0,Inactive Customers,0.028612642122024384,High,Low,109.25537105800157
16718.0,1,623.75,13.86111111111111,413,9.177777777777777,368,0,45,0.0,1,1,1,Inactive Customers,0.6936205975761456,Medium,Medium,432.6458477381208
16719.0,7,1790.42,8.907562189054726,1204,5.990049751243781,14,353,201,79.0,220,0,0,Inactive Customers,0.0502881270892172,High,Low,90.03686850307626
16720.0,1,155.24,5.74962962962963,182,6.7407407407407405,25,0,27,0.0,1,0,0,Inactive Customers,0.7145230117627285,Low,High,110.92255234604598
16721.0,1,292.47,7.904594594594595,172,4.648648648648648,261,0,37,0.0,1,1,1,Inactive Customers,0.7107133845499134,Low,High,207.86234357931318
16722.0,13,4641.53,20.814035874439462,4657,20.883408071748878,16,351,223,184.0,138,0,2,High-Value Active Customers,0.013889875648982333,High,Low,64.47027452102097
16723.0,1,407.2,9.93170731707317,397,9.682926829268293,107,0,41,0.0,1,1,0,Inactive Customers,0.6955456480447091,Medium,Medium,283.22618788380555
16725.0,7,747.12,5.014228187919463,292,1.9597315436241611,301,69,149,12.0,37,1,1,Inactive Customers,0.49109402847482375,Medium,Medium,366.9061705541103
16726.0,5,1382.02,7.470378378378379,977,5.281081081081081,25,335,185,66.0,268,0,0,Inactive Customers,0.061095595253422084,High,Low,84.43533455213439
16727.0,1,272.82,5.9308695652173915,177,3.847826086956522,363,0,46,0.0,1,1,1,Inactive Customers,0.7042817078177454,Low,High,192.14213552683728
16728.0,4,1054.67,3.9207063197026026,677,2.516728624535316,45,218,269,27.0,120,0,0,Inactive Customers,0.15750337109948698,Medium,Low,166.11408039749594
16729.0,21,7239.92,10.969575757575758,5783,8.762121212121212,37,203,660,50.0,144,0,2,High-Value Active Customers,0.015304747529797763,High,Low,110.80514773593343
16730.0,3,743.11,9.062317073170732,994,12.121951219512194,51,267,82,1.0,182,0,0,Inactive Customers,0.18925129898136522,Medium,Low,140.6345327860423
16732.0,1,603.75,21.5625,317,11.321428571428571,31,0,28,0.0,1,0,0,Inactive Customers,0.7125014531157469,Medium,High,430.17275231863215
16734.0,3,618.61,11.896346153846155,344,6.615384615384615,51,61,52,1.0,61,0,0,Inactive Customers,0.578814482693742,Medium,Medium,358.0604271391758
16735.0,5,2300.56,18.40448,1573,12.584,78,255,125,94.0,20,0,0,Inactive Customers,0.12901498713455134,High,Low,296.80671880226345
16738.0,1,3.75,3.75,3,3.0,297,0,1,0.0,1,1,1,Inactive Customers,0.7395778752695825,Low,High,2.7734170322609346
16739.0,1,323.0,24.846153846153847,172,13.23076923076923,176,0,13,0.0,1,1,1,Inactive Customers,0.7308122853569116,Low,High,236.05236817028242
16743.0,7,2238.09,11.717748691099477,2047,10.717277486910994,28,329,191,147.0,126,0,0,Inactive Customers,0.03995992944843581,High,Low,89.4339184992497
16744.0,7,1288.11,5.344854771784232,804,3.336099585062241,10,161,241,76.0,64,0,0,Inactive Customers,0.1906353003092239,High,Low,245.5592366813144
16745.0,17,7133.82,20.0388202247191,6447,18.109550561797754,86,225,356,91.0,124,0,2,High-Value Active Customers,0.023238412099424205,High,Low,165.77864900311437
16746.0,18,6560.08,14.67579418344519,4519,10.109619686800896,4,354,447,197.0,139,0,2,High-Value Active Customers,0.006295862829049199,High,Low,41.30136382758907
16747.0,2,836.0600000000001,19.906190476190478,583,13.880952380952381,37,30,42,1.0,1,0,0,Inactive Customers,0.6444729456967854,Medium,Medium,538.8180509792544
16748.0,5,1515.9,21.969565217391306,880,12.753623188405797,17,316,69,25.0,199,0,0,Inactive Customers,0.13444240880144048,High,Low,203.80124750210365
16750.0,5,583.98,6.212553191489362,213,2.265957446808511,44,187,94,96.0,76,0,0,Inactive Customers,0.23842866821878314,Medium,Low,139.23757366640498
16751.0,1,515.52,23.432727272727274,527,23.954545454545453,30,0,22,0.0,1,0,0,Inactive Customers,0.7001293449191693,Medium,High,360.93067989273015
16752.0,1,110.6,15.799999999999999,52,7.428571428571429,372,0,7,0.0,1,1,1,Inactive Customers,0.738624929537954,Low,High,81.69191720689771
16753.0,1,223.92000000000002,6.5858823529411765,189,5.5588235294117645,57,0,34,0.0,1,0,0,Inactive Customers,0.7108453657359121,Low,High,159.17249429558544
16755.0,3,1496.83,8.804882352941176,1064,6.258823529411765,113,201,170,1.0,111,1,0,Inactive Customers,0.2314400763167638,High,Low,346.42644943322153
16756.0,1,239.4,18.415384615384617,106,8.153846153846153,214,0,13,0.0,1,1,1,Inactive Customers,0.7332471079139873,Low,High,175.53935763460856
16757.0,1,106.83000000000001,15.261428571428572,81,11.571428571428571,318,0,7,0.0,1,1,1,Inactive Customers,0.7341247074346344,Low,High,78.426542495242
16758.0,1,369.34000000000003,16.78818181818182,203,9.227272727272727,64,0,22,0.0,1,0,0,Inactive Customers,0.7209535922026624,Medium,High,266.2769997441314
16759.0,3,755.89,18.436341463414635,607,14.804878048780488,7,23,41,1.0,23,0,0,Inactive Customers,0.6445294810307924,Medium,Medium,487.1933894163657
16761.0,1,316.62,24.355384615384615,341,26.23076923076923,96,0,13,0.0,1,1,0,Inactive Customers,0.7140379278251997,Low,High,226.07868870801474
16762.0,3,1421.48,16.153181818181817,616,7.0,19,124,88,1.0,26,0,0,Inactive Customers,0.4500116409350205,High,Medium,639.682547356313
16763.0,1,594.9,27.04090909090909,318,14.454545454545455,198,0,22,0.0,1,1,1,Inactive Customers,0.7178795338720181,Medium,High,427.06653470046354
16764.0,13,2799.25,3.9649433427762037,1259,1.7832861189801699,3,139,706,70.0,60,0,0,Inactive Customers,0.057635070683894556,High,Low,161.33497161189183
16765.0,1,34.0,34.0,4,4.0,293,0,1,0.0,1,1,1,Inactive Customers,0.7594908142285723,Low,High,25.82268768377146
16766.0,2,1145.6,33.69411764705882,536,15.764705882352942,272,0,34,1.0,1,1,1,Inactive Customers,0.6996946234233767,High,High,801.5701605938203
16767.0,11,5492.28,24.851945701357465,4307,19.488687782805428,30,285,221,180.0,82,0,0,Inactive Customers,0.024758817390580928,High,Low,135.9823575779398
16768.0,3,478.09000000000003,8.85351851851852,196,3.6296296296296298,47,224,54,1.0,55,0,0,Inactive Customers,0.3384061102684646,Medium,Medium,161.78857725825026
16769.0,1,380.39,9.50975,83,2.075,259,0,40,0.0,1,1,1,Inactive Customers,0.7147540328549286,Medium,High,271.88528655768624
16770.0,5,730.15,5.070486111111111,463,3.2152777777777777,57,314,144,13.0,255,0,0,Inactive Customers,0.11797945350815345,Medium,Low,86.14269797897823
16771.0,5,2246.81,8.811019607843138,1489,5.8392156862745095,32,304,255,28.0,241,0,0,Inactive Customers,0.06847291913361439,High,Low,153.84563943859615
16773.0,1,171.59,6.599615384615385,171,6.576923076923077,56,0,26,0.0,1,0,0,Inactive Customers,0.7161676802067694,Low,High,122.88721224667955
16774.0,4,661.52,13.781666666666666,322,6.708333333333333,67,110,48,36.0,48,0,0,Inactive Customers,0.46246476685469146,Medium,Medium,305.9296925697155
16775.0,11,1625.86,10.557532467532466,436,2.831168831168831,9,357,154,204.0,150,0,0,Inactive Customers,0.03743961335394243,High,Low,60.87156976764083
16776.0,1,388.28,5.1089473684210525,262,3.4473684210526314,59,0,76,0.0,1,0,0,Inactive Customers,0.68022427860371,Medium,Medium,264.11748289624853
16777.0,2,226.35,4.527,64,1.28,79,176,50,1.0,1,0,0,Inactive Customers,0.44289088292461987,Low,Medium,100.2483513499877
16778.0,2,245.94,15.37125,194,12.125,73,199,16,1.0,1,0,0,Inactive Customers,0.4254065673963268,Low,Medium,104.62449118545261
16779.0,22,10629.72,31.92108108108108,5325,15.99099099099099,1,364,333,183.0,173,0,2,High-Value Active Customers,0.006277617725009996,High,Low,66.72931868389325
16780.0,2,425.19,7.0865,271,4.516666666666667,99,158,60,1.0,1,1,0,Inactive Customers,0.4506193183919132,Medium,Medium,191.59882798705758
16781.0,1,311.25,18.308823529411764,113,6.647058823529412,371,0,17,0.0,1,1,1,Inactive Customers,0.7310092419533891,Low,High,227.52662655799236
16782.0,13,2279.9,11.999473684210527,712,3.7473684210526317,9,355,190,140.0,194,0,0,Inactive Customers,0.04220218263218345,High,Low,96.21675618311505
16784.0,1,107.6,35.86666666666667,24,8.0,19,0,3,0.0,1,0,0,Inactive Customers,0.7554991890694788,Low,High,81.2917127438759
16788.0,2,597.48,3.854709677419355,311,2.0064516129032257,122,131,155,1.0,1,1,0,Inactive Customers,0.4183856197909526,Medium,Medium,249.97704011269838
16789.0,1,80.80000000000001,16.160000000000004,32,6.4,7,0,5,0.0,1,0,0,Inactive Customers,0.7418006394132552,Low,High,59.93749166459103
16790.0,6,1545.6200000000001,16.61956989247312,898,9.655913978494624,3,34,93,5.0,25,0,0,Inactive Customers,0.567141297832494,High,Medium,876.5849327558594
16791.0,7,1721.78,5.3805625,763,2.384375,28,303,320,118.0,184,0,0,Inactive Customers,0.04510818212270638,High,Low,77.66636581523339
16792.0,2,110.38,9.198333333333332,44,3.6666666666666665,281,0,12,1.0,1,1,1,Inactive Customers,0.7334789332745022,Low,High,80.96140465483955
16793.0,1,243.84,15.24,146,9.125,56,0,16,0.0,1,0,0,Inactive Customers,0.7268811897069846,Low,High,177.2427092981511
16794.0,10,1222.71,4.290210526315789,937,3.287719298245614,0,179,285,91.0,46,0,0,Inactive Customers,0.14626080567864388,High,Low,178.83454971133466
16795.0,1,414.88,6.286060606060606,239,3.621212121212121,364,0,66,0.0,1,1,1,Inactive Customers,0.6881442318884488,Medium,Medium,285.49727892587964
16796.0,1,305.62,16.97888888888889,186,10.333333333333334,88,0,18,0.0,1,0,0,Inactive Customers,0.7239188167436386,Low,High,221.24406877319083
16800.0,1,1176.49,7.217730061349694,539,3.3067484662576687,10,0,163,0.0,1,0,0,Inactive Customers,0.601581014007649,High,Medium,707.754047169859
16801.0,4,1502.98,20.58876712328767,494,6.767123287671233,162,110,73,71.0,29,1,1,Inactive Customers,0.3903926927587901,High,Medium,586.7524093626064
16803.0,1,332.3,13.845833333333333,245,10.208333333333334,64,0,24,0.0,1,0,0,Inactive Customers,0.7155135287645582,Low,High,237.7651456084627
16804.0,3,536.99,8.949833333333334,246,4.1,22,247,60,1.0,1,0,0,Inactive Customers,0.3209853617010853,Medium,Medium,172.3659293798658
16805.0,2,460.59000000000003,4.699897959183674,539,5.5,173,186,98,1.0,1,1,1,Inactive Customers,0.36487224975813526,Medium,Medium,168.05650951609954
16806.0,4,775.54,7.603333333333333,377,3.696078431372549,102,135,102,18.0,66,1,0,Inactive Customers,0.39571039662498814,Medium,Medium,306.8892409985433
16807.0,3,1106.59,16.76651515151515,777,11.772727272727273,142,128,66,1.0,73,1,0,Inactive Customers,0.43105576852441413,Medium,Medium,477.0020028914314
16808.0,2,288.42,12.540000000000001,196,8.521739130434783,98,175,23,1.0,1,1,0,Inactive Customers,0.45780752230058713,Low,Medium,132.04084558193534
16809.0,5,914.69,6.138859060402685,652,4.375838926174497,22,239,149,53.0,113,0,0,Inactive Customers,0.17126891210632134,Medium,Low,156.65796121453107
16810.0,1,309.54,20.636000000000003,114,7.6,191,0,15,0.0,1,1,1,Inactive Customers,0.7331292251330317,Low,High,226.93282034767864
16811.0,2,547.07,19.538214285714286,477,17.035714285714285,4,12,28,1.0,1,0,0,Inactive Customers,0.6838002479425694,Medium,Medium,374.0866016419415
16812.0,1,479.35,31.956666666666667,81,5.4,360,0,15,0.0,1,1,1,Inactive Customers,0.7424724358958102,Medium,High,355.90416214665663
16813.0,10,1632.5,3.6439732142857144,1237,2.7611607142857144,7,196,448,72.0,105,0,0,Inactive Customers,0.08083649296844288,High,Low,131.965574770983
16814.0,21,6509.1,20.089814814814815,2769,8.546296296296296,13,355,324,143.0,191,0,2,High-Value Active Customers,0.016264157453629524,High,Low,105.86502728141994
16816.0,4,417.06,14.895,274,9.785714285714286,102,254,28,44.0,46,1,0,Inactive Customers,0.26314466711031465,Medium,Low,109.74711486502783
16817.0,9,1524.85,17.93941176470588,820,9.647058823529411,2,365,85,108.0,246,0,0,Inactive Customers,0.05872702263960455,High,Low,89.54990047200099
16818.0,11,3272.7200000000003,17.595268817204303,2161,11.618279569892474,10,194,186,57.0,125,0,0,Inactive Customers,0.1390963037029848,High,Low,455.2232550548325
16820.0,1,464.71000000000004,19.362916666666667,305,12.708333333333334,95,0,24,0.0,1,1,0,Inactive Customers,0.7140510677629521,Medium,High,331.8266717001215
16823.0,1,358.38,9.431052631578947,136,3.5789473684210527,226,0,38,0.0,1,1,1,Inactive Customers,0.7128666785232796,Low,High,255.47716024917293
16824.0,2,460.64,17.716923076923077,236,9.076923076923077,15,148,26,1.0,1,0,0,Inactive Customers,0.49830493429982,Medium,Medium,229.53918493586906
16825.0,2,602.38,23.16846153846154,278,10.692307692307692,38,147,26,1.0,1,0,0,Inactive Customers,0.4996283977168371,Medium,Medium,300.9661542166683
16826.0,1,341.7,15.531818181818181,158,7.181818181818182,50,0,22,0.0,1,0,0,Inactive Customers,0.7235997402586938,Low,High,247.25403124639567
16828.0,1,113.5,16.214285714285715,58,8.285714285714286,111,0,7,0.0,1,1,0,Inactive Customers,0.7380385370400586,Low,High,83.76737395404665
16829.0,1,197.22,17.92909090909091,99,9.0,156,0,11,0.0,1,1,1,Inactive Customers,0.7340954442238704,Low,High,144.77830350983172
16830.0,1,325.91,14.170000000000002,264,11.478260869565217,38,0,23,0.0,1,0,0,Inactive Customers,0.7146939886603804,Low,High,232.9259178443046
16832.0,3,182.2,16.563636363636363,32,2.909090909090909,183,33,11,1.0,19,1,1,Inactive Customers,0.6912554234727487,Low,Medium,125.94673815673481
16833.0,4,1106.53,23.5431914893617,440,9.361702127659575,0,333,47,74.0,258,0,0,Inactive Customers,0.10164965549386282,Medium,Low,112.47839329362402
16834.0,1,413.46,17.2275,358,14.916666666666666,227,0,24,0.0,1,1,1,Inactive Customers,0.7091143265276969,Medium,High,293.19040944614153
16835.0,2,180.85,18.085,61,6.1,127,244,10,1.0,1,1,0,Inactive Customers,0.3763790792820805,Low,Medium,68.06815648816425
16836.0,2,251.87,22.89727272727273,165,15.0,39,76,11,1.0,1,0,0,Inactive Customers,0.625457173468172,Low,Medium,157.5338982814285
16837.0,11,3154.03,19.23189024390244,1562,9.524390243902438,30,214,164,33.0,166,0,0,Inactive Customers,0.15696010076994504,High,Low,495.0568666314298
16838.0,2,387.9,16.86521739130435,183,7.956521739130435,196,90,23,1.0,1,1,1,Inactive Customers,0.5946297610926561,Medium,Medium,230.65688432784128
16839.0,34,15537.39,60.45677042801556,7679,29.879377431906615,8,360,257,208.0,141,0,2,High-Value Active Customers,0.004035559656952617,High,Low,62.702064258339014
16841.0,6,1869.82,16.119137931034484,2250,19.396551724137932,36,250,116,102.0,133,0,0,Inactive Customers,0.09573374136440968,High,Low,179.0048642780005
16842.0,3,1264.19,20.066507936507936,693,11.0,100,201,63,1.0,54,1,0,Inactive Customers,0.3382549322375925,High,Medium,427.6185027854421
16843.0,16,10024.5,26.947580645161292,9222,24.79032258064516,42,284,372,150.0,106,0,2,High-Value Active Customers,0.0057511448287559394,High,Low,57.65235133586391
16846.0,1,214.32,19.483636363636364,135,12.272727272727273,49,0,11,0.0,1,0,0,Inactive Customers,0.7312529290915606,Low,High,156.72212776290326
16847.0,1,193.44,16.12,78,6.5,42,0,12,0.0,1,0,0,Inactive Customers,0.7348962030426155,Low,High,142.15832151656355
16848.0,1,281.42,20.101428571428574,182,13.0,52,0,14,0.0,1,0,0,Inactive Customers,0.7269535002775941,Low,High,204.57925404812053
16849.0,1,124.57,15.57125,33,4.125,186,0,8,0.0,1,1,1,Inactive Customers,0.7408867672442406,Low,High,92.29226459561505
16850.0,1,332.41,17.495263157894737,249,13.105263157894736,333,0,19,0.0,1,1,1,Inactive Customers,0.7188726298773724,Low,High,238.96045089753738
16851.0,3,342.45,17.1225,271,13.55,3,47,20,1.0,38,0,0,Inactive Customers,0.6373408791368016,Low,Medium,218.2573840603977
16852.0,2,104.96000000000001,13.120000000000001,55,6.875,9,165,8,1.0,1,0,0,Inactive Customers,0.4958036680644129,Low,Medium,52.03955300004078
16855.0,2,328.40000000000003,17.284210526315793,164,8.631578947368421,23,19,19,1.0,1,0,0,Inactive Customers,0.7003001573361456,Low,High,229.97857166919025
16856.0,1,35.400000000000006,17.700000000000003,12,6.0,14,0,2,0.0,1,0,0,Inactive Customers,0.7460317088377607,Low,High,26.409522492856734
16858.0,1,375.69000000000005,37.569,91,9.1,368,0,10,0.0,1,1,1,Inactive Customers,0.7471484275444735,Medium,High,280.6961927441833
16859.0,2,682.86,13.6572,825,16.5,144,116,50,1.0,1,1,1,Inactive Customers,0.488939799681579,Medium,Medium,333.87743161056306
16861.0,2,173.76,28.959999999999997,140,23.333333333333332,59,98,6,1.0,1,0,0,Inactive Customers,0.5958201653626358,Low,Medium,103.52971193341159
16863.0,2,502.8,19.338461538461537,409,15.73076923076923,30,335,26,1.0,1,0,0,Inactive Customers,0.22410053681127418,Medium,Low,112.67774990870866
16866.0,3,207.74,18.885454545454547,60,5.454545454545454,140,20,11,1.0,11,1,0,Inactive Customers,0.7098831524558996,Low,High,147.47112609118858
16869.0,4,825.4200000000001,6.448593750000001,585,4.5703125,22,152,128,9.0,28,0,0,Inactive Customers,0.36904567504458086,Medium,Medium,304.61768109529794
16871.0,6,2744.54,20.329925925925927,1249,9.251851851851852,21,248,135,15.0,188,0,0,Inactive Customers,0.1582093883823393,High,Low,434.2119947908655
16872.0,3,148.82999999999998,49.60999999999999,145,48.333333333333336,76,107,3,1.0,28,0,0,Inactive Customers,0.5683594208911755,Low,Medium,84.58893261123364
16873.0,6,6680.02,24.11559566787004,3694,13.335740072202166,4,359,277,166.0,122,0,0,Inactive Customers,0.01434576385299607,High,Low,95.82998945329082
16875.0,5,2061.63,18.74209090909091,1067,9.7,66,272,110,43.0,229,0,0,Inactive Customers,0.1267326094124021,High,Low,261.2757495428906
16877.0,6,836.77,5.296012658227848,462,2.9240506329113924,11,195,158,168.0,13,0,0,Inactive Customers,0.14483519030135347,Medium,Low,121.19374218846355
16878.0,1,13.3,4.433333333333334,12,4.0,83,0,3,0.0,1,0,0,Inactive Customers,0.7377534910539917,Low,High,9.81212143101809
16880.0,7,1519.08,8.534157303370787,753,4.230337078651686,30,158,178,15.0,121,0,0,Inactive Customers,0.27361355990038794,High,Low,415.6408865734813
16882.0,3,705.12,18.080000000000002,424,10.871794871794872,66,250,39,1.0,172,0,0,Inactive Customers,0.25901283808698355,Medium,Low,182.63513239189385
16883.0,2,256.78,6.9399999999999995,103,2.7837837837837838,186,184,37,1.0,1,1,1,Inactive Customers,0.4385586886304565,Low,Medium,112.6131000665286
16884.0,2,429.84,16.53230769230769,320,12.307692307692308,37,0,26,1.0,1,0,0,Inactive Customers,0.7101142933778045,Medium,High,305.23552786551545
16885.0,3,471.51,4.668415841584158,184,1.8217821782178218,14,341,101,1.0,35,0,0,Inactive Customers,0.17967366381146826,Medium,Low,84.7179292237454
16887.0,1,194.88,5.2670270270270265,157,4.243243243243243,34,0,37,0.0,1,0,0,Inactive Customers,0.7105971258164425,Low,High,138.4811678791083
16889.0,3,1578.67,11.693851851851852,925,6.851851851851852,194,142,135,1.0,48,1,1,Inactive Customers,0.3594849626914512,High,Medium,567.5081260521133
16891.0,5,792.75,3.9245049504950495,282,1.396039603960396,1,369,202,230.0,93,0,0,Inactive Customers,0.02986147836779024,Medium,Low,23.672686976065712
16892.0,5,458.59000000000003,4.776979166666667,236,2.4583333333333335,0,182,96,154.0,14,0,0,Inactive Customers,0.20276864766758368,Medium,Low,92.9876741338772
16893.0,1,145.93,3.242888888888889,62,1.3777777777777778,366,0,45,0.0,1,1,1,Inactive Customers,0.710665386225553,Low,High,103.70739981189494
16895.0,1,219.14,3.175942028985507,102,1.4782608695652173,64,0,69,0.0,1,0,0,Inactive Customers,0.6932082972317994,Low,Medium,151.90966625537652
16897.0,2,289.78,7.831891891891891,73,1.972972972972973,298,14,37,1.0,1,1,1,Inactive Customers,0.6977427187523266,Low,High,202.1918850400492
16898.0,3,508.81,3.1408024691358025,419,2.5864197530864197,25,342,162,1.0,151,0,0,Inactive Customers,0.12202262133025409,Medium,Low,62.08632995904658
16899.0,6,1281.56,10.25248,522,4.176,7,352,125,210.0,82,0,0,Inactive Customers,0.04475720033175037,High,Low,57.359037657158
16900.0,3,887.11,11.229240506329115,833,10.544303797468354,16,46,79,1.0,2,0,0,Inactive Customers,0.5779525709561469,Medium,Medium,512.7075052209075
16902.0,1,1706.88,38.79272727272728,629,14.295454545454545,115,0,44,0.0,1,1,0,Inactive Customers,0.6896344557747794,High,Medium,1177.1232598728557
16903.0,1,373.24,6.220666666666667,262,4.366666666666666,28,0,60,0.0,1,0,0,Inactive Customers,0.6907935002017082,Medium,Medium,257.83176601528555
16904.0,15,3674.37,5.197128712871287,2031,2.8727015558698725,3,362,707,189.0,161,0,2,High-Value Active Customers,0.0050916280608542626,High,Low,18.708525397961075
16905.0,7,3068.53,14.895776699029128,1406,6.825242718446602,4,366,206,135.0,41,0,0,Inactive Customers,0.042217824495604,High,Low,129.54666099949577
16906.0,4,559.82,6.085000000000001,280,3.0434782608695654,81,166,92,42.0,105,0,0,Inactive Customers,0.31530637833471675,Medium,Medium,176.51481671934116
16907.0,5,948.05,6.362751677852349,296,1.9865771812080537,28,336,149,74.0,205,0,0,Inactive Customers,0.08296697165791549,Medium,Low,78.65683748028677
16909.0,1,301.38,17.728235294117646,220,12.941176470588236,71,0,17,0.0,1,0,0,Inactive Customers,0.7218048930226469,Low,High,217.53755865916534
16910.0,8,1493.11,2.7346336996336995,885,1.620879120879121,3,86,546,13.0,58,0,0,Inactive Customers,0.17862942650696298,High,Low,266.71338301181146
16912.0,11,2575.38,25.49881188118812,1029,10.188118811881187,28,294,101,115.0,105,0,0,Inactive Customers,0.09808973543929433,High,Low,252.61834285564984
16913.0,1,113.44,14.18,82,10.25,289,0,8,0.0,1,1,1,Inactive Customers,0.7336455763377701,Low,High,83.22475417975663
16914.0,1,208.46,5.4857894736842105,121,3.1842105263157894,35,0,38,0.0,1,0,0,Inactive Customers,0.712272919607194,Low,High,148.48041282131567
16915.0,6,471.83,8.425535714285713,129,2.3035714285714284,8,274,56,115.0,118,0,0,Inactive Customers,0.14767441691726704,Medium,Low,69.6772201340741
16916.0,2,576.26,4.029790209790209,440,3.076923076923077,23,348,143,1.0,1,0,0,Inactive Customers,0.1556919008930463,Medium,Low,89.71901480862685
16917.0,1,391.52,43.50222222222222,232,25.77777777777778,276,0,9,0.0,1,1,1,Inactive Customers,0.7343506127889616,Medium,High,287.51295191913425
16918.0,6,1068.82,8.35015625,721,5.6328125,49,267,128,221.0,13,0,0,Inactive Customers,0.07493258839133626,Medium,Low,80.08944912442801
16919.0,11,2596.45,7.940214067278287,1413,4.321100917431193,155,212,327,133.0,69,1,0,Inactive Customers,0.07356728911609466,High,Low,191.01378782548394
16921.0,1,169.79,2.829833333333333,171,2.85,60,0,60,0.0,1,0,0,Inactive Customers,0.6951983192596103,Low,Medium,118.03772262708922
16923.0,19,7172.7300000000005,10.689612518628913,3225,4.806259314456036,11,350,671,163.0,175,0,2,High-Value Active Customers,0.00477132759282942,High,Low,34.22344456491537
16924.0,3,846.75,10.201807228915662,493,5.9397590361445785,20,62,83,1.0,43,0,0,Inactive Customers,0.5519054133839428,Medium,Medium,467.3259087828536
16926.0,1,230.25,16.446428571428573,35,2.5,370,0,14,0.0,1,1,1,Inactive Customers,0.7381956586265565,Low,High,169.96955039876462
16927.0,2,139.85,34.9625,33,8.25,275,85,4,1.0,1,1,1,Inactive Customers,0.6406029061856261,Low,Medium,89.5883164300598
16928.0,17,2815.7,13.53701923076923,2112,10.153846153846153,79,292,208,194.0,84,0,2,High-Value Active Customers,0.039143859693867564,High,Low,110.2173657400229
16929.0,7,1295.39,16.823246753246753,929,12.064935064935066,3,151,77,83.0,32,0,0,Inactive Customers,0.2906317549272913,High,Medium,376.48146901526394
16930.0,3,380.55,7.0472222222222225,341,6.314814814814815,25,42,54,1.0,42,0,0,Inactive Customers,0.6134318783181693,Medium,Medium,233.44150129397931
16931.0,21,4604.22,5.127193763919822,3158,3.516703786191537,4,364,898,196.0,154,0,2,High-Value Active Customers,0.0021619858472661296,High,Low,9.95425847769966
16932.0,1,161.94,3.0554716981132075,87,1.6415094339622642,52,0,53,0.0,1,0,0,Inactive Customers,0.7042175489425178,Low,High,114.04098987575132
16933.0,2,563.23,12.800681818181818,288,6.545454545454546,0,237,44,1.0,1,0,0,Inactive Customers,0.34395745723108084,Medium,Medium,193.72715863626166
16934.0,2,925.98,15.18,398,6.524590163934426,54,0,61,1.0,1,0,0,Inactive Customers,0.6834219079129455,Medium,Medium,632.8350182892293
16936.0,1,262.68,4.608421052631579,173,3.0350877192982457,25,0,57,0.0,1,0,0,Inactive Customers,0.6972964940732693,Low,High,183.1658430631664
16938.0,4,1903.13,7.929708333333334,1025,4.270833333333333,8,300,240,128.0,170,0,0,Inactive Customers,0.052444954879829794,High,Low,99.80956698045048
16940.0,3,3032.93,9.976743421052632,2168,7.131578947368421,51,237,304,1.0,117,0,0,Inactive Customers,0.1067264385882527,High,Low,323.69381738746927
16942.0,9,1920.59,6.834839857651246,811,2.886120996441281,12,215,281,38.0,164,0,0,Inactive Customers,0.13203462013102008,High,Low,253.58437107743583
16943.0,3,800.78,25.024375,144,4.5,211,106,32,1.0,49,1,1,Inactive Customers,0.5502467178168126,Medium,Medium,440.6265666933472
16945.0,19,4345.5,17.451807228915662,2725,10.943775100401606,21,336,249,193.0,143,0,2,High-Value Active Customers,0.020283825164448707,High,Low,88.14336225211186
16947.0,1,406.48,19.356190476190477,312,14.857142857142858,235,0,21,0.0,1,1,1,Inactive Customers,0.7145004050906585,Medium,High,290.4301246612509
16948.0,3,348.62,20.507058823529412,474,27.88235294117647,138,187,17,1.0,123,1,0,Inactive Customers,0.3665554061211865,Low,Medium,127.78854568196803
16949.0,6,761.27,13.355614035087719,786,13.789473684210526,3,312,57,98.0,182,0,0,Inactive Customers,0.10168896819880772,Medium,Low,77.41276082070635
16950.0,3,1178.56,28.06095238095238,644,15.333333333333334,56,310,42,1.0,67,0,0,Inactive Customers,0.21526425656262382,High,Low,253.70184221444592
16951.0,3,1229.9,14.469411764705884,1315,15.470588235294118,134,169,85,1.0,2,1,0,Inactive Customers,0.35515337632124594,High,Medium,436.8031375375004
16952.0,2,167.61,10.475625,92,5.75,108,0,16,1.0,1,1,0,Inactive Customers,0.7281290479383725,Low,High,122.04170972495062
16953.0,1,20.8,20.8,10,10.0,29,0,1,0.0,1,0,0,Inactive Customers,0.7460853313303093,Low,High,15.518574891670434
16954.0,9,2085.08,38.61259259259259,1054,19.51851851851852,0,358,54,235.0,59,0,0,Inactive Customers,0.04395805539553233,High,Low,91.65606214411655
16955.0,4,467.82,19.4925,263,10.958333333333334,184,188,24,4.0,151,1,1,Inactive Customers,0.36719378760165805,Medium,Medium,171.78059771580766
16956.0,1,308.74,19.29625,114,7.125,17,0,16,0.0,1,0,0,Inactive Customers,0.7319387248908812,Low,High,225.97876192281066
16957.0,2,416.64,26.04,172,10.75,238,42,16,1.0,1,1,1,Inactive Customers,0.6750067939991974,Medium,Medium,281.2348306518256
16959.0,1,117.35000000000001,16.764285714285716,49,7.0,86,0,7,0.0,1,0,0,Inactive Customers,0.7396741645591137,Low,High,86.800763211012
16960.0,3,507.05,5.02029702970297,304,3.00990099009901,38,213,101,1.0,21,0,0,Inactive Customers,0.3288583994118766,Medium,Medium,166.74765142179203
16961.0,1,234.17000000000002,16.726428571428574,125,8.928571428571429,115,0,14,0.0,1,1,0,Inactive Customers,0.7301883253527456,Low,High,170.98820014785244
16963.0,1,110.55000000000001,15.792857142857144,35,5.0,186,0,7,0.0,1,1,1,Inactive Customers,0.7410324918260841,Low,High,81.9211419713736
16965.0,1,201.19,7.738076923076923,291,11.192307692307692,226,0,26,0.0,1,1,1,Inactive Customers,0.7083784069340455,Low,High,142.51865169106063
16966.0,7,1973.53,75.905,1549,59.57692307692308,7,231,26,42.0,161,0,0,Inactive Customers,0.20524252197170414,High,Low,405.05227438681726
16967.0,1,319.02,15.19142857142857,333,15.857142857142858,188,0,21,0.0,1,1,1,Inactive Customers,0.7106087449891261,Low,High,226.698401826431
16968.0,2,439.43,14.175161290322581,326,10.516129032258064,3,103,31,1.0,1,0,0,Inactive Customers,0.5566112603417216,Medium,Medium,244.59168613196272
16969.0,3,618.13,15.45325,599,14.975,38,152,40,1.0,94,0,0,Inactive Customers,0.4137029718786046,Medium,Medium,255.72221800732186
16971.0,1,207.21,5.313076923076923,70,1.794871794871795,37,0,39,0.0,1,0,0,Inactive Customers,0.7146432304172865,Low,High,148.08122377476593
16976.0,1,251.51999999999998,125.75999999999999,88,44.0,266,0,2,0.0,1,1,1,Inactive Customers,0.786901062180012,Low,High,197.9213551595166
16978.0,1,344.33,8.828974358974358,166,4.256410256410256,77,0,39,0.0,1,0,0,Inactive Customers,0.7102182175752388,Low,High,244.549438857682
16979.0,6,1852.0,20.808988764044944,865,9.719101123595506,3,294,89,246.0,25,0,0,Inactive Customers,0.05886541884615502,High,Low,109.0187557030791
16980.0,2,845.76,9.834418604651162,568,6.604651162790698,254,36,86,1.0,1,1,1,Inactive Customers,0.6031873782098234,Medium,Medium,510.1517569947402
16982.0,1,384.06,17.457272727272727,182,8.272727272727273,60,0,22,0.0,1,0,0,Inactive Customers,0.7228509905539857,Medium,High,277.61815143216376
16983.0,7,1914.3,13.022448979591836,1378,9.374149659863946,12,356,147,98.0,167,0,0,Inactive Customers,0.05471980436621816,High,Low,104.75012149825142
16984.0,2,4396.6,10.90967741935484,2418,6.0,87,41,403,1.0,1,0,0,Inactive Customers,0.25329749999848605,High,Low,1113.6477884933438
16985.0,10,5464.12,45.53433333333333,1832,15.266666666666667,16,341,120,146.0,194,0,0,Inactive Customers,0.0407166503752331,High,Low,222.48066364831868
16986.0,1,83.2,41.6,40,20.0,29,0,2,0.0,1,0,0,Inactive Customers,0.7511393146219538,Low,High,62.49479097654656
16987.0,7,1549.25,12.295634920634921,398,3.1587301587301586,2,202,126,35.0,51,0,0,Inactive Customers,0.2680655703448376,High,Low,415.3005848567396
16988.0,1,126.12,18.017142857142858,43,6.142857142857143,4,0,7,0.0,1,0,0,Inactive Customers,0.7413305912462829,Low,High,93.49661416798119
16989.0,6,503.25,71.89285714285714,233,33.285714285714285,6,143,7,71.0,56,0,0,Inactive Customers,0.42223865265843313,Medium,Medium,212.49160195035648
16990.0,1,179.0,179.0,100,100.0,218,0,1,0.0,1,1,1,Inactive Customers,0.7847783990318022,Low,High,140.4753334266926
16992.0,5,1580.41,17.36714285714286,858,9.428571428571429,10,274,91,84.0,88,0,0,Inactive Customers,0.1404358703755657,High,Low,221.94625390024783
16996.0,6,1456.96,39.3772972972973,544,14.702702702702704,29,323,37,84.0,215,0,0,Inactive Customers,0.1130203767078324,High,Low,164.6661680482435
16997.0,3,702.0,58.5,360,30.0,287,37,12,1.0,21,1,1,Inactive Customers,0.6763660268740737,Medium,Medium,474.8089508655997
16998.0,4,295.0,73.75,76,19.0,149,154,4,99.0,54,1,1,Inactive Customers,0.3919117911514767,Low,Medium,115.61397838968561
16999.0,2,484.82,21.07913043478261,294,12.782608695652174,22,50,23,1.0,1,0,0,Inactive Customers,0.6471710635429826,Medium,Medium,313.76147502690884
17001.0,11,3838.02,23.546134969325152,2155,13.220858895705522,0,358,163,150.0,172,0,0,Inactive Customers,0.031280249079440915,High,Low,120.05422157187581
17002.0,3,1493.73,30.484285714285715,679,13.857142857142858,85,205,49,1.0,130,0,0,Inactive Customers,0.31570156160084906,High,Medium,471.57289361003626
17004.0,2,1144.74,26.621860465116278,639,14.86046511627907,45,46,43,1.0,1,0,0,Inactive Customers,0.6191982930370906,High,Medium,708.8210539712791
17006.0,4,766.78,17.832093023255812,271,6.3023255813953485,4,70,43,44.0,13,0,0,Inactive Customers,0.5386020837498432,Medium,Medium,412.98930577770477
17007.0,6,872.98,17.117254901960784,596,11.686274509803921,50,306,51,142.0,150,0,0,Inactive Customers,0.0935847312935811,Medium,Low,81.69759872467043
17010.0,1,195.36,17.76,118,10.727272727272727,17,0,11,0.0,1,0,0,Inactive Customers,0.7319852708125418,Low,High,143.00064250593817
17011.0,1,270.9,18.06,186,12.4,29,0,15,0.0,1,0,0,Inactive Customers,0.7252646198944686,Low,High,196.47418552941153
17014.0,3,586.33,7.923378378378379,245,3.310810810810811,7,58,74,1.0,23,0,0,Inactive Customers,0.5887915284543356,Medium,Medium,345.2261368786306
17015.0,3,1842.56,8.491059907834101,1981,9.129032258064516,28,156,217,1.0,42,0,0,Inactive Customers,0.2428704237725666,High,Low,447.5033280263803
17017.0,20,8546.9,34.187599999999996,6337,25.348,2,369,250,168.0,201,0,2,High-Value Active Customers,0.007111097193165548,High,Low,60.77783660026662
17018.0,2,920.1,57.50625,176,11.0,40,285,16,1.0,1,0,0,Inactive Customers,0.32896907025566235,Medium,Medium,302.68444154223494
17019.0,4,1272.61,5.4385042735042735,827,3.534188034188034,10,357,234,37.0,250,0,0,Inactive Customers,0.05825060588374093,High,Low,74.13030355370753
17022.0,1,71.0,10.142857142857142,108,15.428571428571429,30,0,7,0.0,1,0,0,Inactive Customers,0.726830454914571,Low,High,51.60496229893454
17024.0,3,95.85,31.95,69,23.0,44,112,3,1.0,53,0,0,Inactive Customers,0.5613646444333327,Low,Medium,53.80680116893493
17025.0,3,357.77,39.75222222222222,235,26.11111111111111,60,312,9,1.0,312,0,0,Inactive Customers,0.1776674302824716,Low,Low,63.56407653215986
17026.0,2,154.83,38.7075,97,24.25,184,184,4,1.0,1,1,1,Inactive Customers,0.47325674013088614,Low,Medium,73.27434107446511
17027.0,6,890.29,5.818888888888889,421,2.7516339869281046,78,238,153,33.0,100,0,0,Inactive Customers,0.1998578207682506,Medium,Low,177.93141925176582
17030.0,1,146.87,13.351818181818182,146,13.272727272727273,63,0,11,0.0,1,0,0,Inactive Customers,0.7262540206306884,Low,High,106.66492801002921
17031.0,2,380.35,17.288636363636364,235,10.681818181818182,11,143,22,1.0,1,0,0,Inactive Customers,0.5082719948081149,Medium,Medium,193.32125322526653
17033.0,3,775.74,28.73111111111111,510,18.88888888888889,85,273,27,1.0,127,0,0,Inactive Customers,0.2516238736613214,Medium,Low,195.19470375403344
17034.0,3,730.52,25.190344827586205,409,14.10344827586207,15,271,29,1.0,63,0,0,Inactive Customers,0.2808836060456945,Medium,Low,205.19109188850075
17035.0,2,433.53000000000003,15.483214285714286,229,8.178571428571429,245,65,28,1.0,1,1,1,Inactive Customers,0.624567390226266,Medium,Medium,270.7687006847931
17037.0,1,1267.32,16.8976,656,8.746666666666666,87,0,75,0.0,1,0,0,Inactive Customers,0.6597959443902855,High,Medium,836.1725962446966
17038.0,1,112.4,5.109090909090909,28,1.2727272727272727,29,0,22,0.0,1,0,0,Inactive Customers,0.7276372135071004,Low,High,81.78642279819809
17040.0,1,449.73,29.982000000000003,181,12.066666666666666,137,0,15,0.0,1,1,0,Inactive Customers,0.7326855415439536,Medium,High,329.5106685985623
17041.0,3,1081.57,15.450999999999999,951,13.585714285714285,26,333,70,1.0,82,0,0,Inactive Customers,0.16192911662300552,Medium,Low,175.13767466594408
17042.0,5,1044.38,10.656938775510206,994,10.142857142857142,2,244,98,50.0,152,0,0,Inactive Customers,0.16979111804930339,Medium,Low,177.32644786833148
17043.0,4,1735.18,17.01156862745098,998,9.784313725490197,31,234,102,87.0,19,0,0,Inactive Customers,0.17883821641071745,High,Low,310.3164963515487
17044.0,1,739.6800000000001,147.936,360,72.0,24,0,5,0.0,1,0,0,Inactive Customers,0.7678850936731162,Medium,High,567.9892460881306
17045.0,2,299.49,14.261428571428572,105,5.0,112,43,21,1.0,1,1,0,Inactive Customers,0.6696859716307849,Low,Medium,200.56425164370378
17046.0,1,642.02,29.182727272727274,510,23.181818181818183,156,0,22,0.0,1,1,1,Inactive Customers,0.7045865044512587,Medium,High,452.3586275877971
17047.0,3,1100.9,16.93692307692308,533,8.2,84,119,65,1.0,119,0,0,Inactive Customers,0.44036299383757926,Medium,Medium,484.79561991579106
17048.0,3,885.4000000000001,21.080952380952382,484,11.523809523809524,117,213,42,1.0,164,1,0,Inactive Customers,0.30497781167777716,Medium,Medium,270.0273544595039
17049.0,9,5393.03,17.06655063291139,2673,8.458860759493671,2,273,316,118.0,114,0,0,Inactive Customers,0.03749281486639853,High,Low,202.19987535893324
17050.0,6,3228.84,10.217848101265822,1614,5.1075949367088604,95,203,316,21.0,153,1,0,Inactive Customers,0.11769471789993093,High,Low,380.01741294401296
17051.0,1,247.14,5.747441860465116,184,4.27906976744186,193,0,43,0.0,1,1,1,Inactive Customers,0.7056364876346138,Low,High,174.39100155401846
17052.0,1,413.75,4.497282608695652,261,2.8369565217391304,27,0,92,0.0,1,0,0,Inactive Customers,0.6695458141096824,Medium,Medium,277.0245805878811
17053.0,1,498.48,38.34461538461539,122,9.384615384615385,130,0,13,0.0,1,1,0,Inactive Customers,0.7435231804610865,Medium,High,370.6314349962424
17054.0,5,1316.3799999999999,16.05341463414634,803,9.792682926829269,27,216,82,10.0,178,0,0,Inactive Customers,0.2442924440886905,High,Low,321.58168754947036
17058.0,3,1179.89,19.030483870967743,592,9.548387096774194,81,158,62,1.0,117,0,0,Inactive Customers,0.3808575489228803,High,Medium,449.3700133986173
17059.0,5,3095.04,5.9981395348837205,1855,3.5949612403100777,29,339,516,108.0,167,0,0,Inactive Customers,0.016960240829057255,High,Low,52.49262377556536
17060.0,1,81.60000000000001,20.400000000000002,72,18.0,265,0,4,0.0,1,1,1,Inactive Customers,0.7353698330631793,Low,High,60.006178377955436
17061.0,11,5216.28,53.227346938775504,1525,15.561224489795919,73,158,98,13.0,136,0,0,Inactive Customers,0.27916748339985825,High,Low,1456.2157603090125
17062.0,4,538.37,7.691,430,6.142857142857143,313,55,70,4.0,44,1,1,Inactive Customers,0.572403830243898,Medium,Medium,308.1650500884073
17063.0,7,1461.14,18.732564102564105,770,9.871794871794872,20,268,78,126.0,142,0,0,Inactive Customers,0.11416068872033311,High,Low,166.80474871682753
17064.0,3,859.35,13.860483870967743,318,5.129032258064516,58,268,62,1.0,123,0,0,Inactive Customers,0.24510962208792558,Medium,Low,210.63495374125887
17068.0,21,4552.14,15.378851351351353,2164,7.3108108108108105,11,355,296,164.0,176,0,2,High-Value Active Customers,0.019524163690730643,High,Low,88.8767265031226
17069.0,9,2692.75,18.963028169014084,1505,10.598591549295774,27,345,142,146.0,127,0,0,Inactive Customers,0.04678191410709847,High,Low,125.97199921188941
17070.0,1,312.14,4.8771875,133,2.078125,113,0,64,0.0,1,1,0,Inactive Customers,0.6949929449090109,Low,Medium,216.93509782389864
17071.0,9,2429.03,17.350214285714287,1197,8.55,27,281,140,122.0,106,0,0,Inactive Customers,0.08700990451234991,High,Low,211.34966835763333
17073.0,4,1446.09,8.310862068965516,759,4.362068965517241,17,91,174,27.0,35,0,0,Inactive Customers,0.3862278017742994,High,Medium,558.5201618677966
17075.0,4,814.1700000000001,10.712763157894738,291,3.8289473684210527,17,299,76,26.0,235,0,0,Inactive Customers,0.1532124187627768,Medium,Low,124.74095498409
17076.0,3,816.0799999999999,34.00333333333333,294,12.25,35,328,24,1.0,237,0,0,Inactive Customers,0.17601131277682544,Medium,Low,143.6393121309117
17078.0,2,378.2,13.507142857142856,788,28.142857142857142,35,0,28,1.0,1,0,0,Inactive Customers,0.6749203368043258,Medium,Medium,255.25487137939604
17079.0,1,118.80000000000001,59.400000000000006,24,12.0,77,0,2,0.0,1,0,0,Inactive Customers,0.7689117995217732,Low,High,91.34672178318667
17080.0,2,287.62,35.9525,166,20.75,21,247,8,1.0,1,0,0,Inactive Customers,0.36975951856987616,Low,Medium,106.35023273106778
17081.0,2,290.16,4.53375,78,1.21875,24,20,64,1.0,1,0,0,Inactive Customers,0.6699429910698742,Low,Medium,194.39065828883471
17082.0,2,1753.8500000000001,21.923125000000002,1047,13.0875,32,285,80,1.0,1,0,0,Inactive Customers,0.22241910260687728,High,Low,390.08974310707174
17083.0,3,1405.78,27.034230769230767,772,14.846153846153847,108,194,52,1.0,186,1,0,Inactive Customers,0.30045293034592374,High,Medium,422.3707204216927
17084.0,2,2949.75,18.208333333333332,1816,11.209876543209877,34,0,162,1.0,1,0,0,Inactive Customers,0.52239821409195,High,Medium,1540.9441320177295
17085.0,5,1566.65,8.377807486631017,786,4.2032085561497325,122,239,187,7.0,176,1,0,Inactive Customers,0.1705076390297032,High,Low,267.12579268588456
17086.0,6,1826.28,19.428510638297873,1714,18.23404255319149,6,56,94,26.0,23,0,0,Inactive Customers,0.45378241616818277,High,Medium,828.7337509996288
17088.0,4,1966.01,17.245701754385966,867,7.605263157894737,27,225,114,70.0,44,0,0,Inactive Customers,0.19385063044087114,High,Low,381.11227795305706
17090.0,7,2043.95,32.4436507936508,921,14.619047619047619,3,349,63,126.0,93,0,0,Inactive Customers,0.0793459698478101,High,Low,162.17919507043146
17091.0,9,3807.81,19.627886597938144,1745,8.994845360824742,2,365,194,182.0,182,0,0,Inactive Customers,0.024140097919270458,High,Low,91.92090625797724
17092.0,4,1743.88,14.063548387096775,1129,9.10483870967742,49,227,124,151.0,37,0,0,Inactive Customers,0.12031816264821006,High,Low,209.82043747896057
17094.0,1,302.0,21.571428571428573,152,10.857142857142858,321,0,14,0.0,1,1,1,Inactive Customers,0.7305876588835242,Low,High,220.6374729828243
17095.0,3,1324.16,17.894054054054056,618,8.35135135135135,22,312,74,1.0,276,0,0,Inactive Customers,0.14253445064429385,High,Low,188.73841816514815
17096.0,4,1022.13,21.294375,339,7.0625,14,246,48,118.0,42,0,0,Inactive Customers,0.18613492392327083,Medium,Low,190.2540897896928
17097.0,8,924.47,4.402238095238095,458,2.1809523809523808,1,363,210,250.0,108,0,0,Inactive Customers,0.02545091759217134,Medium,Low,23.52860978643464
17100.0,2,971.74,14.949846153846154,800,12.307692307692308,17,0,65,0.0,1,0,0,Inactive Customers,0.6594136233423468,Medium,Medium,640.7785943466921
17101.0,4,1621.73,38.61261904761905,815,19.404761904761905,9,167,42,126.0,19,0,0,Inactive Customers,0.2557311361015967,High,Low,414.7268553500424
17102.0,1,25.5,25.5,2,2.0,261,0,1,0.0,1,1,1,Inactive Customers,0.7552752832480386,Low,High,19.259519722824983
17105.0,2,665.78,7.397555555555555,693,7.7,158,147,90,1.0,1,1,1,Inactive Customers,0.42009086870456563,Medium,Medium,279.6880985661257
17107.0,6,10419.61,25.290315533980586,4163,10.104368932038835,32,244,412,123.0,41,0,0,Inactive Customers,0.022735856054651504,High,Low,236.89875310560737
17109.0,6,885.04,7.564444444444444,589,5.034188034188034,28,203,117,187.0,3,0,0,Inactive Customers,0.13892266153858318,Medium,Low,122.95211236810765
17110.0,1,163.29999999999998,13.608333333333333,50,4.166666666666667,164,0,12,0.0,1,1,1,Inactive Customers,0.7361587125668672,Low,High,120.2147177621694
17111.0,1,248.61,8.287,302,10.066666666666666,46,0,30,0.0,1,0,0,Inactive Customers,0.7063007917247377,Low,High,175.59343983068706
17114.0,8,791.67,6.283095238095238,218,1.7301587301587302,5,329,126,126.0,160,0,0,Inactive Customers,0.07707396155273066,Medium,Low,61.01714314245028
17115.0,3,837.5,21.474358974358974,372,9.538461538461538,7,224,39,1.0,174,0,0,Inactive Customers,0.2953825187695849,Medium,Medium,247.38285946952735
17117.0,1,116.2,12.911111111111111,68,7.555555555555555,287,0,9,0.0,1,1,1,Inactive Customers,0.7346543763718589,Low,High,85.36683853441001
17118.0,1,157.02,15.702000000000002,154,15.4,317,0,10,0.0,1,1,1,Inactive Customers,0.7265550464026209,Low,High,114.08367338613954
17119.0,2,591.91,17.40911764705882,333,9.794117647058824,2,56,34,1.0,1,0,0,Inactive Customers,0.6274002035333476,Medium,Medium,371.36445447342373
17120.0,1,307.46,17.08111111111111,120,6.666666666666667,232,0,18,0.0,1,1,1,Inactive Customers,0.7292842421251396,Low,High,224.22573308379543
17122.0,1,138.32,19.759999999999998,80,11.428571428571429,118,0,7,0.0,1,1,0,Inactive Customers,0.7371986447932812,Low,High,101.96931654780666
17123.0,1,345.3,38.36666666666667,246,27.333333333333332,161,0,9,0.0,1,1,1,Inactive Customers,0.7293787752148234,Low,High,251.85449108167853
17124.0,1,298.89,9.3403125,130,4.0625,184,0,32,0.0,1,1,1,Inactive Customers,0.7168920933575799,Low,High,214.27187778364703
17125.0,1,259.35,6.483750000000001,291,7.275,49,0,40,0.0,1,0,0,Inactive Customers,0.7012495827055817,Low,High,181.86907927469264
17126.0,5,1004.75,3.8644230769230767,792,3.046153846153846,151,210,260,63.0,1,1,1,Inactive Customers,0.16595164625852038,Medium,Low,166.73991657824834
17128.0,1,157.09,11.220714285714285,76,5.428571428571429,334,0,14,0.0,1,1,1,Inactive Customers,0.7314117612643463,Low,High,114.89747357701616
17131.0,5,2443.2200000000003,18.370075187969928,982,7.383458646616542,4,70,133,28.0,41,0,0,Inactive Customers,0.42845000357671664,High,Medium,1046.7976177387056
17133.0,6,2516.2400000000002,119.82095238095239,1210,57.61904761904762,15,250,21,76.0,71,0,0,Inactive Customers,0.2159285962612704,High,Low,543.328171056459
17134.0,2,425.0,17.708333333333332,102,4.25,106,157,24,1.0,1,1,0,Inactive Customers,0.49708954908238207,Medium,Medium,211.26305836001237
17135.0,5,969.73,19.3946,1222,24.44,15,355,50,82.0,36,0,0,Inactive Customers,0.10111341824199044,Medium,Low,98.0527150718054
17138.0,1,380.5,15.854166666666666,126,5.25,275,0,24,0.0,1,1,1,Inactive Customers,0.7249761617550832,Medium,High,275.8534295478091
17139.0,12,10277.77,21.774936440677966,5174,10.961864406779661,15,273,472,113.0,106,0,2,High-Value Active Customers,0.01249057220998356,High,Low,128.37522834260275
17140.0,1,285.32,15.016842105263157,158,8.31578947368421,246,0,19,0.0,1,1,1,Inactive Customers,0.724689282209294,Low,High,206.76834599995576
17142.0,1,384.0,27.428571428571427,80,5.714285714285714,238,0,14,0.0,1,1,1,Inactive Customers,0.740534061963363,Medium,High,284.3650797939314
17144.0,2,895.62,19.47,282,6.130434782608695,0,83,46,1.0,1,0,0,Inactive Customers,0.5821513989680249,Medium,Medium,521.3864359437425
17146.0,3,579.78,17.05235294117647,210,6.176470588235294,105,253,34,1.0,157,1,0,Inactive Customers,0.2756121131574519,Medium,Low,159.79439096642744
17147.0,4,1714.59,21.167777777777776,882,10.88888888888889,22,289,81,105.0,58,0,0,Inactive Customers,0.12442723459353502,High,Low,213.3416921617292
17148.0,1,124.88,13.875555555555556,82,9.11111111111111,51,0,9,0.0,1,0,0,Inactive Customers,0.7335825734422625,Low,High,91.60979177146974
17152.0,3,1689.5,120.67857142857143,517,36.92857142857143,194,68,14,1.0,1,1,1,Inactive Customers,0.6674577456007389,High,Medium,1127.6698611924483
17153.0,1,213.78,15.27,104,7.428571428571429,23,0,14,0.0,1,0,0,Inactive Customers,0.7312479466310684,Low,High,156.3261860307898
17154.0,1,329.34,14.319130434782608,490,21.304347826086957,74,0,23,0.0,1,0,0,Inactive Customers,0.6979518585948584,Low,High,229.86346510963065
17155.0,2,251.7,12.584999999999999,242,12.1,17,160,20,1.0,1,0,0,Inactive Customers,0.47848150583465254,Low,Medium,120.43379501858205
17157.0,2,319.0,24.53846153846154,172,13.23076923076923,7,168,13,1.0,1,0,0,Inactive Customers,0.4835854331227475,Low,Medium,154.26375316615645
17158.0,3,1266.97,18.91,778,11.611940298507463,31,328,67,1.0,200,0,0,Inactive Customers,0.14514541847460036,High,Low,183.89489084476443
17159.0,3,1538.88,15.236435643564358,1111,11.0,21,150,101,1.0,53,0,0,Inactive Customers,0.3606383740475751,High,Medium,554.9791810543325
17160.0,6,3488.03,15.365770925110134,2854,12.572687224669604,30,210,227,82.0,104,0,0,Inactive Customers,0.08904592112231427,High,Low,310.5948442522659
17162.0,10,1715.46,16.494807692307692,1001,9.625,28,276,104,60.0,162,0,0,Inactive Customers,0.13233719043013775,High,Low,227.01915669528412
17163.0,2,293.1,58.620000000000005,66,13.2,21,56,5,1.0,1,0,0,Inactive Customers,0.6926778118883712,Low,Medium,203.0238666644816
17164.0,7,2451.4,17.142657342657344,1500,10.48951048951049,32,240,143,121.0,46,0,0,Inactive Customers,0.1131167933469983,High,Low,277.2945072108316
17165.0,1,158.68,15.868,100,10.0,283,0,10,0.0,1,1,1,Inactive Customers,0.7327743594887292,Low,High,116.27663536367155
17166.0,2,206.34,17.195,78,6.5,38,165,12,1.0,1,0,0,Inactive Customers,0.4945993295415822,Low,Medium,102.05562565761008
17169.0,2,835.78,15.477407407407407,526,9.74074074074074,57,125,54,1.0,1,0,0,Inactive Customers,0.49247523187533326,Medium,Medium,411.60094929676603
17171.0,1,224.91,14.056875,185,11.5625,288,0,16,0.0,1,1,1,Inactive Customers,0.7228387130883693,Low,High,162.57365496070514
17172.0,1,317.76,21.184,480,32.0,78,0,15,0.0,1,0,0,Inactive Customers,0.7002560937896136,Low,High,222.51337636258762
17173.0,8,3766.6,43.79767441860465,1122,13.046511627906977,4,125,86,72.0,38,0,0,Inactive Customers,0.31876890478203135,High,Medium,1200.6749567519992
17174.0,1,59.9,14.975,41,10.25,217,0,4,0.0,1,1,1,Inactive Customers,0.7385748503514754,Low,High,44.24063353605337
17175.0,4,1383.74,22.318387096774195,865,13.951612903225806,43,252,62,115.0,96,0,0,Inactive Customers,0.1446621855952084,High,Low,200.1748526955137
17176.0,1,306.13,20.408666666666665,170,11.333333333333334,201,0,15,0.0,1,1,1,Inactive Customers,0.7280679930725185,Low,High,222.88345471929009
17179.0,3,711.79,8.897375,290,3.625,177,183,80,1.0,54,1,1,Inactive Customers,0.3736431571158186,Medium,Medium,265.9554628034685
17180.0,4,796.03,6.218984375,683,5.3359375,55,259,128,74.0,184,0,0,Inactive Customers,0.13016840763180107,Medium,Low,103.61795752714261
17181.0,2,160.72,7.305454545454546,97,4.409090909090909,56,316,22,1.0,1,0,0,Inactive Customers,0.26221593889229466,Low,Low,42.1433456987696
17183.0,6,3262.56,46.608,1291,18.442857142857143,7,97,70,64.0,24,0,0,Inactive Customers,0.38072317239151476,High,Medium,1242.1321933176605
17186.0,2,144.0,72.0,200,100.0,46,13,2,1.0,1,0,0,Inactive Customers,0.6885337005994138,Low,Medium,99.14885288631558
17187.0,1,203.95,20.395,144,14.4,226,0,10,0.0,1,1,1,Inactive Customers,0.7306642193152555,Low,High,149.01896752934636
17188.0,7,2474.23,29.455119047619046,1328,15.80952380952381,10,351,84,46.0,152,0,0,Inactive Customers,0.09299716812064085,High,Low,230.09638327913322
17189.0,2,384.4,6.301639344262295,227,3.721311475409836,105,253,61,1.0,1,1,0,Inactive Customers,0.3121355546699061,Medium,Medium,119.9849072151119
17190.0,1,249.74,13.874444444444444,160,8.88888888888889,58,0,18,0.0,1,0,0,Inactive Customers,0.7242740529576219,Low,High,180.88020198563652
17191.0,7,2062.23,8.775446808510639,1165,4.957446808510638,27,340,235,1.0,252,0,0,Inactive Customers,0.0718539790405651,High,Low,148.17943119682457
17193.0,7,1498.42,49.94733333333333,894,29.8,35,141,30,90.0,23,0,0,Inactive Customers,0.3402164352942901,High,Medium,509.78711097367017
17194.0,2,242.62,8.665000000000001,118,4.214285714285714,273,86,28,1.0,1,1,1,Inactive Customers,0.5979843467148052,Low,Medium,145.08296219994602
17197.0,1,1013.01,34.93137931034483,191,6.586206896551724,29,0,29,0.0,1,0,0,Inactive Customers,0.7264127844651722,Medium,High,735.8634147910641
17198.0,3,692.22,7.210625,357,3.71875,23,347,96,1.0,341,0,0,Inactive Customers,0.10528821851655504,Medium,Low,72.88261062152974
17201.0,1,342.63,8.56575,268,6.7,53,0,40,0.0,1,0,0,Inactive Customers,0.7034007611193462,Low,High,241.0062027823216
17203.0,6,3349.29,22.18072847682119,2706,17.920529801324502,35,24,151,7.0,1,0,0,Inactive Customers,0.43644556798199835,High,Medium,1461.7827763864273
17204.0,4,1462.8600000000001,27.6011320754717,640,12.075471698113208,174,88,53,22.0,1,1,1,Inactive Customers,0.5179258418157259,High,Medium,757.6529969585528
17205.0,1,251.6,22.87272727272727,516,46.90909090909091,53,0,11,0.0,1,0,0,Inactive Customers,0.691290376427702,Low,Medium,173.9286587092098
17206.0,1,204.24,29.177142857142858,76,10.857142857142858,52,0,7,0.0,1,0,0,Inactive Customers,0.7438269269996794,Low,High,151.91921157041455
17211.0,8,2267.2200000000003,10.796285714285716,1322,6.295238095238095,26,342,210,105.0,206,0,0,Inactive Customers,0.044753886152397115,High,Low,101.4669057624378
17212.0,1,226.85,56.7125,147,36.75,252,0,4,0.0,1,1,1,Inactive Customers,0.7432787325976971,Low,High,168.61278048978758
17213.0,7,2741.28,17.572307692307692,1175,7.532051282051282,39,326,156,50.0,104,0,0,Inactive Customers,0.09394612787307977,High,Low,257.53264141591615
17214.0,6,984.12,9.648235294117647,275,2.696078431372549,59,298,102,66.0,188,0,0,Inactive Customers,0.12673012585920715,Medium,Low,124.71765146056293
17217.0,1,113.5,12.61111111111111,24,2.6666666666666665,233,0,9,0.0,1,1,1,Inactive Customers,0.739719247558914,Low,High,83.95813459793675
17218.0,10,1960.72,7.155912408759124,958,3.4963503649635035,3,363,274,154.0,84,0,0,Inactive Customers,0.033472663107254455,High,Low,65.63052000765596
17219.0,1,114.23,4.5692,89,3.56,31,0,25,0.0,1,0,0,Inactive Customers,0.7213443186070565,Low,High,82.39916151448406
17220.0,14,3164.35,6.718365180467091,1903,4.040339702760085,23,339,471,207.0,101,0,0,Inactive Customers,0.012426064148557006,High,Low,39.32041608848636
17221.0,2,335.13,5.319523809523809,288,4.571428571428571,6,28,63,1.0,1,0,0,Inactive Customers,0.6474296548429229,Low,Medium,216.97310022750875
17222.0,1,354.15,12.648214285714285,128,4.571428571428571,64,0,28,0.0,1,0,0,Inactive Customers,0.7209142294577945,Low,High,255.3117743624779
17223.0,2,391.79,8.162291666666667,111,2.3125,309,58,48,1.0,1,1,1,Inactive Customers,0.625674265047593,Medium,Medium,245.1329203029965
17226.0,1,393.49,18.73761904761905,406,19.333333333333332,308,0,21,0.0,1,1,1,Inactive Customers,0.7069197780246322,Medium,High,278.16586345491254
17227.0,6,939.32,19.985531914893617,741,15.76595744680851,18,349,47,195.0,51,0,0,Inactive Customers,0.06305931467318236,Medium,Low,59.23287545881366
17228.0,8,1906.09,9.16389423076923,1532,7.365384615384615,15,356,208,164.0,71,0,0,Inactive Customers,0.03631372728251311,High,Low,69.21723243592541
17229.0,2,318.76,6.782127659574468,185,3.9361702127659575,95,46,47,1.0,1,1,0,Inactive Customers,0.6388494773414697,Low,Medium,203.63965939736687
17230.0,8,3621.46,53.256764705882354,1650,24.264705882352942,263,95,68,5.0,90,1,1,Inactive Customers,0.4208738321027401,High,Medium,1524.1777480067892
17231.0,10,3174.32,5.867504621072089,1742,3.21996303142329,11,349,541,146.0,177,0,0,Inactive Customers,0.012049874546843042,High,Low,38.25015777153481
17232.0,2,421.52,11.708888888888888,203,5.638888888888889,2,11,36,1.0,1,0,0,Inactive Customers,0.695788197340523,Medium,Medium,293.2886409429772
17233.0,1,190.88,7.6352,131,5.24,34,0,25,0.0,1,0,0,Inactive Customers,0.7199521384138984,Low,High,137.42446418044491
17234.0,1,149.89,10.706428571428571,55,3.9285714285714284,182,0,14,0.0,1,1,1,Inactive Customers,0.7330239607483134,Low,High,109.8729614765647
17235.0,2,550.0600000000001,18.967586206896552,224,7.724137931034483,24,347,29,1.0,1,0,0,Inactive Customers,0.22028448325779684,Medium,Low,121.16968286078374
17236.0,6,899.1800000000001,8.645961538461538,473,4.548076923076923,12,350,104,62.0,229,0,0,Inactive Customers,0.08625303430293765,Medium,Low,77.55700338451548
17237.0,2,314.69,16.562631578947368,105,5.526315789473684,10,11,19,1.0,1,0,0,Inactive Customers,0.7151346566662353,Low,High,225.0457251062976
17238.0,17,3642.95,6.505267857142857,1816,3.242857142857143,2,368,560,164.0,182,0,2,High-Value Active Customers,0.008893484063990766,High,Low,32.398517770915156
17239.0,1,382.5,25.5,150,10.0,312,0,15,0.0,1,1,1,Inactive Customers,0.7327993803011854,Medium,High,280.29576296520344
17242.0,2,1135.04,28.375999999999998,611,15.275,107,72,40,1.0,1,1,0,Inactive Customers,0.584618255152492,High,Medium,663.5651043282845
17243.0,26,8593.6,21.6463476070529,3365,8.476070528967254,0,368,397,211.0,134,0,2,High-Value Active Customers,0.0074270127189366274,High,Low,63.824776501453805
17244.0,1,954.9,30.80322580645161,616,19.870967741935484,52,0,31,0.0,1,0,0,Inactive Customers,0.6953712579855947,Medium,Medium,664.0100142504444
17245.0,1,171.45000000000002,19.05,75,8.333333333333334,204,0,9,0.0,1,1,1,Inactive Customers,0.7376953213898239,Low,High,126.47786285228531
17247.0,1,248.29,4.684716981132075,104,1.9622641509433962,14,0,53,0.0,1,0,0,Inactive Customers,0.7036600763686485,Low,High,174.71176036157172
17248.0,1,318.65,4.618115942028985,213,3.0869565217391304,119,0,69,0.0,1,1,0,Inactive Customers,0.6874183037098471,Low,Medium,219.04584247714277
17250.0,2,364.57,6.510178571428571,167,2.982142857142857,3,257,56,1.0,1,0,0,Inactive Customers,0.313383404270309,Medium,Medium,114.25018769482654
17251.0,1,283.28000000000003,7.263589743589744,110,2.8205128205128207,362,0,39,0.0,1,1,1,Inactive Customers,0.7129835619780162,Low,High,201.97398343713243
17252.0,2,353.86,4.067356321839081,193,2.218390804597701,116,69,87,1.0,1,1,0,Inactive Customers,0.5742549875872087,Low,Medium,203.2058699076097
17253.0,1,162.31,9.547647058823529,42,2.4705882352941178,17,0,17,0.0,1,0,0,Inactive Customers,0.7318962820258134,Low,High,118.79408553560977
17254.0,2,272.44,2.4325,252,2.25,4,10,112,1.0,1,0,0,Inactive Customers,0.6418658345046817,Low,Medium,174.86992795245547
17255.0,2,298.41,3.825769230769231,232,2.9743589743589745,40,258,78,1.0,1,0,0,Inactive Customers,0.29411266096010596,Low,Medium,87.76615915710522
17256.0,2,240.0,15.0,141,8.8125,106,204,16,1.0,1,1,0,Inactive Customers,0.42301733748719106,Low,Medium,101.52416099692586
17259.0,2,603.37,4.865887096774194,410,3.306451612903226,147,220,124,1.0,1,1,1,Inactive Customers,0.3058943099931723,Medium,Medium,184.56744982058038
17262.0,5,1253.3600000000001,104.44666666666667,367,30.583333333333332,51,313,12,105.0,174,0,0,Inactive Customers,0.14793172290739318,High,Low,185.41170422321034
17263.0,1,63.440000000000005,2.7582608695652175,36,1.565217391304348,207,0,23,0.0,1,1,1,Inactive Customers,0.7252634245016243,Low,High,46.01071165038305
17265.0,2,562.9,4.432283464566929,394,3.1023622047244093,138,41,127,1.0,1,1,0,Inactive Customers,0.5758376544056365,Medium,Medium,324.1390156649328
17266.0,3,310.64,3.883,161,2.0125,1,145,80,1.0,1,0,0,Inactive Customers,0.46296076878361114,Low,Medium,143.81413321494097
17267.0,2,317.62,8.358421052631579,159,4.184210526315789,126,0,38,1.0,1,1,0,Inactive Customers,0.710435735581673,Low,High,225.64859833545097
17268.0,1,35.0,17.5,28,14.0,149,0,2,0.0,1,1,1,Inactive Customers,0.7394852859467687,Low,High,25.8819850081369
17272.0,4,2148.63,18.847631578947368,1778,15.596491228070175,41,220,114,63.0,4,0,0,Inactive Customers,0.18404091928506155,High,Low,395.43584040346184
17274.0,1,111.98,4.147407407407408,79,2.925925925925926,34,0,27,0.0,1,0,0,Inactive Customers,0.720728442257406,Low,High,80.70717096398432
17277.0,2,1065.3500000000001,15.43985507246377,430,6.231884057971015,227,95,69,1.0,1,1,1,Inactive Customers,0.5337529110015712,Medium,Medium,568.6336637355239
17278.0,1,206.09,14.720714285714285,178,12.714285714285714,240,0,14,0.0,1,1,1,Inactive Customers,0.7240972888579247,Low,High,149.2292102607297
17279.0,1,162.88,20.36,47,5.875,57,0,8,0.0,1,0,0,Inactive Customers,0.7421215223202469,Low,High,120.8767535555218
17282.0,3,1058.18,11.889662921348314,892,10.02247191011236,129,169,89,1.0,43,1,0,Inactive Customers,0.3585678112907248,Medium,Medium,379.42928655161916
17284.0,6,1652.58,5.659520547945205,1364,4.671232876712328,59,276,292,158.0,106,0,0,Inactive Customers,0.046716205684233875,High,Low,77.20226718965121
17286.0,1,153.92,3.420444444444444,118,2.6222222222222222,21,0,45,0.0,1,0,0,Inactive Customers,0.7075094282413064,Low,High,108.89985119490187
17287.0,7,962.41,8.020083333333334,553,4.608333333333333,25,346,120,120.0,179,0,0,Inactive Customers,0.06587981717606527,Medium,Low,63.40339484841697
17288.0,7,1399.78,9.927517730496454,1202,8.52482269503546,8,349,141,63.0,243,0,0,Inactive Customers,0.06486165488414788,High,Low,90.79204727373252
17289.0,3,944.41,8.508198198198198,520,4.684684684684685,31,148,111,1.0,1,0,0,Inactive Customers,0.4126610383396332,Medium,Medium,389.721211218333
17290.0,2,525.24,5.149411764705882,404,3.9607843137254903,3,12,102,1.0,1,0,0,Inactive Customers,0.6370417536228753,Medium,Medium,334.599810672879
17291.0,1,550.8000000000001,550.8000000000001,72,72.0,307,0,1,0.0,1,1,1,Inactive Customers,0.9404267458789223,Medium,High,517.9870516301105
17293.0,8,1810.11,13.508283582089552,1139,8.5,7,352,134,241.0,76,0,0,Inactive Customers,0.03220092943342592,High,Low,58.28722437673859
17295.0,3,556.95,8.071739130434784,294,4.260869565217392,28,35,69,1.0,1,0,0,Inactive Customers,0.6336526433635179,Medium,Medium,352.91283972131134
17297.0,1,131.78,2.583921568627451,67,1.3137254901960784,16,0,51,0.0,1,0,0,Inactive Customers,0.7064616486830118,Low,High,93.09751606344729
17298.0,2,498.42,16.614,387,12.9,100,23,30,1.0,1,1,0,Inactive Customers,0.6727424639151032,Medium,Medium,335.30829886456576
17299.0,4,669.11,11.738771929824562,678,11.894736842105264,11,161,57,72.0,77,0,0,Inactive Customers,0.29724686229933356,Medium,Medium,198.8908480331071
17301.0,1,197.63,2.994393939393939,149,2.257575757575758,20,0,66,0.0,1,0,0,Inactive Customers,0.6926247491297364,Low,Medium,136.8834291705098
17302.0,5,1135.63,14.375063291139242,575,7.2784810126582276,14,290,79,97.0,108,0,0,Inactive Customers,0.1282594920932056,High,Low,145.6553270058071
17303.0,1,233.09,4.4825,143,2.75,360,0,52,0.0,1,1,1,Inactive Customers,0.7020789018843152,Low,High,163.64757124021503
17306.0,15,4882.99,116.26166666666666,2443,58.166666666666664,10,311,42,164.0,132,0,2,High-Value Active Customers,0.062411814205497074,High,Low,304.75626464730016
17309.0,1,82.75,6.895833333333333,41,3.4166666666666665,94,0,12,0.0,1,1,0,Inactive Customers,0.7329867759436454,Low,High,60.65465570933665
17311.0,2,1190.0,22.452830188679247,802,15.132075471698114,77,238,53,1.0,1,0,0,Inactive Customers,0.3088173848935204,High,Medium,367.49268802328925
17312.0,3,644.3,46.021428571428565,372,26.571428571428573,138,20,14,1.0,16,1,0,Inactive Customers,0.6931827137989699,Medium,Medium,446.61762250067625
17313.0,1,2328.84,97.03500000000001,1402,58.416666666666664,30,0,24,0.0,1,0,0,Inactive Customers,0.6737816734976285,High,Medium,1569.1297125082174
17314.0,8,2472.2400000000002,19.01723076923077,1704,13.107692307692307,24,287,130,143.0,123,0,0,Inactive Customers,0.06738919219381627,High,Low,166.60225650924036
17315.0,36,6089.79,12.984626865671641,3453,7.362473347547974,1,355,469,146.0,199,0,2,High-Value Active Customers,0.009388067769477022,High,Low,57.17136122188347
17317.0,2,1443.6,206.22857142857143,492,70.28571428571429,45,43,7,1.0,1,0,0,Inactive Customers,0.7460959611821509,High,High,1077.064129562553
17320.0,3,1200.6200000000001,16.446849315068494,634,8.684931506849315,99,267,73,1.0,135,1,0,Inactive Customers,0.2218737300776456,High,Low,266.38603780582287
17321.0,2,700.86,6.550093457943925,373,3.485981308411215,7,59,107,1.0,1,0,0,Inactive Customers,0.5635210952455183,Medium,Medium,394.94939481377395
17323.0,7,921.0699999999999,4.60535,776,3.88,14,277,200,125.0,109,0,0,Inactive Customers,0.08257135412106105,Medium,Low,76.0539971402857
17324.0,4,965.23,19.69857142857143,843,17.20408163265306,17,348,49,34.0,3,0,0,Inactive Customers,0.1550409833563355,Medium,Low,149.65020836503572
17325.0,1,96.8,16.133333333333333,60,10.0,279,0,6,0.0,1,1,1,Inactive Customers,0.7373764407341954,Low,High,71.37803946307011
17329.0,2,523.11,15.851818181818182,142,4.303030303030303,13,300,33,1.0,1,0,0,Inactive Customers,0.27676043437985975,Medium,Low,144.77615082844844
17330.0,2,363.9,60.65,120,20.0,22,44,6,1.0,1,0,0,Inactive Customers,0.701230685963345,Low,High,255.17784662206125
17331.0,1,175.2,175.2,16,16.0,123,0,1,0.0,1,1,0,Inactive Customers,0.8342260835279862,Low,High,146.1564098341032
17333.0,1,494.25,17.651785714285715,375,13.392857142857142,85,0,28,0.0,1,0,0,Inactive Customers,0.7066837538570269,Medium,High,349.27844534383553
17334.0,2,307.02000000000004,27.910909090909094,315,28.636363636363637,301,6,11,1.0,1,1,1,Inactive Customers,0.7087892308097032,Low,High,217.6124696431951
17337.0,4,2027.8700000000001,3.7345672191528547,1269,2.3370165745856353,150,158,543,59.0,59,1,1,Inactive Customers,0.08672838158761013,High,Low,175.87388317006696
17338.0,8,6643.93,8.8232802124834,3128,4.154050464807437,16,344,753,126.0,187,0,0,Inactive Customers,0.004765996883429422,High,Low,31.664949673723243
17339.0,2,243.36,27.040000000000003,152,16.88888888888889,93,270,9,1.0,1,1,0,Inactive Customers,0.33298172204584864,Low,Medium,81.03443187707772
17340.0,11,12271.11,30.374034653465348,5821,14.408415841584159,29,336,404,173.0,121,0,2,High-Value Active Customers,0.00575707980247258,High,Low,70.6457595349193
17341.0,3,781.36,4.2697267759562845,489,2.6721311475409837,156,209,183,1.0,1,1,1,Inactive Customers,0.27954122006007465,Medium,Low,218.42232770613992
17343.0,1,176.69,11.043125,55,3.4375,354,0,16,0.0,1,1,1,Inactive Customers,0.7322115398211991,Low,High,129.37445697100767
17344.0,1,160.57,5.0178125,66,2.0625,45,0,32,0.0,1,0,0,Inactive Customers,0.7190659704166781,Low,High,115.460422869806
17345.0,4,520.79,6.055697674418604,345,4.011627906976744,14,181,86,1.0,78,0,0,Inactive Customers,0.3598333657531165,Medium,Medium,187.3976185505655
17346.0,15,2659.61,5.329879759519038,1656,3.3186372745490984,3,369,499,194.0,99,0,0,Inactive Customers,0.0110361533731404,High,Low,29.35186387273794
17348.0,5,1142.57,5.33911214953271,1400,6.542056074766355,14,283,214,226.0,21,0,0,Inactive Customers,0.04449364707027215,High,Low,50.837106333080854
17349.0,1,110.75,12.305555555555555,112,12.444444444444445,178,0,9,0.0,1,1,1,Inactive Customers,0.7289452864199912,Low,High,80.73069047101403
17350.0,4,1286.07,18.113661971830986,795,11.19718309859155,7,42,71,5.0,1,0,0,Inactive Customers,0.5879444731311657,High,Medium,756.1377485597983
17351.0,3,587.15,21.746296296296297,113,4.185185185185185,35,237,27,1.0,132,0,0,Inactive Customers,0.31957444628968856,Medium,Medium,187.63813613899063
17354.0,1,1393.06,87.06625,1006,62.875,50,0,16,0.0,1,0,0,Inactive Customers,0.6936609216492798,High,Medium,966.3112835127457
17356.0,1,178.22,9.38,166,8.736842105263158,311,0,19,0.0,1,1,1,Inactive Customers,0.7209301320293728,Low,High,128.48416813027484
17357.0,2,388.14,8.625333333333334,153,3.4,23,0,45,1.0,1,0,0,Inactive Customers,0.7064806702056055,Medium,High,274.2134073336037
17358.0,2,365.85,6.200847457627119,202,3.4237288135593222,302,52,59,1.0,1,1,1,Inactive Customers,0.6203348179400306,Medium,Medium,226.94949314336023
17359.0,1,127.86,8.524,161,10.733333333333333,10,0,15,0.0,1,0,0,Inactive Customers,0.7218487636247682,Low,High,92.29558291706287
17360.0,3,585.79,4.43780303030303,335,2.537878787878788,16,166,132,1.0,1,0,0,Inactive Customers,0.38156425133764343,Medium,Medium,223.51652279107813
17361.0,3,488.2,16.834482758620688,157,5.413793103448276,48,242,29,1.0,137,0,0,Inactive Customers,0.30388647549992986,Medium,Medium,148.35737733906575
17362.0,2,276.28,8.125882352941176,190,5.588235294117647,238,70,34,1.0,1,1,1,Inactive Customers,0.6123978891602608,Low,Medium,169.19328881719684
17364.0,11,4461.2300000000005,10.881048780487806,2700,6.585365853658536,0,330,410,126.0,136,0,0,Inactive Customers,0.019024696259538194,High,Low,84.87354569393959
17365.0,8,4717.81,10.124055793991417,4772,10.240343347639485,12,320,466,132.0,157,0,0,Inactive Customers,0.010370429669709927,High,Low,48.9257168000542
17367.0,1,168.4,4.952941176470588,150,4.411764705882353,237,0,34,0.0,1,1,1,Inactive Customers,0.7126038466858104,Low,High,120.00248778189048
17368.0,8,1912.67,17.231261261261263,1391,12.531531531531531,22,314,111,161.0,150,0,0,Inactive Customers,0.05661531546415994,High,Low,108.2864154288348
17370.0,4,446.18,13.520606060606061,540,16.363636363636363,72,96,33,77.0,11,0,0,Inactive Customers,0.43510282647830056,Medium,Medium,194.13417911808816
17371.0,3,423.89,4.872298850574713,152,1.7471264367816093,16,343,87,1.0,1,0,0,Inactive Customers,0.19495855524453098,Medium,Low,82.64098198260423
17372.0,8,1342.68,5.30703557312253,749,2.960474308300395,40,321,253,119.0,142,0,0,Inactive Customers,0.053424536709451936,High,Low,71.73205694904694
17373.0,4,646.92,11.349473684210526,408,7.157894736842105,39,272,57,178.0,31,0,0,Inactive Customers,0.1158884731351402,Medium,Low,74.97057104058489
17374.0,2,495.77,17.706071428571427,85,3.0357142857142856,218,62,28,1.0,1,1,1,Inactive Customers,0.6411897691965852,Medium,Medium,317.88265187459103
17375.0,3,400.1,5.798550724637681,367,5.318840579710145,198,162,69,1.0,112,1,1,Inactive Customers,0.3835709939121454,Medium,Medium,153.46675466424938
17376.0,2,203.2,8.466666666666667,86,3.5833333333333335,70,240,24,1.0,1,0,0,Inactive Customers,0.3651106410102626,Low,Medium,74.19048225328535
17377.0,20,4100.92,9.810813397129186,2076,4.966507177033493,23,349,418,283.0,51,0,2,High-Value Active Customers,0.009089184688321476,High,Low,37.27401927203131
17379.0,1,404.66,4.875421686746988,663,7.9879518072289155,10,0,83,0.0,1,0,0,Inactive Customers,0.6541743117410846,Medium,Medium,264.7181769891473
17381.0,16,3431.73,79.80767441860465,2481,57.69767441860465,23,284,43,69.0,193,0,2,High-Value Active Customers,0.10335766898398163,High,Low,354.6956133823993
17382.0,1,50.400000000000006,50.400000000000006,24,24.0,64,0,1,0.0,1,0,0,Inactive Customers,0.7557638060114663,Low,High,38.09049582297791
17383.0,1,199.29,3.9076470588235295,150,2.9411764705882355,3,0,51,0.0,1,0,0,Inactive Customers,0.702165436201451,Low,High,139.93454978058716
17384.0,2,336.4,22.426666666666666,88,5.866666666666666,18,199,15,1.0,1,0,0,Inactive Customers,0.44234178031950966,Low,Medium,148.80377489948305
17385.0,1,261.11,5.555531914893617,201,4.276595744680851,14,0,47,0.0,1,0,0,Inactive Customers,0.7021794221766552,Low,High,183.34606892454644
17386.0,6,1626.66,62.56384615384616,1198,46.07692307692308,7,157,26,52.0,91,0,0,Inactive Customers,0.32423718581138383,High,Medium,527.4236606719456
17387.0,2,784.11,10.052692307692308,542,6.948717948717949,19,13,78,1.0,1,0,0,Inactive Customers,0.6445780110200301,Medium,Medium,505.42006422091583
17388.0,2,151.18,13.743636363636364,58,5.2727272727272725,77,53,11,1.0,1,0,0,Inactive Customers,0.6652488738697468,Low,Medium,100.57232475162833
17389.0,33,25930.18,129.6509,5090,25.45,0,330,200,160.0,163,0,2,High-Value Active Customers,0.009574639753311555,High,Low,248.27213223852422
17391.0,1,101.76,101.76,96,96.0,163,0,1,0.0,1,1,1,Inactive Customers,0.7366382595766575,Low,High,74.96030929452067
17392.0,2,406.01,6.7668333333333335,318,5.3,306,51,60,1.0,1,1,1,Inactive Customers,0.6141684206557121,Medium,Medium,249.35852047042565
17394.0,1,48.349999999999994,16.116666666666664,25,8.333333333333334,218,0,3,0.0,1,1,1,Inactive Customers,0.7420623358933113,Low,High,35.87871394044159
17396.0,7,5613.6,255.16363636363639,1428,64.9090909090909,38,332,22,223.0,109,0,0,Inactive Customers,0.07850638914617003,High,Low,440.7034661109401
17397.0,2,679.46,7.466593406593407,253,2.78021978021978,21,0,91,1.0,1,0,0,Inactive Customers,0.6694882149019492,Medium,Medium,454.8904624972784
17398.0,3,653.38,17.19421052631579,310,8.157894736842104,114,140,38,1.0,95,1,0,Inactive Customers,0.4545679285472938,Medium,Medium,297.0055931542308
17400.0,5,2113.01,9.967028301886794,1096,5.169811320754717,125,226,212,99.0,126,1,0,Inactive Customers,0.10815207957139233,High,Low,228.52642565514773
17402.0,12,2598.85,44.807758620689654,700,12.068965517241379,4,364,58,202.0,107,0,0,Inactive Customers,0.051219730244384386,High,Low,133.11239594561835
17403.0,1,281.62,8.533939393939393,117,3.5454545454545454,35,0,33,0.0,1,0,0,Inactive Customers,0.7167625754758378,Low,High,201.85467650550544
17404.0,10,10600.06,117.77844444444443,4640,51.55555555555556,3,353,90,201.0,127,0,2,High-Value Active Customers,0.01779039706294519,High,Low,188.5792762910428
17405.0,3,1014.46,12.524197530864198,725,8.950617283950617,0,149,81,1.0,71,0,0,Inactive Customers,0.3913672066239794,Medium,Medium,397.0263764317622
17406.0,2,1587.62,14.700185185185184,780,7.222222222222222,332,33,108,1.0,1,1,1,Inactive Customers,0.5770883079710463,High,Medium,916.1969395009924
17408.0,1,32.65,16.325,3,1.5,162,0,2,0.0,1,1,1,Inactive Customers,0.7486620465380974,Low,High,24.44381581946888
17409.0,2,771.85,59.37307692307692,105,8.076923076923077,184,63,13,1.0,1,1,1,Inactive Customers,0.6761688624760713,Medium,Medium,521.9009365021557
17410.0,5,1180.82,18.7431746031746,614,9.746031746031745,15,199,63,119.0,42,0,0,Inactive Customers,0.21299210510898198,High,Low,251.5053375547881
17411.0,3,778.94,18.998536585365855,306,7.463414634146342,11,249,41,1.0,63,0,0,Inactive Customers,0.30640448118358415,Medium,Medium,238.67070657314105
17412.0,7,1258.06,19.061515151515152,738,11.181818181818182,2,369,66,68.0,193,0,0,Inactive Customers,0.08397994494385766,High,Low,105.65180953606956
17414.0,1,28.0,9.333333333333334,60,20.0,184,0,3,0.0,1,1,1,Inactive Customers,0.7274062244071356,Low,High,20.367374283399798
17415.0,1,287.89,23.99083333333333,111,9.25,79,0,12,0.0,1,0,0,Inactive Customers,0.7363769972189045,Low,High,211.9955737293504
17416.0,7,6893.42,25.626096654275095,4302,15.992565055762082,29,251,269,84.0,146,0,0,Inactive Customers,0.0386203087729545,High,Low,266.22600890166
17418.0,2,463.46000000000004,15.448666666666668,289,9.633333333333333,41,281,30,1.0,1,0,0,Inactive Customers,0.2933759607336228,Medium,Medium,135.96802276160486
17419.0,12,4141.57,20.202780487804876,1875,9.146341463414634,10,355,205,100.0,238,0,0,Inactive Customers,0.034915716664869034,High,Low,144.60588466772163
17420.0,3,546.98,19.535,262,9.357142857142858,49,323,28,1.0,120,0,0,Inactive Customers,0.2084282656185847,Medium,Low,114.00609272805347
17422.0,6,1923.21,16.579396551724138,2109,18.18103448275862,15,279,116,115.0,126,0,0,Inactive Customers,0.07860635308463647,High,Low,151.1765243159037
17423.0,2,698.41,26.861923076923077,459,17.653846153846153,45,171,26,1.0,1,0,0,Inactive Customers,0.4488062707765946,Medium,Medium,313.4507875730814
17425.0,2,759.1700000000001,17.65511627906977,407,9.465116279069768,18,41,43,1.0,1,0,0,Inactive Customers,0.6384595386347823,Medium,Medium,484.69932794536777
17426.0,6,4661.96,17.526165413533835,3080,11.578947368421053,7,274,266,106.0,83,0,0,Inactive Customers,0.045760669178032974,High,Low,213.3344092812226
17427.0,1,100.8,50.4,34,17.0,71,0,2,0.0,1,0,0,Inactive Customers,0.7593072014260495,Low,High,76.53816590374578
17428.0,28,16155.49,50.803427672955976,8525,26.80817610062893,0,368,318,190.0,177,0,2,High-Value Active Customers,0.0026396791892276893,High,Low,42.64531074477604
17429.0,3,524.9200000000001,13.459487179487182,624,16.0,127,90,39,1.0,56,1,0,Inactive Customers,0.5257603558944447,Medium,Medium,275.982126016112
17430.0,2,265.76,18.982857142857142,190,13.571428571428571,32,332,14,1.0,1,0,0,Inactive Customers,0.24480930279021607,Low,Low,65.06052030952782
17431.0,1,403.3,9.37906976744186,292,6.790697674418604,312,0,43,0.0,1,1,1,Inactive Customers,0.700500063150176,Medium,High,282.51167546846597
17432.0,2,365.76,7.62,207,4.3125,17,19,48,1.0,1,0,0,Inactive Customers,0.6754503580135941,Medium,Medium,247.05272294705216
17433.0,1,303.16,5.614074074074074,185,3.425925925925926,87,0,54,0.0,1,0,0,Inactive Customers,0.6987482088449608,Low,High,211.83250699343833
17434.0,7,2373.82,17.715074626865672,1693,12.634328358208956,1,82,134,48.0,20,0,0,Inactive Customers,0.354907332661305,High,Medium,842.486124418059
17436.0,2,216.3,24.033333333333335,90,10.0,1,225,9,1.0,1,0,0,Inactive Customers,0.4055799392979493,Low,Medium,87.72694087014644
17438.0,1,388.45000000000005,22.85,103,6.0588235294117645,253,0,17,0.0,1,1,1,Inactive Customers,0.73437598500192,Medium,High,285.26835137399587
17440.0,3,186.42000000000002,37.284000000000006,246,49.2,156,90,5,1.0,90,1,1,Inactive Customers,0.5482664352669009,Low,Medium,102.20782886245567
17442.0,6,2216.66,16.542238805970147,1494,11.149253731343284,36,253,134,126.0,84,0,0,Inactive Customers,0.09903014880536047,High,Low,219.51616965089033
17444.0,2,2328.62,17.50842105263158,1830,13.759398496240602,151,21,133,1.0,1,1,1,Inactive Customers,0.5146465628365724,High,Medium,1198.416279152499
17446.0,2,120.89999999999999,13.433333333333332,198,22.0,176,133,9,1.0,1,1,1,Inactive Customers,0.5243223239921854,Low,Medium,63.39056897065521
17447.0,2,541.53,15.042499999999999,443,12.305555555555555,39,31,36,1.0,1,0,0,Inactive Customers,0.6537997685751822,Medium,Medium,354.05218867651837
17449.0,7,2504.21,9.07322463768116,1121,4.061594202898551,1,357,276,125.0,92,0,0,Inactive Customers,0.03783263268022955,High,Low,94.74085708415764
17450.0,32,26157.08,141.38962162162164,7710,41.67567567567568,7,359,185,272.0,72,0,2,High-Value Active Customers,0.0029866110196367364,High,Low,78.12102336951969
17451.0,7,1721.4,17.214000000000002,1203,12.03,0,104,100,49.0,14,0,0,Inactive Customers,0.37677850544260144,High,Medium,648.5865192688941
17453.0,2,486.72,25.61684210526316,219,11.526315789473685,17,46,19,1.0,1,0,0,Inactive Customers,0.6636790434422885,Medium,Medium,323.02586402423066
17454.0,4,517.53,8.484098360655738,243,3.9836065573770494,191,167,61,60.0,41,1,1,Inactive Customers,0.3397225753235447,Medium,Medium,175.8166244071941
17455.0,1,131.7,16.4625,66,8.25,203,0,8,0.0,1,1,1,Inactive Customers,0.7371952630875291,Low,High,97.08861614862758
17456.0,1,249.86,14.69764705882353,222,13.058823529411764,364,0,17,0.0,1,1,1,Inactive Customers,0.7198888838559059,Low,High,179.87143652023664
17457.0,4,1370.5,76.13888888888889,682,37.888888888888886,126,212,18,30.0,125,1,0,Inactive Customers,0.30959402119172386,High,Medium,424.29860604325756
17458.0,1,316.5,5.861111111111111,170,3.1481481481481484,14,0,54,0.0,1,0,0,Inactive Customers,0.6996367455237431,Low,High,221.4350299582647
17459.0,2,657.3,5.921621621621621,537,4.837837837837838,42,16,111,1.0,1,0,0,Inactive Customers,0.61724459184806,Medium,Medium,405.7148702217298
17460.0,6,622.4300000000001,21.463103448275863,236,8.137931034482758,93,278,29,54.0,173,1,0,Inactive Customers,0.19147409555520128,Medium,Low,119.17922129642395
17461.0,3,757.46,6.823963963963965,799,7.198198198198198,22,6,111,1.0,1,0,0,Inactive Customers,0.6183606121315175,Medium,Medium,468.3834292651393
17462.0,2,675.69,25.025555555555556,227,8.407407407407407,59,223,27,1.0,1,0,0,Inactive Customers,0.3864410659620498,Medium,Medium,261.1143638598974
17463.0,5,1879.76,8.78392523364486,1094,5.11214953271028,15,296,214,79.0,159,0,0,Inactive Customers,0.07640670784254001,High,Low,143.62627313409303
17464.0,1,248.20000000000002,31.025000000000002,76,9.5,157,0,8,0.0,1,1,1,Inactive Customers,0.7451346732950231,Low,High,184.94242591182476
17466.0,2,738.33,18.45825,305,7.625,9,68,40,1.0,1,0,0,Inactive Customers,0.6077614577777747,Medium,Medium,448.7285171210644
17468.0,2,137.0,27.4,116,23.2,9,4,5,1.0,1,0,0,Inactive Customers,0.7282062055221888,Low,High,99.76425015653987
17469.0,5,1870.97,21.261022727272728,787,8.943181818181818,15,188,88,47.0,92,0,0,Inactive Customers,0.2624372525797088,High,Low,491.0122264590578
17470.0,5,1125.07,14.423974358974359,1675,21.474358974358974,44,323,78,119.0,173,0,0,Inactive Customers,0.06688176198638271,High,Low,75.2466639580196
17472.0,3,710.29,3.9242541436464085,462,2.552486187845304,190,108,181,1.0,96,1,1,Inactive Customers,0.3850533862527593,Medium,Medium,273.49956972147237
17475.0,1,194.37,13.883571428571429,178,12.714285714285714,78,0,14,0.0,1,0,0,Inactive Customers,0.7235933435791799,Low,High,140.6448381914852
17480.0,1,511.82,17.64896551724138,338,11.655172413793103,77,0,29,0.0,1,0,0,Inactive Customers,0.7087376678351386,Medium,High,362.7461131513806
17481.0,4,1255.59,15.312073170731706,1061,12.939024390243903,3,90,82,57.0,12,0,0,Inactive Customers,0.40768606478721403,High,Medium,511.88654608617804
17483.0,3,414.04,19.716190476190476,191,9.095238095238095,64,117,21,1.0,68,0,0,Inactive Customers,0.5257348862024637,Medium,Medium,217.67527228326807
17486.0,1,396.87,16.53625,191,7.958333333333333,260,0,24,0.0,1,1,1,Inactive Customers,0.7207378716577744,Medium,High,286.03923912482094
17489.0,2,376.64,12.987586206896552,428,14.758620689655173,58,153,29,1.0,1,0,0,Inactive Customers,0.4701786983952491,Medium,Medium,177.08810496358663
17490.0,7,2092.32,27.530526315789476,1134,14.921052631578947,0,175,76,103.0,63,0,0,Inactive Customers,0.22019093774277068,High,Low,460.709902857954
17491.0,10,3185.79,30.340857142857143,1721,16.39047619047619,0,366,105,234.0,94,0,0,Inactive Customers,0.028253008253896237,High,Low,90.0081511651801
17492.0,1,374.57,31.214166666666667,155,12.916666666666666,247,0,12,0.0,1,1,1,Inactive Customers,0.736374096681379,Medium,High,275.8236453939441
17495.0,2,497.56,18.42814814814815,229,8.481481481481481,7,31,27,1.0,1,0,0,Inactive Customers,0.6755016827084376,Medium,Medium,336.1026172484102
17496.0,1,251.10000000000002,27.900000000000002,78,8.666666666666666,358,0,9,0.0,1,1,1,Inactive Customers,0.7428752593358179,Low,High,186.5359776192239
17498.0,1,272.21999999999997,16.012941176470587,394,23.176470588235293,75,0,17,0.0,1,0,0,Inactive Customers,0.7059724227980563,Low,High,192.17981293408687
17499.0,1,622.88,15.572,711,17.775,289,0,40,0.0,1,1,1,Inactive Customers,0.6787425433555871,Medium,Medium,422.7751554053281
17500.0,1,33.0,16.5,4,2.0,29,0,2,0.0,1,0,0,Inactive Customers,0.7483857126194826,Low,High,24.696728516442928
17501.0,2,288.6,16.033333333333335,160,8.88888888888889,220,0,18,1.0,1,1,1,Inactive Customers,0.724867807417876,Low,High,209.19684922079904
17502.0,4,689.1,24.610714285714288,376,13.428571428571429,8,19,28,10.0,7,0,0,Inactive Customers,0.6712524784019418,Medium,Medium,462.5600828667781
17503.0,2,558.96,14.709473684210527,486,12.789473684210526,2,35,38,1.0,1,0,0,Inactive Customers,0.6439028536496091,Medium,Medium,359.91593907598553
17504.0,9,2963.13,23.51690476190476,1662,13.19047619047619,205,116,126,104.0,2,1,1,Inactive Customers,0.2529199344840501,High,Low,749.4346454677234
17505.0,2,1145.8400000000001,22.03538461538462,556,10.692307692307692,161,44,52,1.0,1,1,1,Inactive Customers,0.6193728758288081,High,Medium,709.7022160396815
17506.0,1,302.2,21.585714285714285,139,9.928571428571429,75,0,14,0.0,1,0,0,Inactive Customers,0.7317850259784073,Low,High,221.1454348506747
17507.0,2,605.58,6.881590909090909,359,4.079545454545454,261,47,88,1.0,1,1,1,Inactive Customers,0.5972761765855954,Medium,Medium,361.69850701670487
17508.0,1,387.31,17.605,289,13.136363636363637,280,0,22,0.0,1,1,1,Inactive Customers,0.7150070091771179,Medium,High,276.92936472438953
17509.0,8,6115.14,16.708032786885248,3534,9.655737704918034,57,5,366,1.0,5,0,0,Inactive Customers,0.2639327834404097,High,Low,1613.985921327787
17510.0,1,308.48,15.424000000000001,214,10.7,24,0,20,0.0,1,0,0,Inactive Customers,0.7201764586922559,Low,High,222.16003397738712
17511.0,30,73056.39,86.04992932862191,43048,50.70435806831566,2,370,849,154.0,203,0,3,High-Value Active Customers,5.3193550334256276e-08,High,Low,0.003886128758704057
17512.0,9,2073.9500000000003,21.83105263157895,1265,13.31578947368421,28,272,95,82.0,171,0,0,Inactive Customers,0.11507965281105793,High,Low,238.66944594749364
17513.0,1,513.2,85.53333333333335,254,42.333333333333336,71,0,6,0.0,1,0,0,Inactive Customers,0.7516868815961795,Medium,High,385.76570763515934
17514.0,1,208.65,5.2162500000000005,135,3.375,127,0,40,0.0,1,1,0,Inactive Customers,0.7101368662923081,Low,High,148.1700571518901
17515.0,4,639.02,7.345057471264368,243,2.793103448275862,30,286,87,50.0,175,0,0,Inactive Customers,0.1566469826282821,Medium,Low,100.10055483912483
17516.0,5,728.18,5.393925925925926,414,3.066666666666667,14,270,135,1.0,202,0,0,Inactive Customers,0.17817190260418753,Medium,Low,129.74121603831728
17517.0,1,153.94,13.994545454545454,102,9.272727272727273,308,0,11,0.0,1,1,1,Inactive Customers,0.7313462364570862,Low,High,112.58343964020385
17519.0,6,1844.02,22.488048780487805,1236,15.073170731707316,16,351,82,161.0,156,0,0,Inactive Customers,0.050511046401667134,High,Low,93.14337978560222
17520.0,1,514.91,17.75551724137931,363,12.517241379310345,53,0,29,0.0,1,0,0,Inactive Customers,0.7071097804943943,Medium,High,364.0978970743686
17521.0,3,723.21,16.071333333333335,519,11.533333333333333,29,169,45,1.0,35,0,0,Inactive Customers,0.4163311683300996,Medium,Medium,301.09486424801133
17522.0,5,1070.71,14.667260273972603,1034,14.164383561643836,1,216,73,11.0,181,0,0,Inactive Customers,0.23715269693481525,Medium,Low,253.92176413507605
17523.0,2,263.43,9.408214285714285,143,5.107142857142857,10,7,28,1.0,1,0,0,Inactive Customers,0.7087261944760567,Low,High,186.6997414108276
17524.0,1,145.0,24.166666666666668,90,15.0,360,0,6,0.0,1,1,1,Inactive Customers,0.7378537244589042,Low,High,106.98879004654111
17525.0,1,422.7,46.96666666666667,82,9.11111111111111,359,0,9,0.0,1,1,1,Inactive Customers,0.7540871817610879,Medium,High,318.75265173041186
17526.0,4,1195.8999999999999,62.942105263157885,310,16.31578947368421,4,360,19,4.0,286,0,0,Inactive Customers,0.14618441367066667,High,Low,174.82194030875024
17527.0,4,939.37,19.98659574468085,488,10.382978723404255,53,164,47,108.0,27,0,0,Inactive Customers,0.28682029318116914,Medium,Low,269.43037880559484
17528.0,8,3174.9,12.958775510204083,2114,8.628571428571428,0,70,245,21.0,41,0,0,Inactive Customers,0.2991139890791303,High,Medium,949.6570039273307
17530.0,10,2308.15,5.903196930946292,1523,3.895140664961637,0,363,391,138.0,205,0,0,Inactive Customers,0.018528775587331354,High,Low,42.76719337189887
17531.0,1,296.7,21.192857142857143,136,9.714285714285714,189,0,14,0.0,1,1,1,Inactive Customers,0.7318267882553524,Low,High,217.13300807536305
17534.0,1,223.36,24.817777777777778,103,11.444444444444445,53,0,9,0.0,1,0,0,Inactive Customers,0.737986781968116,Low,High,164.8367276203984
17535.0,1,164.4,12.646153846153847,136,10.461538461538462,279,0,13,0.0,1,1,1,Inactive Customers,0.7268940033122222,Low,High,119.50137414452934
17536.0,1,76.5,25.5,6,2.0,176,0,3,0.0,1,1,1,Inactive Customers,0.7535703922174398,Low,High,57.64813500463415
17537.0,2,897.62,11.968266666666667,700,9.333333333333334,29,273,75,1.0,1,0,0,Inactive Customers,0.25447457390433387,Medium,Low,228.42146702800818
17538.0,1,98.42,10.935555555555556,134,14.88888888888889,25,0,9,0.0,1,0,0,Inactive Customers,0.7253708732239772,Low,High,71.39100134270383
17540.0,2,578.9,23.156,194,7.76,24,291,25,1.0,1,0,0,Inactive Customers,0.2934048944685215,Medium,Medium,169.8520934078271
17542.0,1,170.75,6.83,134,5.36,269,0,25,0.0,1,1,1,Inactive Customers,0.7193400956900953,Low,High,122.82732133908377
17545.0,3,645.96,4.454896551724138,341,2.3517241379310345,42,0,145,1.0,1,0,0,Inactive Customers,0.6277991930201319,Medium,Medium,405.5331667232844
17548.0,1,103.3,20.66,58,11.6,233,0,5,0.0,1,1,1,Inactive Customers,0.7400131799037589,Low,High,76.4433614840583
17549.0,2,148.86,24.810000000000002,210,35.0,23,27,6,1.0,1,0,0,Inactive Customers,0.6822575633569455,Low,Medium,101.56086088131492
17550.0,3,267.16,6.360952380952382,86,2.0476190476190474,196,45,42,1.0,1,1,1,Inactive Customers,0.6505941866777593,Low,Medium,173.81274291283017
17551.0,1,306.84,7.1358139534883716,150,3.488372093023256,358,0,43,0.0,1,1,1,Inactive Customers,0.7080856607440903,Low,High,217.26900414271665
17552.0,4,930.41,18.987959183673468,719,14.673469387755102,59,311,49,1.0,10,0,0,Inactive Customers,0.2230958347240354,Medium,Low,207.57059558558979
17553.0,1,237.6,237.6,48,48.0,129,0,1,0.0,1,1,0,Inactive Customers,0.8474877935991216,Low,High,201.36309975915128
17554.0,5,1753.45,20.628823529411765,1213,14.270588235294118,0,146,85,25.0,57,0,0,Inactive Customers,0.3395285543514632,High,Medium,595.3463436275731
17555.0,2,483.26,4.559056603773585,349,3.292452830188679,19,314,106,1.0,1,0,0,Inactive Customers,0.2070989628470374,Medium,Low,100.0826447854593
17556.0,1,157.9,26.316666666666666,101,16.833333333333332,205,0,6,0.0,1,1,1,Inactive Customers,0.7375055349392087,Low,High,116.45212396690106
17557.0,3,541.46,15.92529411764706,306,9.0,13,66,34,1.0,29,0,0,Inactive Customers,0.6022986136155389,Medium,Medium,326.1206073282697
17560.0,4,854.95,32.88269230769231,635,24.423076923076923,94,215,26,106.0,60,1,0,Inactive Customers,0.22294133263394217,Medium,Low,190.60369233538887
17561.0,1,167.62,3.643913043478261,146,3.1739130434782608,18,0,46,0.0,1,0,0,Inactive Customers,0.7053661405090617,Low,High,118.23347247212892
17562.0,7,1122.38,17.81555555555556,817,12.968253968253968,13,159,63,52.0,95,0,0,Inactive Customers,0.309438991680514,High,Medium,347.3081354823753
17564.0,3,454.01,9.265510204081632,146,2.979591836734694,23,55,49,1.0,20,0,0,Inactive Customers,0.6200239971580885,Medium,Medium,281.49709494974377
17566.0,2,901.21,5.929013157894737,518,3.4078947368421053,7,17,152,1.0,1,0,0,Inactive Customers,0.5858113486071148,Medium,Medium,527.939045478218
17567.0,8,4099.48,24.99682926829268,2472,15.073170731707316,6,365,164,138.0,141,0,0,Inactive Customers,0.031155712247898083,High,Low,127.72221924601322
17569.0,1,344.14,11.866896551724137,159,5.482758620689655,331,0,29,0.0,1,1,1,Inactive Customers,0.717917946086116,Low,High,247.06428196607595
17571.0,4,1481.86,4.9726845637583885,904,3.033557046979866,49,248,298,20.0,95,0,0,Inactive Customers,0.12689490250029956,High,Low,188.0404802190939
17572.0,4,226.75000000000003,18.895833333333336,95,7.916666666666667,70,302,12,134.0,28,0,0,Inactive Customers,0.15229638255291927,Low,Low,34.53320474387445
17573.0,3,380.6,15.224,308,12.32,28,64,25,1.0,55,0,0,Inactive Customers,0.5985452682726667,Medium,Medium,227.80632910457697
17574.0,1,185.65,23.20625,77,9.625,242,0,8,0.0,1,1,1,Inactive Customers,0.7400725617878888,Low,High,137.39447109592157
17576.0,19,3588.78,8.774523227383863,1992,4.87041564792176,7,357,409,150.0,175,0,2,High-Value Active Customers,0.0159473263347462,High,Low,57.23144580361048
17578.0,1,143.45999999999998,28.691999999999997,138,27.6,217,0,5,0.0,1,1,1,Inactive Customers,0.7305365839652613,Low,High,104.80277833565637
17579.0,3,448.90000000000003,8.978000000000002,258,5.16,4,174,50,1.0,133,0,0,Inactive Customers,0.37739052365976905,Medium,Medium,169.41060607087033
17580.0,3,215.72,4.793777777777778,88,1.9555555555555555,252,105,45,1.0,59,1,1,Inactive Customers,0.5312665135001875,Low,Medium,114.60481229226045
17581.0,24,10621.14,24.30466819221968,5923,13.553775743707094,0,371,437,194.0,157,0,2,High-Value Active Customers,0.003747505976662576,High,Low,39.80278562896995
17582.0,1,175.27,6.043793103448277,123,4.241379310344827,235,0,29,0.0,1,1,1,Inactive Customers,0.7175887862565783,Low,High,125.77178656719049
17584.0,2,1242.3,35.494285714285716,458,13.085714285714285,6,120,35,1.0,1,0,0,Inactive Customers,0.5281443150616164,High,Medium,656.1136826010461
17585.0,4,1133.07,5.294719626168224,1671,7.808411214953271,108,228,214,75.0,61,1,0,Inactive Customers,0.12317689980965699,High,Low,139.56804986732803
17588.0,3,1188.0,54.0,496,22.545454545454547,99,132,22,1.0,71,1,0,Inactive Customers,0.49469083193971625,High,Medium,587.6927083443829
17589.0,4,2368.22,9.397698412698412,1630,6.468253968253968,59,180,252,53.0,90,0,0,Inactive Customers,0.15088309251598886,High,Low,357.3243573582151
17590.0,3,1447.27,7.272713567839196,826,4.150753768844221,1,37,199,1.0,14,0,0,Inactive Customers,0.49390591778034093,High,Medium,714.815217625954
17591.0,7,2225.9700000000003,13.409457831325303,1009,6.078313253012048,72,293,166,68.0,193,0,0,Inactive Customers,0.09041887271127168,High,Low,201.26969808910943
17593.0,5,3927.34,18.438215962441316,3101,14.55868544600939,3,349,213,186.0,141,0,0,Inactive Customers,0.019668592016392553,High,Low,77.24524816965913
17594.0,2,993.1800000000001,19.8636,550,11.0,84,169,50,1.0,1,0,0,Inactive Customers,0.42634914210939046,Medium,Medium,423.44144096020443
17595.0,2,388.79,4.68421686746988,229,2.7590361445783134,11,24,83,1.0,1,0,0,Inactive Customers,0.6426199406993753,Medium,Medium,249.84420674451016
17596.0,7,2516.44,9.568212927756655,3239,12.315589353612168,22,345,263,177.0,113,0,0,Inactive Customers,0.019726939511073547,High,Low,49.64165966324592
17597.0,1,1943.94,36.67811320754717,887,16.735849056603772,213,0,53,0.0,1,1,1,Inactive Customers,0.6666622720000093,High,Medium,1295.951457031698
17600.0,1,145.02,12.085,143,11.916666666666666,17,0,12,0.0,1,0,0,Inactive Customers,0.725891523439551,Low,High,105.26878872920369
17601.0,1,116.00999999999999,12.889999999999999,103,11.444444444444445,238,0,9,0.0,1,1,1,Inactive Customers,0.7304144629407141,Low,High,84.73538184575224
17602.0,6,5102.97,9.11244642857143,4151,7.4125,1,321,560,199.0,82,0,0,Inactive Customers,0.006690842452209101,High,Low,34.14316830834947
17603.0,1,144.72,14.472,72,7.2,77,0,10,0.0,1,0,0,Inactive Customers,0.7350395277325837,Low,High,106.37492045345952
17604.0,2,309.36,4.91047619047619,169,2.6825396825396823,216,94,63,1.0,1,1,1,Inactive Customers,0.5550572367903797,Low,Medium,171.71250677347186
17608.0,2,193.42,3.2783050847457624,232,3.9322033898305087,32,0,59,1.0,1,0,0,Inactive Customers,0.6918968984636666,Low,Medium,133.8266981008424
17609.0,5,1078.32,4.569152542372881,721,3.055084745762712,40,286,236,25.0,32,0,0,Inactive Customers,0.13675491404045015,Medium,Low,147.4655589080982
17611.0,15,3984.22,6.9170486111111105,2560,4.444444444444445,6,353,576,192.0,147,0,2,High-Value Active Customers,0.007125966427001512,High,Low,28.391417957787965
17612.0,6,2048.45,15.173703703703703,1808,13.392592592592592,52,244,135,149.0,59,0,0,Inactive Customers,0.09026158057751607,High,Low,184.89633473401278
17613.0,14,4559.150000000001,14.612660256410258,2496,8.0,22,282,312,111.0,146,0,2,High-Value Active Customers,0.03819704033308576,High,Low,174.14603643458798
17614.0,1,390.07,3.9007,238,2.38,56,0,100,0.0,1,0,0,Inactive Customers,0.6653913691412977,Medium,Medium,259.549211360946
17615.0,3,329.6,23.542857142857144,140,10.0,129,91,14,1.0,73,1,0,Inactive Customers,0.575306156871975,Low,Medium,189.62090930500295
17616.0,2,244.79999999999998,122.39999999999999,96,48.0,173,81,2,1.0,1,1,1,Inactive Customers,0.6820354844450166,Low,Medium,166.96228659214006
17618.0,3,851.73,11.206973684210526,328,4.315789473684211,5,356,76,1.0,242,0,0,Inactive Customers,0.12492043899756294,Medium,Low,106.39848550739428
17619.0,1,218.52,2.837922077922078,127,1.6493506493506493,311,0,77,0.0,1,1,1,Inactive Customers,0.6866723999680306,Low,Medium,150.05165284101406
17620.0,1,81.44,20.36,60,15.0,59,0,4,0.0,1,0,0,Inactive Customers,0.7380079519841367,Low,High,60.10336760958809
17621.0,3,1379.9,53.073076923076925,514,19.76923076923077,20,333,26,1.0,291,0,0,Inactive Customers,0.1535016646929308,High,Low,211.81694710977524
17623.0,1,527.05,15.971212121212119,265,8.030303030303031,32,0,33,0.0,1,0,0,Inactive Customers,0.7106057478494954,Medium,High,374.5247594040765
17624.0,2,843.48,16.869600000000002,554,11.08,14,203,50,1.0,1,0,0,Inactive Customers,0.37373053189336486,Medium,Medium,315.2342290414154
17625.0,4,2047.0,6.498412698412698,1198,3.803174603174603,17,239,315,117.0,33,0,0,Inactive Customers,0.07851092244772227,High,Low,160.7118582504875
17628.0,1,75.75,15.15,79,15.8,80,0,5,0.0,1,0,0,Inactive Customers,0.7324321244110134,Low,High,55.48173342413426
17629.0,8,1765.22,14.710166666666668,1626,13.55,5,354,120,188.0,114,0,0,Inactive Customers,0.037775092572077264,High,Low,66.68134891008224
17630.0,2,431.75,17.989583333333332,155,6.458333333333333,169,62,24,1.0,1,1,1,Inactive Customers,0.6387705055633075,Medium,Medium,275.789165776958
17631.0,3,511.38,13.457368421052632,333,8.763157894736842,1,230,38,1.0,135,0,0,Inactive Customers,0.30223461054915196,Medium,Medium,154.55673514262534
17633.0,4,1324.84,18.92628571428571,644,9.2,30,88,70,17.0,40,0,0,Inactive Customers,0.49111435513138924,High,Medium,650.6479422522697
17634.0,9,2361.9700000000003,7.952760942760944,840,2.8282828282828283,35,301,297,123.0,176,0,0,Inactive Customers,0.04658645679875507,High,Low,110.03581336495552
17636.0,1,285.56,14.278,182,9.1,18,0,20,0.0,1,0,0,Inactive Customers,0.7220188003807313,Low,High,206.17968863672164
17637.0,2,547.0600000000001,15.630285714285716,280,8.0,30,83,35,1.0,1,0,0,Inactive Customers,0.589129450053339,Medium,Medium,322.2891569461797
17639.0,1,108.5,15.5,49,7.0,275,0,7,0.0,1,1,1,Inactive Customers,0.7388577916609197,Low,High,80.16607039520979
17640.0,1,621.66,124.332,250,50.0,86,0,5,0.0,1,0,0,Inactive Customers,0.7720751877774348,Medium,High,479.96826123372006
17642.0,2,712.29,17.80725,474,11.85,119,56,40,1.0,1,1,0,Inactive Customers,0.6139017722383449,Medium,Medium,437.27609334765066
17643.0,1,101.55,12.69375,71,8.875,372,0,8,0.0,1,1,1,Inactive Customers,0.7341248710048747,Low,High,74.55038065054502
17644.0,11,2895.64,18.443566878980892,1793,11.420382165605096,0,259,157,111.0,147,0,0,Inactive Customers,0.08230527907405157,High,Low,238.32645829798668
17646.0,3,1008.39,19.77235294117647,323,6.333333333333333,218,145,51,1.0,62,1,1,Inactive Customers,0.45121082697443854,Medium,Medium,454.9964858127541
17647.0,1,116.11,19.351666666666667,29,4.833333333333333,64,0,6,0.0,1,0,0,Inactive Customers,0.7444020865274178,Low,High,86.43252626669847
17648.0,4,1797.5,19.752747252747252,487,5.351648351648351,60,188,91,57.0,131,0,0,Inactive Customers,0.24876877750586662,High,Low,447.1618775667952
17649.0,1,851.54,16.696862745098038,398,7.803921568627451,137,0,51,0.0,1,1,0,Inactive Customers,0.6914247874380881,Medium,Medium,588.7758634950295
17650.0,1,166.07999999999998,20.759999999999998,150,18.75,20,0,8,0.0,1,0,0,Inactive Customers,0.7289727815172891,Low,High,121.06779955439136
17651.0,10,3945.0,17.004310344827587,3112,13.413793103448276,11,165,232,97.0,52,0,0,Inactive Customers,0.10831491552502966,High,Low,427.302341746242
17652.0,12,4805.77,18.8461568627451,2505,9.823529411764707,24,255,255,136.0,58,0,0,Inactive Customers,0.05297304842252356,High,Low,254.57628691751108
17653.0,3,653.12,17.651891891891893,352,9.513513513513514,37,82,37,1.0,61,0,0,Inactive Customers,0.5589895423155724,Medium,Medium,365.08724987714663
17654.0,1,117.55,5.343181818181818,41,1.8636363636363635,276,0,22,0.0,1,1,1,Inactive Customers,0.7268141538285652,Low,High,85.43700378254783
17655.0,7,2563.04,28.79820224719101,1114,12.51685393258427,10,355,89,81.0,199,0,0,Inactive Customers,0.07161479255332204,High,Low,183.5515779058665
17656.0,5,1674.69,20.423048780487804,1399,17.0609756097561,72,55,82,14.0,32,0,0,Inactive Customers,0.49615536713718184,High,Medium,830.9064317909671
17658.0,2,595.42,31.337894736842102,616,32.421052631578945,25,185,19,1.0,1,0,0,Inactive Customers,0.4162768670483908,Medium,Medium,247.85957217795283
17659.0,12,2892.01,18.779285714285717,1520,9.87012987012987,16,354,154,202.0,110,0,0,Inactive Customers,0.032046372224172476,High,Low,92.67842893602905
17660.0,1,196.0,4.355555555555555,130,2.888888888888889,140,0,45,0.0,1,1,0,Inactive Customers,0.7071116147158288,Low,High,138.59387648430246
17663.0,7,1726.01,20.547738095238095,795,9.464285714285714,25,261,84,88.0,128,0,0,Inactive Customers,0.14396633741080603,High,Low,248.4873380344253
17664.0,2,604.64,14.061395348837209,604,14.046511627906977,18,193,43,1.0,1,0,0,Inactive Customers,0.3888781832136304,Medium,Medium,235.13130469828945
17666.0,2,728.16,40.45333333333333,596,33.111111111111114,3,61,18,1.0,1,0,0,Inactive Customers,0.6168055322997597,Medium,Medium,449.133116399393
17667.0,5,2055.51,17.71991379310345,1033,8.905172413793103,65,232,116,87.0,144,0,0,Inactive Customers,0.14256869429441887,High,Low,293.051376809121
17668.0,2,347.75,23.183333333333334,93,6.2,0,36,15,1.0,1,0,0,Inactive Customers,0.6893673431870636,Low,Medium,239.72749359330138
17669.0,7,3406.7200000000003,50.09882352941177,1916,28.176470588235293,42,206,68,39.0,127,0,0,Inactive Customers,0.20460963799649004,High,Low,697.0477459554025
17670.0,1,205.7,18.7,110,10.0,227,0,11,0.0,1,1,1,Inactive Customers,0.73341160207536,Low,High,150.86276654690155
17671.0,4,1340.71,25.782884615384617,612,11.76923076923077,15,349,52,154.0,142,0,0,Inactive Customers,0.06908748717785272,High,Low,92.62628493421893
17672.0,2,3127.32,28.956666666666667,1687,15.62037037037037,49,259,108,1.0,1,0,0,Inactive Customers,0.20670720641408985,High,Low,646.4395807629115
17673.0,6,1629.12,7.176740088105727,1487,6.5506607929515415,1,318,227,133.0,160,0,0,Inactive Customers,0.04469160281187541,High,Low,72.80798397288247
17674.0,2,398.40000000000003,15.323076923076924,528,20.307692307692307,73,294,26,1.0,1,0,0,Inactive Customers,0.262436121054568,Medium,Low,104.55455062813989
17675.0,31,20257.58,28.898116975748934,8353,11.91583452211127,0,366,701,204.0,149,0,2,High-Value Active Customers,0.0006914153887297267,High,Low,14.006402550423537
17676.0,6,1387.68,17.790769230769232,932,11.948717948717949,3,362,78,240.0,105,0,0,Inactive Customers,0.03596925314562391,High,Low,49.91381320511939
17677.0,29,16261.53,54.56889261744967,9769,32.781879194630875,1,367,298,226.0,140,0,2,High-Value Active Customers,0.0018978772629035768,High,Low,30.862388047024403
17678.0,1,298.11,18.631875,207,12.9375,263,0,16,0.0,1,1,1,Inactive Customers,0.7236086648945779,Low,High,215.71497909172263
17679.0,2,1952.16,67.31586206896552,728,25.103448275862068,52,32,29,1.0,1,0,0,Inactive Customers,0.6617503557469787,High,Medium,1291.842574475022
17680.0,1,184.4,16.763636363636365,96,8.727272727272727,23,0,11,0.0,1,0,0,Inactive Customers,0.7336930369999074,Low,High,135.29299602278292
17682.0,6,2458.38,21.011794871794873,1366,11.675213675213675,9,358,117,175.0,133,0,0,Inactive Customers,0.040299661171851096,High,Low,99.07188103165531
17684.0,1,239.41,15.960666666666667,145,9.666666666666666,43,0,15,0.0,1,0,0,Inactive Customers,0.7276716541241526,Low,High,174.21187071386336
17685.0,7,3191.53,24.550230769230772,1956,15.046153846153846,16,355,130,42.0,291,0,0,Inactive Customers,0.0551780689712996,High,Low,176.10246246397182
17686.0,7,5705.56,20.09,2476,8.71830985915493,6,295,284,102.0,193,0,0,Inactive Customers,0.03520837173772589,High,Low,200.88347745189935
17690.0,15,4173.2,16.82741935483871,1764,7.112903225806452,29,342,248,126.0,170,0,2,High-Value Active Customers,0.033201923891193884,High,Low,138.55826878273032
17691.0,2,290.40000000000003,15.28421052631579,134,7.052631578947368,357,10,19,1.0,1,1,1,Inactive Customers,0.7133696886629257,Low,High,207.16255758771365
17692.0,4,740.94,16.10739130434783,672,14.608695652173912,126,232,46,53.0,99,1,0,Inactive Customers,0.23140658416044,Medium,Low,171.45839446783643
17693.0,1,200.47,12.529375,231,14.4375,136,0,16,0.0,1,1,0,Inactive Customers,0.7179456224902192,Low,High,143.92655894061426
17694.0,1,283.12,18.874666666666666,184,12.266666666666667,141,0,15,0.0,1,1,1,Inactive Customers,0.7259233321632519,Low,High,205.52341380205988
17695.0,2,765.34,21.866857142857143,779,22.257142857142856,131,39,35,1.0,1,1,0,Inactive Customers,0.6224016142655149,Medium,Medium,476.34885146196916
17696.0,8,2285.71,19.875739130434784,1756,15.269565217391305,37,326,115,178.0,116,0,0,Inactive Customers,0.046155066651784545,High,Low,105.49709739665045
17697.0,1,338.95,17.839473684210525,93,4.894736842105263,235,0,19,0.0,1,1,1,Inactive Customers,0.7313050798644686,Low,High,247.8758568200616
17698.0,1,154.95,19.36875,93,11.625,260,0,8,0.0,1,1,1,Inactive Customers,0.7355504008304872,Low,High,113.97353460868398
17700.0,4,2517.69,17.85595744680851,1265,8.97163120567376,16,264,141,67.0,78,0,0,Inactive Customers,0.1298169663851308,High,Low,326.83887809818
17701.0,1,417.95,17.414583333333333,109,4.541666666666667,252,0,24,0.0,1,1,1,Inactive Customers,0.7269514059151105,Medium,High,303.82934010222044
17702.0,4,1824.37,24.653648648648648,1353,18.283783783783782,29,175,74,42.0,78,0,0,Inactive Customers,0.27136999341091306,High,Low,495.07927487906744
17703.0,3,798.74,14.522545454545455,590,10.727272727272727,34,103,55,1.0,74,0,0,Inactive Customers,0.4894970970749634,Medium,Medium,390.9809113176563
17704.0,2,885.19,28.554516129032258,343,11.064516129032258,168,71,31,1.0,1,1,1,Inactive Customers,0.6119473594993395,Medium,Medium,541.6896831552205
17705.0,9,1823.52,17.70407766990291,963,9.349514563106796,2,298,103,145.0,133,0,0,Inactive Customers,0.07874883515689017,High,Low,143.60007588529237
17706.0,17,10119.89,26.843209549071616,3885,10.305039787798409,3,362,377,205.0,143,0,2,High-Value Active Customers,0.006923357749882735,High,Low,70.06361885946079
17707.0,2,152.4,30.48,144,28.8,184,151,5,1.0,1,1,1,Inactive Customers,0.5103968909931222,Low,Medium,77.78448618735183
17708.0,2,267.08,7.630857142857143,91,2.6,187,137,35,1.0,1,1,1,Inactive Customers,0.5151636761849417,Low,Medium,137.58991463547423
17709.0,1,87.5,14.583333333333334,16,2.6666666666666665,169,0,6,0.0,1,1,1,Inactive Customers,0.7433650679454948,Low,High,65.0444434452308
17711.0,2,385.1,16.743478260869566,246,10.695652173913043,10,279,23,1.0,1,0,0,Inactive Customers,0.30307167768733784,Medium,Medium,116.7129030773938
17712.0,1,443.01,15.821785714285713,213,7.607142857142857,44,0,28,0.0,1,0,0,Inactive Customers,0.7167535860975642,Medium,High,317.5290061770819
17714.0,1,153.0,15.3,92,9.2,320,0,10,0.0,1,1,1,Inactive Customers,0.7333168042913518,Low,High,112.19747105657683
17716.0,11,5622.09,23.136172839506173,3070,12.633744855967079,22,245,243,173.0,71,0,0,Inactive Customers,0.040208072657535024,High,Low,226.0534032072011
17718.0,1,139.35,23.224999999999998,83,13.833333333333334,231,0,6,0.0,1,1,1,Inactive Customers,0.7383552560089313,Low,High,102.88980492484457
17719.0,15,5371.09,19.674322344322345,2465,9.02930402930403,37,217,273,99.0,99,0,2,High-Value Active Customers,0.0718165731830128,High,Low,385.7332780575482
17720.0,4,1117.09,23.76787234042553,573,12.191489361702128,25,341,47,142.0,86,0,0,Inactive Customers,0.0867817093010203,High,Low,96.94297964307677
17722.0,4,2390.14,21.151681415929204,1593,14.097345132743364,95,270,113,41.0,93,1,0,Inactive Customers,0.1423742117465693,High,Low,340.29429846394515
17723.0,4,1201.4,171.62857142857143,292,41.714285714285715,172,41,7,13.0,18,1,1,Inactive Customers,0.7361427240350581,High,High,884.4018686557189
17724.0,3,1033.0,25.825,300,7.5,70,67,40,1.0,9,0,0,Inactive Customers,0.6098849396938016,Medium,Medium,630.0111427036971
17725.0,11,3422.4300000000003,17.918481675392673,2161,11.31413612565445,15,250,191,87.0,129,0,0,Inactive Customers,0.08470544855417723,High,Low,289.89846829527283
17727.0,1,1060.25,16.064393939393938,645,9.772727272727273,14,0,66,0.0,1,0,0,Inactive Customers,0.6669401172570462,Medium,Medium,707.1232593217832
17728.0,3,2808.21,17.442298136645963,1465,9.099378881987578,3,82,161,1.0,62,0,0,Inactive Customers,0.3886224092310616,High,Medium,1091.3333358267596
17730.0,13,5298.4800000000005,24.304954128440368,3576,16.40366972477064,2,323,218,162.0,119,0,2,High-Value Active Customers,0.02413658977761137,High,Low,127.88723820487832
17731.0,4,1087.56,17.828852459016392,484,7.934426229508197,78,104,61,1.0,49,0,0,Inactive Customers,0.5028439209918818,Medium,Medium,546.8729347139309
17732.0,1,303.97,16.887222222222224,93,5.166666666666667,372,0,18,0.0,1,1,1,Inactive Customers,0.7313296988728607,Low,High,222.30228856638348
17733.0,2,692.19,19.776857142857143,463,13.228571428571428,38,222,35,1.0,1,0,0,Inactive Customers,0.36262493137057966,Medium,Medium,251.00535124540156
17734.0,3,700.63,16.293720930232556,422,9.813953488372093,53,180,43,1.0,83,0,0,Inactive Customers,0.3866621135096736,Medium,Medium,270.9070765882826
17735.0,19,13110.02,19.000028985507246,8439,12.230434782608695,1,365,690,180.0,185,0,2,High-Value Active Customers,0.0010036110526311338,High,Low,13.157360972215217
17736.0,2,337.49,14.062083333333334,237,9.875,8,104,24,1.0,1,0,0,Inactive Customers,0.5661459024468707,Low,Medium,191.0685806167944
17737.0,2,168.24,16.824,108,10.8,8,49,10,1.0,1,0,0,Inactive Customers,0.6670405044675183,Low,Medium,112.22289447161528
17738.0,4,1828.2,19.24421052631579,1026,10.8,18,262,95,133.0,129,0,0,Inactive Customers,0.10371649979027224,High,Low,189.61450491657573
17739.0,7,2791.35,59.39042553191489,861,18.319148936170212,11,348,47,163.0,60,0,0,Inactive Customers,0.07624845626882373,High,Low,212.83612840598113
17742.0,2,308.21000000000004,23.708461538461542,87,6.6923076923076925,112,219,13,1.0,1,1,0,Inactive Customers,0.4136747164198122,Low,Medium,127.49868434775033
17744.0,6,2304.4,17.06962962962963,3262,24.16296296296296,3,354,135,35.0,246,0,0,Inactive Customers,0.047391684264592636,High,Low,109.20939721932727
17746.0,1,110.25,18.375,29,4.833333333333333,239,0,6,0.0,1,1,1,Inactive Customers,0.7437700642487749,Low,High,82.00064958342743
17747.0,1,71.4,71.4,12,12.0,112,0,1,0.0,1,1,0,Inactive Customers,0.7779971908028953,Low,High,55.54899942332673
17749.0,2,642.62,18.90058823529412,318,9.352941176470589,177,78,34,1.0,1,1,1,Inactive Customers,0.5962466303472872,Medium,Medium,383.1600095937737
17750.0,9,1797.57,9.313834196891191,3957,20.502590673575128,4,158,193,51.0,93,0,0,Inactive Customers,0.13366832218178373,High,Low,240.27816590430896
17754.0,5,1772.26,19.26369565217391,1869,20.315217391304348,0,259,92,118.0,64,0,0,Inactive Customers,0.10756166996274708,High,Low,190.62724520817812
17757.0,30,5353.29,7.234175675675676,2970,4.013513513513513,0,370,740,180.0,170,0,2,High-Value Active Customers,0.0036653072077038086,High,Low,19.621452421928723
17758.0,8,3440.75,8.371654501216545,2090,5.085158150851582,18,230,411,42.0,132,0,0,Inactive Customers,0.06555383856886934,High,Low,225.55437005583718
17759.0,3,834.99,8.789368421052632,708,7.4526315789473685,16,152,95,1.0,152,0,0,Inactive Customers,0.3439805257460924,Medium,Medium,287.22029919272967
17760.0,2,287.59,11.503599999999999,239,9.56,21,351,25,1.0,1,0,0,Inactive Customers,0.2138185918528508,Low,Low,61.49208883096136
17761.0,1,712.78,37.514736842105265,398,20.94736842105263,32,0,19,0.0,1,0,0,Inactive Customers,0.7182215676070571,Medium,High,511.9339689589582
17763.0,1,15.0,15.0,12,12.0,262,0,1,0.0,1,1,1,Inactive Customers,0.7405308458003657,Low,High,11.107962687005484
17764.0,2,801.87,10.836081081081081,394,5.324324324324325,50,160,74,1.0,1,0,0,Inactive Customers,0.42952780596299167,Medium,Medium,344.4254617675441
17765.0,3,371.88,6.524210526315789,144,2.526315789473684,158,98,57,1.0,52,1,1,Inactive Customers,0.5329995923145154,Medium,Medium,198.211888389922
17767.0,1,271.2,12.914285714285715,128,6.095238095238095,14,0,21,0.0,1,0,0,Inactive Customers,0.7249325293357459,Low,High,196.60170195585428
17768.0,3,2225.33,21.397403846153846,1183,11.375,7,157,104,1.0,24,0,0,Inactive Customers,0.35461344587290533,High,Medium,789.1319395043524
17769.0,10,3964.6800000000003,12.830679611650487,1860,6.019417475728155,12,308,309,261.0,41,0,0,Inactive Customers,0.019220958197247458,High,Low,76.20494854546305
17770.0,5,1143.27,30.086052631578948,365,9.605263157894736,198,83,38,6.0,13,1,1,Inactive Customers,0.5769927906997588,High,Medium,659.6585478233133
17771.0,2,245.81,4.552037037037037,287,5.314814814814815,56,266,54,1.0,1,0,0,Inactive Customers,0.2955122634702593,Low,Medium,72.63986948362444
17772.0,2,182.77,3.448490566037736,58,1.0943396226415094,10,0,53,1.0,1,0,0,Inactive Customers,0.7052632249802713,Low,High,128.90095962964418
17774.0,4,1209.46,7.802967741935484,511,3.296774193548387,96,208,155,55.0,49,1,0,Inactive Customers,0.21860172508747874,High,Low,264.39004242430207
17775.0,1,56.4,18.8,72,24.0,254,0,3,0.0,1,1,1,Inactive Customers,0.7305668644901308,Low,High,41.20397115724337
17777.0,3,665.86,3.4322680412371134,507,2.61340206185567,24,75,194,1.0,14,0,0,Inactive Customers,0.46054491148017856,Medium,Medium,306.65843475819173
17779.0,3,658.57,8.031341463414634,397,4.841463414634147,20,122,82,1.0,66,0,0,Inactive Customers,0.4538009306320645,Medium,Medium,298.8596788863587
17781.0,2,188.02,15.668333333333335,34,2.8333333333333335,158,93,12,1.0,1,1,1,Inactive Customers,0.6107738514099182,Low,Medium,114.83769954209284
17783.0,2,283.47,4.23089552238806,354,5.2835820895522385,71,175,67,1.0,1,0,0,Inactive Customers,0.41362730185341606,Low,Medium,117.25093125638786
17785.0,1,131.94,10.149230769230769,67,5.153846153846154,52,0,13,0.0,1,0,0,Inactive Customers,0.7320069057764355,Low,High,96.58099114814289
17786.0,2,278.74,3.871388888888889,200,2.7777777777777777,84,231,72,1.0,1,0,0,Inactive Customers,0.3364554610388754,Low,Medium,93.78359520997614
17787.0,4,1865.19,13.919328358208956,910,6.791044776119403,152,218,134,47.0,151,1,1,Inactive Customers,0.18060241704914512,High,Low,336.857822255895
17788.0,2,1117.9,223.58,211,42.2,73,55,5,1.0,1,0,0,Inactive Customers,0.7771477038361381,High,High,868.7734181184188
17789.0,1,225.9,16.135714285714286,74,5.285714285714286,280,0,14,0.0,1,1,1,Inactive Customers,0.7344910571891774,Low,High,165.9215298190352
17790.0,14,1948.6000000000001,10.31005291005291,835,4.417989417989418,26,338,189,118.0,184,0,0,Inactive Customers,0.0532579889894161,High,Low,103.77851734477622
17791.0,1,106.1,10.61,46,4.6,29,0,10,0.0,1,0,0,Inactive Customers,0.7355354165567684,Low,High,78.04030769667312
17793.0,1,306.09,5.369999999999999,231,4.052631578947368,24,0,57,0.0,1,0,0,Inactive Customers,0.6942524426492376,Low,Medium,212.50373017050512
17795.0,2,333.44,7.409777777777777,340,7.555555555555555,179,85,45,1.0,1,1,1,Inactive Customers,0.5715129869609201,Low,Medium,190.5652903722492
17796.0,4,697.9,8.510975609756096,178,2.1707317073170733,39,329,82,34.0,273,0,0,Inactive Customers,0.11842750371055326,Medium,Low,82.65055483959512
17797.0,3,780.43,7.0309009009009005,498,4.486486486486487,21,160,111,1.0,1,0,0,Inactive Customers,0.396223118480347,Medium,Medium,309.2244083556172
17799.0,10,2989.13,7.362389162561577,1754,4.320197044334975,21,339,406,91.0,247,0,0,Inactive Customers,0.023287034268268204,High,Low,69.60797274230855
17800.0,9,1199.01,11.528942307692308,736,7.076923076923077,36,296,104,172.0,122,0,0,Inactive Customers,0.07385661388774144,High,Low,88.55481861754086
17802.0,3,1285.04,9.178857142857142,752,5.371428571428571,81,290,140,1.0,97,0,0,Inactive Customers,0.1719722405148787,High,Low,220.99120795123972
17805.0,1,327.99,36.443333333333335,190,21.11111111111111,73,0,9,0.0,1,0,0,Inactive Customers,0.7349201656961124,Low,High,241.0464651466679
17806.0,1,546.04,12.698604651162789,727,16.906976744186046,10,0,43,0.0,1,0,0,Inactive Customers,0.6753277084144725,Medium,Medium,368.75594190263854
17809.0,12,5259.27,87.65450000000001,1913,31.883333333333333,15,357,60,156.0,156,0,0,Inactive Customers,0.04835730035257883,High,Low,254.3240990253073
17811.0,39,7820.78,9.200917647058823,4176,4.912941176470588,3,329,850,167.0,146,0,2,High-Value Active Customers,0.002793067146774642,High,Low,21.843963680152186
17812.0,4,651.36,4.7544525547445255,346,2.5255474452554743,12,355,137,329.0,2,0,0,Inactive Customers,0.025931255484861016,Medium,Low,16.89058257261907
17813.0,5,1629.48,4.464328767123288,784,2.147945205479452,13,57,365,7.0,43,0,0,Inactive Customers,0.3248814971742382,High,Medium,529.3879020154777
17816.0,4,36.56,2.150588235294118,30,1.7647058823529411,36,328,17,96.0,28,0,0,Inactive Customers,0.15598026102303986,Low,Low,5.702638343002337
17817.0,2,192.68,6.02125,66,2.0625,3,272,32,1.0,1,0,0,Inactive Customers,0.31476584789690576,Low,Medium,60.6490835727758
17819.0,7,3688.92,78.48765957446808,1030,21.914893617021278,71,299,47,74.0,168,0,0,Inactive Customers,0.1327835805193685,High,Low,489.8280058495089
17824.0,1,256.64,21.386666666666667,264,22.0,50,0,12,0.0,1,0,0,Inactive Customers,0.7193025975331327,Low,High,184.60181863090318
17827.0,5,1995.46,9.070272727272727,1247,5.668181818181818,4,359,220,1.0,359,0,0,Inactive Customers,0.05477992848842485,High,Low,109.31115610151225
17828.0,4,1165.09,18.20453125,655,10.234375,22,162,64,14.0,86,0,0,Inactive Customers,0.3654730472786857,High,Medium,425.8089926539239
17829.0,1,889.24,29.641333333333332,496,16.533333333333335,298,0,30,0.0,1,1,1,Inactive Customers,0.7033155154737154,Medium,High,625.4162889798467
17830.0,3,398.7,17.33478260869565,92,4.0,1,287,23,1.0,260,0,0,Inactive Customers,0.21509458069988605,Medium,Low,85.75820932504456
17831.0,1,35.400000000000006,17.700000000000003,12,6.0,32,0,2,0.0,1,0,0,Inactive Customers,0.7460317088377607,Low,High,26.409522492856734
17832.0,1,155.37,2.547049180327869,208,3.4098360655737703,49,0,61,0.0,1,0,0,Inactive Customers,0.6925188329367719,Low,Medium,107.59665107338624
17835.0,3,350.64,5.7481967213114755,348,5.704918032786885,2,20,61,1.0,7,0,0,Inactive Customers,0.6549801318540798,Low,Medium,229.66223343331453
17836.0,1,110.21000000000001,4.592083333333334,88,3.6666666666666665,46,0,24,0.0,1,0,0,Inactive Customers,0.7219564651326196,Low,High,79.56682202226601
17837.0,8,1528.58,9.15317365269461,514,3.0778443113772456,41,120,167,87.0,23,0,0,Inactive Customers,0.2901864997988604,High,Medium,443.573279862542
17838.0,5,2598.62,21.837142857142855,1686,14.168067226890756,26,345,119,6.0,265,0,0,Inactive Customers,0.0819214349386952,High,Low,212.88267926039214
17839.0,1,338.8,6.05,285,5.089285714285714,41,0,56,0.0,1,0,0,Inactive Customers,0.692022870388652,Low,Medium,234.4573484876753
17841.0,124,39360.62,5.03783693843594,22262,2.8493536413669527,1,371,7813,225.0,142,0,3,High-Value Active Customers,1.2289245898320213e-14,High,Low,4.837123378903405e-10
17843.0,1,205.48,5.553513513513513,113,3.054054054054054,302,0,37,0.0,1,1,1,Inactive Customers,0.7133819832696127,Low,High,146.58572992224
17844.0,1,51.559999999999995,10.312,52,10.4,106,0,5,0.0,1,1,0,Inactive Customers,0.7342119491238148,Low,High,37.85596809682389
17848.0,9,901.2,17.67058823529412,398,7.803921568627451,80,276,51,108.0,87,0,0,Inactive Customers,0.15389622509566367,Medium,Low,138.6912780562121
17849.0,4,326.15,14.825,107,4.863636363636363,217,115,22,27.0,45,1,1,Inactive Customers,0.5056675189171683,Low,Medium,164.92346129483442
17850.0,34,4783.46,16.551764705882352,1716,5.937716262975779,371,1,289,1.0,1,1,2,High-Value Active Customers,0.43496402335466916,High,Medium,2080.6330071561256
17852.0,2,114.34,4.764166666666667,53,2.2083333333333335,11,0,24,1.0,1,0,0,Inactive Customers,0.7238887269387906,Low,High,82.76943703818132
17854.0,2,311.26,20.750666666666667,84,5.6,184,41,15,1.0,1,1,1,Inactive Customers,0.6818790091821454,Low,Medium,212.24166039803455
17855.0,1,208.97,12.292352941176471,197,11.588235294117647,372,0,17,0.0,1,1,1,Inactive Customers,0.7206018021761377,Low,High,150.5841586007475
17856.0,4,663.83,55.31916666666667,425,35.416666666666664,1,279,12,16.0,231,0,0,Inactive Customers,0.21403722313183643,Medium,Low,142.084329831607
17857.0,7,761.06,95.1325,586,73.25,108,256,8,98.0,117,1,0,Inactive Customers,0.19091020352502155,Medium,Low,145.2941194947529
17858.0,10,3441.76,18.504086021505376,783,4.209677419354839,5,363,186,201.0,113,0,0,Inactive Customers,0.03140615994066974,High,Low,108.09246503739949
17859.0,1,148.21,5.9284,127,5.08,304,0,25,0.0,1,1,1,Inactive Customers,0.7193772497911274,Low,High,106.618902191543
17860.0,1,252.8,4.358620689655172,104,1.793103448275862,368,0,58,0.0,1,1,1,Inactive Customers,0.7003793366526202,Low,High,177.0558963057824
17861.0,8,2000.1,9.259722222222221,1982,9.175925925925926,2,316,216,163.0,132,0,0,Inactive Customers,0.03721658709857864,High,Low,74.43689585586714
17862.0,1,330.9,30.08181818181818,100,9.090909090909092,323,0,11,0.0,1,1,1,Inactive Customers,0.7414125499350098,Low,High,245.33341277349473
17863.0,6,3066.4,20.859863945578233,2494,16.965986394557824,58,310,147,114.0,85,0,0,Inactive Customers,0.05850147099593418,High,Low,179.38891066193258
17864.0,3,597.5,5.857843137254902,810,7.9411764705882355,12,262,102,1.0,76,0,0,Inactive Customers,0.22382367254800536,Medium,Low,133.7346443474332
17865.0,20,10509.37,28.48067750677507,5756,15.598915989159892,30,333,369,249.0,76,0,2,High-Value Active Customers,0.00505214811513091,High,Low,53.09489383671334
17866.0,1,329.65000000000003,36.62777777777778,174,19.333333333333332,142,0,9,0.0,1,1,1,Inactive Customers,0.7369531765014838,Low,High,242.93661463371419
17867.0,6,635.5,8.147435897435898,254,3.2564102564102564,29,258,78,145.0,113,0,0,Inactive Customers,0.12764604959260892,Medium,Low,81.11906451610297
17869.0,5,344.38,9.56611111111111,107,2.9722222222222223,106,260,36,122.0,108,1,0,Inactive Customers,0.1653806283513422,Low,Low,56.953780791635225
17870.0,11,1551.0,5.59927797833935,1272,4.592057761732852,1,132,277,11.0,89,0,0,Inactive Customers,0.24440754163023198,High,Low,379.0760970684898
17871.0,1,155.9,15.59,182,18.2,204,0,10,0.0,1,1,1,Inactive Customers,0.7232782810373245,Low,High,112.75908401371889
17873.0,5,1729.7800000000002,40.22744186046512,1046,24.325581395348838,79,293,43,92.0,160,0,0,Inactive Customers,0.12105418500656752,High,Low,209.39710814066038
17874.0,6,649.5600000000001,14.434666666666669,219,4.866666666666666,184,70,45,30.0,39,1,1,Inactive Customers,0.5493834150663873,Medium,Medium,356.85749109052256
17877.0,1,237.61,19.800833333333333,98,8.166666666666666,169,0,12,0.0,1,1,1,Inactive Customers,0.7351355196675086,Low,High,174.67555082819672
17878.0,1,379.45,14.59423076923077,401,15.423076923076923,43,0,26,0.0,1,0,0,Inactive Customers,0.7040817788751919,Medium,High,267.1638309941915
17879.0,1,178.52,29.753333333333334,45,7.5,173,0,6,0.0,1,1,1,Inactive Customers,0.7485849484230909,Low,High,133.63738499249018
17880.0,1,458.92,17.65076923076923,314,12.076923076923077,364,0,26,0.0,1,1,1,Inactive Customers,0.7117310295556379,Medium,High,326.62760408367336
17881.0,1,133.35,16.66875,32,4.0,303,0,8,0.0,1,1,1,Inactive Customers,0.7417100118025106,Low,High,98.90703007386479
17883.0,4,671.77,4.632896551724138,379,2.613793103448276,2,242,145,159.0,11,0,0,Inactive Customers,0.12349524888246888,Medium,Low,82.96040334177611
17884.0,4,717.45,6.1320512820512825,854,7.299145299145299,3,367,117,3.0,308,0,0,Inactive Customers,0.0837386275395372,Medium,Low,60.07827832824097
17885.0,1,190.19,2.97171875,167,2.609375,11,0,64,0.0,1,0,0,Inactive Customers,0.6929265871585586,Low,Medium,131.78770761168624
17886.0,3,865.71,8.090747663551403,479,4.4766355140186915,31,217,107,1.0,178,0,0,Inactive Customers,0.25211632279727947,Medium,Low,218.2596218088328
17887.0,1,71.45,7.938888888888889,28,3.111111111111111,128,0,9,0.0,1,1,0,Inactive Customers,0.7363036574608363,Low,High,52.60889632557675
17888.0,7,654.05,9.909848484848483,780,11.818181818181818,37,319,66,145.0,123,0,0,Inactive Customers,0.08201374237272414,Medium,Low,53.641088198880226
17889.0,2,203.87,9.708095238095238,79,3.761904761904762,211,109,21,1.0,1,1,1,Inactive Customers,0.5714470759079942,Low,Medium,116.50091536536277
17890.0,2,602.09,6.405212765957447,416,4.425531914893617,322,38,94,1.0,1,1,1,Inactive Customers,0.6032719872785403,Medium,Medium,363.2240308205363
17891.0,1,203.85999999999999,5.995882352941176,393,11.558823529411764,161,0,34,0.0,1,1,1,Inactive Customers,0.6976206073041212,Low,High,142.21693700501814
17892.0,3,244.1,8.717857142857143,109,3.892857142857143,55,99,28,1.0,1,0,0,Inactive Customers,0.5795411256819348,Low,Medium,141.46598877896028
17893.0,1,112.25,7.015625,161,10.0625,224,0,16,0.0,1,1,1,Inactive Customers,0.72079611178913,Low,High,80.90936354832984
17894.0,8,1087.91,5.69586387434555,403,2.1099476439790577,71,294,191,13.0,240,0,0,Inactive Customers,0.12034640634709971,Medium,Low,130.92605892907326
17895.0,1,98.0,6.125,130,8.125,43,0,16,0.0,1,0,0,Inactive Customers,0.7229593153608688,Low,High,70.85001290536513
17897.0,3,486.7,4.307079646017699,227,2.0088495575221237,172,200,113,1.0,194,1,1,Inactive Customers,0.27597260668575374,Medium,Low,134.31586767395635
17898.0,2,152.06,5.430714285714286,190,6.785714285714286,84,121,28,1.0,1,0,0,Inactive Customers,0.5361610456348131,Low,Medium,81.52864859922968
17899.0,1,138.85,4.479032258064516,170,5.483870967741935,158,0,31,0.0,1,1,1,Inactive Customers,0.7127421948056822,Low,High,98.96425374876897
17900.0,2,97.19999999999999,19.439999999999998,72,14.4,189,0,5,1.0,1,1,1,Inactive Customers,0.7360149170126931,Low,High,71.54064993363376
17901.0,1,93.43,5.190555555555556,23,1.2777777777777777,28,0,18,0.0,1,0,0,Inactive Customers,0.7304207470611283,Low,High,68.24321039792122
17904.0,1,191.67000000000002,5.043947368421053,63,1.6578947368421053,20,0,38,0.0,1,0,0,Inactive Customers,0.7155834848038233,Low,High,137.15588653234883
17905.0,3,599.04,18.72,281,8.78125,156,216,32,1.0,195,1,1,Inactive Customers,0.30696555112725005,Medium,Medium,183.88464374726786
17906.0,1,55.95,5.086363636363637,25,2.272727272727273,246,0,11,0.0,1,1,1,Inactive Customers,0.7339743330283169,Low,High,41.065863932934334
17908.0,1,243.28,4.19448275862069,173,2.9827586206896552,373,0,58,0.0,1,1,1,Inactive Customers,0.696584531164945,Low,High,169.46508474180783
17911.0,1,366.23,9.390512820512821,223,5.717948717948718,8,0,39,0.0,1,0,0,Inactive Customers,0.7070022132802519,Medium,High,258.9254205696267
17912.0,5,311.01,8.184473684210525,185,4.868421052631579,309,54,38,1.0,49,1,1,Inactive Customers,0.6153348343546771,Low,Medium,191.3752868326481
17913.0,2,411.6,6.976271186440679,289,4.898305084745763,58,296,59,1.0,1,0,0,Inactive Customers,0.255232577124032,Medium,Low,105.05372874425159
17914.0,1,336.43,4.205375,473,5.9125,3,0,80,0.0,1,0,0,Inactive Customers,0.6663803052070123,Low,Medium,224.19032608079516
17917.0,3,324.33,3.4874193548387096,186,2.0,44,317,93,1.0,210,0,0,Inactive Customers,0.15980541131780662,Low,Low,51.82968905270422
17919.0,1,1304.04,56.697391304347825,756,32.869565217391305,87,0,23,0.0,1,0,0,Inactive Customers,0.7008345613455146,High,High,913.9163013770049
17920.0,17,3957.17,5.760072780203784,2217,3.2270742358078603,3,369,687,237.0,101,0,2,High-Value Active Customers,0.004165910246191093,High,Low,16.485215048920008
17921.0,4,826.52,5.700137931034483,430,2.9655172413793105,63,202,145,104.0,84,0,0,Inactive Customers,0.1778857327310538,Medium,Low,147.02611581687057
17923.0,1,207.50000000000003,207.50000000000003,50,50.0,281,0,1,0.0,1,1,1,Inactive Customers,0.8316636940656084,Low,High,172.57021651861376
17924.0,7,2962.5,95.56451612903226,1160,37.41935483870968,11,361,31,305.0,27,0,0,Inactive Customers,0.03520685288301083,High,Low,104.30030166591958
17925.0,1,244.08,244.08,72,72.0,372,0,1,0.0,1,1,1,Inactive Customers,0.8378919268672074,Low,High,204.51266150974797
17926.0,2,397.29,18.91857142857143,306,14.571428571428571,132,70,21,1.0,1,1,0,Inactive Customers,0.61620891931312,Medium,Medium,244.8136415539095
17928.0,2,195.59,8.890454545454546,139,6.318181818181818,44,200,22,1.0,1,0,0,Inactive Customers,0.4222494310919317,Low,Medium,82.58776622727092
17929.0,4,843.0,168.6,108,21.6,10,297,5,54.0,101,0,0,Inactive Customers,0.2977696715934198,Medium,Medium,251.0198331532529
17930.0,5,1394.8799999999999,37.699459459459455,914,24.7027027027027,35,203,37,77.0,35,0,0,Inactive Customers,0.2592318748273633,High,Low,361.5973575591925
17931.0,2,408.36,6.282461538461539,249,3.830769230769231,133,121,65,1.0,1,1,0,Inactive Customers,0.5062933753739655,Medium,Medium,206.74996276771253
17932.0,3,1331.57,14.795222222222222,789,8.766666666666667,28,182,90,1.0,144,0,0,Inactive Customers,0.3040604358237634,High,Medium,404.87775452984863
17934.0,2,687.3,34.364999999999995,477,23.85,51,7,20,1.0,1,0,0,Inactive Customers,0.700288255626303,Medium,High,481.308118091958
17935.0,2,145.79,5.027241379310345,82,2.8275862068965516,137,3,29,1.0,1,1,0,Inactive Customers,0.7153426756785601,Low,High,104.28980868717727
17936.0,1,389.84,5.062857142857142,262,3.4025974025974026,4,0,77,0.0,1,0,0,Inactive Customers,0.6795591111796631,Medium,Medium,264.9193239022798
17937.0,7,4301.22,100.02837209302326,1754,40.7906976744186,8,353,43,63.0,249,0,0,Inactive Customers,0.07944074989387453,High,Low,341.692142258531
17939.0,1,99.14,8.261666666666667,40,3.3333333333333335,159,0,12,0.0,1,1,1,Inactive Customers,0.73391656111339,Low,High,72.76048786878148
17941.0,1,139.2,139.2,96,96.0,130,0,1,0.0,1,1,0,Inactive Customers,0.7622137635657323,Low,High,106.10015588834993
17942.0,1,77.50000000000001,38.75000000000001,38,19.0,7,0,2,0.0,1,0,0,Inactive Customers,0.7500079133478543,Low,High,58.12561328445872
17946.0,2,99.67999999999999,5.246315789473684,73,3.8421052631578947,232,26,19,1.0,1,1,1,Inactive Customers,0.6914771287683206,Low,Medium,68.92644019562618
17947.0,1,176.68,19.63111111111111,168,18.666666666666668,36,0,9,0.0,1,0,0,Inactive Customers,0.7268293828873658,Low,High,128.41621536853978
17949.0,16,8961.87,426.7557142857143,1336,63.61904761904762,7,363,21,208.0,155,0,2,High-Value Active Customers,0.10602406192216496,High,Low,950.1738598183925
17950.0,3,482.2,6.791549295774648,366,5.154929577464789,71,293,71,1.0,292,0,0,Inactive Customers,0.16329007511033403,Medium,Low,78.73847421820307
17951.0,3,1008.5400000000001,50.42700000000001,616,30.8,39,333,20,1.0,318,0,0,Inactive Customers,0.14281393730885922,Medium,Low,144.0335683334769
17954.0,12,2211.76,4.579213250517599,1658,3.432712215320911,4,365,483,106.0,221,0,0,Inactive Customers,0.016044407745603055,High,Low,35.48637927541502
17955.0,3,394.1,21.894444444444446,81,4.5,218,1,18,1.0,1,1,1,Inactive Customers,0.7337456143775886,Medium,High,289.1691466262077
17956.0,1,12.75,12.75,1,1.0,248,0,1,0.0,1,1,1,Inactive Customers,0.7473514934189431,Low,High,9.528731541091524
17957.0,1,111.68,3.6025806451612907,287,9.258064516129032,65,0,31,0.0,1,0,0,Inactive Customers,0.7047094053138938,Low,High,78.70194638545567
17958.0,1,508.46000000000004,72.63714285714286,84,12.0,116,0,7,0.0,1,1,0,Inactive Customers,0.76952815483137,Medium,High,391.2742856055584
17960.0,1,73.78,2.8376923076923077,41,1.5769230769230769,170,0,26,0.0,1,1,1,Inactive Customers,0.7232338682066355,Low,High,53.36019479628557
17961.0,39,1138.54,4.628211382113821,557,2.2642276422764227,20,350,246,172.0,175,0,2,High-Value Active Customers,0.036419137116068666,High,Low,41.46464437212882
17962.0,1,102.83,2.938,128,3.657142857142857,141,0,35,0.0,1,1,1,Inactive Customers,0.7125802312930009,Low,High,73.27462518385927
17964.0,2,454.75,4.415048543689321,300,2.912621359223301,31,340,103,1.0,1,0,0,Inactive Customers,0.18453884970364828,Medium,Low,83.91904190273405
17965.0,14,2597.57,7.9194207317073175,1555,4.740853658536586,37,331,328,204.0,116,0,0,Inactive Customers,0.021630999923342897,High,Low,56.18803647087781
17966.0,4,594.43,9.744754098360655,1171,19.19672131147541,150,109,61,76.0,1,1,1,Inactive Customers,0.36437105453670227,Medium,Medium,216.5930859482519
17967.0,1,123.07,2.5639583333333333,80,1.6666666666666667,371,0,48,0.0,1,1,1,Inactive Customers,0.7075871595852403,Low,High,87.08275173015552
17968.0,1,277.35,3.2629411764705885,160,1.8823529411764706,373,0,85,0.0,1,1,1,Inactive Customers,0.679660355421389,Low,Medium,188.50379957612228
17969.0,2,228.2,16.3,152,10.857142857142858,165,194,14,1.0,1,1,1,Inactive Customers,0.43884196112388185,Low,Medium,100.14373552846983
17970.0,1,582.59,18.793225806451613,525,16.93548387096774,210,0,31,0.0,1,1,1,Inactive Customers,0.6958959649922443,Medium,High,405.4220302448316
17972.0,1,120.09,4.003,36,1.2,241,0,30,0.0,1,1,1,Inactive Customers,0.7217372590558006,Low,High,86.6734274400111
17973.0,1,337.04,22.469333333333335,176,11.733333333333333,51,0,15,0.0,1,0,0,Inactive Customers,0.7287451833028882,Low,High,245.61627658040544
17974.0,3,740.79,4.138491620111732,519,2.899441340782123,24,194,179,1.0,19,0,0,Inactive Customers,0.2935820181944662,Medium,Medium,217.4826232582786
17975.0,13,4437.96,15.043932203389831,1565,5.305084745762712,14,351,295,138.0,177,0,0,Inactive Customers,0.025798629239950244,High,Low,114.49328462172959
17976.0,1,353.19,5.433692307692308,106,1.6307692307692307,371,0,65,0.0,1,1,1,Inactive Customers,0.6958425977395095,Low,Medium,245.76464709561736
17977.0,1,208.34,10.417,338,16.9,28,0,20,0.0,1,0,0,Inactive Customers,0.7076770419408228,Low,High,147.43743491795104
17978.0,1,145.4,13.218181818181819,67,6.090909090909091,364,0,11,0.0,1,1,1,Inactive Customers,0.7345620602103053,Low,High,106.80532355457841
17979.0,4,757.71,5.189794520547945,397,2.719178082191781,35,224,146,1.0,133,0,0,Inactive Customers,0.24119364391629577,Medium,Low,182.75483593181647
17980.0,3,811.45,27.048333333333336,682,22.733333333333334,165,193,30,1.0,38,1,1,Inactive Customers,0.3803634315249674,Medium,Medium,308.6459065109348
17984.0,1,152.68,3.1808333333333336,98,2.0416666666666665,144,0,48,0.0,1,1,1,Inactive Customers,0.7067453190113059,Low,High,107.90587530664618
17985.0,1,634.95,27.606521739130436,183,7.956521739130435,21,0,23,0.0,1,0,0,Inactive Customers,0.727500983901365,Medium,High,461.9267497281717
17986.0,1,20.8,20.8,10,10.0,55,0,1,0.0,1,0,0,Inactive Customers,0.7460853313303093,Low,High,15.518574891670434
17987.0,1,198.57,15.274615384615384,261,20.076923076923077,184,0,13,0.0,1,1,1,Inactive Customers,0.7163011701086766,Low,High,142.2359233484799
17988.0,7,161.17000000000002,4.355945945945947,42,1.135135135135135,11,314,37,209.0,105,0,0,Inactive Customers,0.0790871313949695,Low,Low,12.746472966927236
17990.0,3,630.84,21.753103448275862,414,14.275862068965518,236,124,29,1.0,116,1,1,Inactive Customers,0.4705129959971118,Medium,Medium,296.818418394818
17991.0,2,93.35,18.669999999999998,25,5.0,224,0,5,1.0,1,1,1,Inactive Customers,0.7441352394993073,Low,High,69.46502460726033
17994.0,4,644.59,8.159367088607596,495,6.265822784810126,121,169,79,17.0,68,1,0,Inactive Customers,0.3563208961366842,Medium,Medium,229.6808864407453
17995.0,1,23.6,23.6,8,8.0,281,0,1,0.0,1,1,1,Inactive Customers,0.749516181082391,Low,High,17.68858187354443
17997.0,8,1875.57,11.506564417177914,1896,11.631901840490798,73,89,163,31.0,24,0,0,Inactive Customers,0.339218677806023,High,Medium,636.2283755326425
17999.0,2,365.11,3.9685869565217393,220,2.391304347826087,36,329,92,1.0,1,0,0,Inactive Customers,0.2036679644616147,Medium,Low,74.36121050458014
18001.0,2,400.28,7.022456140350877,362,6.350877192982456,11,74,57,1.0,1,0,0,Inactive Customers,0.5786784996631065,Medium,Medium,231.63342984514824
18004.0,1,169.47,4.23675,78,1.95,361,0,40,0.0,1,1,1,Inactive Customers,0.7131595589344816,Low,High,120.8591504526266
18005.0,2,232.77,3.9452542372881356,92,1.5593220338983051,3,43,59,1.0,1,0,0,Inactive Customers,0.6397462333141661,Low,Medium,148.91373072853847
18006.0,1,444.68,20.212727272727275,220,10.0,22,0,22,0.0,1,0,0,Inactive Customers,0.721508321762233,Medium,High,320.8403205212298
18008.0,5,343.45,13.738,315,12.6,69,248,25,55.0,132,0,0,Inactive Customers,0.22783347744721144,Low,Low,78.24940782924477
18009.0,1,257.34,8.041875,126,3.9375,234,0,32,0.0,1,1,1,Inactive Customers,0.7165813254171293,Low,High,184.40503828284403
18010.0,1,157.85,12.142307692307693,59,4.538461538461538,256,0,13,0.0,1,1,1,Inactive Customers,0.7339617776953349,Low,High,115.8558666092086
18011.0,1,102.78999999999999,3.671071428571428,71,2.5357142857142856,372,0,28,0.0,1,1,1,Inactive Customers,0.7204745050201481,Low,High,74.05757437102102
18013.0,2,187.29,6.041612903225806,285,9.193548387096774,154,0,31,1.0,1,1,1,Inactive Customers,0.7053050088406525,Low,High,132.0965751057658
18014.0,1,166.42,5.200625,68,2.125,27,0,32,0.0,1,0,0,Inactive Customers,0.719018840054762,Low,High,119.65911536191349
18015.0,1,120.03,2.6093478260869567,157,3.4130434782608696,3,0,46,0.0,1,0,0,Inactive Customers,0.7044191291942707,Low,High,84.55142807718832
18016.0,5,1449.66,11.882459016393444,1027,8.418032786885245,31,331,122,48.0,153,0,0,Inactive Customers,0.09861452272821285,High,Low,142.95752901818105
18017.0,3,523.0,174.33333333333334,300,100.0,80,229,3,1.0,88,0,0,Inactive Customers,0.4040430228449923,Medium,Medium,211.31450094793095
18018.0,2,92.19,3.2925,54,1.9285714285714286,107,91,28,1.0,1,1,0,Inactive Customers,0.5924374445779867,Low,Medium,54.616808015644594
18019.0,1,38.45,7.69,7,1.4,51,0,5,0.0,1,0,0,Inactive Customers,0.7407790974066123,Low,High,28.482956295284247
18022.0,1,668.11,3.497958115183246,736,3.8534031413612566,35,0,191,0.0,1,0,0,Inactive Customers,0.574261808447638,Medium,Medium,383.6700568419514
18024.0,2,389.78,18.56095238095238,184,8.761904761904763,152,0,21,1.0,1,1,1,Inactive Customers,0.7231349832300585,Medium,High,281.8635537634122
18027.0,1,115.31,5.490952380952381,78,3.7142857142857144,98,0,21,0.0,1,1,0,Inactive Customers,0.7247112322847525,Low,High,83.56645219475482
18030.0,2,155.8,19.475,64,8.0,3,38,8,1.0,1,0,0,Inactive Customers,0.6899252056961273,Low,Medium,107.49034704745664
18032.0,1,73.5,14.7,42,8.4,333,0,5,0.0,1,1,1,Inactive Customers,0.7389984596719816,Low,High,54.31638678589065
18033.0,1,97.97,2.881470588235294,253,7.4411764705882355,64,0,34,0.0,1,0,0,Inactive Customers,0.7052399872795365,Low,High,69.09236155377619
18034.0,2,422.88,3.775714285714286,561,5.008928571428571,21,0,112,1.0,1,0,0,Inactive Customers,0.6396864431857228,Medium,Medium,270.51060309437844
18035.0,3,713.45,13.720192307692308,610,11.73076923076923,35,7,52,1.0,7,0,0,Inactive Customers,0.6655525767879329,Medium,Medium,474.83848590935077
18036.0,3,405.62,4.225208333333334,234,2.4375,31,213,96,1.0,73,0,0,Inactive Customers,0.31533555915987266,Medium,Medium,127.90640950642755
18037.0,6,50.07,2.7816666666666667,19,1.0555555555555556,153,207,18,108.0,81,1,1,Inactive Customers,0.25299948337398437,Low,Low,12.667684132535397
18040.0,2,357.20000000000005,18.8,148,7.7894736842105265,18,226,19,1.0,1,0,0,Inactive Customers,0.38999984298468404,Low,Medium,139.30794391412917
18041.0,21,4183.39,8.863114406779662,3819,8.091101694915254,11,361,472,118.0,233,0,2,High-Value Active Customers,0.009556997645439975,High,Low,39.98064837995714
18042.0,1,165.04999999999998,23.578571428571426,33,4.714285714285714,53,0,7,0.0,1,0,0,Inactive Customers,0.7462854565426847,Low,High,123.1744146023701
18043.0,3,542.56,4.521333333333333,281,2.341666666666667,24,342,120,1.0,182,0,0,Inactive Customers,0.13314006738252868,Medium,Low,72.23647495906475
18044.0,10,1986.9,16.153658536585368,1027,8.34959349593496,3,356,123,160.0,193,0,0,Inactive Customers,0.04302373155629715,High,Low,85.48385222920682
18045.0,1,189.4,4.029787234042553,142,3.021276595744681,44,0,47,0.0,1,0,0,Inactive Customers,0.7051049403267932,Low,High,133.54687569789462
18048.0,2,172.29000000000002,24.612857142857145,127,18.142857142857142,202,0,7,1.0,1,1,1,Inactive Customers,0.7330123306246759,Low,High,126.29069444332542
18050.0,1,74.4,14.88,40,8.0,358,0,5,0.0,1,1,1,Inactive Customers,0.7394861054980688,Low,High,55.01776624905632
18053.0,1,300.02,15.001,302,15.1,70,0,20,0.0,1,0,0,Inactive Customers,0.713085636976829,Low,High,213.93995280578824
18055.0,10,6630.59,18.677718309859156,2447,6.892957746478873,6,362,355,78.0,196,0,0,Inactive Customers,0.021076407142679724,High,Low,139.74901443618074
18056.0,1,327.7,18.205555555555556,210,11.666666666666666,287,0,18,0.0,1,1,1,Inactive Customers,0.722665909541596,Low,High,236.817618556781
18058.0,1,170.16,56.72,88,29.333333333333332,9,0,3,0.0,1,0,0,Inactive Customers,0.751844137295748,Low,High,127.93379840224446
18059.0,3,306.46,17.025555555555556,258,14.333333333333334,22,44,18,1.0,21,0,0,Inactive Customers,0.6503459360661302,Low,Medium,199.30501556682626
18061.0,10,1706.13,38.77568181818182,451,10.25,21,344,44,159.0,160,0,0,Inactive Customers,0.0742138909355455,High,Low,126.61854574186226
18062.0,3,720.52,26.685925925925925,396,14.666666666666666,172,164,27,1.0,47,1,1,Inactive Customers,0.44440541564390146,Medium,Medium,320.20299007974387
18064.0,2,814.0,116.28571428571429,384,54.857142857142854,132,102,7,1.0,1,1,0,Inactive Customers,0.6186468545020374,Medium,Medium,503.5785395646584
18065.0,14,2359.53,17.34948529411765,1025,7.536764705882353,5,358,136,144.0,213,0,0,Inactive Customers,0.04333415099225571,High,Low,102.24822929075712
18066.0,1,318.0,31.8,108,10.8,74,0,10,0.0,1,0,0,Inactive Customers,0.7417747081342897,Low,High,235.88435718670414
18067.0,1,396.33,10.711621621621621,189,5.108108108108108,39,0,37,0.0,1,0,0,Inactive Customers,0.710773968055122,Medium,High,281.7010467592865
18069.0,5,2036.67,4.333340425531915,1311,2.7893617021276595,25,301,470,92.0,154,0,0,Inactive Customers,0.031935307648155345,High,Low,65.04168302776854
18071.0,2,453.0,18.12,260,10.4,257,108,25,1.0,1,1,1,Inactive Customers,0.5599232141410488,Medium,Medium,253.64521600589512
18072.0,1,247.44,13.746666666666666,288,16.0,185,0,18,0.0,1,1,1,Inactive Customers,0.7137318237121549,Low,High,176.60580245933562
18073.0,12,2087.6,33.670967741935485,1472,23.741935483870968,113,82,62,31.0,50,1,0,Inactive Customers,0.4377707114735243,High,Medium,913.8901372721293
18074.0,1,489.6,37.66153846153846,190,14.615384615384615,373,0,13,0.0,1,1,1,Inactive Customers,0.7367625940451524,Medium,High,360.71896604450666
18075.0,10,2589.8,18.367375886524822,1463,10.375886524822695,22,337,141,99.0,181,0,0,Inactive Customers,0.059097961083809186,High,Low,153.05189961484905
18077.0,11,2633.01,11.599162995594714,1878,8.273127753303966,7,358,227,193.0,112,0,0,Inactive Customers,0.02456876427901967,High,Low,64.68980203430158
18078.0,2,336.13,11.590689655172413,145,5.0,216,41,29,1.0,1,1,1,Inactive Customers,0.6628854309283373,Low,Medium,222.815679897942
18079.0,4,2013.39,18.642500000000002,3119,28.87962962962963,44,193,108,111.0,1,0,0,Inactive Customers,0.13211963593615644,High,Low,266.00835379749805
18081.0,3,343.45,20.20294117647059,195,11.470588235294118,35,97,17,1.0,76,0,0,Inactive Customers,0.5552833563816848,Low,Medium,190.71206874928964
18082.0,1,703.37,9.635205479452054,621,8.506849315068493,25,0,73,0.0,1,0,0,Inactive Customers,0.6629598189467675,Medium,Medium,466.3060478525878
18085.0,2,689.95,23.79137931034483,265,9.137931034482758,329,43,29,1.0,1,1,1,Inactive Customers,0.657571156818753,Medium,Medium,453.69121964709865
18086.0,1,101.34,14.477142857142857,106,15.142857142857142,273,0,7,0.0,1,1,1,Inactive Customers,0.7299945277600941,Low,High,73.97764544320793
18088.0,1,167.67000000000002,4.299230769230769,109,2.7948717948717947,60,0,39,0.0,1,0,0,Inactive Customers,0.7119484771813505,Low,High,119.37240116899704
18092.0,11,7778.26,93.71397590361445,2332,28.096385542168676,1,363,83,138.0,182,0,2,High-Value Active Customers,0.0393124373513,High,Low,305.78235895212276
18093.0,4,2027.3200000000002,57.92342857142857,1248,35.65714285714286,92,209,35,4.0,27,1,0,Inactive Customers,0.3312874332763148,High,Medium,671.6256392297386
18094.0,6,2384.3,35.58656716417911,1318,19.671641791044777,81,210,67,155.0,54,0,0,Inactive Customers,0.143140341624814,High,Low,341.28951653604406
18095.0,2,580.05,27.62142857142857,419,19.952380952380953,312,20,21,1.0,1,1,1,Inactive Customers,0.6835214369486476,Medium,Medium,396.476609502063
18096.0,3,911.15,4.277699530516432,825,3.8732394366197185,11,52,213,1.0,45,0,0,Inactive Customers,0.44991292964290824,Medium,Medium,409.9381658441358
18097.0,6,2697.8,24.97962962962963,1686,15.61111111111111,7,346,108,148.0,119,0,0,Inactive Customers,0.04940584316466436,High,Low,133.28708368963152
18099.0,1,168.31,8.858421052631579,149,7.842105263157895,126,0,19,0.0,1,1,0,Inactive Customers,0.7219849603324976,Low,High,121.51728867356267
18101.0,2,223.65,5.454878048780488,88,2.1463414634146343,10,132,41,1.0,1,0,0,Inactive Customers,0.5176740370112505,Low,Medium,115.77779837756617
18102.0,42,66370.0,249.51127819548873,16532,62.150375939849624,0,366,266,288.0,77,0,3,High-Value Active Customers,7.471822443985692e-05,High,Low,4.959048556073303
18104.0,1,754.64,19.858947368421052,362,9.526315789473685,36,0,38,0.0,1,0,0,Inactive Customers,0.7031411631106663,Medium,High,530.6184473298332
18105.0,1,113.48000000000002,6.304444444444446,46,2.5555555555555554,37,0,18,0.0,1,0,0,Inactive Customers,0.7292034994660479,Low,High,82.75001311940713
18106.0,1,430.7,11.043589743589743,128,3.282051282051282,329,0,39,0.0,1,1,1,Inactive Customers,0.7133059271535235,Medium,High,307.22086282502255
18108.0,1,271.0,15.941176470588236,84,4.9411764705882355,253,0,17,0.0,1,1,1,Inactive Customers,0.7320531441556508,Low,High,198.38640206618138
18109.0,26,7117.8,16.362758620689657,1858,4.271264367816092,1,368,435,196.0,146,0,2,High-Value Active Customers,0.010125028988570655,High,Low,72.06793133484821
18110.0,1,236.3,5.136956521739131,86,1.8695652173913044,19,0,46,0.0,1,0,0,Inactive Customers,0.7092489501211506,Low,High,167.5955269136279
18112.0,2,352.69,13.565,255,9.807692307692308,11,154,26,1.0,1,0,0,Inactive Customers,0.48470432781509176,Low,Medium,170.95036937710472
18113.0,1,76.32000000000001,76.32000000000001,72,72.0,368,0,1,0.0,1,1,1,Inactive Customers,0.7372952083115197,Low,High,56.270370298335195
18114.0,1,178.2,6.8538461538461535,53,2.0384615384615383,289,0,26,0.0,1,1,1,Inactive Customers,0.7243706904012399,Low,High,129.08285702950096
18116.0,8,1418.03,3.7514021164021165,848,2.2433862433862433,67,296,378,69.0,182,0,0,Inactive Customers,0.05247952808871301,High,Low,74.4175452156377
18117.0,1,320.71999999999997,4.334054054054054,618,8.35135135135135,25,0,74,0.0,1,0,0,Inactive Customers,0.6623205990456691,Low,Medium,212.41946252592697
18118.0,26,5586.02,4.381192156862745,2878,2.2572549019607844,10,358,1275,157.0,196,0,2,High-Value Active Customers,0.0008713345751262304,High,Low,4.867292363346626
18119.0,1,181.12,6.037333333333334,125,4.166666666666667,367,0,30,0.0,1,1,1,Inactive Customers,0.7169011953743045,Low,High,129.84514450619403
18120.0,1,111.15,6.538235294117648,31,1.8235294117647058,213,0,17,0.0,1,1,1,Inactive Customers,0.7311036035723392,Low,High,81.2621655370655
18121.0,2,673.1,21.034375,450,14.0625,148,5,32,1.0,1,1,1,Inactive Customers,0.6941328933359563,Medium,Medium,467.2208505044322
18122.0,6,1786.26,4.920826446280992,1233,3.396694214876033,7,142,363,96.0,27,0,0,Inactive Customers,0.13565387741004692,High,Low,242.3130950624704
18123.0,2,589.4399999999999,16.37333333333333,594,16.5,23,7,36,1.0,1,0,0,Inactive Customers,0.6780201203525739,Medium,Medium,399.6521797406211
18125.0,4,1142.99,5.831581632653061,804,4.1020408163265305,29,286,196,20.0,172,0,0,Inactive Customers,0.1224306878387961,High,Low,139.93705189286555
18126.0,1,206.83,3.6933928571428574,144,2.5714285714285716,60,0,56,0.0,1,0,0,Inactive Customers,0.6993359103983012,Low,High,144.64364634768066
18127.0,3,323.73,7.037608695652175,187,4.065217391304348,18,114,46,1.0,1,0,0,Inactive Customers,0.5366243232204343,Low,Medium,173.7213921561512
18129.0,1,112.55000000000001,8.039285714285715,48,3.4285714285714284,242,0,14,0.0,1,1,1,Inactive Customers,0.7320884357663415,Low,High,82.39655344550175
18130.0,3,1042.74,15.112173913043478,823,11.927536231884059,14,41,69,1.0,13,0,0,Inactive Customers,0.5888500941747443,Medium,Medium,614.0175471997729
18135.0,5,681.91,34.0955,349,17.45,28,161,20,110.0,9,0,0,Inactive Customers,0.32667787526063613,Medium,Medium,222.76490991898038
18136.0,3,784.33,20.640263157894736,379,9.973684210526315,62,256,38,1.0,148,0,0,Inactive Customers,0.26412682984481417,Medium,Low,207.1625964521831
18138.0,1,152.65,19.08125,38,4.75,294,0,8,0.0,1,1,1,Inactive Customers,0.7424660151415777,Low,High,113.33743721136184
18139.0,6,5948.34,38.376387096774195,4957,31.980645161290322,17,0,155,1.0,1,0,0,Inactive Customers,0.34625853849691884,High,Medium,2059.6635148827622
18142.0,2,443.28,40.29818181818182,388,35.27272727272727,156,58,11,1.0,1,1,1,Inactive Customers,0.6366886070501347,Medium,Medium,282.2313257331837
18143.0,2,1000.16,16.396065573770493,570,9.344262295081966,116,25,61,1.0,1,1,0,Inactive Customers,0.638450876695444,Medium,Medium,638.5530288357153
18144.0,11,1728.75,45.49342105263158,543,14.289473684210526,30,342,38,146.0,196,0,0,Inactive Customers,0.07665054897999815,High,Low,132.5096365491718
18145.0,4,2831.6,12.870909090909091,2624,11.927272727272728,12,299,220,107.0,74,0,0,Inactive Customers,0.05239965768072232,High,Low,148.37487068873332
18146.0,2,160.35,16.035,153,15.3,140,79,10,1.0,1,1,0,Inactive Customers,0.6170665600252603,Low,Medium,98.94662290005049
18147.0,2,179.34,25.62,203,29.0,45,62,7,1.0,1,0,0,Inactive Customers,0.6378346593891602,Low,Medium,114.38926781485199
18149.0,3,612.0799999999999,38.254999999999995,310,19.375,50,222,16,1.0,164,0,0,Inactive Customers,0.32680622962113826,Medium,Medium,200.03155702650628
18150.0,3,566.58,15.312972972972974,332,8.972972972972974,31,169,37,1.0,108,0,0,Inactive Customers,0.4022679406850742,Medium,Medium,227.91696983334936
18151.0,2,653.35,17.193421052631578,355,9.342105263157896,134,155,38,1.0,1,1,0,Inactive Customers,0.4695345876215531,Medium,Medium,306.7704228225417
18154.0,2,399.19,19.009047619047617,255,12.142857142857142,2,40,21,1.0,1,0,0,Inactive Customers,0.6642275315434188,Medium,Medium,265.15298831681736
18155.0,3,371.62,14.8648,266,10.64,74,216,25,1.0,95,0,0,Inactive Customers,0.3499918619390052,Medium,Medium,130.06397573377313
18156.0,2,734.94,5.2495714285714286,301,2.15,12,356,140,1.0,1,0,0,Inactive Customers,0.15381985546441126,Medium,Low,113.04836457501442
18158.0,2,453.4,13.335294117647058,354,10.411764705882353,8,79,34,1.0,1,0,0,Inactive Customers,0.5893230171527158,Medium,Medium,267.1990559770413
18159.0,1,513.2,23.327272727272728,138,6.2727272727272725,300,0,22,0.0,1,1,1,Inactive Customers,0.7291229818040024,Medium,High,374.18591426181405
18160.0,2,638.0600000000001,16.36051282051282,294,7.538461538461538,56,143,39,1.0,1,0,0,Inactive Customers,0.4917702264565651,Medium,Medium,313.77891069287597
18161.0,5,1618.69,20.233625,812,10.15,14,304,80,66.0,125,0,0,Inactive Customers,0.12846578749417265,High,Low,207.94628555894232
18164.0,1,399.65,16.652083333333334,184,7.666666666666667,36,0,24,0.0,1,0,0,Inactive Customers,0.7212924268377466,Medium,High,288.2645183857054
18165.0,1,302.46,30.246,254,25.4,176,0,10,0.0,1,1,1,Inactive Customers,0.7244057382652567,Low,High,219.1037595957095
18167.0,3,1384.8600000000001,37.428648648648654,382,10.324324324324325,22,82,37,1.0,12,0,0,Inactive Customers,0.5877852945126119,High,Medium,814.0003429587357
18168.0,6,1169.94,8.93083969465649,594,4.534351145038168,175,196,131,69.0,91,1,1,Inactive Customers,0.21509280944453202,High,Low,251.6456814815358
18169.0,1,202.65,22.516666666666666,61,6.777777777777778,60,0,9,0.0,1,0,0,Inactive Customers,0.7415290441198753,Low,High,150.27086079089273
18170.0,3,980.3100000000001,25.79763157894737,409,10.763157894736842,32,183,38,1.0,78,0,0,Inactive Customers,0.39272517969824283,Medium,Medium,384.99242090998445
18171.0,5,1164.51,22.394423076923076,477,9.173076923076923,58,274,52,95.0,103,0,0,Inactive Customers,0.15787079851322106,High,Low,183.84212357663105
18172.0,17,5929.68,32.22652173913043,2544,13.826086956521738,14,275,184,155.0,112,0,2,High-Value Active Customers,0.04643889540969388,High,Low,275.3677893329536
18173.0,4,1900.92,65.54896551724138,932,32.13793103448276,86,187,29,40.0,112,0,0,Inactive Customers,0.30928514689548675,High,Medium,587.9263214365687
18174.0,1,104.0,104.0,50,50.0,6,0,1,0.0,1,0,0,Inactive Customers,0.7721886008471857,Low,High,80.3076144881073
18176.0,1,476.35,15.878333333333334,283,9.433333333333334,357,0,30,0.0,1,1,1,Inactive Customers,0.7110643206951378,Medium,High,338.7154891631289
18177.0,6,1341.42,18.127297297297297,710,9.594594594594595,30,224,74,23.0,172,0,0,Inactive Customers,0.23260811866348252,High,Low,312.02518253756875
18178.0,4,1590.81,16.400103092783503,983,10.1340206185567,128,235,97,55.0,90,1,0,Inactive Customers,0.19001383361942736,High,Low,302.2759066601212
18179.0,6,1732.69,19.468426966292135,1072,12.044943820224718,8,327,89,81.0,243,0,0,Inactive Customers,0.0792537494320335,High,Low,137.32217910339014
18180.0,6,1843.75,15.493697478991596,1721,14.46218487394958,4,137,119,54.0,75,0,0,Inactive Customers,0.26249974969280304,High,Low,483.98391349610563
18181.0,1,365.85,8.508139534883721,145,3.372093023255814,23,0,43,0.0,1,0,0,Inactive Customers,0.7088329495815515,Medium,High,259.32653460441065
18183.0,2,632.07,17.082972972972975,371,10.027027027027026,226,47,37,1.0,1,1,1,Inactive Customers,0.6358879751608292,Medium,Medium,401.92571245990536
18184.0,1,49.8,49.8,60,60.0,14,0,1,0.0,1,0,0,Inactive Customers,0.7277859193301418,Low,High,36.24373878264106
18185.0,1,304.25,17.897058823529413,183,10.764705882352942,248,0,17,0.0,1,1,1,Inactive Customers,0.72499126544649,Low,High,220.57859251209456
18188.0,3,2001.04,28.183661971830986,1168,16.450704225352112,14,275,71,1.0,62,0,0,Inactive Customers,0.2150322464126002,High,Low,430.2881263614695
18189.0,2,1090.24,16.032941176470587,566,8.323529411764707,77,190,68,1.0,1,0,0,Inactive Customers,0.3787864642069529,Medium,Medium,412.9681547369883
18190.0,2,284.46000000000004,18.964000000000002,140,9.333333333333334,191,138,15,1.0,1,1,1,Inactive Customers,0.5299247035327038,Low,Medium,150.74238116691293
18191.0,1,207.8,29.685714285714287,140,20.0,261,0,7,0.0,1,1,1,Inactive Customers,0.7350660146604293,Low,High,152.7467178464372
18192.0,1,957.97,21.288222222222224,339,7.533333333333333,71,0,45,0.0,1,0,0,Inactive Customers,0.7003376888974567,Medium,High,670.9024958330966
18193.0,1,243.76,15.235,124,7.75,164,0,16,0.0,1,1,1,Inactive Customers,0.7287580090644334,Low,High,177.64205228954629
18194.0,1,713.2,142.64000000000001,344,68.8,81,0,5,0.0,1,0,0,Inactive Customers,0.7673537155833959,Medium,High,547.276669954078
18196.0,2,689.13,4.887446808510639,433,3.0709219858156027,94,195,141,1.0,1,1,0,Inactive Customers,0.32741699922678297,Medium,Medium,225.63287667715295
18198.0,17,3797.4,24.982894736842105,2538,16.69736842105263,3,332,152,117.0,202,0,2,High-Value Active Customers,0.040715188773381525,High,Low,154.611857848039
18200.0,1,163.8,5.11875,111,3.46875,105,0,32,0.0,1,1,0,Inactive Customers,0.7162616719054863,Low,High,117.32366185811865
18202.0,3,1363.0900000000001,20.344626865671643,579,8.64179104477612,199,111,67,1.0,1,1,1,Inactive Customers,0.502168975652126,High,Medium,684.5015090216566
18203.0,1,160.42000000000002,8.443157894736842,43,2.263157894736842,156,0,19,0.0,1,1,1,Inactive Customers,0.7300578305657311,Low,High,117.1158771793546
18204.0,3,1993.7,9.9685,1200,6.0,70,121,200,1.0,38,0,0,Inactive Customers,0.33247014739510594,High,Medium,662.8457328616228
18205.0,2,517.36,16.1675,192,6.0,35,38,32,1.0,1,0,0,Inactive Customers,0.6640493782158071,Medium,Medium,343.55258631373
18209.0,1,139.10000000000002,17.387500000000003,58,7.25,28,0,8,0.0,1,0,0,Inactive Customers,0.7388208984103437,Low,High,102.76998696887883
18210.0,6,2604.43,19.58218045112782,1397,10.503759398496241,1,265,133,237.0,20,0,0,Inactive Customers,0.05707338542435288,High,Low,148.64363720074735
18211.0,5,600.07,14.287380952380953,359,8.547619047619047,25,252,42,142.0,59,0,0,Inactive Customers,0.15712656729027227,Medium,Low,94.2869392338737
18212.0,1,248.42,5.7772093023255815,101,2.3488372093023258,325,0,43,0.0,1,1,1,Inactive Customers,0.7104834177421244,Low,High,176.49829063549853
18213.0,1,232.48000000000002,15.498666666666669,232,15.466666666666667,236,0,15,0.0,1,1,1,Inactive Customers,0.7196182522065399,Low,High,167.2968512729764
18215.0,1,299.34000000000003,23.02615384615385,118,9.076923076923077,88,0,13,0.0,1,0,0,Inactive Customers,0.7348623183541801,Low,High,219.9736863761403
18216.0,1,456.75,18.27,199,7.96,30,0,25,0.0,1,0,0,Inactive Customers,0.7205294080268088,Medium,High,329.1018071162449
18217.0,2,621.75,20.056451612903224,491,15.838709677419354,28,41,31,1.0,1,0,0,Inactive Customers,0.6409420022327548,Medium,Medium,398.5056898882153
18218.0,2,662.08,31.527619047619048,584,27.80952380952381,210,70,21,1.0,1,1,1,Inactive Customers,0.5994165920578349,Medium,Medium,396.86173726965137
18219.0,10,1994.77,17.810446428571428,882,7.875,2,366,112,154.0,165,0,0,Inactive Customers,0.0469528206472712,High,Low,93.66007804255717
18221.0,5,1041.61,16.27515625,791,12.359375,21,189,64,26.0,93,0,0,Inactive Customers,0.30189792505479734,Medium,Medium,314.4598977163274
18222.0,1,443.0,23.31578947368421,335,17.63157894736842,92,0,19,0.0,1,1,0,Inactive Customers,0.7152734299393825,Medium,High,316.8661294631464
18223.0,14,6484.54,23.840220588235294,2948,10.838235294117647,4,353,272,152.0,167,0,2,High-Value Active Customers,0.01812934952744209,High,Low,117.56049218467933
18224.0,1,158.95000000000002,15.895000000000001,69,6.9,263,0,10,0.0,1,1,1,Inactive Customers,0.7362613285526076,Low,High,117.02873817343699
18225.0,12,5509.12,20.328856088560887,3244,11.970479704797048,2,361,271,215.0,109,0,2,High-Value Active Customers,0.012893881827099633,High,Low,71.03394225131113
18226.0,11,5228.05,21.603512396694217,3466,14.322314049586776,43,293,242,139.0,141,0,0,Inactive Customers,0.03020071348223646,High,Low,157.89084012080633
18227.0,1,93.75,18.75,21,4.2,217,0,5,0.0,1,1,1,Inactive Customers,0.7455043047697295,Low,High,69.89102857216214
18228.0,2,779.9,25.996666666666666,238,7.933333333333334,56,22,30,1.0,1,0,0,Inactive Customers,0.6890425954965522,Medium,Medium,537.384320227761
18229.0,20,7276.9,44.37134146341463,2488,15.170731707317072,11,361,164,201.0,135,0,2,High-Value Active Customers,0.021366529052179974,High,Low,155.48209525980846
18230.0,7,2810.2000000000003,32.67674418604651,1316,15.30232558139535,8,293,86,95.0,164,0,0,Inactive Customers,0.09726151338707366,High,Low,273.32430492035445
18231.0,5,2083.27,16.800564516129032,821,6.620967741935484,191,96,124,20.0,48,1,1,Inactive Customers,0.41449963140261276,High,Medium,863.5146471121211
18232.0,4,592.97,16.026216216216216,302,8.162162162162161,81,115,37,4.0,76,0,0,Inactive Customers,0.4995850310708602,Medium,Medium,296.238935874088
18235.0,3,1728.68,16.783300970873785,1574,15.281553398058252,71,145,103,1.0,48,0,0,Inactive Customers,0.3436145959655053,High,Medium,593.9996797536497
18236.0,6,882.24,18.004897959183673,403,8.224489795918368,29,210,49,85.0,99,0,0,Inactive Customers,0.2356072117239299,Medium,Low,207.86210647131992
18237.0,5,987.1,16.181967213114753,622,10.19672131147541,2,131,61,14.0,89,0,0,Inactive Customers,0.4153048582769289,Medium,Medium,409.9474256051565
18239.0,5,1561.6100000000001,17.745568181818182,795,9.034090909090908,218,153,88,49.0,94,1,1,Inactive Customers,0.3041220345420744,High,Medium,474.9200103612489
18240.0,1,422.58,70.42999999999999,126,21.0,45,0,6,0.0,1,0,0,Inactive Customers,0.7617433873218257,Medium,High,321.8975206144571
18241.0,17,2073.09,19.933557692307694,1051,10.10576923076923,9,208,104,102.0,99,0,2,High-Value Active Customers,0.17068727182661123,High,Low,353.8500763510295
18242.0,4,2184.64,28.745263157894737,1014,13.342105263157896,71,141,76,17.0,1,0,0,Inactive Customers,0.3989733680900087,High,Medium,871.6131788641566
18245.0,7,2567.06,14.668914285714285,1788,10.217142857142857,6,347,175,143.0,204,0,0,Inactive Customers,0.03501713472684204,High,Low,89.89108587188713
18246.0,2,596.1,149.025,166,41.5,23,209,4,1.0,1,0,0,Inactive Customers,0.5104216318045739,Medium,Medium,304.2623347187065
18248.0,2,724.12,15.741739130434782,509,11.065217391304348,122,63,46,1.0,1,1,0,Inactive Customers,0.5962105065916733,Medium,Medium,431.72795203316247
18249.0,1,95.34,11.9175,128,16.0,16,0,8,0.0,1,0,0,Inactive Customers,0.7261040066739048,Low,High,69.2267559962901
18250.0,1,349.27,16.63190476190476,199,9.476190476190476,309,0,21,0.0,1,1,1,Inactive Customers,0.7215972137332749,Low,High,252.0322588406209
18251.0,1,306.0,306.0,72,72.0,86,0,1,0.0,1,0,0,Inactive Customers,0.86622933782344,Low,High,265.06617737397266
18252.0,2,486.77,5.018247422680412,237,2.443298969072165,50,121,97,1.0,1,0,0,Inactive Customers,0.482237956880165,Medium,Medium,234.73897027055793
18255.0,1,103.30000000000001,17.21666666666667,74,12.333333333333334,88,0,6,0.0,1,0,0,Inactive Customers,0.7358422290618871,Low,High,76.01250226209295
18257.0,8,2337.63,19.81042372881356,1041,8.822033898305085,38,256,118,127.0,75,0,0,Inactive Customers,0.11298885881166239,High,Low,264.12614602390636
18259.0,3,2338.6,55.68095238095238,714,17.0,24,341,42,1.0,60,0,0,Inactive Customers,0.1899215033878361,High,Low,444.15042782279346
18260.0,6,2643.2000000000003,19.72537313432836,1478,11.029850746268657,172,185,134,88.0,67,1,1,Inactive Customers,0.17807747416874078,High,Low,470.6943797228157
18261.0,2,324.24,15.440000000000001,146,6.9523809523809526,42,52,21,1.0,1,0,0,Inactive Customers,0.654244238080323,Low,Medium,212.13215175516393
18262.0,1,149.48,11.498461538461537,182,14.0,139,0,13,0.0,1,1,0,Inactive Customers,0.7217268053145848,Low,High,107.88372285842412
18263.0,3,1213.16,19.887868852459018,1468,24.065573770491802,25,226,61,1.0,129,0,0,Inactive Customers,0.23919854148293132,High,Low,290.186102585433
18265.0,2,771.51,17.534318181818183,309,7.0227272727272725,71,85,44,1.0,1,0,0,Inactive Customers,0.5781524068407445,Medium,Medium,446.05036340170284
18268.0,1,25.5,25.5,2,2.0,133,0,1,0.0,1,1,0,Inactive Customers,0.7552752832480386,Low,High,19.259519722824983
18269.0,1,168.60000000000002,24.08571428571429,76,10.857142857142858,365,0,7,0.0,1,1,1,Inactive Customers,0.7405633823506741,Low,High,124.85898626432368
18270.0,2,283.15000000000003,25.740909090909096,101,9.181818181818182,37,228,11,1.0,1,0,0,Inactive Customers,0.40056450983397385,Low,Medium,113.4198409594897
18272.0,6,3078.58,18.54566265060241,2050,12.349397590361447,2,244,166,96.0,111,0,0,Inactive Customers,0.09402947339678666,High,Low,289.4772562098795
18273.0,3,204.0,68.0,80,26.666666666666668,1,255,3,1.0,93,0,0,Inactive Customers,0.35047655537199013,Low,Medium,71.49721729588599
18274.0,1,175.92,15.992727272727272,88,8.0,29,0,11,0.0,1,0,0,Inactive Customers,0.734060615211752,Low,High,129.1359434280514
18276.0,1,335.86,23.990000000000002,186,13.285714285714286,43,0,14,0.0,1,0,0,Inactive Customers,0.7289041394096369,Low,High,244.80974426212066
18277.0,1,110.38,13.7975,68,8.5,57,0,8,0.0,1,0,0,Inactive Customers,0.7352265614823981,Low,High,81.1543078564271
18278.0,1,173.9,19.322222222222223,66,7.333333333333333,73,0,9,0.0,1,0,0,Inactive Customers,0.7389381440069018,Low,High,128.50134324280023
18280.0,1,180.60000000000002,18.060000000000002,45,4.5,277,0,10,0.0,1,1,1,Inactive Customers,0.7402642000993184,Low,High,133.69171453793692
18281.0,1,46.92,9.384,52,10.4,180,0,5,0.0,1,1,1,Inactive Customers,0.733587301579568,Low,High,34.419916190113334
18282.0,2,178.05,14.8375,103,8.583333333333334,7,118,12,1.0,1,0,0,Inactive Customers,0.5633963012208175,Low,Medium,100.31271143236657
18283.0,16,2078.93,2.753549668874172,1396,1.8490066225165562,3,333,755,188.0,144,0,2,High-Value Active Customers,0.00668828963623614,High,Low,13.904485973460398
18287.0,3,1837.28,26.24685714285714,1586,22.65714285714286,42,158,70,1.0,15,0,0,Inactive Customers,0.36085714842335825,High,Medium,662.9956216552677
