level_0,index,Customer ID,frequency,recency,T,monetary_value,predicted_purchases,expected_average_profit,CLV_12_months,Cluster,Cluster_Name,ChurnProbability,ValueSegment,Adjusted_CLV,Estimated_CAC,CLV_CAC_Ratio
0,0,12347.0,6.0,365.0,367.0,558.1016666666667,0.19894314368148344,575.4387039898184,3214.312736536121,0,Inactive Customers,0.0321406688154376,High,3111.0025754018707,642.8625473072243,4.839296655922811
1,1,12348.0,3.0,283.0,358.0,205.79999999999998,0.12239151984572288,219.79895687818515,754.9425372218636,0,Inactive Customers,0.1505276106069639,High,641.3028409482976,150.98850744437274,4.24736194696518
2,2,12352.0,6.0,260.0,296.0,181.54,0.23509522869471286,187.60364104776937,1237.9922247023092,0,Inactive Customers,0.180162925256311,High,1014.9519240553728,247.59844494046183,4.099185373718445
3,3,12356.0,2.0,303.0,325.0,269.90500000000003,0.10346523165535783,297.69627670056803,863.8451497925975,0,Inactive Customers,0.1411677587580594,High,741.8980660823563,172.7690299585195,4.2941612062097025
4,4,12358.0,1.0,149.0,150.0,523.2,0.12387157304032283,638.1613712965622,2210.3602196887764,0,Inactive Customers,0.5265636467048374,Medium,1046.4648818781488,442.0720439377553,2.367181766475813
5,5,12359.0,3.0,274.0,331.0,1506.61,0.13032852713132023,1600.8992251272691,5854.45683164737,0,Inactive Customers,0.0950415803807789,High,5298.040002096556,1170.891366329474,4.524792098096105
6,6,12360.0,2.0,148.0,200.0,638.39,0.14719367596243108,701.3838435721586,2892.8490523269766,0,Inactive Customers,0.3396232846001004,High,1910.3701553234011,578.5698104653953,3.301883576999498
7,7,12362.0,9.0,292.0,295.0,454.52,0.3290469037769249,463.9169184358873,4285.58044850712,0,Inactive Customers,0.0283677247462647,High,4164.0082819658965,857.1160897014241,4.858161376268676
8,8,12363.0,1.0,133.0,242.0,252.9,0.08304407996986307,310.76112910212976,722.3802384444823,0,Inactive Customers,0.5139141897669917,Medium,351.1387835005999,144.47604768889647,2.4304290511650413
9,9,12364.0,2.0,105.0,112.0,282.19,0.21163702279501523,311.1549025849798,1843.33373167423,0,Inactive Customers,0.4435063177721656,High,1025.803575914167,368.66674633484604,2.7824684111391713
10,10,12370.0,3.0,309.0,360.0,571.3033333333334,0.12203065537238951,607.8623571538603,2081.684577861937,0,Inactive Customers,0.0935577491212463,High,1886.9268543767628,416.33691557238745,4.5322112543937685
11,11,12372.0,2.0,225.0,296.0,416.41,0.11074078385710055,458.19737439660014,1422.8353620713317,0,Inactive Customers,0.2786673928745906,High,1026.3375412331395,284.56707241426636,3.606663035627047
12,12,12375.0,1.0,88.0,98.0,187.20000000000002,0.15679632949861685,231.18215791391594,1012.6884186874042,0,Inactive Customers,0.6092175362744675,Medium,395.7408752409774,202.53768373748085,1.9539123186276623
13,13,12377.0,1.0,39.0,354.0,546.6,0.03260448509816339,666.5045665142821,608.8283078522709,1,Inactive Customers,0.5842302659937171,High,253.132383611234,121.76566157045418,2.0788486700314146
14,14,12379.0,1.0,89.0,170.0,362.40000000000003,0.10666352093688419,443.3927477491529,1322.7711072837005,0,Inactive Customers,0.5727581003246092,Medium,565.1432407116084,264.5542214567401,2.1362094983769544
15,15,12380.0,3.0,164.0,185.0,571.8533333333334,0.19931122010378524,608.4463049614087,3399.5553913810836,0,Inactive Customers,0.222979986623827,High,2641.5225756839704,679.9110782762168,3.8851000668808644
16,16,12381.0,4.0,115.0,119.0,114.1425,0.31895125485354026,120.30359530016989,1075.2570621034483,0,Inactive Customers,0.3618858628700925,High,686.1367323769813,215.05141242068967,3.1905706856495373
17,17,12383.0,4.0,168.0,352.0,255.25,0.14666619353140878,267.84404360466334,1102.6571571670283,1,Inactive Customers,0.2929067967096084,High,779.6813813923109,220.5314314334057,3.5354660164519576
18,18,12384.0,1.0,93.0,121.0,212.58,0.1380515042263578,261.9236234962122,1010.6033156448309,0,Inactive Customers,0.5955098275715063,Medium,408.7791094019851,202.12066312896619,2.0224508621424686
19,19,12386.0,1.0,29.0,366.0,143.0,0.027098299992206268,177.64501139155593,134.8784769655909,1,Inactive Customers,0.6802099468891517,Medium,43.13279531233664,26.97569539311818,1.5989502655542414
20,20,12388.0,5.0,311.0,326.0,469.872,0.1896658126053603,487.61299611281356,2596.031306710747,0,Inactive Customers,0.1080352280373256,High,2315.5684724982148,519.2062613421493,4.459823859813372
21,21,12393.0,3.0,260.0,332.0,373.3666666666666,0.12988527141362033,397.70838891125544,1449.4721328338749,0,Inactive Customers,0.2140895883981871,High,1139.1552405208283,289.894426566775,3.9295520580090644
22,22,12394.0,1.0,154.0,217.0,278.84000000000003,0.09362888061800415,342.18089337339717,896.5745083851465,0,Inactive Customers,0.4930127745696768,Medium,454.55182239774143,179.3149016770293,2.534936127151616
23,23,12395.0,10.0,352.0,371.0,233.25799999999998,0.30085357105464383,237.77113077858377,2008.9440517431276,0,Inactive Customers,0.036270088917126,High,1936.0794723568729,401.78881034862553,4.818649555414369
24,24,12397.0,1.0,100.0,135.0,1088.14,0.12894554433133923,1322.4436237024913,4767.017674166544,0,Inactive Customers,0.4360052070146821,High,2688.5731462989115,953.4035348333088,2.8199739649265894
25,25,12399.0,3.0,142.0,261.0,253.53333333333333,0.1543241596293663,270.47854841814075,1170.799385674251,0,Inactive Customers,0.3334121037401957,Medium,780.4406994388702,234.1598771348502,3.332939481299021
26,26,12406.0,1.0,161.0,183.0,1794.05,0.10787708029083806,2177.4754585803,6571.0433548627325,0,Inactive Customers,0.3208359802868974,High,4462.816218597644,1314.2086709725465,3.3958200985655127
27,27,12407.0,4.0,215.0,264.0,302.195,0.1886075259470201,316.9292187063018,1677.1118777853853,0,Inactive Customers,0.2426730183078695,High,1270.1220763632273,335.4223755570771,3.7866349084606528
28,28,12408.0,3.0,228.0,260.0,618.6533333333333,0.15678430063187576,658.1349547673427,2894.213232510249,0,Inactive Customers,0.2167366864339259,High,2266.9310466627558,578.8426465020498,3.91631656783037
29,29,12409.0,2.0,104.0,182.0,2371.595,0.15587266195092261,2600.1675371816,11354.735535622252,0,Inactive Customers,0.2109558533388692,High,8959.387611267877,2270.9471071244507,3.9452207333056535
30,30,12412.0,2.0,95.0,169.0,332.19,0.16365476906313065,365.93156471119806,1677.5509615359292,0,Inactive Customers,0.4929082052517025,High,850.6723278669866,335.5101923071859,2.535458973741487
31,31,12413.0,2.0,271.0,337.0,130.425,0.10027367687186202,144.89130003326966,407.49811924010606,0,Inactive Customers,0.2466325746531575,Medium,306.99580892559936,81.49962384802122,3.7668371267342127
32,32,12414.0,2.0,93.0,310.0,164.325,0.09992294167363995,182.02987695484558,510.0806474776223,1,Inactive Customers,0.5869301596954165,Medium,210.69893159603998,102.01612949552447,2.0653492015229173
33,33,12415.0,13.0,313.0,337.0,4860.857692307693,0.4085399525892322,4927.242196252177,56529.200350996485,3,High-Value Active Customers,5.242359841328238e-06,High,56528.9040045867,11305.840070199298,4.999973788200792
34,34,12417.0,8.0,354.0,357.0,351.645,0.2568589876877879,359.94998908389215,2596.188388999484,0,Inactive Customers,0.0388703117811009,High,2495.2737368765997,519.2376777998968,4.805648441094495
35,35,12421.0,3.0,304.0,319.0,169.86333333333334,0.13439617640326507,181.64416104073678,684.9610159060154,0,Inactive Customers,0.1069777739107334,Medium,611.6854112087555,136.99220318120308,4.465111130446333
36,36,12422.0,2.0,229.0,324.0,222.53,0.10304900119450405,245.79538933597627,710.3676382196414,0,Inactive Customers,0.3279591568901806,Medium,477.396066507059,142.0735276439283,3.360204215549097
37,37,12423.0,7.0,353.0,353.0,201.06857142857143,0.23219809673999645,206.74283098285133,1347.901640007049,0,Inactive Customers,0.056477077576166,High,1271.7760945193295,269.58032800140984,4.717614612119169
38,38,12427.0,2.0,350.0,371.0,194.91000000000003,0.09319852223935055,215.53676117745334,563.5090837595112,0,Inactive Customers,0.2093326846230465,Medium,445.54821444665953,112.70181675190224,3.9533365768847673
39,39,12428.0,6.0,258.0,283.0,331.20666666666665,0.2433529936848297,341.7509858925535,2334.2749055690806,0,Inactive Customers,0.0510392045330573,High,2215.135371227357,466.85498111381617,4.744803977334713
40,40,12429.0,3.0,356.0,365.0,750.3000000000001,0.12089286319282114,797.9072863510723,2707.093077650418,0,Inactive Customers,0.048987610449415,High,2574.479056512171,541.4186155300836,4.755061947752925
41,41,12431.0,12.0,313.0,373.0,398.28416666666664,0.3503577415213046,404.46783736688906,3979.9204937566547,2,High-Value Active Customers,0.0338179691728178,High,3845.327665188526,795.984098751331,4.8309101541359105
42,42,12432.0,1.0,130.0,172.0,1042.66,0.11075339454261321,1267.3560801767687,3925.972110173626,0,Inactive Customers,0.3668400449415899,High,2485.7683248381045,785.1944220347252,3.1657997752920504
43,43,12433.0,5.0,373.0,373.0,2187.474,0.17055119800153998,2267.2919820327074,10856.487494711031,2,High-Value Active Customers,0.0011430142486443,High,10844.078374814348,2171.2974989422064,4.994284928756778
44,44,12434.0,1.0,176.0,260.0,519.89,0.08139716799559325,634.1521415456795,1445.126240264057,0,Inactive Customers,0.426208229484799,Medium,829.201544019089,289.02524805281143,2.8689588525760046
45,45,12435.0,1.0,188.0,267.0,3596.5000000000005,0.08023855662103122,4360.688801323011,9796.436533312455,0,Inactive Customers,0.4346488210888908,High,5538.426943236056,1959.2873066624911,2.826755894555546
46,46,12437.0,14.0,330.0,331.0,293.4792857142857,0.44295515880530273,297.4463546965551,3699.9953517263725,2,High-Value Active Customers,0.0338223801446516,High,3574.8527024068394,739.9990703452745,4.830888099276742
47,47,12438.0,1.0,126.0,140.0,1696.78,0.12825885824149347,2059.6573988013415,7385.484621137408,0,Inactive Customers,0.4182090222082116,High,4296.8083191977485,1477.0969242274816,2.908954888958942
48,48,12444.0,4.0,150.0,171.0,486.2525,0.25564409866059656,509.37771410026954,3651.098217103482,0,Inactive Customers,0.24902623120875,High,2741.8789883252152,730.2196434206965,3.7548688439562494
49,49,12449.0,3.0,165.0,187.0,942.4533333333334,0.19787071004571258,1001.9209549203655,5557.645140091488,0,Inactive Customers,0.1935505756738131,High,4481.959723836011,1111.5290280182978,4.032247121630934
50,50,12450.0,1.0,17.0,173.0,96.0,0.08003850023151232,120.71637142434054,270.2478468306386,1,Inactive Customers,0.712356094570973,Low,77.73514609615037,54.04956936612772,1.4382195271451348
51,51,12451.0,4.0,314.0,324.0,1463.9150000000002,0.16171846645913526,1531.6108593299127,6951.57876304928,0,Inactive Customers,0.0127466101578009,High,6862.969698575443,1390.315752609856,4.936266949210995
52,52,12455.0,4.0,223.0,296.0,163.99,0.17276989894618677,172.42359244318664,835.951864396071,0,Inactive Customers,0.1394877636711363,High,719.3468082947461,167.1903728792142,4.302561181644318
53,53,12456.0,2.0,210.0,254.0,900.435,0.12445164829273554,988.4628521094558,3448.5259378544247,0,Inactive Customers,0.229854814049312,High,2655.8656496646668,689.705187570885,3.85072592975344
54,54,12457.0,5.0,173.0,239.0,292.01599999999996,0.23857089918987048,303.3289851954016,2030.3969111313097,0,Inactive Customers,0.3920989580607331,High,1234.2803978269924,406.07938222626194,3.0395052096963346
55,55,12458.0,1.0,213.0,284.0,425.48,0.07723206097362884,519.7982500711092,1124.1515773543995,0,Inactive Customers,0.3734820358884472,Medium,704.3011575968691,224.8303154708799,3.132589820557764
56,56,12462.0,1.0,285.0,303.0,343.48,0.07547947859058715,420.4759420432015,888.8490120059313,0,Inactive Customers,0.2587483021157574,Medium,658.8608393121281,177.76980240118627,3.7062584894212125
57,57,12463.0,3.0,188.0,241.0,295.40333333333336,0.16544903867270802,314.93290242186856,1461.3049979258128,0,Inactive Customers,0.2739508520439754,High,1060.9792486479166,292.26099958516255,3.630245739780123
58,58,12464.0,6.0,299.0,309.0,114.40833333333332,0.2276845650355212,118.46220560230094,757.1329835281477,0,Inactive Customers,0.156155696012446,Medium,638.90235551133,151.42659670562955,4.21922151993777
59,59,12465.0,1.0,152.0,169.0,271.25,0.11392336726070836,332.9875236425213,1060.999740950029,0,Inactive Customers,0.4599186291719662,Medium,573.0261945404806,212.1999481900058,2.7004068541401693
60,60,12468.0,1.0,129.0,316.0,472.95000000000005,0.06238500660080603,577.2961764379968,1008.7400531254533,1,Inactive Customers,0.5135087657086519,Medium,490.74319352412186,201.74801062509067,2.4324561714567405
61,61,12471.0,18.0,362.0,364.0,857.8688888888888,0.5161841239273476,866.4677302157855,12562.06882585759,2,High-Value Active Customers,0.0018084277215661,High,12539.351232352688,2512.413765171518,4.990957861392169
62,62,12472.0,6.0,337.0,369.0,746.1683333333334,0.19793417394488363,769.1356571333089,4274.515958224778,0,Inactive Customers,0.0185051235609304,High,4195.41551225466,854.9031916449557,4.907474382195348
63,63,12473.0,2.0,138.0,191.0,998.02,0.15181490685855153,1095.370463581196,4659.288050130924,0,Inactive Customers,0.2690057785384341,High,3405.912640770632,931.8576100261848,3.6549711073078295
64,64,12474.0,16.0,312.0,329.0,401.79,0.5019059954957431,406.4493521567169,5728.900835128755,2,High-Value Active Customers,0.0108591798504913,High,5666.689670614462,1145.780167025751,4.945704100747543
65,65,12476.0,9.0,346.0,361.0,644.6911111111111,0.2810274360540454,657.8460531571211,5191.549610939303,0,Inactive Customers,0.0289143595373278,High,5041.43927893273,1038.3099221878608,4.855428202313361
66,66,12477.0,5.0,279.0,301.0,2162.588,0.20168461118008071,2241.5065607048314,12688.46010316877,2,High-Value Active Customers,0.0168787919262847,High,12474.29422522242,2537.6920206337545,4.9156060403685755
67,67,12480.0,3.0,308.0,336.0,608.1933333333333,0.12899746464196635,647.0293291910591,2342.063270041524,0,Inactive Customers,0.0891691069896735,High,2133.2235797386065,468.4126540083048,4.554154465051632
68,68,12481.0,7.0,343.0,365.0,687.3057142857143,0.22599329345145078,705.4041205114565,4476.323834977891,0,Inactive Customers,0.0287443873392896,High,4347.654648809193,895.2647669955783,4.856278063303552
69,69,12483.0,7.0,322.0,339.0,223.3457142857143,0.23965498257593612,229.58919092746706,1544.8414874958844,0,Inactive Customers,0.0747749053187747,High,1429.3261115358646,308.9682974991769,4.626125473406126
70,70,12484.0,3.0,301.0,336.0,975.6833333333334,0.12895929337392914,1037.2020197291517,3753.2671689379713,0,Inactive Customers,0.0288374833185753,High,3645.032389563566,750.6534337875943,4.855812583407123
71,71,12488.0,2.0,66.0,75.0,345.635,0.2584490752893964,380.6610091569382,2752.1978387637696,0,Inactive Customers,0.5781752996007749,Medium,1160.945028775922,550.439567752754,2.1091235019961254
72,72,12490.0,9.0,324.0,329.0,453.96777777777777,0.30245450336164215,463.3537835985101,3935.0096769367497,0,Inactive Customers,0.0183954733204528,High,3862.6233114089364,787.0019353873499,4.908022633397737
73,73,12492.0,1.0,42.0,105.0,118.82,0.1412231723287027,148.3570429999119,585.4056119477576,0,Inactive Customers,0.6641593338971441,Low,196.6030106568849,117.08112238955152,1.6792033305142795
74,74,12493.0,1.0,32.0,197.0,183.24,0.07597647414212089,226.38561718476333,481.22972632075056,1,Inactive Customers,0.6819273600611101,Low,153.06600946791062,96.24594526415012,1.5903631996944494
75,75,12494.0,6.0,350.0,365.0,174.08333333333334,0.19976006390334872,179.92373881129316,1009.1461480043522,0,Inactive Customers,0.0950835510307904,Medium,913.1929487430549,201.82922960087046,4.524582244846048
76,76,12498.0,1.0,36.0,57.0,138.45,0.1970143949712385,172.1338345436659,946.5843977539989,0,Inactive Customers,0.6772172574799417,Low,305.54110793373354,189.3168795507998,1.6139137126002916
77,77,12500.0,8.0,284.0,333.0,237.78625,0.2709191629957719,243.55372770691335,1852.656516402888,0,Inactive Customers,0.1702416445338437,High,1537.2572242941183,370.5313032805776,4.148791777330781
78,78,12502.0,4.0,214.0,309.0,592.4925000000001,0.1667802350169067,620.4610883211252,2904.047799715912,0,Inactive Customers,0.1972610308746259,High,2331.192337034762,580.8095599431824,4.013694845626871
79,79,12504.0,1.0,12.0,30.0,32.65,0.24032407161427352,43.983832234487444,294.82103724077706,0,Inactive Customers,0.7428517032352271,Medium,75.8127275768895,58.96420744815541,1.2857414838238643
80,80,12507.0,2.0,164.0,298.0,36.125,0.10886092108424479,41.582515263222014,126.93534028337312,0,Inactive Customers,0.47962196622031,Medium,66.05436279381757,25.387068056674625,2.6018901688984495
81,81,12508.0,1.0,3.0,29.0,123.08,0.23849400343587757,153.51695802672762,1021.1473896036416,0,Inactive Customers,0.6809378119463887,Medium,325.8095204521714,204.22947792072833,1.5953109402680565
82,82,12510.0,1.0,183.0,325.0,217.51999999999998,0.06607203016630302,267.9071869310642,495.8275632499915,0,Inactive Customers,0.4374900000164307,Medium,278.9079625956059,99.1655126499983,2.812549999917846
83,83,12516.0,1.0,103.0,180.0,553.1800000000001,0.10379598790676682,674.4745761096923,1958.3119264195527,0,Inactive Customers,0.5476104570255607,Medium,885.9198373943353,391.66238528391057,2.2619477148721967
84,84,12517.0,3.0,162.0,190.0,518.63,0.1956852031225731,551.9378525788339,3027.8576287359747,0,Inactive Customers,0.165883239448153,High,2525.5867966934484,605.571525747195,4.170583802759235
85,85,12518.0,4.0,110.0,110.0,388.015,0.33323657868085355,406.6616657661082,3797.044444313853,0,Inactive Customers,0.3522761493871154,High,2459.4362484192297,759.4088888627707,3.2386192530644227
86,86,12520.0,4.0,194.0,273.0,362.21,0.18343502985481774,379.68024189779885,1954.1744406489445,0,Inactive Customers,0.2190148128817411,High,1526.1812911919349,390.8348881297889,3.9049259355912946
87,87,12522.0,1.0,12.0,51.0,85.32000000000001,0.19820888423201452,107.780246427535,596.1979742937443,0,Inactive Customers,0.7060868373506675,Low,175.23043218979984,119.23959485874887,1.4695658132466625
88,88,12523.0,10.0,312.0,331.0,155.487,0.3292969954192472,158.61969000433294,1466.6851837187814,0,Inactive Customers,0.0612087518797333,High,1376.9112142228576,293.3370367437563,4.6939562406013335
89,89,12524.0,7.0,324.0,333.0,481.63571428571424,0.2430849728203287,494.4789188398919,3374.750456881401,0,Inactive Customers,0.0411426851527994,High,3235.9041613646637,674.9500913762803,4.794286574236002
90,90,12526.0,2.0,94.0,94.0,344.18,0.23228127495305487,379.06700828906526,2464.014195012932,0,Inactive Customers,0.5029521526292874,High,1224.732951522057,492.8028390025864,2.485239236853563
91,91,12527.0,2.0,244.0,325.0,108.095,0.10298451081544756,120.42804272770054,347.8304512280759,0,Inactive Customers,0.2755692655268257,Low,251.97906925529065,69.56609024561519,3.622153672365871
92,92,12528.0,5.0,303.0,312.0,237.8,0.19626958426549543,247.15352900669612,1361.5647682718554,0,Inactive Customers,0.0801561929999776,High,1252.426919924287,272.3129536543711,4.599219035000113
93,93,12530.0,3.0,277.0,336.0,388.96000000000004,0.1287948840244652,414.26419402465723,1497.1643986272989,0,Inactive Customers,0.1411331906504531,High,1285.8648101207611,299.43287972545977,4.294334046747734
94,94,12535.0,1.0,95.0,186.0,344.9,0.0997306257757964,422.19591371880665,1177.905344582168,0,Inactive Customers,0.5801833391180858,Medium,494.5042885974463,235.58106891643362,2.0990833044095707
95,95,12539.0,3.0,311.0,333.0,1261.5666666666666,0.12993762947449558,1340.7310119375518,4888.367915783616,0,Inactive Customers,0.0546189398480525,High,4621.37044263628,977.6735831567232,4.726905300759737
96,96,12540.0,16.0,342.0,361.0,667.105,0.46643022519927346,674.6882400102623,8838.532294122333,2,High-Value Active Customers,0.0035440517003432,High,8807.20807871681,1767.7064588244666,4.982279741498284
97,97,12541.0,2.0,251.0,280.0,278.39,0.11591514917576756,306.99187626338727,997.7400763982178,0,Inactive Customers,0.248980888305776,Medium,749.3218658783167,199.54801527964355,3.75509555847112
98,98,12545.0,1.0,184.0,259.0,288.24,0.08221076875933062,353.56662136684025,813.7651664847318,0,Inactive Customers,0.4061872990606221,Medium,483.2240914406811,162.75303329694637,2.9690635046968894
99,99,12546.0,1.0,31.0,77.0,345.3,0.16773492208204094,422.68041278235745,1979.8596709868345,0,Inactive Customers,0.6215865562513455,Medium,749.2055162372061,395.9719341973669,1.8920672187432723
100,100,12547.0,1.0,83.0,280.0,20.4,0.0630904941615549,29.146048413245133,51.48985688566463,1,Inactive Customers,0.6185154689400589,Low,19.64258390837125,10.297971377132926,1.9074226552997053
101,101,12553.0,9.0,321.0,329.0,298.4411111111111,0.30243622171544393,304.75371171313213,2587.9497735877967,0,Inactive Customers,0.0471204220263072,High,2466.0044880734536,517.5899547175594,4.764397889868463
102,102,12556.0,1.0,101.0,151.0,290.81,0.11900826135455447,356.67952785015393,1186.922689923964,0,Inactive Customers,0.4896997292566895,Medium,605.6869700195773,237.38453798479281,2.551501353716553
103,103,12557.0,3.0,355.0,371.0,627.1133333333333,0.11930142041925001,667.1171337707232,2233.6176497685215,0,Inactive Customers,0.0851756954315125,High,2043.3677131213872,446.7235299537043,4.574121522842438
104,104,12559.0,1.0,9.0,319.0,75.60000000000001,0.02680595631019027,96.00691918325131,72.08480412921448,1,Inactive Customers,0.7100408753513707,Medium,20.901646705774926,14.416960825842896,1.4497956232431464
105,105,12560.0,1.0,138.0,143.0,625.7,0.12729460595710473,762.3142563314468,2713.0656658707007,0,Inactive Customers,0.4005686169955619,High,1626.296704274731,542.6131331741402,2.9971569150221904
106,106,12562.0,6.0,190.0,198.0,476.53,0.31486428854168425,491.4249679236906,4340.73865602994,0,Inactive Customers,0.1652990655367628,High,3623.2186124488876,868.1477312059881,4.173504672316186
107,107,12567.0,8.0,347.0,369.0,880.12,0.25006939501233033,900.2028394901972,6321.474707817886,2,High-Value Active Customers,0.0069178859018818,High,6277.74346705757,1264.2949415635774,4.96541057049059
108,108,12569.0,25.0,250.0,252.0,117.2004,0.928594755184743,118.17129992828416,3080.8778676917364,2,High-Value Active Customers,0.0811592629330744,High,2830.836090763053,616.1755735383473,4.5942036853346275
109,109,12571.0,1.0,82.0,121.0,271.26,0.1365412905042642,332.99963611911005,1270.7867196237814,0,Inactive Customers,0.5746670791894769,Medium,540.5074271848063,254.1573439247563,2.1266646040526154
110,110,12572.0,1.0,43.0,51.0,433.68,0.20826166450844133,529.7304808739,3078.878176608266,0,Inactive Customers,0.6223423712158704,Medium,1162.7618314930824,615.7756353216532,1.888288143920648
111,111,12576.0,4.0,269.0,304.0,250.52,0.1697311237116337,262.89840768538016,1252.2280272297944,0,Inactive Customers,0.1370469140724164,High,1080.6140403829613,250.4456054459589,4.314765429637918
112,112,12577.0,1.0,324.0,359.0,461.91,0.06579627064153083,563.9240022839955,1039.561568566417,0,Inactive Customers,0.1749437051058443,Medium,857.6968160757648,207.91231371328342,4.1252814744707775
113,113,12578.0,1.0,309.0,330.0,989.85,0.0706081733241456,1203.3900913114785,2380.155956304008,0,Inactive Customers,0.1762783023184102,High,1960.5861050736855,476.0311912608017,4.118608488407949
114,114,12582.0,1.0,50.0,288.0,186.2,0.051091324091372854,229.970910255039,329.0233031574271,1,Inactive Customers,0.6473291857515464,Low,116.03691623124561,65.80466063148542,1.7633540712422682
115,115,12583.0,14.0,371.0,373.0,407.2478571428572,0.4029289608392781,412.65007656455555,4669.873982319144,2,High-Value Active Customers,0.0114997914674816,High,4616.171405343056,933.9747964638287,4.942501042662593
116,116,12584.0,8.0,277.0,280.0,208.89000000000001,0.3100420549367326,214.013481851285,1862.6126333414943,0,Inactive Customers,0.1115608262750822,High,1654.8180289355105,372.5225266682989,4.442195868624589
117,117,12585.0,1.0,117.0,351.0,531.01,0.053080547126214885,647.6212155123909,963.0798945883348,1,Inactive Customers,0.4483991362256054,High,531.2357017386784,192.61597891766698,2.7580043188719725
118,118,12589.0,1.0,116.0,144.0,461.18,0.12489140959146894,563.0397914930153,1966.049244918518,0,Inactive Customers,0.5401535429198572,Medium,904.0807797208705,393.20984898370364,2.299232285400714
119,119,12592.0,1.0,121.0,213.0,187.8,0.09190532035101141,231.9089065092421,596.4310792412836,0,Inactive Customers,0.5447588724153185,Medium,271.51995704035045,119.28621584825672,2.2762056379234075
120,120,12593.0,2.0,110.0,218.0,91.05,0.1368831380463905,101.75467860887275,390.35003693233125,0,Inactive Customers,0.5568060843921044,Medium,173.00076132572653,78.07000738646626,2.2159695780394775
121,121,12594.0,8.0,285.0,322.0,365.40250000000003,0.27828628412891415,374.01409540768185,2922.275568268566,0,Inactive Customers,0.0893889536321298,High,2661.0564129963013,584.4551136537133,4.55305523183935
122,122,12596.0,1.0,191.0,242.0,236.32,0.0876549224422704,290.67864291795036,713.2141023721365,0,Inactive Customers,0.4136528443391013,Medium,418.1910603031432,142.6428204744273,2.931735778304493
123,123,12597.0,3.0,249.0,268.0,904.1733333333333,0.15340396891213778,961.2781875149988,4136.378904772277,0,Inactive Customers,0.0995588897528226,High,3724.5656134161527,827.2757809544554,4.502205551235887
124,124,12598.0,6.0,275.0,284.0,365.7033333333333,0.24283093316615542,377.28040397270206,2571.4373126478295,0,Inactive Customers,0.0854448112914953,High,2351.721336720726,514.2874625295659,4.572775943542523
125,125,12599.0,6.0,275.0,304.0,120.45333333333333,0.23042084026678336,124.68817909619887,806.4844291050625,0,Inactive Customers,0.1324611789082495,Medium,699.6565508546594,161.29688582101252,4.337694105458752
126,126,12600.0,9.0,343.0,371.0,250.28222222222223,0.27486259288587456,255.64314178065942,1973.2792971693925,0,Inactive Customers,0.0704510884083369,High,1834.2596229501708,394.6558594338785,4.647744557958315
127,127,12601.0,4.0,143.0,332.0,80.2125,0.15172072493536096,84.82676089397984,361.2176063770635,1,Inactive Customers,0.4443792582326557,Medium,200.69999439464857,72.2435212754127,2.7781037088367206
128,128,12604.0,1.0,182.0,261.0,75.67999999999999,0.08151751121316848,96.10381899596145,219.33021907719086,0,Inactive Customers,0.4515911426455199,Low,120.28263482743003,43.866043815438175,2.7420442867724004
129,129,12609.0,2.0,240.0,318.0,356.46000000000004,0.10476275447104631,392.52015650726446,1153.2404507484591,0,Inactive Customers,0.2719038179183641,Medium,839.6699692120579,230.64809014969182,3.6404809104081792
130,130,12610.0,3.0,104.0,126.0,298.6133333333333,0.2531572762314458,318.34103417137806,2257.7780888543243,0,Inactive Customers,0.4262149307464903,High,1295.4793570723352,451.5556177708649,2.8689253462675484
131,131,12613.0,2.0,205.0,262.0,1171.3600000000001,0.12149114509567338,1285.2701958403695,4377.602996936594,0,Inactive Customers,0.1495737135164451,High,3722.828660384068,875.5205993873187,4.252131432417774
132,132,12615.0,3.0,166.0,168.0,504.15000000000003,0.2125675535576146,536.564099391015,3196.8165610267833,0,Inactive Customers,0.2207776369046447,High,2491.030955065657,639.3633122053567,3.896111815476776
133,133,12616.0,1.0,202.0,297.0,421.7,0.07352885443825798,515.2197339205544,1060.9331496804275,0,Inactive Customers,0.4099276339637476,Medium,626.0273338382233,212.18662993608552,2.950361830181261
134,134,12619.0,7.0,237.0,253.0,252.21428571428572,0.29939422423737594,259.1954011211822,2177.930005811497,0,Inactive Customers,0.1143110403455908,High,1928.968561047306,435.5860011622994,4.428444798272046
135,135,12620.0,2.0,190.0,204.0,370.875,0.14579334809981911,408.31226819825315,1668.1182714638696,0,Inactive Customers,0.3046705411010285,High,1159.8917750764601,333.62365429277395,3.476647294494857
136,136,12621.0,16.0,364.0,365.0,710.56,0.46252655643262186,718.6221332001529,9335.405439484084,2,High-Value Active Customers,0.0034895683175657,High,9302.82890443083,1867.0810878968168,4.9825521584121715
137,137,12624.0,1.0,71.0,177.0,305.19,0.09941094629997593,374.0972691848041,1040.2508475928958,0,Inactive Customers,0.6016457373168372,Medium,414.3883593984031,208.05016951857917,1.9917713134158137
138,138,12625.0,1.0,108.0,319.0,823.2,0.05835310185766647,1001.5356689596391,1636.9682320513543,1,Inactive Customers,0.4314928232521879,High,930.6281880293727,327.3936464102709,2.84253588373906
139,139,12626.0,8.0,303.0,326.0,625.3100000000001,0.27577681058939785,639.7140201287694,4953.270121592356,0,Inactive Customers,0.0200554855704755,High,4853.929884142093,990.6540243184713,4.899722572147622
140,140,12627.0,5.0,130.0,140.0,672.312,0.3417819378101635,697.3695135770593,6682.155617702868,0,Inactive Customers,0.1956578511106564,High,5374.739408756124,1336.4311235405737,4.021710744446718
141,141,12628.0,2.0,60.0,64.0,208.41,0.2768510436272126,230.32645995153223,1783.4526666343754,0,Inactive Customers,0.6007844096416244,Medium,711.9821091866614,356.6905333268751,1.996077951791878
142,142,12630.0,1.0,34.0,43.0,432.14,0.2202646479883442,527.8651594792294,3244.1576872063933,0,Inactive Customers,0.6270135604218614,Medium,1210.0268251811613,648.8315374412787,1.864932197890693
143,143,12633.0,3.0,229.0,287.0,341.72,0.14538894676721403,364.1083859726844,1485.0646276361576,0,Inactive Customers,0.1708373085210532,High,1231.3601836709765,297.0129255272315,4.145813457394735
144,144,12635.0,1.0,65.0,154.0,879.54,0.1107938652999759,1069.777362060765,3314.3228674450656,0,Inactive Customers,0.5126013825204634,High,1615.3963834735384,662.8645734890132,2.4369930873976826
145,145,12637.0,6.0,256.0,323.0,720.895,0.219395434154544,743.1056979214346,4576.815721273455,0,Inactive Customers,0.0393784185296427,High,4396.5879562681,915.3631442546911,4.803107907351786
146,146,12640.0,2.0,58.0,81.0,159.995,0.24893467621679355,177.2862180147151,1234.7389010026811,0,Inactive Customers,0.6186284068322578,Medium,470.8943418215796,246.94778020053624,1.9068579658387108
147,147,12642.0,2.0,82.0,107.0,287.40500000000003,0.21644475103157498,316.86810844474445,1919.6789984850857,0,Inactive Customers,0.5584757574129463,Medium,847.5848158164013,383.93579969701716,2.207621212935268
148,148,12643.0,3.0,92.0,220.0,375.56,0.17253475743360258,400.0371019862059,1935.3958543095232,0,Inactive Customers,0.5579974126080988,High,855.4499752323684,387.0791708619047,2.210012936959506
149,149,12645.0,3.0,283.0,316.0,426.6266666666667,0.13528498148416437,454.25577114766685,1724.2528613946893,0,Inactive Customers,0.1310886583850198,High,1498.222867077928,344.8505722789379,4.344556708074901
150,150,12646.0,1.0,45.0,49.0,615.28,0.21201391428184518,749.6930557259492,4435.607198625475,0,Inactive Customers,0.6049256085124274,High,1752.3948148748561,887.121439725095,1.975371957437863
151,151,12647.0,10.0,347.0,369.0,278.097,0.3021344814185288,283.40602621359983,2404.695282114994,0,Inactive Customers,0.0557163508109727,High,2270.714436183184,480.9390564229988,4.721418245945136
152,152,12649.0,1.0,105.0,212.0,230.51000000000002,0.0901181679735649,283.6412940198755,715.2852905826596,0,Inactive Customers,0.5377286934769128,Medium,330.65586581439214,143.05705811653192,2.311356532615436
153,153,12653.0,1.0,148.0,296.0,1430.75,0.06945930912203166,1737.4291841103138,3379.651279666337,1,Inactive Customers,0.4525374754379587,High,1850.232421705466,675.9302559332674,2.7373126228102063
154,154,12654.0,3.0,285.0,295.0,127.12666666666667,0.14275483070454337,136.2696468554176,545.748611370989,0,Inactive Customers,0.1427139004238798,Medium,467.86269839131904,109.14972227419781,4.286430497880601
155,155,12656.0,4.0,216.0,233.0,766.3050000000001,0.20694341503071742,802.1975245199436,4656.82413807363,0,Inactive Customers,0.1895347597116408,High,3774.1940940444756,931.364827614726,4.052326201441796
156,156,12657.0,2.0,67.0,78.0,335.37,0.25382163392732543,369.4153604224256,2623.2178777260956,0,Inactive Customers,0.5474098158417874,High,1187.2426623671693,524.6435755452192,2.262950920791063
157,157,12662.0,9.0,373.0,373.0,363.3722222222222,0.27385142379240135,370.9679443623221,2852.9427140026814,0,Inactive Customers,0.0214422791120732,High,2791.7691200382806,570.5885428005363,4.892788604439635
158,158,12664.0,8.0,314.0,322.0,476.2875,0.27855162852069,487.3703323485081,3811.5900658255837,0,Inactive Customers,0.0750868489190687,High,3525.389778411515,762.3180131651168,4.624565755404657
159,159,12668.0,3.0,344.0,355.0,926.4266666666666,0.12359001352260787,984.905069716168,3415.929988184861,0,Inactive Customers,0.0625561430379989,High,3202.2425832361787,683.1859976369723,4.687219284810005
160,160,12669.0,1.0,106.0,256.0,382.48,0.0748523662523353,467.7146007394015,980.1076950046116,1,Inactive Customers,0.4548455057904065,High,534.3101147411696,196.02153900092233,2.725772471047968
161,161,12670.0,4.0,222.0,232.0,541.25,0.20763987870812609,566.8824945380661,3301.8536517672,0,Inactive Customers,0.214945813261522,High,2592.1340333175726,660.3707303534401,3.925270933692389
162,162,12673.0,1.0,321.0,326.0,353.62,0.07163771060203834,432.75799330421347,868.3974474877964,0,Inactive Customers,0.2346365280931215,Medium,664.6396854043311,173.6794894975593,3.826817359534392
163,163,12674.0,3.0,169.0,207.0,431.2866666666667,0.18443610652828285,459.20340166253123,2374.6524468692032,0,Inactive Customers,0.3023023913307766,High,1656.7893336011634,474.93048937384066,3.4884880433461176
164,164,12676.0,5.0,287.0,311.0,124.378,0.19666880562013483,129.63226975047368,715.591379065786,0,Inactive Customers,0.1305447693969477,Medium,622.1746675031992,143.1182758131572,4.347276153015262
165,165,12678.0,7.0,311.0,353.0,1677.797142857143,0.2319212037726562,1721.2042096123694,11208.356690495626,2,High-Value Active Customers,0.009925135640072,High,11097.112230040148,2241.6713380991255,4.950374321799639
166,166,12679.0,3.0,225.0,283.0,76.32000000000001,0.14693305302142903,82.32702574843417,339.3401698255681,0,Inactive Customers,0.2457914532008842,Medium,255.93325635470688,67.86803396511363,3.7710427339955785
167,167,12680.0,3.0,113.0,113.0,171.67666666666665,0.2696567734629216,183.5694192668356,1386.55388537568,0,Inactive Customers,0.4596295835653891,Medium,749.252700449484,277.310777075136,2.7018520821730547
168,168,12681.0,19.0,353.0,367.0,600.2115789473685,0.5388332241342826,605.9666553458233,9170.97231036509,2,High-Value Active Customers,0.0019676307751354,High,9152.927223009301,1834.1944620730183,4.990161846124322
169,169,12682.0,26.0,368.0,371.0,397.74384615384616,0.715776794757964,400.57171326320025,8053.694567349808,2,High-Value Active Customers,0.0032622811803943,High,8027.421151130098,1610.7389134699615,4.9836885940980284
170,170,12683.0,10.0,361.0,365.0,666.249,0.3048986972653333,678.4477517849184,5809.207030017959,2,High-Value Active Customers,0.008820658336032,High,5757.965999602896,1161.8414060035918,4.95589670831984
171,171,12684.0,5.0,206.0,213.0,313.738,0.2600021893359133,325.83605431394705,2376.573450726784,0,Inactive Customers,0.2114728368684457,High,1873.9927210753594,475.3146901453568,3.9426358156577708
172,172,12685.0,5.0,65.0,93.0,415.968,0.42776152292532477,431.7608161217412,5174.890438266446,0,Inactive Customers,0.4135196264749713,High,3034.9716771856047,1034.9780876532893,2.9324018676251433
173,173,12689.0,1.0,102.0,127.0,664.58,0.13469861341558761,809.4075653085815,3047.462369513208,0,Inactive Customers,0.5116572170446784,High,1488.2062544796988,609.4924739026417,2.4417139147766083
174,174,12691.0,4.0,329.0,357.0,191.45,0.14975422336606248,201.1354660887504,845.4835436818647,0,Inactive Customers,0.1703104495808967,Medium,701.4888612441566,169.09670873637296,4.1484477520955165
175,175,12693.0,3.0,192.0,319.0,195.28666666666666,0.13292974268123828,208.6367060599575,778.1626485672517,0,Inactive Customers,0.3161175763006545,Medium,532.1717581344741,155.63252971345037,3.4194121184967265
176,176,12694.0,1.0,113.0,183.0,376.16999999999996,0.10367878564651897,460.07162801188804,1334.3422376584242,0,Inactive Customers,0.5305077080221546,Medium,626.4633954411005,266.86844753168486,2.3474614598892267
177,177,12695.0,3.0,203.0,210.0,164.28333333333333,0.18295684489512978,175.71974510233693,901.4229608303201,0,Inactive Customers,0.262114581852277,Medium,665.1468583802393,180.28459216606404,3.6894270907386146
178,178,12697.0,2.0,141.0,169.0,223.545,0.1651006065007194,246.90735557713847,1141.9047532789523,0,Inactive Customers,0.43867496535804,Medium,640.9797251921267,228.38095065579046,2.8066251732098
179,179,12700.0,3.0,208.0,215.0,1180.52,0.17997682862501274,1254.6818786482725,6331.791116546884,0,Inactive Customers,0.0950995786099839,High,5729.640449516836,1266.3582233093769,4.524502106950081
180,180,12701.0,1.0,163.0,242.0,424.63,0.0858388184260488,518.7686895610638,1246.4876366116123,0,Inactive Customers,0.4279685588780643,Medium,713.0301191116163,249.29752732232248,2.8601572056096782
181,181,12704.0,6.0,162.0,169.0,237.72166666666666,0.3498698044240347,245.4672585018098,2408.703659978137,0,Inactive Customers,0.2642462209401959,High,1772.2128204640956,481.74073199562736,3.6787688952990205
182,182,12705.0,7.0,342.0,357.0,812.3271428571428,0.2300596782803329,833.6200491091892,5384.980375075601,0,Inactive Customers,0.0122051213808455,High,5319.256035964332,1076.9960750151201,4.938974393095773
183,183,12708.0,9.0,339.0,368.0,244.5188888888889,0.27664516494506936,249.76591763282158,1940.3972937085996,0,Inactive Customers,0.0436974137359554,High,1855.6069503532867,388.0794587417199,4.781512931320223
184,184,12709.0,14.0,351.0,366.0,645.2728571428571,0.40898577866648467,653.6776780656171,7508.5646261743395,2,High-Value Active Customers,0.0171787581475901,High,7379.57681042574,1501.712925234868,4.91410620926205
185,185,12710.0,2.0,105.0,201.0,188.02999999999997,0.14517573961913172,207.99949246888565,846.1379492198625,0,Inactive Customers,0.462092558940693,Medium,455.1438990480261,169.2275898439725,2.689537205296535
186,186,12712.0,12.0,343.0,371.0,312.1333333333334,0.35259489628863877,317.04644328152557,3139.603500724302,0,Inactive Customers,0.0647973768767769,High,2936.1654294442214,627.9207001448605,4.676013115616115
187,187,12714.0,4.0,285.0,294.0,854.14,0.1742928169614211,894.0368333931443,4372.672467318238,0,Inactive Customers,0.0431201418633451,High,4184.122210205533,874.5344934636477,4.784399290683274
188,188,12716.0,1.0,130.0,133.0,339.59000000000003,0.13308587859085855,415.76418865017024,1546.780571686337,0,Inactive Customers,0.4647032964677769,Medium,827.9865411113838,309.3561143372674,2.676483517661116
189,189,12717.0,1.0,94.0,245.0,321.24,0.07622032280515158,393.5377941097787,839.6536136480554,1,Inactive Customers,0.5443707285202813,Medium,382.57076428177663,167.9307227296111,2.278146357398593
190,190,12719.0,1.0,60.0,65.0,325.35,0.1903095484094105,398.5160219877629,2117.3193203666374,0,Inactive Customers,0.6175308113463607,Medium,809.8094025813028,423.4638640733275,1.9123459432681966
191,191,12720.0,20.0,367.0,369.0,232.90900000000002,0.5626620267570382,235.1426443291452,3716.1876348674064,2,High-Value Active Customers,0.0075913147682423,High,3687.9768847932783,743.2375269734813,4.962043426158789
192,192,12721.0,5.0,323.0,354.0,413.33600000000007,0.17767638955914364,429.03369127504146,2140.015433411615,0,Inactive Customers,0.0561462159308838,High,2019.8616647918627,428.00308668232304,4.719268920345581
193,193,12722.0,3.0,65.0,150.0,214.27,0.2247471703972988,228.7917531144301,1440.9652074698315,0,Inactive Customers,0.5316271997199671,Medium,674.9089093287436,288.1930414939663,2.3418640014001646
194,194,12723.0,2.0,62.0,65.0,203.82999999999998,0.27512126303005086,225.30891770077062,1733.73639427777,0,Inactive Customers,0.5165286138798435,Medium,838.2119377084356,346.747278855554,2.4173569306007825
195,195,12724.0,3.0,327.0,332.0,262.17,0.13031791258437792,279.6482985354609,1022.5899222577411,0,Inactive Customers,0.0896577762256855,Medium,930.9067838373154,204.51798445154824,4.551711118871572
196,196,12726.0,6.0,329.0,357.0,376.46999999999997,0.2032464946081441,388.36940004950947,2216.2164174652607,0,Inactive Customers,0.049860790620788,High,2105.7141147036727,443.24328349305216,4.750696046896061
197,197,12727.0,5.0,310.0,320.0,606.8399999999999,0.19245332819241484,629.5312468737441,3400.766947841556,0,Inactive Customers,0.074138262002493,High,3148.6399968530604,680.1533895683112,4.629308689987535
198,198,12728.0,3.0,261.0,332.0,170.59666666666666,0.12989542581108368,182.42275811746794,664.902686716065,0,Inactive Customers,0.1936007148124104,Medium,536.1770512871426,132.980537343213,4.0319964259379475
199,199,12731.0,10.0,341.0,364.0,1623.5549999999998,0.3054375657357298,1652.7460012845386,14176.596542975685,2,High-Value Active Customers,0.0061418388635654,High,14089.52617137495,2835.319308595137,4.9692908056821725
200,200,12735.0,1.0,22.0,337.0,405.8,0.029194247244858036,495.9608961444113,405.61107786676246,1,Inactive Customers,0.671566675052382,Medium,133.216194939368,81.12221557335249,1.6421666247380902
201,201,12744.0,3.0,262.0,318.0,2281.306666666667,0.1344555285648141,2423.4127160636895,9142.42401556427,0,Inactive Customers,0.0427230527325116,High,8751.831752244336,1828.484803112854,4.786384736337441
202,202,12747.0,10.0,367.0,369.0,382.15,0.30226236220810715,389.30597435472083,3304.65265807909,0,Inactive Customers,0.0421155437039278,High,3165.475414631459,660.930531615818,4.789422281480361
203,203,12748.0,111.0,373.0,373.0,264.9281981981982,2.906970914860014,265.3781631758578,21671.398185252474,3,High-Value Active Customers,4.845791817982942e-10,High,21671.398174750968,4334.279637050495,4.999999997577104
204,204,12749.0,3.0,210.0,213.0,1060.5933333333335,0.18118784183320308,1127.3529439817557,5727.4139664640425,0,Inactive Customers,0.1196022234200661,High,5042.402521627803,1145.4827932928085,4.401988882899669
205,205,12753.0,5.0,340.0,362.0,3411.8559999999998,0.1745954248528146,3535.9251788609427,17331.859246454762,2,High-Value Active Customers,0.0044739441543288,High,17254.317476095435,3466.3718492909525,4.9776302792283555
206,206,12754.0,2.0,73.0,308.0,190.905,0.096916405119853,211.14915054114323,573.8686436583297,1,Inactive Customers,0.5771809912461479,Medium,242.64257106653255,114.77372873166594,2.1140950437692605
207,207,12757.0,6.0,196.0,211.0,569.8616666666667,0.3012745733984392,587.5507715312972,4966.276916092195,0,Inactive Customers,0.0554700830954735,High,4690.7971228814295,993.2553832184391,4.722649584522633
208,208,12758.0,1.0,160.0,276.0,1221.4,0.0757410488810176,1483.85448672443,3146.9231057139973,0,Inactive Customers,0.3151160947812016,High,2155.2769860646717,629.3846211427995,3.4244195260939914
209,209,12759.0,2.0,223.0,275.0,464.41999999999996,0.1172705464792257,510.7939253701948,1679.4638250025826,0,Inactive Customers,0.2569105964368628,High,1247.9917720270341,335.89276500051653,3.715447017815686
210,210,12762.0,1.0,18.0,25.0,1296.93,0.25443215241951433,1575.340022399404,11177.525546937464,0,Inactive Customers,0.6085166729333575,High,4375.814889487471,2235.505109387493,1.957416635333212
211,211,12763.0,1.0,231.0,369.0,174.0,0.06085692047940232,215.19368881674055,366.94012965251386,0,Inactive Customers,0.3742650771371714,Medium,229.6072537233921,73.38802593050278,3.128674614314143
212,212,12766.0,6.0,363.0,366.0,912.7233333333334,0.19937395265261365,940.676933440367,5265.837148328984,0,Inactive Customers,0.0183516273796144,High,5169.20046714112,1053.1674296657968,4.908241863101928
213,213,12775.0,4.0,294.0,311.0,269.91,0.16689993721152938,283.17237818747344,1326.3431348779066,0,Inactive Customers,0.1413641204174052,High,1138.8458042442276,265.2686269755813,4.293179397912975
214,214,12778.0,5.0,293.0,312.0,114.75,0.19621426114945664,119.65629785684712,658.9987907900021,0,Inactive Customers,0.1510968183619449,Medium,559.4261701972638,131.79975815800043,4.244515908190275
215,215,12779.0,7.0,334.0,371.0,533.3142857142858,0.22296131466573904,547.4779614842728,3427.6246002455377,0,Inactive Customers,0.0476375911961932,High,3264.340820765026,685.5249200491075,4.761812044019035
216,216,12781.0,1.0,221.0,284.0,237.48000000000002,0.07761358664588398,292.0836902022476,634.8008461474831,0,Inactive Customers,0.3595230812662333,Medium,406.57528995012785,126.96016922949661,3.2023845936688335
217,217,12782.0,4.0,353.0,357.0,389.855,0.14985401543981566,408.58554950637904,1718.6554162513926,0,Inactive Customers,0.082700345276569,High,1576.522019915957,343.7310832502785,4.5864982736171545
218,218,12783.0,3.0,73.0,75.0,337.6166666666666,0.33101249637020574,359.75178142061134,3333.6344822438023,0,Inactive Customers,0.5130032696132717,High,1623.4690931571856,666.7268964487605,2.4349836519336416
219,219,12787.0,2.0,183.0,192.0,137.78,0.15200590436974243,152.94894703203633,651.4112093124024,0,Inactive Customers,0.4164996677750795,Medium,380.098657048824,130.2822418624805,2.917501661124602
220,220,12793.0,1.0,37.0,371.0,357.68,0.02909290240307572,437.67565879925377,356.7800171320488,1,Inactive Customers,0.6675765229843746,Medium,118.60205382473004,71.35600342640976,1.6621173850781268
221,221,12794.0,1.0,45.0,98.0,543.41,0.14883130859783886,662.6406864824647,2755.2311304789505,0,Inactive Customers,0.6196716767617376,Medium,1047.8924359889213,551.0462260957901,1.901641616191312
222,222,12808.0,2.0,332.0,368.0,177.125,0.09373412036958559,196.05270245915747,515.5073584264812,0,Inactive Customers,0.1958155445525674,Medium,414.5630043153443,103.10147168529625,4.0209222772371636
223,223,12811.0,1.0,23.0,284.0,247.6,0.04087341659724375,304.34151651008204,348.3329669134171,1,Inactive Customers,0.6854450030653586,Medium,109.56987533968447,69.66659338268343,1.5727749846732069
224,224,12815.0,1.0,51.0,198.0,368.1,0.08336818758013086,450.29685940475133,1050.3372623765222,1,Inactive Customers,0.6265166739050503,Medium,392.2834542738474,210.06745247530444,1.8674166304747486
225,225,12816.0,1.0,81.0,176.0,196.60000000000002,0.10209314151247623,242.56788590735903,692.6976124758953,0,Inactive Customers,0.6128276028897512,Medium,268.19339509483854,138.53952249517906,1.9358619855512438
226,226,12820.0,3.0,323.0,326.0,257.29333333333335,0.13219662856829437,274.47062797519874,1018.0962536153038,0,Inactive Customers,0.0528838537584851,Medium,964.2554002270505,203.61925072306076,4.735580731207574
227,227,12822.0,1.0,17.0,87.0,257.98,0.1496886254289835,316.91426720922453,1325.0169764909074,0,Inactive Customers,0.6642262760336731,Medium,444.90588451495495,265.0033952981815,1.6788686198316343
228,228,12823.0,4.0,222.0,296.0,363.375,0.17275254568311266,380.89835307030734,1846.5031498523026,0,Inactive Customers,0.5682981971325191,High,797.1387387917214,369.30062997046053,2.1585090143374046
229,229,12826.0,6.0,363.0,365.0,219.95333333333335,0.1998140126952142,227.1669818493572,1274.465492130785,0,Inactive Customers,0.0866151054228546,High,1164.0775291720868,254.893098426157,4.566924472885727
230,230,12827.0,2.0,39.0,44.0,106.2,0.31752674935856945,118.35200723311688,1050.589058584354,0,Inactive Customers,0.6587436345243329,Medium,358.5202037409993,210.11781171687082,1.7062818273783351
231,231,12828.0,5.0,128.0,130.0,154.952,0.3573165482231512,161.31126483519924,1615.7557662114436,0,Inactive Customers,0.4229221069894471,Medium,932.4169331849514,323.15115324228873,2.8853894650527647
232,232,12829.0,1.0,24.0,360.0,76.5,0.026206115937869527,97.09704207624053,71.29183424676371,1,Inactive Customers,0.6637322686331647,Low,23.973143367139688,14.258366849352743,1.6813386568341764
233,233,12830.0,3.0,80.0,171.0,389.7333333333333,0.20693357131640885,415.08526003284635,2407.5760830431823,0,Inactive Customers,0.6329181565462969,High,883.7774668185372,481.5152166086365,1.8354092172685155
234,234,12832.0,1.0,66.0,98.0,115.23,0.1535926338013195,144.00866390454377,617.9376358545986,0,Inactive Customers,0.6271094116022389,Medium,230.42312862694274,123.58752717091973,1.8644529419888056
235,235,12836.0,3.0,252.0,311.0,543.5233333333333,0.136754484432312,578.3676842562353,2219.143432882013,0,Inactive Customers,0.16362889533985,High,1856.0274443588464,443.82868657640256,4.18185552330075
236,236,12838.0,1.0,340.0,373.0,275.39,0.06388003080203791,338.00208895027174,604.9937897187484,0,Inactive Customers,0.1736170472701759,Medium,499.9565543309856,120.9987579437497,4.13191476364912
237,237,12839.0,13.0,365.0,367.0,399.1392307692308,0.382043782179729,404.85239361060184,4343.989992499859,2,High-Value Active Customers,0.0089065887269441,High,4305.299860202702,868.7979984999719,4.955467056365279
238,238,12840.0,3.0,83.0,226.0,624.2333333333332,0.1674804333276636,664.0593707057425,3118.769778003006,0,Inactive Customers,0.4194719589686456,High,1810.5333096518775,623.7539556006013,2.902640205156772
239,239,12841.0,23.0,367.0,371.0,158.40652173913043,0.6379898889319512,159.7773391238463,2863.250146316206,2,High-Value Active Customers,0.0127581861458885,High,2826.7202679672614,572.6500292632412,4.936209069270557
240,240,12842.0,1.0,238.0,308.0,808.26,0.07283383904551122,983.4396289360178,2006.1129920906656,0,Inactive Customers,0.340665904108674,Medium,1322.698695895942,401.22259841813315,3.29667047945663
241,241,12843.0,7.0,199.0,264.0,229.83714285714285,0.28907184378048995,236.2464860145732,1916.7701571537225,0,Inactive Customers,0.2063516684854769,High,1521.241437121882,383.3540314307445,3.9682416575726154
242,242,12844.0,1.0,101.0,130.0,151.08,0.13247379895664796,187.43189247528147,694.0686982624708,0,Inactive Customers,0.5556470759424753,Low,308.4114555697287,138.81373965249415,2.2217646202876233
243,243,12845.0,2.0,23.0,290.0,40.1,0.0826948797786677,45.937259902256365,106.51773764594009,1,Inactive Customers,0.6945767874805876,Low,32.532989622122976,21.30354752918802,1.527116062597062
244,244,12849.0,1.0,237.0,268.0,346.39,0.08232089277066088,424.00067273053327,977.2604655837029,0,Inactive Customers,0.3213129471517889,Medium,663.254025252074,195.45209311674057,3.393435264241056
245,245,12853.0,2.0,181.0,315.0,764.8499999999999,0.10448395117907928,839.9249774217897,2461.124782525912,0,Inactive Customers,0.2769764670026719,High,1779.4511354091655,492.22495650518243,3.61511766498664
246,246,12854.0,2.0,240.0,318.0,467.3,0.10476275447104631,513.9490611086651,1510.0035936211468,0,Inactive Customers,0.2232253520260634,High,1172.9325098744455,302.0007187242294,3.8838732398696827
247,247,12856.0,5.0,56.0,63.0,357.238,0.5117016792552163,370.9082164839465,5315.338732589534,0,Inactive Customers,0.3314256630157628,High,3553.699068987683,1063.0677465179067,3.342871684921186
248,248,12857.0,1.0,92.0,302.0,304.8,0.059279132065036176,373.6248825978421,620.2863687991043,1,Inactive Customers,0.5673336007671154,Medium,268.37706968154953,124.05727375982086,2.163331996164423
249,249,12865.0,1.0,97.0,123.0,536.0,0.13703712077328803,653.6653413301867,2503.6470267360023,0,Inactive Customers,0.4827992214750715,High,1294.888191379483,500.7294053472005,2.5860038926246425
250,250,12867.0,6.0,334.0,360.0,612.3383333333333,0.2019105132353825,631.2990925860206,3578.846335828809,0,Inactive Customers,0.0101827991997096,High,3542.403662224448,715.7692671657619,4.949086004001452
251,251,12868.0,5.0,188.0,373.0,280.75200000000007,0.16456067861044196,291.6578855475195,1347.4941934820495,1,Inactive Customers,0.2386783758120653,High,1025.876467965565,269.4988386964099,3.8066081209396736
252,252,12871.0,1.0,123.0,207.0,248.64,0.09449565704743447,305.60121407531403,808.0543856862812,0,Inactive Customers,0.5582825055350917,Medium,356.93175863672474,161.61087713725624,2.2085874723245413
253,253,12872.0,1.0,39.0,365.0,221.44,0.03073349329856313,272.65527775386175,234.7851929218474,1,Inactive Customers,0.6294384319880354,Medium,87.00236923511139,46.957038584369485,1.852807840059823
254,254,12876.0,1.0,139.0,196.0,1386.5900000000001,0.10061051475556249,1683.940487494309,4740.122356086131,0,Inactive Customers,0.3667216650048223,High,3001.816793335644,948.0244712172262,3.166391674975889
255,255,12877.0,11.0,355.0,358.0,125.97363636363637,0.3363261620272797,128.34147524777055,1212.2008677862393,0,Inactive Customers,0.0436321147107224,High,1159.309980470553,242.44017355724787,4.781839426446388
256,256,12878.0,1.0,30.0,266.0,539.8100000000001,0.04911149653025333,658.2801949105078,905.1490176718253,1,Inactive Customers,0.6443959112586902,Medium,321.8746916042811,181.02980353436507,1.7780204437065485
257,257,12879.0,2.0,47.0,91.0,216.35999999999999,0.23416239801529473,239.0359492296009,1566.28754661297,0,Inactive Customers,0.6515819167042156,Medium,545.7229048809476,313.257509322594,1.742090416478922
258,258,12882.0,1.0,24.0,33.0,991.1999999999999,0.23770622996710258,1205.0252756509622,7989.9624295108015,0,Inactive Customers,0.745833659442726,High,2030.7795118988672,1597.9924859021603,1.2708317027863703
259,259,12883.0,1.0,65.0,89.0,411.84000000000003,0.16243312866163254,503.27683200402794,2283.442691463516,0,Inactive Customers,0.5307122527650107,Medium,1071.5916766171142,456.68853829270324,2.3464387361749464
260,260,12885.0,1.0,60.0,123.0,495.96999999999997,0.13083089329074568,605.1790975453434,2212.9604018294126,0,Inactive Customers,0.5762419305889928,High,937.7598275622387,442.59208036588257,2.118790347055036
261,261,12886.0,1.0,152.0,219.0,603.4,0.09274269641917803,735.3034335384913,1908.430303416267,0,Inactive Customers,0.4146280574490888,High,1117.141553933805,381.6860606832534,2.9268597127545557
262,262,12888.0,1.0,41.0,255.0,81.36,0.05735422461298032,102.98370569838238,165.35498997211278,1,Inactive Customers,0.7190717624731935,Low,46.452885899128404,33.070997994422555,1.4046411876340326
263,263,12895.0,1.0,44.0,86.0,105.0,0.16112418425379638,131.61760035423282,592.3202883337318,0,Inactive Customers,0.660655635541458,Medium,201.00055180051058,118.46405766674637,1.6967218222927098
264,264,12897.0,1.0,97.0,301.0,87.7,0.06057730510011816,110.66301585566207,187.74298030661024,1,Inactive Customers,0.6179957875186645,Low,71.71860934092552,37.54859606132205,1.9100210624066774
265,265,12901.0,15.0,260.0,270.0,219.24800000000002,0.5506734097570115,222.07424616555005,3433.3853505943675,2,High-Value Active Customers,0.0980332874492739,High,3096.799297595424,686.6770701188735,4.509833562753631
266,266,12904.0,1.0,154.0,172.0,264.89,0.11257720136452652,325.28398853206403,1024.246870959629,0,Inactive Customers,0.4458185984261279,Medium,567.6185665060601,204.8493741919258,2.7709070078693605
267,267,12906.0,1.0,67.0,78.0,983.22,0.17494529267991857,1195.3595193331244,5839.949302796302,0,Inactive Customers,0.4216498409449443,High,3377.535608145703,1167.9898605592605,2.8917507952752786
268,268,12909.0,3.0,214.0,253.0,328.4066666666667,0.159890248049194,349.9733099523923,1569.460396672733,0,Inactive Customers,0.2382878715262414,High,1195.4770193048569,313.8920793345466,3.8085606423687923
269,269,12910.0,5.0,218.0,241.0,470.96400000000006,0.23799410453057054,488.74446280452946,3263.6454993376856,0,Inactive Customers,0.1578846268847621,High,2748.366047390622,652.7290998675371,4.21057686557619
270,270,12912.0,4.0,38.0,40.0,336.06000000000006,0.5100460378813682,352.33808982818886,5029.281771820453,0,Inactive Customers,0.640598485143693,High,1807.5314874314827,1005.8563543640907,1.7970075742815348
271,271,12913.0,4.0,364.0,368.0,509.00250000000005,0.14626988706601637,533.1648636063358,2189.1372717123945,0,Inactive Customers,0.0699835129104416,High,2035.9337551947813,437.8274543424789,4.650082435447792
272,272,12915.0,1.0,224.0,372.0,164.0,0.05997137377907093,203.08121222797132,341.2537993047154,1,Inactive Customers,0.3960834425572226,Low,206.0888196903722,68.25075986094309,3.0195827872138867
273,273,12916.0,3.0,182.0,320.0,719.4333333333334,0.13225135686777553,765.1354275759334,2839.213987320296,0,Inactive Customers,0.2336241494888887,High,2175.9050343156355,567.8427974640592,3.8318792525555563
274,274,12919.0,5.0,161.0,169.0,225.798,0.3038309146802044,234.71775681441258,1999.8754899420228,0,Inactive Customers,0.3529914245938539,High,1293.9365917370567,399.97509798840457,3.2350428770307307
275,275,12921.0,22.0,364.0,373.0,739.304090909091,0.6093751373262757,745.3795801811194,12758.289266074727,2,High-Value Active Customers,0.0005831588029271,High,12750.849157378925,2551.6578532149456,4.997084205985364
276,276,12924.0,3.0,239.0,327.0,240.95666666666668,0.13123252649094932,257.1256085522013,946.8071528236894,0,Inactive Customers,0.2520052729801612,Medium,708.2067578167864,189.3614305647379,3.739973635099194
277,277,12925.0,1.0,70.0,74.0,310.74,0.18016730890119584,380.819693691571,1915.867100360871,0,Inactive Customers,0.5846589273370463,Medium,795.738296543547,383.1734200721742,2.0767053633147685
278,278,12928.0,4.0,324.0,359.0,408.95,0.14905416164318058,428.5510712566354,1793.0303720293132,0,Inactive Customers,0.0822495039013097,High,1645.5545134499214,358.60607440586267,4.588752480493451
279,279,12930.0,1.0,93.0,171.0,194.24,0.10679981769758927,239.70934143240947,716.0466854455602,0,Inactive Customers,0.5828788882470767,Medium,298.67818950004784,143.20933708911204,2.0856055587646165
280,280,12931.0,7.0,327.0,357.0,375.46571428571434,0.229963189932004,385.59610335163404,2489.8112586097286,0,Inactive Customers,0.1009852148448118,High,2238.377133735994,497.96225172194573,4.495073925775941
281,281,12933.0,2.0,259.0,283.0,248.39000000000001,0.11502690413846664,274.12587898765634,884.1140329391216,0,Inactive Customers,0.2151632630197163,Medium,693.8851727304192,176.82280658782432,3.924183684901418
282,282,12935.0,5.0,317.0,319.0,345.81399999999996,0.19295816437532853,359.07133417061146,1944.8052389323543,0,Inactive Customers,0.0489098140619628,High,1849.6851763094417,388.9610477864709,4.755450929690186
283,283,12936.0,2.0,61.0,78.0,132.72,0.2535888670470433,147.40554882486305,1045.7666645659824,0,Inactive Customers,0.5057809961224804,Medium,516.837759250116,209.1533329131965,2.4710950193875982
284,284,12937.0,3.0,252.0,267.0,428.9466666666667,0.15385758004334765,456.71896917223455,1971.0603072274303,0,Inactive Customers,0.1604978223971757,High,1654.7094201039197,394.2120614454861,4.197510888014121
285,285,12939.0,5.0,270.0,334.0,1025.4720000000002,0.18569730679595656,1063.2933018979102,5542.671581460273,0,Inactive Customers,0.0793380069392749,High,5102.9270650682565,1108.5343162920547,4.603309965303626
286,286,12940.0,1.0,33.0,87.0,532.32,0.15661726749921365,649.2079499455197,2839.9737314720014,0,Inactive Customers,0.6074828639831084,Medium,1114.738355440595,567.9947462944003,1.962585680084458
287,287,12942.0,2.0,234.0,365.0,204.10000000000002,0.09342589456209605,225.60471167625224,591.2531697081596,0,Inactive Customers,0.3058855532016402,Medium,410.3973668097559,118.25063394163192,3.4705722339917986
288,288,12944.0,1.0,319.0,354.0,317.56,0.06652501049978654,389.0804027251116,725.1680646730699,0,Inactive Customers,0.2481749096681358,Medium,545.1995457286139,145.03361293461398,3.7591254516593207
289,289,12947.0,5.0,230.0,373.0,227.20999999999998,0.16825621349476655,236.18078883703416,1115.6880715908087,0,Inactive Customers,0.1378433096328914,High,961.8979352847933,223.13761431816175,4.310783451835543
290,290,12948.0,6.0,248.0,264.0,282.19166666666666,0.2564194437978652,291.2685887373168,2096.078236168426,0,Inactive Customers,0.171292654806148,High,1737.0354304137484,419.2156472336852,4.14353672596926
291,291,12949.0,4.0,222.0,252.0,658.23,0.19540168858977555,689.1954945037635,3778.160183554356,0,Inactive Customers,0.0762150873793039,High,3490.207375031754,755.6320367108713,4.61892456310348
292,292,12950.0,2.0,22.0,24.0,693.7,0.37247070453161263,761.9777872161812,7930.121781097055,0,Inactive Customers,0.6478687088206242,High,2792.4440219873973,1586.024356219411,1.7606564558968791
293,293,12951.0,5.0,322.0,330.0,171.686,0.1879016678266778,178.65005935825147,942.2949961618452,0,Inactive Customers,0.1086791702612542,Medium,839.8871578376442,188.45899923236905,4.456604148693729
294,294,12952.0,2.0,73.0,78.0,311.17499999999995,0.25401745802943704,342.9089336195485,2436.874389881953,0,Inactive Customers,0.485756346480123,High,1253.1471894219167,487.3748779763906,2.571218267599385
295,295,12955.0,10.0,266.0,267.0,428.334,0.3881792106778785,436.3097436352753,4754.433100760857,0,Inactive Customers,0.0494819086918555,High,4519.174676187473,950.8866201521714,4.752590456540722
296,296,12957.0,6.0,330.0,339.0,597.8183333333333,0.21184002204381586,616.3443969480722,3665.6021081353047,0,Inactive Customers,0.0324884545114634,High,3546.5123607880264,733.120421627061,4.837557727442682
297,297,12962.0,1.0,106.0,113.0,95.85000000000001,0.14568745446898257,120.53468427550901,490.7263825344551,0,Inactive Customers,0.5788706075293542,Low,206.65930334605284,98.14527650689104,2.105646962353229
298,298,12963.0,6.0,357.0,365.0,248.47166666666666,0.19979077663731562,256.5390889500153,1439.0832376282624,0,Inactive Customers,0.0233069334962514,High,1405.5426203132904,287.8166475256525,4.8834653325187425
299,299,12967.0,1.0,13.0,371.0,292.5,0.020661451166398653,358.7265363936559,207.67556624456188,1,Inactive Customers,0.7213039181316114,High,57.87836661215837,41.53511324891238,1.3934804093419426
300,300,12970.0,1.0,315.0,322.0,428.44,0.07228586567526768,523.3835431413848,1059.7239824255666,0,Inactive Customers,0.187031600405927,Medium,861.5221100039704,211.94479648511333,4.0648419979703645
301,301,12971.0,70.0,369.0,372.0,146.936,1.85247389995694,147.3554623187454,7668.151766252737,2,High-Value Active Customers,0.0054585941140158,High,7626.294438156089,1533.6303532505474,4.9727070294299205
302,302,12980.0,6.0,182.0,358.0,184.26,0.19414276342254252,190.4050716355944,1037.8759357273227,1,Inactive Customers,0.3904119860820565,High,632.6767303532458,207.57518714546455,3.047940069589717
303,303,12981.0,1.0,104.0,133.0,185.04,0.13075019804671303,228.56586297074176,835.4171303960103,0,Inactive Customers,0.572006774524001,Medium,357.55287225609175,167.08342607920207,2.1399661273799953
304,304,12985.0,1.0,28.0,28.0,450.8,0.25001650820453436,550.4670407938729,3838.3182766576288,0,Inactive Customers,0.5789890608672447,High,1615.9739823460473,767.6636553315258,2.1050546956637763
305,305,12987.0,1.0,124.0,197.0,254.4,0.09871701379059575,312.57800059044513,863.3261541589425,0,Inactive Customers,0.5376400230144891,Medium,399.16746076791827,172.6652308317885,2.3117998849275545
306,306,12989.0,11.0,361.0,364.0,411.74636363636364,0.3318996908454638,418.718124533136,3902.8719622618714,2,High-Value Active Customers,0.047312872378908,High,3718.2158792001574,780.5743924523744,4.7634356381054594
307,307,12990.0,2.0,279.0,310.0,156.0,0.10726471335185828,172.90956271083027,520.1239465382758,0,Inactive Customers,0.2638914116222848,Medium,382.86770406773644,104.02478930765517,3.680542941888576
308,308,12991.0,1.0,89.0,112.0,200.2,0.1446430368866756,246.9283774793159,998.0817156937698,0,Inactive Customers,0.5733051618653024,Medium,425.8763161231543,199.61634313875396,2.1334741906734878
309,309,12993.0,3.0,275.0,298.0,103.95333333333333,0.1415857429830136,111.6659792307129,443.55780405441936,0,Inactive Customers,0.1807723577324102,Medium,363.3748140248916,88.71156081088388,4.096138211337949
310,310,12994.0,2.0,264.0,268.0,310.90999999999997,0.11995365660650852,342.61861731027955,1152.2317977832167,0,Inactive Customers,0.2467070782733119,Medium,867.9680574585138,230.44635955664336,3.7664646086334406
311,311,12997.0,3.0,295.0,317.0,279.38000000000005,0.13501789386796587,297.9205562952927,1128.6126598780263,0,Inactive Customers,0.1521173600715708,High,956.9310815140273,225.72253197560528,4.239413199642145
312,312,12999.0,2.0,49.0,245.0,67.8,0.11565373655121769,76.28353072018126,247.305646174909,1,Inactive Customers,0.6375327454163225,Medium,89.6401986120616,49.4611292349818,1.8123362729183874
313,313,13000.0,2.0,258.0,364.0,166.54999999999998,0.09398516499421039,184.4674384194623,486.3343791453778,0,Inactive Customers,0.2622174972028095,Medium,358.8089954421946,97.26687582907556,3.6889125139859527
314,314,13001.0,12.0,322.0,326.0,660.1041666666666,0.3907941831491225,670.1491838359294,7354.059079706542,2,High-Value Active Customers,0.0180905432969734,High,7221.020155516611,1470.8118159413086,4.909547283515133
315,315,13003.0,2.0,109.0,214.0,45.0,0.13876180472984503,51.30537279062575,199.51144826320095,0,Inactive Customers,0.564162705221146,Low,86.9545298884448,39.90228965264019,2.17918647389427
316,316,13004.0,16.0,346.0,357.0,331.18125,0.47068441058831334,335.06246271311574,4429.352480672417,2,High-Value Active Customers,0.0078152014945589,High,4394.736198545538,885.8704961344835,4.9609239925272055
317,317,13005.0,1.0,73.0,246.0,192.05,0.07109355163455404,237.05670905946903,471.7691173030301,1,Inactive Customers,0.6223711050044332,Medium,178.1536504601772,94.35382346060602,1.888144474977834
318,318,13012.0,7.0,285.0,294.0,183.51,0.2676485077264289,188.73560961057532,1418.018085092275,0,Inactive Customers,0.1008729668858505,High,1274.9783937512248,283.603617018455,4.495635165570747
319,319,13013.0,11.0,370.0,371.0,298.41818181818184,0.3268906202872922,303.56417677884,2786.882696090575,2,High-Value Active Customers,0.0156676322726652,High,2743.218842821174,557.376539218115,4.921661838636673
320,320,13014.0,9.0,271.0,281.0,327.8777777777778,0.34134520936165363,334.7720844427771,3207.9445873949917,0,Inactive Customers,0.0899505306299825,High,2919.388269527232,641.5889174789984,4.550247346850087
321,321,13015.0,3.0,196.0,249.0,795.5033333333334,0.16158471288431672,845.9007179763054,3833.555007384012,0,Inactive Customers,0.1859536994099803,High,3120.6912718693006,766.7110014768024,4.070231502950099
322,322,13016.0,1.0,50.0,123.0,330.74,0.12822492306602407,405.04464686910944,1451.626075350295,0,Inactive Customers,0.6185842623690437,Medium,553.6730302940629,290.325215070059,1.9070786881547812
323,323,13018.0,19.0,279.0,295.0,363.85263157894735,0.6390234773876591,367.41801971689887,6592.9103855913445,2,High-Value Active Customers,0.0113092897316124,High,6518.349251866136,1318.582077118269,4.943453551341938
324,324,13021.0,7.0,354.0,358.0,342.73285714285714,0.22960110643867296,352.0268686837502,2269.4824841430805,0,Inactive Customers,0.0408757600718734,High,2176.715662633929,453.89649682861614,4.795621199640633
325,325,13023.0,1.0,65.0,129.0,308.5,0.12744518240525146,378.10649893568666,1346.9751299180302,0,Inactive Customers,0.614309206132034,Medium,519.5159071784917,269.39502598360605,1.92845396933983
326,326,13026.0,3.0,274.0,275.0,243.88,0.1505814393961938,260.22937962626145,1099.2102246412371,0,Inactive Customers,0.0915436963524631,Medium,998.584457609157,219.84204492824745,4.542281518237684
327,327,13028.0,1.0,23.0,45.0,305.38,0.21341079849393463,374.3274062399907,2229.082938402555,0,Inactive Customers,0.6386170049978841,Medium,805.5526683880324,445.816587680511,1.8069149750105795
328,328,13029.0,2.0,323.0,353.0,58.25,0.09692046131385078,65.82118825407359,178.9425039391873,0,Inactive Customers,0.2558165907642635,Medium,133.1660426386436,35.788500787837464,3.720917046178682
329,329,13030.0,1.0,357.0,368.0,315.19,0.06499868415838632,386.2097457735733,703.365081345457,0,Inactive Customers,0.1689873424976594,Medium,584.5052854432382,140.67301626909142,4.155063287511703
330,330,13032.0,1.0,35.0,87.0,513.88,0.1573042858969521,626.8725431158292,2754.296275634857,0,Inactive Customers,0.6287190122810825,Medium,1022.6178416882456,550.8592551269714,1.8564049385945873
331,331,13034.0,1.0,315.0,369.0,476.91,0.06394341378901772,582.0927171671493,1042.9024600485423,0,Inactive Customers,0.2447996481498171,Medium,787.6003047740804,208.58049200970845,3.7760017592509145
332,332,13035.0,1.0,187.0,260.0,588.88,0.08211420847085454,717.7161175315985,1649.9623663297414,0,Inactive Customers,0.4142379434010954,Medium,966.4853490121045,329.9924732659483,2.9288102829945224
333,333,13037.0,2.0,118.0,256.0,315.325,0.12106531100858783,347.45539657602467,1179.2273835187664,0,Inactive Customers,0.4797641185162513,Medium,613.47639733466,235.8454767037533,2.601179407418743
334,334,13038.0,2.0,210.0,290.0,256.68,0.11233899469523245,283.2078495681833,892.1010418853234,0,Inactive Customers,0.3560783479045111,Medium,574.4431767269044,178.42020837706468,3.2196082604774445
335,335,13040.0,1.0,25.0,33.0,373.74,0.2379918338890424,457.12829620081715,3034.646980782103,0,Inactive Customers,0.665426051383547,Medium,1015.3138230172655,606.9293961564207,1.6728697430822645
336,336,13046.0,1.0,236.0,266.0,346.59,0.08281147344022635,424.24292226230864,983.6288196353244,0,Inactive Customers,0.3565853163103483,Medium,632.8812258536877,196.7257639270649,3.2170734184482583
337,337,13047.0,7.0,342.0,373.0,410.13,0.2220486827513763,421.1461177197307,2625.9176370116115,0,Inactive Customers,0.0462055824689157,High,2504.585583078091,525.1835274023223,4.768972087655421
338,338,13048.0,3.0,313.0,327.0,452.76666666666665,0.13183524974871152,482.00921785551117,1783.0421003038005,0,Inactive Customers,0.0885959533072884,High,1625.0717856403555,356.6084200607601,4.5570202334635574
339,339,13049.0,1.0,254.0,318.0,502.90000000000003,0.07135287803522657,613.5730438213606,1226.2654324614298,0,Inactive Customers,0.35891817011393,Medium,786.1364873684064,245.25308649228597,3.20540914943035
340,340,13050.0,16.0,352.0,366.0,341.80625,0.4614025983113222,345.80455488070487,4481.341631747901,2,High-Value Active Customers,0.013843237902455,High,4419.30535341744,896.2683263495803,4.930783810487725
341,341,13055.0,1.0,135.0,213.0,869.55,0.09344268216510974,1057.6769979485846,2765.671153766121,0,Inactive Customers,0.4374895233595194,High,1555.7189989358085,553.1342307532242,2.812552383202403
342,342,13058.0,2.0,127.0,151.0,111.925,0.17737930962113538,124.62393504656886,619.1041832539322,0,Inactive Customers,0.5593112481040324,Low,272.8322498117478,123.82083665078645,2.2034437594798377
343,343,13064.0,3.0,315.0,327.0,298.74666666666667,0.1318440990829075,318.4825972762383,1178.2056769682165,0,Inactive Customers,0.0822127216680542,Medium,1081.3421815799072,235.6411353936433,4.588936391659729
344,344,13066.0,1.0,8.0,32.0,279.09000000000003,0.23400966053687466,342.4837052881164,2235.4683811912255,0,Inactive Customers,0.6862978591903365,Medium,701.2712168920004,447.0936762382451,1.5685107040483177
345,345,13068.0,1.0,309.0,319.0,179.0,0.07274546885961011,221.24992711112515,450.8156325803925,0,Inactive Customers,0.3283104709540297,Low,302.80813993448504,90.1631265160785,3.3584476452298513
346,346,13069.0,19.0,369.0,369.0,196.72947368421055,0.536638136733569,198.74659118982618,2995.6855191775016,2,High-Value Active Customers,0.0090368754530346,High,2968.6138822442354,599.1371038355004,4.954815622734826
347,347,13077.0,2.0,365.0,366.0,207.77500000000003,0.0942957750860062,229.6307963425293,607.4108102931797,0,Inactive Customers,0.0593558482688191,Medium,571.3574264005772,121.48216205863594,4.703220758655904
348,348,13078.0,24.0,363.0,366.0,458.39791666666673,0.6711756501170968,461.9071563898001,8707.972484743937,2,High-Value Active Customers,0.0060738800865621,High,8655.081304074522,1741.5944969487875,4.96963059956719
349,349,13079.0,4.0,136.0,140.0,49.075,0.290070245449975,52.26973374034757,424.9795971935265,0,Inactive Customers,0.4594339406447955,Low,229.72954616126677,84.9959194387053,2.702830296776023
350,350,13081.0,8.0,360.0,371.0,3230.9975,0.2490532665910618,3303.473136724784,23103.80262759175,2,High-Value Active Customers,4.255283127837606e-05,High,23102.81949537665,4620.760525518351,4.999787235843607
351,351,13082.0,6.0,212.0,338.0,298.88666666666666,0.20948418678452865,308.463398907809,1814.1241409557872,0,Inactive Customers,0.1833657197041378,High,1481.4759622167785,362.82482819115745,4.08317140147931
352,352,13083.0,1.0,71.0,75.0,111.36,0.17909123484585346,139.32113546469006,696.7403955995615,0,Inactive Customers,0.6257243135109105,Low,260.77298986770563,139.34807911991228,1.8713784324454474
353,353,13085.0,1.0,138.0,295.0,137.98,0.06856791522728026,171.56454814399376,329.4423236587667,1,Inactive Customers,0.5205350768061665,Medium,157.95603840984862,65.88846473175334,2.3973246159691675
354,354,13089.0,63.0,367.0,369.0,871.2549206349206,1.6823011243467176,873.731841926231,41290.31682866142,3,High-Value Active Customers,1.3260459586668594e-07,High,41290.31135337564,8258.063365732283,4.99999933697702
355,355,13090.0,12.0,364.0,372.0,715.3058333333333,0.35201824035380064,726.1649699765419,7179.228170313931,2,High-Value Active Customers,0.0308912607854875,High,6957.452760666244,1435.8456340627863,4.8455436960725615
356,356,13092.0,4.0,289.0,359.0,73.095,0.1487950367241018,77.38478126279628,323.21012645495966,0,Inactive Customers,0.1611135865933674,Medium,271.1365837585053,64.64202529099194,4.194432067033163
357,357,13093.0,6.0,98.0,373.0,1172.1783333333333,0.09981707246709035,1207.8994235742432,3385.3612036339687,1,Inactive Customers,0.1994250415186799,High,2710.2354050435365,677.0722407267938,4.0028747924066
358,358,13094.0,11.0,347.0,368.0,127.12363636363638,0.32888670570778633,129.5100022442585,1196.2200525078263,0,Inactive Customers,0.0581389955019206,High,1126.6730202557665,239.24401050156527,4.709305022490397
359,359,13097.0,8.0,328.0,360.0,677.17125,0.25496763596798777,692.7310751231097,4959.679635482647,0,Inactive Customers,0.0194949439014124,High,4862.990959219936,991.9359270965296,4.902525280492937
360,360,13098.0,25.0,316.0,317.0,1063.864,0.7809848400988134,1071.4854101682545,23500.947863736066,2,High-Value Active Customers,0.0003529283975046,High,23492.65371186668,4700.189572747214,4.998235358012477
361,361,13102.0,19.0,364.0,365.0,307.86894736842106,0.5413291677051508,310.91568868779274,4727.30502384772,2,High-Value Active Customers,0.0142818339985473,High,4659.790438236628,945.461004769544,4.928590830007263
362,362,13104.0,5.0,351.0,354.0,199.344,0.17780828311923752,207.30766536509844,1034.8160027137983,0,Inactive Customers,0.0624392962686161,Medium,970.2028197368464,206.96320054275967,4.68780351865692
363,363,13107.0,3.0,289.0,333.0,321.5933333333333,0.12981240850998013,342.73943529403545,1248.4397131348285,0,Inactive Customers,0.0951143006254507,High,1129.695242946971,249.6879426269657,4.524428496872746
364,364,13109.0,1.0,98.0,157.0,416.69,0.11513455058982204,509.151383149581,1639.2929737586298,0,Inactive Customers,0.5425570240811413,Medium,749.8830563190232,327.858594751726,2.2872148795942935
365,365,13110.0,5.0,280.0,311.0,236.644,0.19661792141880863,245.95574924879912,1357.3647718531129,0,Inactive Customers,0.1479925886048479,High,1156.484845585542,271.4729543706226,4.260037056975761
366,366,13113.0,22.0,366.0,366.0,462.40863636363633,0.6187846514431836,466.27149618530086,8103.997313436153,2,High-Value Active Customers,0.0193773319259801,High,7946.963467566449,1620.7994626872305,4.9031133403700995
367,367,13115.0,3.0,173.0,184.0,458.76,0.20015237325073781,488.37247941897766,2740.161441179581,0,Inactive Customers,0.1691956927029453,High,2276.5379280213006,548.0322882359162,4.154021536485272
368,368,13117.0,7.0,351.0,372.0,106.69142857142857,0.22259066575947906,109.95419924108579,687.2541426593714,0,Inactive Customers,0.0728131198283632,Medium,637.2130244173756,137.4508285318743,4.635934400858184
369,369,13118.0,3.0,269.0,288.0,327.29333333333335,0.14533390800378307,348.79125802680954,1422.061193439412,0,Inactive Customers,0.1793692549877442,High,1166.9871366252023,284.4122386878824,4.103153725061279
370,370,13122.0,1.0,146.0,240.0,18.72,0.08503291599093776,27.1111523463319,64.52933079974859,0,Inactive Customers,0.4551538377497945,Medium,35.158558238817,12.905866159949719,2.724230811251027
371,371,13124.0,2.0,270.0,359.0,1287.03,0.09520487072950069,1411.9905260031628,3770.8240079596394,0,Inactive Customers,0.0985360068867228,High,3399.262067542709,754.1648015919279,4.507319965566386
372,372,13126.0,6.0,362.0,366.0,306.55,0.19937020795640814,316.3561549389484,1770.9041696951285,0,Inactive Customers,0.0417209313105401,High,1697.020398473729,354.1808339390257,4.7913953434473
373,373,13131.0,2.0,164.0,187.0,374.20000000000005,0.15455089166947727,411.9549162296467,1783.8095038479205,0,Inactive Customers,0.4274640885526163,Medium,1021.2950001340745,356.76190076958414,2.8626795572369184
374,374,13133.0,1.0,31.0,304.0,57.449999999999996,0.0396123319391501,74.02277417463513,82.12153275471775,1,Inactive Customers,0.70281362123144,Low,24.405400938298257,16.42430655094355,1.4859318938428
375,375,13134.0,3.0,155.0,240.0,431.1266666666667,0.16523610452232856,459.033525936699,2127.1834757762535,0,Inactive Customers,0.3349737799801092,High,1414.6327861842549,425.43669515525073,3.325131100099454
376,376,13136.0,3.0,156.0,212.0,677.7166666666667,0.18108441986159035,720.8438711427948,3660.062667787054,0,Inactive Customers,0.2288131336180744,High,2822.592259532169,732.0125335574108,3.8559343319096278
377,377,13137.0,7.0,298.0,308.0,490.3542857142857,0.25827346741143986,503.4202638919626,3650.0679488258193,0,Inactive Customers,0.0076289640155496,High,3622.2217117899163,730.0135897651639,4.961855179922251
378,378,13138.0,5.0,350.0,372.0,153.832,0.17083379202763882,160.15078617702915,768.1187527044825,0,Inactive Customers,0.049557057300712,Medium,730.053047662955,153.6237505408965,4.752214713496439
379,379,13139.0,5.0,243.0,259.0,931.0880000000001,0.2258571204997823,965.498107547261,6119.082973652619,0,Inactive Customers,0.0681898939849448,High,5701.823354394167,1223.816594730524,4.659050530075276
380,380,13140.0,2.0,258.0,366.0,132.10500000000002,0.09355602632922423,146.7317958807106,385.08459981514375,0,Inactive Customers,0.3165687993373257,Medium,263.17883040836915,77.01691996302876,3.417156003313371
381,381,13141.0,3.0,231.0,315.0,621.3933333333333,0.13512430543177975,661.0440765722201,2506.181944684251,0,Inactive Customers,0.1872459028501759,High,2036.909643745039,501.23638893685023,4.063770485749121
382,382,13145.0,2.0,88.0,127.0,102.36,0.19628266341435527,114.14515958182332,627.2883722393735,0,Inactive Customers,0.6162291545730234,Low,240.73498894081638,125.45767444787471,1.918854227134883
383,383,13147.0,3.0,89.0,99.0,198.0,0.28922667844832334,211.51751524386282,1713.26199401999,0,Inactive Customers,0.6395233647761117,Medium,617.5909188612954,342.65239880399804,1.8023831761194413
384,384,13148.0,6.0,335.0,364.0,548.8366666666667,0.20012209050653965,565.8963310500394,3179.7081217359546,0,Inactive Customers,0.0288145043025092,High,3088.0864083814704,635.941624347191,4.8559274784874535
385,385,13149.0,3.0,275.0,289.0,433.10666666666674,0.14498137568224745,461.1357380438731,1875.552347411216,0,Inactive Customers,0.0972484728395927,High,1693.157745894762,375.1104694822432,4.513757635802036
386,386,13155.0,3.0,335.0,368.0,197.35333333333332,0.12000807561352406,210.83093418529077,710.0688174265264,0,Inactive Customers,0.1466732932164039,Medium,605.9206855643004,142.01376348530528,4.266633533917981
387,387,13157.0,3.0,249.0,298.0,514.4666666666667,0.14139288212611803,547.5175446295739,2171.8779153971573,0,Inactive Customers,0.164890157098913,High,1813.7566247276604,434.37558307943146,4.175549214505435
388,388,13158.0,3.0,224.0,318.0,314.8833333333334,0.13399215443297652,335.61527204194545,1261.758961489423,0,Inactive Customers,0.142932920311629,High,1081.4120683943715,252.3517922978846,4.285335398441855
389,389,13159.0,3.0,107.0,115.0,326.84666666666664,0.26691381742433384,348.3170216255278,2604.2488917377127,0,Inactive Customers,0.409532203147066,High,1537.725105561062,520.8497783475426,2.952338984264669
390,390,13162.0,3.0,212.0,334.0,311.6766666666667,0.1284948227958719,332.21067937005733,1197.811782142384,0,Inactive Customers,0.1620993848426162,High,1003.6472290998656,239.5623564284768,4.189503075786918
391,391,13165.0,1.0,305.0,351.0,666.8399999999999,0.0666981580581676,812.1449850176432,1517.5858407929409,0,Inactive Customers,0.2044298794704246,Medium,1207.345950273617,303.51716815858816,3.9778506026478775
392,392,13167.0,3.0,125.0,143.0,182.80666666666664,0.23494781271335705,195.38639944504175,1286.3263790791498,0,Inactive Customers,0.4408774828773578,Medium,719.2140429119883,257.26527581582997,2.795612585613211
393,393,13168.0,3.0,282.0,318.0,229.00333333333333,0.13460686629159996,244.4344762014834,923.1770244993263,0,Inactive Customers,0.1499584731504968,High,784.7388074577885,184.63540489986528,4.2502076342475155
394,394,13169.0,1.0,189.0,252.0,207.68,0.08453287269757588,255.98850996771532,605.783592742174,0,Inactive Customers,0.4631099634202056,Medium,325.2391752667851,121.15671854843481,2.684450182898972
395,395,13171.0,2.0,278.0,299.0,97.42999999999999,0.11034482983155465,108.74418069617819,336.4809307171113,0,Inactive Customers,0.2824059838377402,Low,241.45670243530697,67.29618614342226,3.5879700808112984
396,396,13173.0,1.0,363.0,367.0,187.71,0.0652633980950014,231.79989421994316,423.87052794330737,0,Inactive Customers,0.1911995933042385,Low,342.8266553868941,84.77410558866148,4.044002033478807
397,397,13174.0,2.0,353.0,369.0,688.03,0.09362396411042936,755.7661137310681,1984.9101247698559,0,Inactive Customers,0.0460338050375847,High,1893.5371590690725,396.9820249539712,4.769830974812076
398,398,13178.0,10.0,334.0,360.0,501.547,0.3081110611959861,510.82227958576107,4419.922265150771,0,Inactive Customers,0.0189854816865751,High,4336.007911929665,883.9844530301542,4.905072591567124
399,399,13183.0,8.0,327.0,334.0,416.59250000000003,0.27070953496615496,426.3449405986535,3240.6099239181235,0,Inactive Customers,0.0433228292349404,High,3100.2175335671654,648.1219847836247,4.783385853825298
400,400,13184.0,8.0,276.0,290.0,183.57625,0.3018423228816365,188.13557732983628,1594.1614950360824,0,Inactive Customers,0.0797933553074992,High,1466.958000445134,318.83229900721653,4.601033223462503
401,401,13186.0,2.0,89.0,128.0,293.77500000000003,0.195396814806013,323.84665519962465,1771.7014525516026,0,Inactive Customers,0.4880634705926926,High,906.9986927651528,354.34029051032053,2.5596826470365373
402,402,13189.0,1.0,97.0,115.0,133.68,0.14316978796075316,166.356183210823,665.596027494994,0,Inactive Customers,0.524178981368263,Low,316.7045797999057,133.1192054989988,2.379105093158685
403,403,13192.0,1.0,110.0,205.0,447.62,0.09366171118986208,546.6152732386442,1432.5436013416158,0,Inactive Customers,0.506114423796983,Medium,707.512621984549,286.5087202683232,2.4694278810150845
404,404,13196.0,2.0,251.0,262.0,625.875,0.12194046267369586,687.6732450419662,2350.8627638377134,0,Inactive Customers,0.1003983437457451,High,2114.840035974862,470.1725527675427,4.498008281271274
405,405,13198.0,5.0,351.0,361.0,587.358,0.17503380742080704,609.3451350715388,2994.283078765864,0,Inactive Customers,0.0319770550470139,High,2898.5347239298258,598.8566157531728,4.8401147247649305
406,406,13199.0,29.0,363.0,366.0,248.68413793103448,0.8022186648403264,250.31583333615856,5640.495972934091,2,High-Value Active Customers,0.0167165883946141,High,5546.206123413073,1128.0991945868182,4.91641705802693
407,407,13200.0,3.0,107.0,126.0,183.59,0.25322875302958847,196.2180826860955,1392.0353400860238,0,Inactive Customers,0.4560892207853628,Medium,757.1430265205016,278.4070680172048,2.7195538960731853
408,408,13203.0,3.0,233.0,242.0,221.26666666666665,0.16541322699652344,236.22027704196964,1095.8445965617307,0,Inactive Customers,0.1771414213400708,Medium,901.7251271589492,219.16891931234613,4.114292893299646
409,409,13207.0,1.0,135.0,150.0,52.74,0.12292774339780178,68.31779770132484,234.82517688437184,0,Inactive Customers,0.5454600026715075,Low,106.73743527368515,46.96503537687437,2.272699986642462
410,410,13208.0,5.0,251.0,309.0,211.09,0.19731046596932086,219.47818529265737,1215.497219216473,0,Inactive Customers,0.1254690341430332,High,1062.9899571178394,243.0994438432946,4.3726548292848335
411,411,13209.0,5.0,331.0,361.0,1107.772,0.17493856846982778,1148.5677604402306,5640.917630365411,0,Inactive Customers,0.0107530746837179,High,5580.260421801391,1128.1835260730822,4.94623462658141
412,412,13211.0,2.0,351.0,361.0,543.36,0.09530177120932325,597.2753195350682,1596.7066302654184,0,Inactive Customers,0.1558195576008506,High,1347.908509519116,319.3413260530837,4.220902211995747
413,413,13212.0,1.0,42.0,61.0,446.61,0.19248090551772615,545.3919131031786,2930.4513505917475,0,Inactive Customers,0.5519743360102733,Medium,1312.917412138459,586.0902701183495,2.2401283199486333
414,414,13213.0,3.0,143.0,199.0,351.8,0.18911841035306415,374.81055670011636,1987.3127812557593,0,Inactive Customers,0.339305144723968,High,1313.0073303999825,397.4625562511519,3.3034742763801597
415,415,13217.0,2.0,34.0,156.0,224.49,0.16570428774971896,247.94263449132401,1150.7196584462818,0,Inactive Customers,0.7251781878574235,Medium,316.2428618022938,230.14393168925636,1.3741090607128823
416,416,13220.0,3.0,158.0,236.0,245.29666666666665,0.16742766586429317,261.7334876154012,1228.93814430531,0,Inactive Customers,0.4332966232631996,Medium,696.4433961784765,245.78762886106202,2.833516883684002
417,417,13221.0,1.0,119.0,359.0,349.25,0.05185068274265412,427.4648410349213,620.9880411648468,1,Inactive Customers,0.5098109996826952,Medium,304.4015071075976,124.19760823296936,2.450945001586524
418,418,13223.0,1.0,32.0,232.0,62.4,0.06133560543080773,80.0184500860759,137.3696290816346,1,Inactive Customers,0.7026427476029798,Low,40.84785546651266,27.473925816326922,1.4867862619851007
419,419,13224.0,1.0,91.0,151.0,943.69,0.11762007293400883,1147.4788993777197,3773.9252267495986,0,Inactive Customers,0.4540887755834469,High,2060.2281413913915,754.7850453499198,2.7295561220827658
420,420,13225.0,5.0,335.0,338.0,560.5200000000001,0.18442598465563553,581.537165225138,3010.6988683079794,0,Inactive Customers,0.0859698039183421,High,2751.869676942368,602.1397736615959,4.57015098040829
421,421,13230.0,12.0,361.0,365.0,215.84666666666666,0.357436210354456,219.33973162078283,2201.8273886109123,0,Inactive Customers,0.0105267101479258,High,2178.649389895241,440.3654777221825,4.947366449260371
422,422,13232.0,6.0,231.0,243.0,192.57000000000002,0.2725284335936359,198.96385405648633,1521.5894941779304,0,Inactive Customers,0.1455062965275436,High,1300.1886420448816,304.3178988355861,4.272468517362283
423,423,13233.0,1.0,262.0,336.0,300.88,0.06810079603509062,368.8767917750445,703.7130872454726,0,Inactive Customers,0.2701254580633361,Medium,513.6222672081249,140.74261744909452,3.6493727096833193
424,424,13236.0,1.0,82.0,106.0,305.62,0.14879978014868564,374.61810567812114,1557.5491879171273,0,Inactive Customers,0.583133520851602,Medium,649.2900460674595,311.50983758342545,2.08433239574199
425,425,13238.0,3.0,343.0,360.0,194.86,0.12220014336371204,208.18370412440487,713.9358297986105,0,Inactive Customers,0.0826020498638958,Medium,654.9632667859639,142.7871659597221,4.586989750680521
426,426,13240.0,3.0,269.0,365.0,146.52666666666667,0.1203173542516395,156.86707861257833,529.6758544623541,0,Inactive Customers,0.1561927369954111,Medium,446.944333033496,105.93517089247082,4.219036315022945
427,427,13242.0,1.0,101.0,213.0,166.4,0.08909289695647245,205.98820660927592,513.5557803871911,0,Inactive Customers,0.5466573085148821,Low,232.81675970846933,102.71115607743823,2.266713457425589
428,428,13246.0,5.0,312.0,330.0,330.246,0.1878524828353029,342.94068082204706,1808.3772311917419,0,Inactive Customers,0.0923109364757764,High,1641.4442354789605,361.6754462383484,4.538445317621117
429,429,13247.0,3.0,65.0,82.0,65.35000000000001,0.31724059717804437,70.6799212960603,627.7802820691097,0,Inactive Customers,0.580109715802242,Medium,263.5988410517472,125.55605641382195,2.09945142098879
430,430,13248.0,1.0,65.0,189.0,78.21000000000001,0.09193759812116448,99.16827557292008,255.0641760415009,0,Inactive Customers,0.6225612575846282,Medium,96.2711018403171,51.01283520830018,1.887193712076859
431,431,13249.0,2.0,169.0,261.0,133.465,0.1211978040381353,148.2217210905437,503.61754892504865,0,Inactive Customers,0.4692449613019882,Medium,267.29755166871206,100.72350978500974,2.653775193490059
432,432,13253.0,1.0,183.0,339.0,346.56,0.0632270772340931,424.2065848325424,751.365999042952,1,Inactive Customers,0.3864555979124653,Medium,460.99640263171113,150.27319980859042,3.067722010437673
433,433,13255.0,1.0,364.0,373.0,173.81,0.0643367643655803,214.96355176155393,387.5167329686766,0,Inactive Customers,0.2164844766176577,Medium,303.625375851368,77.50334659373533,3.9175776169117107
434,434,13258.0,2.0,194.0,205.0,236.98000000000002,0.14533404160166394,261.62584469045333,1065.4881124501064,0,Inactive Customers,0.412148257844884,Medium,626.3490431493611,213.0976224900213,2.9392587107755794
435,435,13261.0,1.0,17.0,285.0,99.0,0.03770926005306232,124.3501144009713,131.30770028585988,1,Inactive Customers,0.7539339256598006,Medium,32.31037033998103,26.261540057171977,1.2303303717009972
436,436,13263.0,31.0,324.0,325.0,233.76967741935485,0.9387198470645987,235.21112353871183,6201.183381679319,2,High-Value Active Customers,0.0002416583802275,High,6199.684813747808,1240.2366763358639,4.998791708098862
437,437,13265.0,4.0,220.0,273.0,383.58000000000004,0.1839182040815181,402.0244785986619,2074.6281730815654,0,Inactive Customers,0.2001422225392467,High,1659.4074795784838,414.9256346163131,3.999288887303766
438,438,13266.0,11.0,245.0,256.0,291.70727272727277,0.43484796590259833,296.7451520451847,3622.287733583367,0,Inactive Customers,0.0686579935102291,High,3373.5887258788175,724.4575467166734,4.656710032448855
439,439,13267.0,13.0,364.0,366.0,322.54153846153844,0.3828781672473992,327.2131105441531,3518.591576364101,2,High-Value Active Customers,0.0234907685797557,High,3435.937155917054,703.7183152728203,4.8825461571012205
440,440,13268.0,9.0,250.0,267.0,280.13,0.35458159835666103,286.0807497011083,2847.4698191178004,0,Inactive Customers,0.0339467509890332,High,2750.807470219421,569.4939638235601,4.830266245054833
441,441,13269.0,12.0,368.0,369.0,416.23333333333335,0.35435063735838385,422.6817200649153,4206.489161336371,2,High-Value Active Customers,0.0101161844270304,High,4163.935541189987,841.2978322672742,4.949419077864847
442,442,13272.0,1.0,58.0,89.0,135.6,0.1611301888143965,168.68177871586667,759.1955546409504,0,Inactive Customers,0.6554085703654791,Low,261.61228154589816,151.83911092819008,1.7229571481726047
443,443,13276.0,1.0,36.0,99.0,453.55,0.14500380703344135,553.7979718557845,2243.492950477842,0,Inactive Customers,0.6721330436137208,Medium,735.5672053472434,448.6985900955684,1.639334781931396
444,444,13277.0,3.0,118.0,133.0,60.833333333333336,0.24543916661692688,65.88447111892064,453.0667011156472,0,Inactive Customers,0.5412311151606712,Low,207.85290522865895,90.61334022312946,2.2938444241966436
445,445,13280.0,2.0,215.0,337.0,253.755,0.09954353752862777,280.0034148337995,781.7587623285816,0,Inactive Customers,0.2617718549513025,Medium,577.1163209893944,156.35175246571634,3.691140725243487
446,446,13282.0,2.0,202.0,220.0,393.72,0.13828195271089347,433.3397251237223,1679.388667717429,0,Inactive Customers,0.3467580459440442,High,1097.0471349191614,335.8777335434858,3.2662097702797785
447,447,13283.0,1.0,126.0,185.0,68.16,0.10419760657601475,86.99523660120698,253.58043900588126,0,Inactive Customers,0.5524643562953553,Low,113.48628500140347,50.71608780117626,2.2376782185232234
448,448,13285.0,3.0,267.0,290.0,663.7933333333334,0.1445488558597019,706.0611439177674,2863.1730896188815,0,Inactive Customers,0.0906170641347239,High,2603.720750128072,572.6346179237763,4.54691467932638
449,449,13292.0,1.0,246.0,284.0,329.37,0.07862277660928138,403.38523757644805,888.0978413704682,0,Inactive Customers,0.3394739099095709,Medium,586.6117947781855,177.61956827409367,3.302630450452145
450,450,13294.0,1.0,60.0,249.0,390.09000000000003,0.06628843620781268,476.93219542345486,885.021275299525,1,Inactive Customers,0.6002479336894534,Medium,353.7890835297802,177.004255059905,1.998760331552733
451,451,13297.0,2.0,60.0,67.0,387.235,0.27152096963225464,426.23519204595175,3237.0609690603146,0,Inactive Customers,0.5014507282127313,High,1613.8343888560103,647.4121938120629,2.4927463589363437
452,452,13301.0,3.0,189.0,292.0,148.06,0.14274100636217768,158.49505431847075,634.6875153491587,0,Inactive Customers,0.2764496666351967,Medium,459.2283633133625,126.93750306983175,3.617751666824016
453,453,13305.0,9.0,368.0,372.0,207.18444444444444,0.27442418062558493,211.6936969674081,1631.437818229488,0,Inactive Customers,0.0346505133008618,High,1574.9076604093982,326.2875636458976,4.826747433495691
454,454,13308.0,2.0,181.0,203.0,285.28,0.146194598334648,314.5401003043801,1288.54656249885,0,Inactive Customers,0.3966813843799934,High,777.4041282487245,257.70931249977,3.016593078100033
455,455,13309.0,4.0,301.0,308.0,266.52,0.16820156169177414,279.62783151382223,1319.9361803101408,0,Inactive Customers,0.0925675076126706,High,1197.7529778910425,263.98723606202816,4.5371624619366475
456,456,13310.0,2.0,296.0,324.0,360.925,0.10367896815347363,397.4117124351357,1155.5719150918046,0,Inactive Customers,0.182238836481483,High,944.9818338147951,231.11438301836094,4.0888058175925845
457,457,13311.0,1.0,146.0,150.0,108.46000000000001,0.12368493099862435,135.808517253947,469.6828359737558,0,Inactive Customers,0.5012155852542525,Medium,234.2704784572927,93.93656719475116,2.4939220737287373
458,458,13313.0,4.0,317.0,339.0,312.005,0.1560355993739462,327.18644669111535,1432.9251359392533,0,Inactive Customers,0.0888242103652726,High,1305.6466922268983,286.5850271878507,4.555878948173636
459,459,13314.0,2.0,72.0,73.0,138.16,0.2618362735795353,153.3652496641956,1123.3275502192118,0,Inactive Customers,0.5405022256220051,Medium,516.1665092232131,224.66551004384237,2.2974888718899744
460,460,13316.0,3.0,217.0,254.0,1076.79,0.15945002373769368,1144.5493221446498,5118.649436610394,0,Inactive Customers,0.1419138425222931,High,4392.242226536442,1023.7298873220789,4.290430787388534
461,461,13317.0,3.0,292.0,358.0,678.5433333333334,0.12246650958079193,721.7215623929281,2480.41279138058,0,Inactive Customers,0.1489724506344722,High,2110.899619263523,496.08255827611606,4.255137746827638
462,462,13318.0,2.0,36.0,37.0,168.9,0.3349606195784269,187.04194153939457,1751.190573534952,0,Inactive Customers,0.6732694496353704,Medium,572.1674598844262,350.2381147069904,1.6336527518231478
463,463,13319.0,16.0,360.0,365.0,621.916875,0.4624976559834584,629.0021220215056,8170.668081945525,2,High-Value Active Customers,0.0049674673329247,High,8130.08055516029,1634.133616389105,4.975162663335376
464,464,13320.0,2.0,135.0,213.0,520.045,0.1403253346876362,571.7329619856126,2248.332803979539,0,Inactive Customers,0.3912735476834789,High,1368.6196513933212,449.66656079590786,3.0436322615826055
465,465,13321.0,1.0,14.0,86.0,76.32000000000001,0.149212001119676,96.87901749764269,403.7526529341486,0,Inactive Customers,0.71291879678975,Low,115.90979740366585,80.75053058682973,1.4354060160512498
466,466,13323.0,4.0,81.0,84.0,166.8875,0.3824332769189524,175.45318653961857,1879.3811905381997,0,Inactive Customers,0.5448453998060251,Medium,855.4089943914909,375.87623810763995,2.2757730009698744
467,467,13324.0,5.0,324.0,360.0,989.442,0.17528930466500703,1025.9611179212413,5048.8471506623,0,Inactive Customers,0.0381088096803817,High,4856.441595492373,1009.76943013246,4.809455951598092
468,468,13327.0,6.0,327.0,365.0,480.46166666666664,0.19962338517571698,495.4743397108715,2777.087188700136,0,Inactive Customers,0.0680927285535172,High,2587.987744590527,555.4174377400271,4.659536357232414
469,469,13329.0,1.0,335.0,366.0,484.79999999999995,0.06488859648734792,591.6494611956882,1075.673438553335,0,Inactive Customers,0.2344574332005743,Medium,823.4738051880844,215.134687710667,3.8277128339971283
470,470,13330.0,2.0,223.0,315.0,402.55499999999995,0.1053422614969114,443.01876132142496,1308.7849904426619,0,Inactive Customers,0.2967204265716232,High,920.4417497879774,261.7569980885324,3.5163978671418836
471,471,13334.0,2.0,223.0,305.0,938.19,0.1081091370456653,1029.8247096809635,3122.0787176727904,0,Inactive Customers,0.1362367058848035,High,2696.736997663998,624.4157435345581,4.318816470575982
472,472,13340.0,4.0,231.0,276.0,1461.0525000000002,0.1825237043072281,1528.6178608481055,7828.6795583245175,0,Inactive Customers,0.0531711409131785,High,7412.419734364725,1565.7359116649036,4.734144295434107
473,473,13344.0,1.0,210.0,277.0,887.57,0.078833742424694,1079.5036807615468,2382.8869355469214,0,Inactive Customers,0.2947056917295422,High,1680.6365928932769,476.5773871093843,3.526471541352289
474,474,13350.0,1.0,63.0,79.0,282.55,0.17313783727022303,346.67462218783055,1676.2227271608547,0,Inactive Customers,0.6206874680078154,Medium,635.8122868222287,335.244545432171,1.8965626599609229
475,475,13362.0,3.0,278.0,287.0,759.3466666666667,0.1457732234081117,807.5123430158376,3302.251974219455,0,Inactive Customers,0.1308174029126788,High,2870.2599471887997,660.450394843891,4.345912985436606
476,476,13363.0,1.0,26.0,43.0,338.68,0.218089151745729,414.66195328059223,2523.262365810733,0,Inactive Customers,0.6306902504518852,Medium,931.8653923617455,504.65247316214663,1.846548747740574
477,477,13365.0,1.0,184.0,217.0,1524.77,0.09558033741643426,1851.3106889979222,4951.863534197688,0,Inactive Customers,0.3070088487366354,High,3431.597611462729,990.3727068395376,3.4649557563168227
478,478,13368.0,1.0,81.0,337.0,504.1,0.04861283293162847,615.0265410120129,837.5483324585073,1,Inactive Customers,0.5976859872010661,Medium,336.9574305444376,167.50966649170147,2.0115700639946694
479,479,13373.0,2.0,216.0,276.0,1162.275,0.11685852252070845,1275.3172763320358,4178.47211592995,0,Inactive Customers,0.1978547733479831,High,3351.7414624917624,835.69442318599,4.010726133260085
480,480,13376.0,2.0,135.0,234.0,271.88,0.13078666173823045,299.8599548545536,1099.2301904183512,0,Inactive Customers,0.4369387807534296,Medium,618.9338912495965,219.84603808367024,2.8153060962328516
481,481,13379.0,2.0,110.0,136.0,218.135,0.18897001591020363,240.98052073508165,1275.1288532715364,0,Inactive Customers,0.460791352006669,Medium,687.5605049898317,255.02577065430728,2.696043239966655
482,482,13381.0,5.0,267.0,298.0,644.64,0.20316562295507998,668.697401586985,3813.0257598168264,0,Inactive Customers,0.06243157233641,High,3574.9725662722276,762.6051519633653,4.68784213831795
483,483,13384.0,5.0,148.0,178.0,509.53000000000003,0.2933316134283271,528.704302028626,4349.409838405815,0,Inactive Customers,0.1888652453951431,High,3527.957481951251,869.8819676811631,4.055673773024283
484,484,13389.0,2.0,221.0,232.0,262.53499999999997,0.1332272592573535,289.6221967031634,1081.49563148876,0,Inactive Customers,0.3301810738055509,Medium,724.4062425677889,216.299126297752,3.349094630972246
485,485,13394.0,7.0,308.0,309.0,315.18,0.257679776856747,323.76999140711797,2342.1207946482377,0,Inactive Customers,0.0447455863351812,High,2237.321226423882,468.42415892964755,4.7762720683240945
486,486,13396.0,1.0,290.0,319.0,948.72,0.0722790175998622,1153.5714751018706,2335.428809468067,0,Inactive Customers,0.2628813851997824,High,1721.4880489996226,467.0857618936134,3.685593074001088
487,487,13397.0,4.0,267.0,339.0,279.15250000000003,0.1556443688987151,292.83623442087196,1279.271511933812,0,Inactive Customers,0.2239705857723241,High,992.7523220441494,255.8543023867624,3.880147071138379
488,488,13402.0,1.0,245.0,372.0,312.95,0.061046248157703244,383.496551017689,655.970321777367,0,Inactive Customers,0.3262869814731008,Medium,441.9357455486912,131.1940643554734,3.368565092634496
489,489,13404.0,1.0,211.0,212.0,34.68,0.0986116233707963,46.4426649820076,128.15711512342082,0,Inactive Customers,0.4231132882721011,Low,73.93213672808402,25.631423024684167,2.8844335586394942
490,490,13405.0,2.0,243.0,317.0,198.70049999999998,0.1050628423896278,219.6893799332419,647.3016759614318,0,Inactive Customers,0.3090388125698734,Medium,447.26033464782194,129.46033519228635,3.454805937150633
491,491,13408.0,40.0,372.0,373.0,634.61,1.0741215792199235,637.4810680751774,19234.43039133371,2,High-Value Active Customers,0.0003302606658444,High,19228.07801554553,3846.886078266742,4.998348696670777
492,492,13410.0,4.0,267.0,291.0,188.20499999999998,0.175568157309417,197.74252981854448,974.2067527643994,0,Inactive Customers,0.2214744080614074,Medium,758.4448888664782,194.8413505528799,3.892627959692963
493,493,13414.0,1.0,24.0,157.0,532.8,0.09363680664268183,649.7893488217805,1701.4655564907084,0,Inactive Customers,0.6817917670996962,Medium,541.4203480716403,340.2931112981417,1.5910411645015188
494,494,13416.0,1.0,38.0,81.0,437.5,0.16514554497733322,534.3574469308098,2464.5353957183015,0,Inactive Customers,0.6899253949445123,Medium,764.1898394726223,492.9070791436603,1.5503730252774381
495,495,13417.0,1.0,201.0,205.0,404.83,0.1008124041054022,494.78598591530067,1395.710548356377,0,Inactive Customers,0.4246386870451363,Medium,803.037853607278,279.1421096712754,2.8768065647743186
496,496,13418.0,12.0,361.0,372.0,436.43666666666667,0.3519978192713026,443.18301409578703,4381.273588332377,2,High-Value Active Customers,0.0125835310011888,High,4326.141696308907,876.2547176664754,4.937082344994057
497,497,13420.0,1.0,21.0,170.0,104.05,0.08414450910829595,130.46691507829976,307.0480714458229,1,Inactive Customers,0.708950553571492,Low,89.36617122124775,61.40961428916459,1.4552472321425403
498,498,13421.0,1.0,250.0,290.0,1026.04,0.07733932267965979,1247.2251440862342,2701.212943758363,0,Inactive Customers,0.2432045586279974,High,2044.2656420113767,540.2425887516727,3.7839772068600124
499,499,13425.0,2.0,186.0,294.0,603.82,0.11067613607631335,663.5112593780914,2059.166080936197,0,Inactive Customers,0.3231723769756995,High,1393.7004839723104,411.83321618723943,3.3841381151215018
500,500,13426.0,9.0,359.0,359.0,367.1488888888889,0.28235493253387867,374.81924277730207,2971.9278146720135,0,Inactive Customers,0.0313212648126885,High,2878.843276584477,594.3855629344027,4.843393675936557
501,501,13427.0,2.0,196.0,215.0,184.05,0.14052122290102695,203.6392701636387,801.9406429572427,0,Inactive Customers,0.3577171710602649,Medium,515.0727048003279,160.38812859144855,3.2114141446986753
502,502,13429.0,3.0,65.0,75.0,225.4,0.3307821232756727,240.6087332926362,2228.0454937328536,0,Inactive Customers,0.4897388065993664,Medium,1136.8851525830298,445.60909874657074,2.551305967003168
503,503,13430.0,1.0,68.0,86.0,343.14,0.16611543868195414,420.06411783918327,1948.9804877904012,0,Inactive Customers,0.5714393134202073,Medium,835.2564159780737,389.79609755808025,2.1428034328989636
504,504,13431.0,1.0,21.0,88.0,415.42,0.15055171251188681,507.61309862280734,2134.6086147471283,0,Inactive Customers,0.6518378663613605,High,743.1898897937807,426.92172294942566,1.7408106681931972
505,505,13434.0,1.0,22.0,96.0,461.4000000000001,0.14228994758194902,563.3062659779683,2239.1731494871306,0,Inactive Customers,0.7052306904101884,Medium,660.0395233263655,447.8346298974261,1.4738465479490581
506,506,13435.0,6.0,184.0,189.0,558.1483333333333,0.32498493226901426,575.4867677499036,5246.289742801049,0,Inactive Customers,0.1915057958636137,High,4241.594850274821,1049.2579485602098,4.042471020681932
507,507,13437.0,6.0,176.0,190.0,322.21000000000004,0.3237199320305335,332.48497957326464,3019.246001476729,0,Inactive Customers,0.2003092545029608,High,2414.46308575988,603.8492002953458,3.9984537274851957
508,508,13447.0,2.0,12.0,35.0,444.39,0.33855156846518236,488.8503945224318,4625.714008357799,0,Inactive Customers,0.6560400937386028,High,1591.0601567067802,925.1428016715598,1.7197995313069856
509,509,13448.0,4.0,357.0,373.0,769.615,0.1446547483988227,805.6584240744526,3271.513021760258,0,Inactive Customers,0.0661209589011719,High,3055.1974437037998,654.3026043520517,4.6693952054941406
510,510,13450.0,5.0,192.0,218.0,339.88800000000003,0.255598856573403,352.9311586989008,2530.690566178328,0,Inactive Customers,0.2127432048350739,High,1992.3033446836628,506.1381132356656,3.93628397582463
511,511,13451.0,4.0,308.0,334.0,643.665,0.15784505295437648,673.9664908749347,2985.824352260974,0,Inactive Customers,0.0299643977408898,High,2896.355923785392,597.1648704521948,4.850178011295552
512,512,13453.0,1.0,124.0,289.0,171.98,0.06825917709726304,212.74696854580915,406.662880891279,1,Inactive Customers,0.5545911018010454,Low,181.13126571619728,81.3325761782558,2.2270444909947726
513,513,13455.0,1.0,342.0,366.0,365.4,0.06503310863151653,447.02649072578356,814.5455305243781,0,Inactive Customers,0.2122305407548787,Medium,641.6740921117198,162.90910610487563,3.9388472962256063
514,514,13456.0,5.0,190.0,207.0,302.03200000000004,0.2651149761491425,313.7069800527514,2333.0014328980683,0,Inactive Customers,0.2951899923933849,High,1644.3227576671313,466.6002865796137,3.5240500380330753
515,515,13458.0,13.0,352.0,359.0,650.8238461538463,0.3887895379031915,659.9594667952867,7206.085114162113,2,High-Value Active Customers,0.0062988970117713,High,7160.694726169948,1441.2170228324228,4.968505514941143
516,516,13460.0,1.0,20.0,49.0,75.98,0.20514815105101075,96.46719329362453,552.2713033987826,0,Inactive Customers,0.6849595109535815,Low,173.9878215090554,110.45426067975653,1.575202445232092
517,517,13461.0,2.0,125.0,163.0,434.29999999999995,0.16875510935087293,477.79646410536094,2258.4926417872584,0,Inactive Customers,0.4353043208813035,High,1275.361036138635,451.6985283574517,2.8234783955934826
518,518,13467.0,1.0,26.0,36.0,301.25,0.2319123496736595,369.324953408829,2389.348268646221,0,Inactive Customers,0.608646013918007,Medium,935.0809690728073,477.86965372924425,1.9567699304099648
519,519,13468.0,35.0,372.0,373.0,152.22771428571428,0.9450493806416341,153.09524023805685,4064.150704552572,2,High-Value Active Customers,0.0166614741969686,High,3996.4359624560775,812.8301409105144,4.916692629015157
520,520,13470.0,1.0,16.0,115.0,49.5,0.12060609928932918,64.39335528656359,217.03547115821195,0,Inactive Customers,0.7136104872551615,Low,62.156682833346764,43.40709423164239,1.4319475637241923
521,521,13471.0,3.0,46.0,47.0,518.67,0.39777413375033777,551.9803215102919,6143.13819271221,0,Inactive Customers,0.3602190355424106,High,3930.2628777296704,1228.6276385424421,3.198904822287947
522,522,13473.0,1.0,272.0,332.0,181.38,0.06920335150347809,224.13269653925224,434.49263956122263,0,Inactive Customers,0.3136136754252343,Medium,298.229805923216,86.89852791224453,3.431931622873828
523,523,13475.0,3.0,107.0,298.0,371.5533333333333,0.13437498314800322,395.78313068515655,1492.0573766620748,1,Inactive Customers,0.405976164628653,High,886.3176454789161,298.41147533241497,2.9701191768567345
524,524,13476.0,1.0,103.0,281.0,493.92,0.06700470315938056,602.6960398446458,1130.7987226442233,1,Inactive Customers,0.5358576653093031,Medium,524.8515591933476,226.15974452884467,2.3207116734534843
525,525,13477.0,5.0,254.0,291.0,253.836,0.2068179753877608,263.76909665171013,1531.0422257701111,0,Inactive Customers,0.1283939045801395,High,1334.4657363264191,306.20844515402223,4.358030477099303
526,526,13479.0,1.0,34.0,234.0,156.6,0.061534592698016234,194.11797955228207,334.33486924070127,1,Inactive Customers,0.6875133730587243,Low,104.47517555787921,66.86697384814026,1.5624331347063782
527,527,13481.0,3.0,211.0,256.0,379.76000000000005,0.15844872379544353,404.4963397893026,1797.6504346943204,0,Inactive Customers,0.201754444803251,High,1434.966469292245,359.5300869388641,3.9912277759837447
528,528,13486.0,2.0,77.0,155.0,460.125,0.17243534614051678,506.0886100935527,2444.1757685382377,0,Inactive Customers,0.527403444440583,High,1155.109049392962,488.8351537076476,2.362982777797085
529,529,13487.0,2.0,296.0,353.0,191.125,0.09675499430035242,211.39016785449857,573.7074566625156,0,Inactive Customers,0.2235929431606869,Medium,445.43051791411153,114.74149133250313,3.8820352841965655
530,530,13488.0,11.0,350.0,367.0,676.7490909090909,0.32963752444041655,687.9901601514972,6369.112044149578,2,High-Value Active Customers,0.0076384445696804,High,6320.4619348422575,1273.8224088299157,4.961807777151598
531,531,13489.0,2.0,189.0,294.0,106.92000000000002,0.11074218948079796,119.14079116773443,369.9667339295813,0,Inactive Customers,0.4149967104464838,Low,216.43175637417556,73.99334678591627,2.925016447767581
532,532,13491.0,9.0,321.0,372.0,120.33555555555556,0.27399553868540033,123.12856330795218,947.4199498339467,0,Inactive Customers,0.1004338621428228,High,852.2669052009641,189.48398996678935,4.497830689285886
533,533,13492.0,2.0,78.0,214.0,477.27,0.1362943615122456,524.8715275366329,2004.7763846927062,0,Inactive Customers,0.5700527319287316,High,861.9481296924232,400.95527693854126,2.1497363403563416
534,534,13493.0,1.0,12.0,287.0,255.6,0.03472323466196046,314.0314977810974,305.3489710004019,1,Inactive Customers,0.7325260039753256,Medium,81.6729094554999,61.06979420008038,1.3373699801233718
535,535,13495.0,4.0,361.0,368.0,383.48,0.14625982349028532,401.9199196997341,1650.1412621928905,0,Inactive Customers,0.1213759823566605,High,1449.8537454669688,330.02825243857814,4.393120088216698
536,536,13496.0,1.0,349.0,359.0,152.32,0.06631066880726315,188.93383957228883,351.0116382510153,0,Inactive Customers,0.2090043255877523,Medium,277.6486875249098,70.20232765020306,3.954978372061239
537,537,13497.0,1.0,86.0,368.0,194.55,0.043664969882547776,240.0848282066613,293.73174925280244,1,Inactive Customers,0.607164369263252,Low,115.38829698513295,58.74634985056049,1.96417815368374
538,538,13499.0,4.0,252.0,269.0,222.38,0.1863124177493081,233.47553352710756,1220.4961616096064,0,Inactive Customers,0.2227167695983023,Medium,948.6711991887873,244.09923232192128,3.8864161520084886
539,539,13500.0,2.0,99.0,122.0,420.185,0.20137850214893682,462.3330123871296,2606.5498059152137,0,Inactive Customers,0.5156130499222246,High,1262.578710713088,521.3099611830428,2.421934750388877
540,540,13502.0,2.0,307.0,323.0,88.7,0.10399597994136105,99.18017548894049,289.2708373553531,0,Inactive Customers,0.1861852177090314,Low,235.41288352547286,57.85416747107062,4.069073911454843
541,541,13505.0,3.0,160.0,232.0,927.98,0.16962998282877206,986.5542798877896,4693.045974756246,0,Inactive Customers,0.1657727049908735,High,3915.0670488743726,938.6091949512493,4.171136475045633
542,542,13506.0,1.0,53.0,369.0,157.4,0.03459260623709634,195.0869776793836,189.08943827850388,1,Inactive Customers,0.6370856888562062,Medium,68.62326323741014,37.81788765570078,1.8145715557189686
543,543,13507.0,3.0,142.0,145.0,412.26,0.2331926043180735,439.00234659897905,2868.6446310253486,0,Inactive Customers,0.2444303240285524,High,2167.460894341056,573.7289262050698,3.777848379857238
544,544,13509.0,5.0,276.0,284.0,151.07999999999998,0.2108926364812488,157.29932433123975,930.9962201471533,0,Inactive Customers,0.1954782121711941,Medium,749.0067434946483,186.19924402943067,4.022608939144029
545,545,13510.0,3.0,182.0,183.0,402.08,0.20097775800435055,428.1940035429019,2412.3976141928397,0,Inactive Customers,0.2016534999498886,High,1925.9291920200926,482.47952283856796,3.991732500250557
546,546,13515.0,3.0,175.0,247.0,229.24,0.16219566801230467,244.6857507126103,1113.0743581789854,0,Inactive Customers,0.2589582618393161,Medium,824.8345570870431,222.6148716357971,3.7052086908034196
547,547,13516.0,2.0,217.0,238.0,312.20500000000004,0.13071869912508893,344.0373328593487,1260.5602643161901,0,Inactive Customers,0.3487630872927879,Medium,820.923374814663,252.11205286323803,3.2561845635360607
548,548,13517.0,2.0,120.0,179.0,513.28,0.15830157126568611,564.3216795999354,2502.6754008473476,0,Inactive Customers,0.3622528936560539,High,1596.0739950085715,500.53508016946955,3.188735531719731
549,549,13520.0,5.0,313.0,371.0,552.1899999999999,0.17096815342442157,572.9061052049977,2749.93595881329,0,Inactive Customers,0.0785863629184183,High,2533.8284935515803,549.9871917626581,4.607068185407908
550,550,13521.0,2.0,9.0,10.0,402.885,0.42371037512323056,443.38028729145805,5246.86634157282,0,Inactive Customers,0.3771667842561528,Medium,3267.922636099954,1049.373268314564,3.1141660787192356
551,551,13523.0,3.0,333.0,366.0,961.8266666666667,0.12053158989150767,1022.4900740565541,3458.692351756644,0,Inactive Customers,0.0362094567822111,High,3333.4549805227475,691.7384703513288,4.818952716088944
552,552,13524.0,4.0,179.0,219.0,122.745,0.21595787528492508,129.2982745804307,783.2074887089491,0,Inactive Customers,0.360508381233083,Medium,500.8546247848578,156.64149774178983,3.197458093834585
553,553,13525.0,1.0,234.0,248.0,113.9,0.0877448849836211,142.39770451823748,349.767961833529,0,Inactive Customers,0.4058076967795851,Low,207.82943083457474,69.9535923667058,2.970961516102074
554,554,13527.0,5.0,293.0,326.0,435.412,0.18955387617936825,451.90755454090134,2404.5170921010385,0,Inactive Customers,0.0376983350246265,High,2313.870801190573,480.90341842020774,4.811508324876867
555,555,13529.0,1.0,126.0,204.0,126.66000000000001,0.09603749491404508,157.853224645507,424.18315173361094,0,Inactive Customers,0.5571755823992368,Low,187.83865712249244,84.83663034672219,2.214122088003816
556,556,13531.0,1.0,161.0,366.0,178.35,0.056105986784931505,220.46261613285515,346.5706274055807,1,Inactive Customers,0.4885452545583406,Medium,177.25519201727744,69.31412548111614,2.5572737272082966
557,557,13533.0,1.0,85.0,267.0,124.15,0.06734067086827789,154.81299302172593,291.88701323556984,1,Inactive Customers,0.5218601697179748,Low,139.5628069699826,58.37740264711397,2.390699151410126
558,558,13534.0,17.0,356.0,358.0,328.64,0.4963926279025076,332.2641983582227,4632.336193746233,2,High-Value Active Customers,0.0167084049463638,High,4554.937244773423,926.4672387492467,4.91645797526818
559,559,13536.0,6.0,74.0,75.0,498.8533333333333,0.5470663668118783,514.416610873034,7884.290788419563,0,Inactive Customers,0.3085689753204683,High,5451.443258708331,1576.8581576839126,3.4571551233976585
560,560,13538.0,6.0,272.0,315.0,185.67500000000004,0.22405957922444322,191.86243350389313,1206.767909282458,0,Inactive Customers,0.1641292594833234,High,1008.7019859636897,241.35358185649162,4.1793537025833825
561,561,13539.0,2.0,224.0,309.0,216.67000000000002,0.1070006774248367,239.3755645347835,718.281626810218,0,Inactive Customers,0.3076714799804628,Medium,497.2868556467438,143.6563253620436,3.4616426000976865
562,562,13544.0,1.0,201.0,240.0,168.5,0.08878901851679036,208.53182669291746,518.2671882500883,0,Inactive Customers,0.3748219090160813,Low,324.0092913697934,103.65343765001768,3.1258904549195927
563,563,13546.0,2.0,188.0,200.0,219.41500000000002,0.1478109822510521,242.3828032855129,1003.8974959695212,0,Inactive Customers,0.3554886323316409,Medium,647.0233481261572,200.77949919390426,3.2225568383417955
564,564,13548.0,1.0,147.0,243.0,401.4,0.08416396521956929,490.6314064453528,1155.8891443823152,0,Inactive Customers,0.4092557863023093,Medium,682.8348237198272,231.17782887646305,2.953721068488453
565,565,13549.0,6.0,217.0,242.0,122.45,0.2732036543217168,126.74462140270279,971.6838166905503,0,Inactive Customers,0.25604896270362,Medium,722.8851833510405,194.33676333811007,3.7197551864819
566,566,13552.0,7.0,249.0,315.0,489.4814285714286,0.2530800324707415,502.52510383513555,3570.4194053532874,0,Inactive Customers,0.0994387989035415,High,3215.3811881030597,714.0838810706575,4.5028060054822925
567,567,13555.0,1.0,128.0,201.0,2559.23,0.09747568100172485,3104.2979421997443,8466.503368845733,0,Inactive Customers,0.300939508072797,High,5918.59800992862,1693.3006737691467,3.495302459636015
568,568,13557.0,1.0,252.0,280.0,343.38,0.07980078066656003,420.35481727731377,939.293338788509,0,Inactive Customers,0.3139872301519833,Medium,644.3672250420966,187.85866775770182,3.4300638492400832
569,569,13558.0,3.0,63.0,68.0,134.35666666666665,0.345416620679916,143.94590621646253,1391.739948298779,0,Inactive Customers,0.4963617936203277,Medium,700.9334113081349,278.3479896597558,2.518191031898361
570,570,13562.0,2.0,164.0,245.0,598.03,0.12712279783342428,657.1681219038752,2341.766065917279,0,Inactive Customers,0.3724853257638915,High,1469.4925699912546,468.3532131834558,3.1375733711805425
571,571,13563.0,1.0,56.0,140.0,216.64999999999998,0.1174631491673757,266.85340146784125,876.3367513663285,0,Inactive Customers,0.6257015805916374,Medium,328.011460905876,175.26735027326572,1.8714920970418127
572,572,13564.0,1.0,14.0,368.0,658.38,0.0214061685305156,801.8978298235446,480.9622480015093,1,Inactive Customers,0.6348658632064855,High,175.61573525429932,96.19244960030187,1.825670683967572
573,573,13565.0,1.0,315.0,334.0,130.04,0.06999520494490111,161.94724173251097,317.5396473770468,0,Inactive Customers,0.2500591867659403,Low,238.13594138799903,63.507929475409355,3.7497040661702985
574,574,13566.0,1.0,42.0,82.0,289.53,0.16512327746229596,355.12913084679144,1637.7219222510337,0,Inactive Customers,0.5276962728264755,Medium,773.5021679529524,327.54438445020673,2.361518635867623
575,575,13569.0,1.0,350.0,367.0,238.48,0.065028718792786,293.2949378611245,534.3921495922546,0,Inactive Customers,0.188765613686335,Low,433.51728752531295,106.87842991845092,4.056171931568326
576,576,13571.0,11.0,241.0,253.0,177.00454545454545,0.4386158917583854,180.1945143156398,2218.6105507512125,0,Inactive Customers,0.0590601229754108,High,2087.579138789302,443.72211015024254,4.704699385122945
577,577,13573.0,1.0,203.0,253.0,239.59,0.0849949155985618,294.6394227624779,701.0664978352368,0,Inactive Customers,0.4209271047724889,Low,405.9686066484621,140.21329956704736,2.895364476137555
578,578,13575.0,4.0,153.0,176.0,160.88,0.2508464987167959,169.17181068653318,1189.880246673131,0,Inactive Customers,0.3841364955200731,Medium,732.8038186275544,237.97604933462623,3.0793175223996343
579,579,13576.0,17.0,363.0,373.0,372.6052941176471,0.48030858291714457,376.6852129137771,5081.720882205636,2,High-Value Active Customers,0.0238865551933877,High,4960.336075875441,1016.3441764411273,4.8805672240330615
580,580,13577.0,3.0,216.0,241.0,443.6166666666666,0.16578348183943425,472.2944497844791,2195.9006358813704,0,Inactive Customers,0.1954238430388089,High,1766.7692946860689,439.1801271762741,4.022880784805955
581,581,13579.0,1.0,355.0,369.0,302.34000000000003,0.06480364116574415,370.6452133570049,672.9975948178559,0,Inactive Customers,0.2189501303287527,Medium,525.6446837215493,134.59951896357117,3.905249348356237
582,582,13588.0,8.0,240.0,255.0,291.46875,0.33227479482406735,298.43262196290743,2783.232089061887,0,Inactive Customers,0.0675922673453299,High,2595.1071216139153,556.6464178123774,4.662038663273351
583,583,13589.0,1.0,165.0,179.0,207.65,0.1099324898118255,255.95217253794902,787.0732743674681,0,Inactive Customers,0.4880360704292891,Low,402.95312640525526,157.41465487349365,2.559819647853554
584,584,13590.0,5.0,292.0,303.0,282.252,0.20073123009234656,293.2120980361401,1651.9507958404429,0,Inactive Customers,0.0979697449284702,High,1490.1095977375712,330.3901591680886,4.510151275357648
585,585,13591.0,2.0,202.0,266.0,327.465,0.12004564780700497,360.7551701402704,1214.1389910454218,0,Inactive Customers,0.318081285566324,High,827.9440999174946,242.82779820908436,3.4095935721683803
586,586,13592.0,3.0,229.0,264.0,51.43000000000001,0.15499846823102942,55.900733148654254,243.0349945771214,0,Inactive Customers,0.2631811870070851,Low,179.07275622005412,48.606998915424285,3.6840940649645746
587,587,13593.0,4.0,228.0,336.0,369.3075,0.1561065261833561,387.10130974919684,1696.0728713170558,0,Inactive Customers,0.159859006270839,High,1424.9403475453828,339.2145742634112,4.200704968645805
588,588,13596.0,1.0,7.0,12.0,285.44,0.2867421678554627,350.1751279219848,2798.8693407361397,0,Inactive Customers,0.5979359580987803,Medium,1125.3247198897745,559.773868147228,2.010320209506099
589,589,13599.0,14.0,365.0,366.0,334.35571428571427,0.4090950354158825,338.8384250106015,3893.1570622419167,2,High-Value Active Customers,0.0109235365313856,High,3850.6300188500954,778.6314124483833,4.945382317343072
590,590,13601.0,1.0,166.0,211.0,320.12,0.09670858439476648,392.1811967318365,1061.3156120660037,0,Inactive Customers,0.3927761682264484,Medium,644.456132679811,212.26312241320076,3.036119158867758
591,591,13606.0,2.0,282.0,311.0,105.26,0.10701223185910083,117.32220598514398,352.08468825284297,0,Inactive Customers,0.2110303388983743,Low,277.7841371699171,70.4169376505686,3.9448483055081285
592,592,13610.0,6.0,273.0,285.0,144.62666666666667,0.24216694777263587,149.58520682034978,1016.7480354518831,0,Inactive Customers,0.0923427516138053,Medium,922.8587241603253,203.34960709037662,4.538286241930973
593,593,13611.0,2.0,270.0,359.0,434.32500000000005,0.09520487072950069,477.82385243642415,1276.0635579073255,0,Inactive Customers,0.2294777190231443,High,983.2354033101944,255.2127115814651,3.8526114048842786
594,594,13614.0,3.0,306.0,330.0,439.9866666666667,0.13085084919829482,468.44039425465996,1719.9345329322534,0,Inactive Customers,0.0623453747781436,High,1612.7045698827208,343.9869065864507,4.688273126109282
595,595,13617.0,2.0,140.0,180.0,206.535,0.15821499637601308,228.27233512179905,1011.8075249933192,0,Inactive Customers,0.4586914514443659,Medium,547.7000627718022,202.36150499866386,2.7065427427781708
596,596,13623.0,4.0,267.0,297.0,147.945,0.17281996834525382,155.64711711022701,754.8379366856783,0,Inactive Customers,0.1806681663030216,Medium,618.4627508087204,150.96758733713565,4.096659168484892
597,597,13627.0,4.0,298.0,357.0,280.94,0.14955446043951912,294.70522473920573,1237.1564659548912,0,Inactive Customers,0.0782165245076618,High,1140.3903869157182,247.43129319097827,4.60891737746169
598,598,13629.0,10.0,315.0,338.0,538.536,0.32389843705656146,548.4678369631738,4988.425414085026,0,Inactive Customers,0.0477445344743437,High,4750.255364929551,997.6850828170053,4.761277327628282
599,599,13630.0,6.0,280.0,285.0,263.3333333333333,0.24221107353785518,271.8456799743019,1848.1033660885132,0,Inactive Customers,0.1083077678589161,High,1647.939415734917,369.6206732177027,4.4584611607054185
600,600,13631.0,6.0,168.0,267.0,498.40333333333336,0.25154703763635733,513.9531389007836,3628.3784362297874,0,Inactive Customers,0.48820116842871,High,1856.9998441608698,725.6756872459575,2.55899415785645
601,601,13632.0,4.0,219.0,243.0,464.9225,0.2007058950364404,487.07530095897766,2742.467209206879,0,Inactive Customers,0.2055689104743479,High,2178.7012129985956,548.4934418413758,3.972155447628261
602,602,13634.0,4.0,294.0,327.0,303.28999999999996,0.1604381151831632,318.0741386495608,1432.2448099395813,0,Inactive Customers,0.1016463131899479,High,1286.6624054237852,286.4489619879163,4.49176843405026
603,603,13636.0,4.0,249.0,285.0,194.4925,0.17826473178927602,204.3166705886276,1022.0232851852068,0,Inactive Customers,0.203500903572416,Medium,814.0406231779682,204.40465703704137,3.9824954821379195
604,604,13637.0,2.0,174.0,226.0,193.95,0.13523619473838494,214.4850492646299,812.9592365783226,0,Inactive Customers,0.3313027158771535,Medium,543.623633602507,162.59184731566452,3.3434864206142323
605,605,13643.0,2.0,154.0,185.0,215.77,0.15553886407645784,238.38958461651157,1038.8310452970225,0,Inactive Customers,0.4557904807718363,Medium,565.3417437203834,207.7662090594045,2.721047596140819
606,606,13644.0,3.0,89.0,105.0,577.1733333333333,0.2802715122710644,614.094672845331,4820.490393270815,0,Inactive Customers,0.3367657292803735,High,3197.1144304919344,964.098078654163,3.3161713535981323
607,607,13647.0,3.0,225.0,234.0,417.82666666666665,0.16947241056763854,444.9126062268929,2114.516620014514,0,Inactive Customers,0.2179125679526981,High,1653.7368733684918,422.9033240029028,3.91043716023651
608,608,13649.0,1.0,110.0,366.0,148.8,0.048971894263085944,184.6702478130421,253.39114028212362,1,Inactive Customers,0.5681678578498438,Low,109.42243890990018,50.67822805642473,2.159160710750781
609,609,13650.0,4.0,251.0,267.0,366.055,0.1873570164148385,383.7005315615714,2017.0219877533968,0,Inactive Customers,0.1796150352995207,High,1654.7345122231611,403.4043975506794,4.101924823502396
610,610,13652.0,2.0,323.0,368.0,393.14,0.09368517727598537,432.7043158430581,1137.1727321638525,0,Inactive Customers,0.1556518843190696,Medium,960.1696536062842,227.4345464327705,4.221740578404652
611,611,13654.0,4.0,230.0,273.0,573.1750000000001,0.18404309123582813,600.2629230207546,3099.73162557867,0,Inactive Customers,0.1172006458594403,High,2736.441077069917,619.946325115734,4.4139967707027985
612,612,13655.0,1.0,127.0,241.0,549.32,0.08266798609893433,669.7991601464274,1549.916367112575,0,Inactive Customers,0.4829192773859903,Medium,801.431875097851,309.983273422515,2.5854036130700484
613,613,13656.0,1.0,173.0,337.0,216.95,0.06278873503133017,267.21677576550434,470.0137283087222,1,Inactive Customers,0.422546937117688,Medium,271.4108670086065,94.00274566174444,2.88726531441156
614,614,13657.0,1.0,191.0,201.0,214.8,0.10191996886597082,264.61259329891897,754.5954841841435,0,Inactive Customers,0.4446169151717203,Medium,419.08956780367896,150.91909683682871,2.7769154241413982
615,615,13658.0,2.0,195.0,204.0,852.935,0.14584500212114818,936.4250230895484,3827.0246748389077,0,Inactive Customers,0.1702823509422308,High,3175.349916093412,765.4049349677816,4.148588245288845
616,616,13659.0,1.0,115.0,320.0,461.9,0.059336161006942584,563.9118898074066,937.2247169209343,1,Inactive Customers,0.4482003295380121,High,517.1602899458014,187.44494338418687,2.758998352309939
617,617,13662.0,2.0,174.0,259.0,301.13,0.1220371390027896,331.9043021983913,1135.5153184124504,0,Inactive Customers,0.3656244302993836,Medium,720.343177021675,227.10306368249007,3.171877848503082
618,618,13666.0,1.0,227.0,287.0,20.6,0.07715395092956556,29.38829794502052,63.4944374175864,0,Inactive Customers,0.3028757089312804,Low,44.263514671542104,12.69888748351728,3.485621455343598
619,619,13668.0,20.0,360.0,362.0,296.59299999999996,0.5713398766034207,299.38687006762865,4804.369316624241,2,High-Value Active Customers,0.0089142136385603,High,4761.5421421373085,960.8738633248482,4.955428931807198
620,620,13669.0,1.0,99.0,149.0,170.39999999999998,0.11994264949683629,210.83319724478358,707.0778693783371,0,Inactive Customers,0.5816473299513953,Low,295.80791458670586,141.41557387566743,2.0917633502430233
621,621,13672.0,1.0,31.0,332.0,124.26,0.033695600632457225,154.9462302642024,146.25283612861514,1,Inactive Customers,0.7095379815636494,Low,42.48089398395837,29.25056722572303,1.4523100921817527
622,622,13673.0,1.0,14.0,32.0,183.32,0.2365598884176635,226.48251699747345,1494.4129455602344,0,Inactive Customers,0.6775874893741286,Medium,481.81742968987885,298.8825891120469,1.6120625531293569
623,623,13675.0,1.0,133.0,284.0,178.38000000000002,0.07076887966977231,220.4989535626215,436.95960471710526,1,Inactive Customers,0.5155484108398942,Medium,211.6857749039733,87.39192094342106,2.422257945800529
624,624,13680.0,3.0,338.0,339.0,950.3133333333334,0.12821568145428047,1010.2660999518749,3634.7666250275297,0,Inactive Customers,0.0953542959835508,High,3288.1760124335224,726.953325005506,4.523228520082245
625,625,13681.0,3.0,138.0,155.0,208.12333333333333,0.22355899249667044,222.26569398037435,1392.5364459951957,0,Inactive Customers,0.3587821431685062,Medium,892.9192354607845,278.5072891990391,3.206089284157469
626,626,13685.0,2.0,50.0,53.0,7.495,0.29789857821943266,10.217398529749445,85.10934364055296,0,Inactive Customers,0.5886198175921687,Low,35.012297311461474,17.021868728110594,2.0569009120391564
627,627,13692.0,2.0,212.0,236.0,315.845,0.13148568706381392,348.0250738621374,1282.633463200277,0,Inactive Customers,0.2539568214865407,High,956.8999457536609,256.5266926400554,3.730215892567297
628,628,13694.0,32.0,370.0,373.0,1259.391875,0.8675804864405943,1266.408462842721,30862.667765263326,2,High-Value Active Customers,1.5075172674361125e-05,High,30862.20250521757,6172.533553052665,4.999924624136628
629,629,13695.0,13.0,228.0,259.0,181.6146153846154,0.4990185689837802,184.36983494648766,2582.8394493866494,0,Inactive Customers,0.1424921620104707,High,2214.8050721176123,516.5678898773299,4.287539189947647
630,630,13700.0,7.0,301.0,327.0,301.3014285714286,0.24645057731555403,309.5367999961944,2141.7432946039844,0,Inactive Customers,0.0600114928966917,High,2013.2140820933203,428.3486589207969,4.699942535516541
631,631,13704.0,8.0,83.0,88.0,275.31875,0.6408921844085085,281.92269522264195,5064.033734582197,0,Inactive Customers,0.3977615779830772,High,3049.755685355247,1012.8067469164395,3.0111921100846137
632,632,13705.0,2.0,366.0,373.0,196.86,0.09285420873044942,217.67305100037584,566.9971950963202,0,Inactive Customers,0.1589774294946319,Medium,476.8574384892409,113.39943901926404,4.205112852526841
633,633,13707.0,1.0,48.0,315.0,187.04999999999998,0.04366769089089529,231.00047076508437,282.53369869895937,1,Inactive Customers,0.628568743549367,Medium,104.94184669739906,56.506739739791875,1.857156282253165
634,634,13709.0,7.0,312.0,315.0,825.4785714285715,0.2538699049439818,847.1075179850475,6037.447221426884,2,High-Value Active Customers,0.012022310931985,High,5964.863153695442,1207.489444285377,4.939888445340075
635,635,13715.0,3.0,91.0,372.0,268.8966666666667,0.10050475740989308,286.7901571756586,808.9353268115409,1,Inactive Customers,0.4553460904609495,Medium,440.5897883121553,161.7870653623082,2.7232695476952524
636,636,13717.0,5.0,266.0,298.0,216.564,0.2031570285686881,225.15002473446373,1283.7892376995278,0,Inactive Customers,0.0937663499861609,High,1163.413006728927,256.7578475399056,4.531168250069195
637,637,13718.0,1.0,49.0,295.0,192.5,0.04888868843840373,237.60177050596363,325.3036643906026,1,Inactive Customers,0.6655244832568,Low,108.8061112455033,65.06073287812052,1.672377583716
638,638,13719.0,4.0,219.0,234.0,220.945,0.20632603381334388,231.97511332749414,1342.6265201960994,0,Inactive Customers,0.2923826048825063,Medium,950.065880836829,268.52530403921986,3.5380869755874693
639,639,13720.0,3.0,138.0,254.0,146.5,0.15748120166222274,156.83876599160627,692.7530120332685,0,Inactive Customers,0.4462884471979926,Medium,383.5853460012088,138.55060240665372,2.7685577640100365
640,640,13722.0,1.0,151.0,282.0,911.94,0.0733131488747517,1109.0217862083773,2276.7074677764276,0,Inactive Customers,0.3930006298900254,High,1381.959998864967,455.3414935552855,3.0349968505498732
641,641,13725.0,7.0,259.0,308.0,147.55857142857144,0.2578538611353093,151.86556380025095,1099.3181768014183,0,Inactive Customers,0.1694020708006907,High,913.0914011824183,219.86363536028367,4.152989645996547
642,642,13726.0,1.0,62.0,100.0,786.98,0.15093436801727025,957.6642787551169,4038.346952885833,0,Inactive Customers,0.5683193985643804,Medium,1743.2760414274583,807.6693905771667,2.158403007178098
643,643,13727.0,1.0,5.0,33.0,110.4,0.2302758079383818,138.15833771216822,887.4286195331806,0,Inactive Customers,0.7191676931762794,Low,249.218626364893,177.48572390663614,1.404161534118603
644,644,13728.0,5.0,274.0,310.0,171.512,0.19706524606695672,178.46977070957146,987.1637521007478,0,Inactive Customers,0.1433138829159212,Medium,845.6894817133398,197.43275042014957,4.283430585420394
645,645,13730.0,1.0,26.0,161.0,445.85,0.09222862163453703,544.4713648824321,1404.3284850958305,0,Inactive Customers,0.656241723662674,Medium,482.74953944795095,280.86569701916613,1.71879138168663
646,646,13731.0,1.0,27.0,246.0,302.47,0.053957616678767986,370.80267555265885,560.0704555950457,1,Inactive Customers,0.6696091791731951,Medium,185.04213754488975,112.01409111900915,1.6519541041340244
647,647,13735.0,3.0,210.0,234.0,639.3966666666666,0.16934904725859934,680.1586348059701,3230.207033701785,0,Inactive Customers,0.1770981463163803,High,2658.143355815065,646.041406740357,4.1145092684180975
648,648,13736.0,1.0,255.0,260.0,340.47,0.0850492851158408,416.83008658998193,992.5051171826389,0,Inactive Customers,0.2228032155500148,Medium,771.3717856245026,198.5010234365278,3.8859839222499257
649,649,13741.0,2.0,146.0,217.0,252.735,0.1387337248755458,278.8859709264247,1084.3136181871098,0,Inactive Customers,0.4501749734459478,Medium,596.182763912648,216.86272363742196,2.749125132770261
650,650,13742.0,10.0,304.0,320.0,252.82399999999998,0.3381161713790016,257.6844286684012,2446.400623573249,0,Inactive Customers,0.0392618656157322,High,2350.350371048273,489.28012471464984,4.803690671921339
651,651,13743.0,6.0,257.0,259.0,176.78,0.26017663154914467,182.70113751907556,1334.0146923180712,0,Inactive Customers,0.1414075018353412,High,1145.3750072657313,266.8029384636142,4.292962490823293
652,652,13744.0,1.0,197.0,292.0,263.2,0.07441299144330786,323.23697998856204,673.5818238273165,0,Inactive Customers,0.3358047278140371,High,447.3898628165018,134.7163647654633,3.3209763609298144
653,653,13748.0,3.0,278.0,373.0,248.08333333333334,0.11827631213708173,264.69215650697964,878.625084282208,0,Inactive Customers,0.1369339475039424,Medium,758.3114831154612,175.7250168564416,4.315330262480288
654,654,13750.0,4.0,283.0,336.0,330.455,0.15692309200413568,346.47756354328766,1526.0219517811693,0,Inactive Customers,0.2226477739799911,High,1186.2565611724906,305.2043903562339,3.886761130100044
655,655,13752.0,5.0,122.0,246.0,172.546,0.22876617592605078,179.54114118506064,1152.454871550691,0,Inactive Customers,0.3834230809401747,High,710.5770740562118,230.4909743101382,3.082884595299127
656,656,13754.0,1.0,166.0,317.0,126.6,0.06636267833904767,157.7805497859744,293.2789649617196,1,Inactive Customers,0.4821842188716874,Low,151.86447633015587,58.655792992343926,2.589078905641563
657,657,13755.0,7.0,60.0,63.0,228.97,0.6669043032514488,235.35718625271724,4397.07798578379,0,Inactive Customers,0.3029864709660249,High,3064.822844308763,879.4155971567579,3.485067645169876
658,658,13756.0,11.0,365.0,367.0,423.33818181818185,0.3297350857626518,430.49669191038333,3986.52964321911,2,High-Value Active Customers,0.0184124427286258,High,3913.127894477369,797.305928643822,4.907937786356871
659,659,13758.0,6.0,362.0,373.0,452.895,0.19634090384403033,467.08239000338006,2574.978992234552,0,Inactive Customers,0.0679711639744056,High,2399.9546729227277,514.9957984469105,4.660144180127971
660,660,13759.0,1.0,38.0,71.0,99.0,0.17759470364944702,124.3501144009713,616.6188528576836,0,Inactive Customers,0.6682158503768667,Medium,204.5843617369785,123.32377057153673,1.6589207481156665
661,661,13760.0,1.0,202.0,256.0,151.70000000000002,0.08408418372951619,188.18286602378518,442.9775618809336,0,Inactive Customers,0.3894839456314934,Low,270.4449132533286,88.59551237618672,3.0525802718425337
662,662,13761.0,1.0,129.0,179.0,578.94,0.10727498327621915,705.6763158023618,2117.5529492307187,0,Inactive Customers,0.4662146905124302,Medium,1130.3186563614352,423.5105898461438,2.6689265474378483
663,663,13764.0,2.0,267.0,337.0,510.935,0.10023759528815095,561.7526541462157,1579.3272606990745,0,Inactive Customers,0.163958238013588,High,1320.3835457880277,315.8654521398149,4.18020880993206
664,664,13767.0,30.0,371.0,373.0,496.0693333333333,0.8159652420131048,499.092904469487,11439.315644443606,2,High-Value Active Customers,0.004259125026093,High,11390.59416890098,2287.8631288887213,4.978704374869535
665,665,13769.0,8.0,365.0,367.0,300.80125000000004,0.25126580516009284,307.9731105885129,2173.0048202261873,0,Inactive Customers,0.043516341053956,High,2078.4436013573345,434.6009640452375,4.7824182947302205
666,666,13771.0,2.0,183.0,247.0,881.425,0.12671962618692167,967.6367651690676,3437.2121676392535,0,Inactive Customers,0.2486969865085193,High,2582.3878595569554,687.4424335278508,3.7565150674574026
667,667,13772.0,2.0,206.0,239.0,443.38,0.13020203516937068,487.74390594748223,1780.054554171633,0,Inactive Customers,0.2622507489879063,High,1313.2339141007888,356.01091083432664,3.6887462550604684
668,668,13777.0,22.0,373.0,373.0,440.77090909090913,0.609466773626549,444.4608651259038,7608.7582221388275,2,High-Value Active Customers,0.0110236406551083,High,7524.882005666368,1521.7516444277655,4.9448817967244585
669,669,13780.0,1.0,163.0,170.0,226.78,0.11409322587891702,279.12334025226454,890.7097628201741,0,Inactive Customers,0.4530731046055121,Low,487.1531252767985,178.14195256403482,2.7346344769724396
670,670,13782.0,5.0,315.0,327.0,144.012,0.18922830723230963,149.97587508485915,796.6269392615742,0,Inactive Customers,0.065075478041737,Medium,744.7860603682014,159.32538785231486,4.674622609791315
671,671,13784.0,7.0,323.0,332.0,260.3014285714286,0.2436583541931585,267.48918357895246,1829.8756253000297,0,Inactive Customers,0.0850952485859544,High,1674.161904083745,365.97512506000595,4.574523757070228
672,672,13787.0,1.0,289.0,364.0,202.64,0.06403846345312458,249.88382176697561,448.3541358079969,0,Inactive Customers,0.2782925763198204,Low,323.5805082503428,89.67082716159939,3.6085371184008976
673,673,13791.0,1.0,41.0,168.0,289.0,0.09498890782109974,354.48716958758666,941.7642384353505,0,Inactive Customers,0.6407434530446908,High,338.3349683462805,188.35284768707012,1.7962827347765458
674,674,13792.0,1.0,221.0,287.0,120.95,0.07688526458825645,150.93700051331976,324.96897710921615,0,Inactive Customers,0.4036290245837221,Low,193.80206585865332,64.99379542184323,2.9818548770813895
675,675,13798.0,50.0,363.0,364.0,575.4770000000001,1.3585677346676015,577.5648607264751,22041.24209904509,2,High-Value Active Customers,0.0002575344326721,High,22035.565720265724,4408.248419809018,4.99871232783664
676,676,13799.0,1.0,178.0,294.0,347.15999999999997,0.07264931183144481,424.9333334278685,864.5293992680217,0,Inactive Customers,0.4312866084910214,Medium,491.66944671693653,172.90587985360435,2.843566957544893
677,677,13802.0,2.0,173.0,311.0,1649.8400000000001,0.10536297146109601,1809.4609417234278,5346.514137579633,0,Inactive Customers,0.2842196404029821,High,3826.9298119872897,1069.3028275159265,3.5789017979850897
678,678,13804.0,5.0,259.0,289.0,382.432,0.20796897760059155,397.0127694428193,2317.2541615341725,0,Inactive Customers,0.0866796517236703,High,2116.395377857165,463.4508323068345,4.566601741381649
679,679,13805.0,1.0,77.0,129.0,159.72,0.12978994924122916,197.8970722479781,717.9636281290421,0,Inactive Customers,0.5914404481810944,Medium,293.33089813067687,143.59272562580844,2.042797759094528
680,680,13808.0,4.0,91.0,96.0,278.575,0.35796741437785345,292.2324067795641,2930.543861819222,0,Inactive Customers,0.48607331300418,High,1506.0846980006888,586.1087723638444,2.5696334349791
681,681,13810.0,1.0,28.0,56.0,228.01,0.19625216209996657,280.61317487268315,1537.116180864292,0,Inactive Customers,0.6759556650245352,Medium,498.0937906081958,307.4232361728584,1.620221674877324
682,682,13811.0,1.0,56.0,239.0,297.0,0.06844536206066702,364.1771508586021,697.7094695121826,1,Inactive Customers,0.6889999473030896,Medium,216.98768178542224,139.54189390243653,1.5550002634845523
683,683,13812.0,2.0,63.0,105.0,112.13,0.21785028033260057,124.84851936128635,761.256804904526,0,Inactive Customers,0.6085600609099071,Medium,297.9863173437464,152.25136098090522,1.9571996954504645
684,684,13813.0,3.0,95.0,134.0,279.24,0.24371644070836093,297.77191503518947,2033.3349777616286,0,Inactive Customers,0.4536134443826876,High,1110.9868949153808,406.6669955523257,2.7319327780865623
685,685,13814.0,1.0,45.0,137.0,961.5799999999999,0.1161913667346732,1169.1481199950276,3797.6952445963097,0,Inactive Customers,0.5993176149155275,High,1521.6695884288085,759.539048919262,2.0034119254223626
686,686,13815.0,3.0,296.0,318.0,855.0233333333334,0.13468876899510945,909.0944879859036,3435.5456294704245,0,Inactive Customers,0.0595365144941602,High,3231.00521730611,687.109125894085,4.702317427529199
687,687,13816.0,1.0,41.0,64.0,181.98000000000002,0.1879232688702877,224.8594451345784,1179.6721896165275,0,Inactive Customers,0.6613543340504031,Medium,399.4908742549081,235.9344379233055,1.6932283297479844
688,688,13817.0,1.0,322.0,351.0,218.28,0.06710833527942212,268.82773515181066,505.42462465328805,0,Inactive Customers,0.2510626250834843,Low,378.5313916059988,101.08492493065762,3.744686874582578
689,689,13819.0,2.0,18.0,319.0,366.025,0.0671602486612167,402.9989319720099,759.048716153823,1,Inactive Customers,0.6324819469040954,High,278.9641063657989,151.8097432307646,1.8375902654795226
690,690,13821.0,1.0,117.0,261.0,115.49000000000001,0.07505692871917635,144.32358829585178,303.2738900618599,1,Inactive Customers,0.524962793605066,Medium,144.06638150751024,60.654778012371985,2.3751860319746694
691,691,13822.0,1.0,35.0,40.0,163.62,0.22619436939298454,202.6209381175981,1278.6847264416879,0,Inactive Customers,0.5976998786877322,Medium,514.415020567635,255.73694528833758,2.0115006065613388
692,692,13823.0,1.0,73.0,91.0,307.24,0.16165036441583583,376.5803268855018,1700.436357149488,0,Inactive Customers,0.5947449157868986,Medium,689.1104791156351,340.0872714298976,2.026275421065507
693,693,13824.0,4.0,278.0,310.0,314.01500000000004,0.1672225747387814,329.28808055956347,1545.3172448305297,0,Inactive Customers,0.1551076695142444,High,1305.6266883246933,309.06344896610597,4.224461652428778
694,694,13827.0,2.0,86.0,143.0,132.705,0.182299838008352,147.3891158262252,752.4352616514201,0,Inactive Customers,0.5162388259129893,Medium,363.99896560095806,150.48705233028403,2.4188058704350532
695,695,13831.0,5.0,353.0,369.0,358.99799999999993,0.17197196489564276,372.731825803928,1799.5951557534295,0,Inactive Customers,0.060108265740795,High,1691.424611905555,359.9190311506859,4.699458671296025
696,696,13835.0,3.0,190.0,215.0,163.05666666666664,0.17980802438963384,174.41736453762297,879.3770923974004,0,Inactive Customers,0.3096695126786118,Medium,607.0608167339628,175.8754184794801,3.451652436606941
697,697,13837.0,1.0,106.0,317.0,157.54000000000002,0.05845030522511499,195.2565523516264,319.6656303383385,1,Inactive Customers,0.5720207735825614,Low,136.81024918444498,63.9331260676677,2.1398961320871925
698,698,13838.0,2.0,364.0,369.0,226.81,0.09366738444141567,250.48427161398055,658.1657219769214,0,Inactive Customers,0.0286245843632908,Medium,639.3260017431668,131.63314439538428,4.856877078183546
699,699,13842.0,8.0,308.0,366.0,364.6875,0.25131113066801314,373.2831605705741,2634.28721869394,0,Inactive Customers,0.0574474608669335,High,2482.9541067857567,526.857443738788,4.712762695665332
700,700,13846.0,2.0,336.0,360.0,218.505,0.09545089165860901,241.3858680348157,646.3076315231328,0,Inactive Customers,0.1533530150851455,Medium,547.1944075565211,129.26152630462659,4.233234924574272
701,701,13849.0,1.0,119.0,170.0,944.37,0.11068758324226459,1148.302547785756,3554.9658477635094,0,Inactive Customers,0.4345744632898728,High,2010.0684724578546,710.9931695527019,2.8271276835506356
702,702,13851.0,2.0,193.0,288.0,758.57,0.1126647967110743,833.0450286587369,2631.6579917711983,0,Inactive Customers,0.3184027502890059,High,1793.7308493712067,526.3315983542396,3.4079862485549706
703,703,13854.0,24.0,357.0,365.0,325.005,0.6725835318541389,327.53779431457923,6187.745877700226,2,High-Value Active Customers,0.0369912642853414,High,5958.853334607685,1237.5491755400453,4.815043678573292
704,704,13856.0,2.0,35.0,203.0,100.25,0.13345743407602345,111.83358444009691,418.2228766530207,1,Inactive Customers,0.660429708582269,Low,142.016064102628,83.64457533060414,1.697851457088655
705,705,13860.0,3.0,85.0,86.0,280.00666666666666,0.310567017160519,298.58590288813565,2596.4270520585887,0,Inactive Customers,0.4823044991005586,High,1344.158603264331,519.2854104117177,2.588477504497207
706,706,13862.0,7.0,314.0,332.0,254.8942857142857,0.24360445240904235,261.9438794626019,1791.5441597386632,0,Inactive Customers,0.0548718518030964,High,1693.2388141067804,358.30883194773264,4.725640740984518
707,707,13865.0,3.0,231.0,289.0,126.08666666666666,0.14462897207019823,135.16545463750793,548.4148439789936,0,Inactive Customers,0.2204967698901499,Medium,427.49114232181506,109.68296879579873,3.897516150549251
708,708,13867.0,2.0,187.0,218.0,438.22,0.13902408649090822,482.09095441605655,1878.3171241884725,0,Inactive Customers,0.3760476096435414,Medium,1171.9804594848665,375.6634248376945,3.119761951782293
709,709,13869.0,3.0,234.0,357.0,927.11,0.12202339113820157,985.6305806285767,3375.143923693549,0,Inactive Customers,0.0903350868951851,High,3070.250004062936,675.0287847387099,4.548324565524074
710,710,13870.0,5.0,285.0,287.0,438.60200000000003,0.20925496935219493,455.212846433368,2673.354533053178,0,Inactive Customers,0.0760379410860957,High,2470.078158566633,534.6709066106356,4.619810294569521
711,711,13871.0,11.0,286.0,308.0,540.6545454545455,0.3781885303397759,549.7030728137644,5837.166923668569,2,High-Value Active Customers,0.0265388028980254,High,5682.255501198456,1167.4333847337139,4.867305985509873
712,712,13873.0,2.0,190.0,309.0,134.07500000000002,0.10638499342915485,148.8899963684836,444.1956541464243,0,Inactive Customers,0.3994407401336369,Medium,266.7658132900316,88.83913082928487,3.0027962993318154
713,713,13875.0,4.0,248.0,301.0,361.535,0.17085706414962423,378.97446933003647,1817.0646563899734,0,Inactive Customers,0.1643277570571648,High,1518.4704969775612,363.4129312779947,4.178361214714176
714,714,13880.0,9.0,346.0,367.0,343.1188888888889,0.2773131576464507,350.3143793407705,2728.106827964525,0,Inactive Customers,0.0338586986807438,High,2635.7366809075947,545.621365592905,4.8307065065962815
715,715,13881.0,15.0,308.0,311.0,754.5026666666668,0.494717427888127,763.6255299344001,10608.264588251099,2,High-Value Active Customers,0.0114209944924774,High,10487.10765681394,2121.65291765022,4.942895027537612
716,716,13882.0,4.0,62.0,64.0,222.13,0.4315232396044097,233.21413627978816,2817.7942617208428,0,Inactive Customers,0.522161134545261,Medium,1346.4516131055614,563.5588523441686,2.3891943272736946
717,717,13883.0,2.0,243.0,253.0,830.085,0.12512777629671976,911.3920884978668,3196.8945588567053,0,Inactive Customers,0.1369286990490004,High,2759.1479459156285,639.3789117713411,4.315356504754997
718,718,13884.0,3.0,276.0,283.0,216.48333333333335,0.14733858523933743,231.1417006551096,955.3623985028639,0,Inactive Customers,0.1905523810458042,Medium,773.3158187065128,191.07247970057279,4.04723809477098
719,719,13885.0,1.0,11.0,200.0,107.65,0.06257973903611339,134.8274066502567,236.07575601631845,1,Inactive Customers,0.7050379791615724,Medium,69.63338206553287,47.215151203263694,1.4748101041921378
720,720,13888.0,1.0,99.0,218.0,366.11,0.08681105025467656,447.88647656358626,1088.0988847845656,0,Inactive Customers,0.5637269759929958,Medium,474.7081908836113,217.61977695691314,2.1813651200350206
721,721,13890.0,8.0,357.0,358.0,211.6825,0.2562967800668384,216.86821686194702,1560.7734829279457,0,Inactive Customers,0.0244333644314962,High,1522.6385356245514,312.15469658558914,4.877833177842518
722,722,13892.0,3.0,220.0,246.0,154.53666666666666,0.1633246477873807,165.3714821370555,757.5053169877212,0,Inactive Customers,0.1577685736371346,Medium,637.9947836040229,151.50106339754424,4.211157131814327
723,723,13894.0,1.0,287.0,310.0,403.77,0.07404326038249025,493.5020633968911,1023.4238302845228,0,Inactive Customers,0.2871170969681607,Medium,729.581351165195,204.68476605690455,3.5644145151591964
724,724,13895.0,3.0,136.0,164.0,736.87,0.2155213622414995,783.6483426140275,4733.621417996032,0,Inactive Customers,0.331794062349116,High,3163.0339380963455,946.7242835992064,3.34102968825442
725,725,13899.0,1.0,258.0,274.0,90.02,0.08148210527590921,113.47311042425652,258.8876523328748,0,Inactive Customers,0.3434687537722484,Medium,169.96783301907917,51.77753046657496,3.2826562311387577
726,726,13900.0,2.0,79.0,262.0,191.685,0.11484986135422233,212.00366647031223,682.607660620162,1,Inactive Customers,0.5768629410065635,Medium,288.83659796120514,136.5215321240324,2.1156852949671823
727,727,13901.0,4.0,246.0,318.0,656.9625000000001,0.16357166706866358,687.8702104598542,3157.7509808708514,0,Inactive Customers,0.1305286605906206,High,2745.573974859061,631.5501961741703,4.347356697046897
728,728,13904.0,1.0,257.0,294.0,131.52,0.07665267348951556,163.73988826764887,351.4869927454586,0,Inactive Customers,0.3231450881693462,Low,237.90569748434905,70.29739854909172,3.384274559153269
729,729,13908.0,3.0,197.0,276.0,624.5166666666668,0.14939437510682096,664.3601923035707,2784.15504863137,0,Inactive Customers,0.2040876302735245,High,2215.9434424421243,556.831009726274,3.979561848632377
730,730,13911.0,8.0,251.0,308.0,244.0725,0.2876087738450077,249.98007612616993,2018.4757790438218,0,Inactive Customers,0.108655357358838,High,1799.1575719516563,403.6951558087644,4.45672321320581
731,731,13914.0,1.0,25.0,36.0,305.38,0.23162585484000991,374.3274062399907,2418.719962323794,0,Inactive Customers,0.6714020246910727,Medium,794.7864824588836,483.7439924647588,1.6429898765446365
732,732,13917.0,1.0,142.0,191.0,206.66,0.10299635072868361,254.75303735566084,734.066031506136,0,Inactive Customers,0.5121606616780773,Low,358.10628709455307,146.8132063012272,2.4391966916096135
733,733,13918.0,1.0,204.0,253.0,630.6400000000001,0.08504441007871641,768.2978197662989,1829.1561667075382,0,Inactive Customers,0.4044199918604858,Medium,1089.4088446561182,365.83123334150764,2.977900040697571
734,734,13919.0,1.0,62.0,121.0,153.66,0.1328487852001372,190.5569114351839,707.5338104022085,0,Inactive Customers,0.6097452740240795,Low,276.1184132972127,141.5067620804417,1.9512736298796023
735,735,13924.0,5.0,71.0,72.0,228.57399999999998,0.48379904545912894,237.5940860600199,3219.7054357006614,0,Inactive Customers,0.4053233984156107,High,1914.6834866052548,643.9410871401324,2.973383007921946
736,736,13925.0,2.0,42.0,134.0,123.64,0.1860885687144005,137.4581069827418,716.2392047625176,0,Inactive Customers,0.6361809944595016,Medium,260.58143520581655,143.24784095250354,1.8190950277024918
737,737,13928.0,3.0,123.0,133.0,120.12333333333333,0.24552784624370372,128.834044772635,886.2711421992258,0,Inactive Customers,0.5032709882571349,Medium,440.2365886008417,177.25422843984518,2.483645058714325
738,738,13929.0,1.0,157.0,326.0,429.8,0.06354185242868854,525.0308399574575,934.4938071225658,1,Inactive Customers,0.5598807463370438,Medium,411.28871694343826,186.89876142451317,2.200596268314781
739,739,13930.0,1.0,79.0,136.0,127.34,0.1252390091078122,158.67687305354332,555.5501370764417,0,Inactive Customers,0.6086242216244656,Low,217.4288673249272,111.11002741528836,1.9568788918776718
740,740,13931.0,1.0,185.0,280.0,859.3199999999999,0.07661907967092929,1045.2859343982736,2242.5911875050933,0,Inactive Customers,0.3851987579265248,High,1378.747847541161,448.5182375010187,3.0740062103673758
741,741,13933.0,1.0,39.0,148.0,307.8,0.10645573956737057,377.25862557447283,1122.9400220739615,0,Inactive Customers,0.6730221688847972,Medium,367.1764928902019,224.5880044147923,1.6348891555760143
742,742,13939.0,2.0,288.0,311.0,192.025,0.1070500665674932,212.3761477727705,637.5675091627419,0,Inactive Customers,0.2181917965337638,Medium,498.4555089269663,127.51350183254839,3.9090410173311803
743,743,13940.0,3.0,127.0,144.0,206.84,0.23397115612826586,220.9031490960948,1448.2866596127963,0,Inactive Customers,0.4387916045026097,Medium,812.7906324615725,289.65733192255925,2.806041977486952
744,744,13941.0,4.0,351.0,372.0,817.99,0.1449465391994666,856.2387914307579,3483.903171624662,0,Inactive Customers,0.0982176618781681,High,3141.7223478977535,696.7806343249324,4.5089116906091595
745,745,13946.0,2.0,188.0,267.0,143.1,0.11947101193522239,158.77718388226594,531.8180311952734,0,Inactive Customers,0.4019387475752892,Medium,318.0597577986892,106.36360623905469,2.9903062621235543
746,746,13949.0,5.0,92.0,94.0,377.884,0.4265165074606822,392.30039717732143,4688.316995840706,0,Inactive Customers,0.3054409837842202,High,3256.312840338841,937.6633991681413,3.472795081078899
747,747,13950.0,3.0,235.0,246.0,183.58333333333334,0.16344220001031026,196.2110045308525,899.4165965424131,0,Inactive Customers,0.1648197322151724,Medium,751.1749939504108,179.88331930848264,4.175901338924137
748,748,13951.0,2.0,118.0,294.0,230.945,0.10770869029518496,255.01430157181878,770.2015214874025,1,Inactive Customers,0.4935151943954497,Medium,390.0953678868759,154.0403042974805,2.5324240280227515
749,749,13952.0,1.0,21.0,238.0,1208.31,0.05356952183760191,1467.999254869731,2201.1886945680385,1,Inactive Customers,0.5313628192771619,High,1031.55886406135,440.2377389136077,2.3431859036141907
750,750,13953.0,1.0,108.0,115.0,161.32000000000002,0.1442856042923903,199.83506850218117,805.7774296288353,0,Inactive Customers,0.5802531758427375,Low,338.2225170643057,161.15548592576707,2.0987341207863124
751,751,13954.0,1.0,69.0,70.0,163.66,0.18502819326107436,202.66938802395316,1047.0242373958042,0,Inactive Customers,0.630236422589661,Low,387.15142765480465,209.40484747916085,1.8488178870516951
752,752,13955.0,1.0,151.0,305.0,117.86,0.06761756809829421,147.19424524739006,278.75006403114895,1,Inactive Customers,0.4908682888714235,Low,141.9204970773791,55.75001280622979,2.5456585556428823
753,753,13956.0,4.0,266.0,271.0,219.1875,0.18535952279896373,230.13749067883873,1196.907103763265,0,Inactive Customers,0.167014754465469,Medium,997.0059577102677,239.381420752653,4.164926227672655
754,754,13959.0,2.0,283.0,362.0,191.73,0.09467472766483101,212.0529654662258,563.1578321906721,0,Inactive Customers,0.1872335254089188,Medium,457.7158059079683,112.63156643813443,4.063832372955406
755,755,13960.0,1.0,50.0,71.0,102.12,0.18050875227665575,128.1292070966673,645.7835868798674,0,Inactive Customers,0.6632380907674087,Low,217.47531366873514,129.15671737597347,1.6838095461629565
756,756,13962.0,1.0,224.0,245.0,51.95,0.08826232579961422,67.36091205081206,166.42794736067154,0,Inactive Customers,0.4019357295644391,Low,99.53460891834796,33.28558947213431,2.990321352177804
757,757,13963.0,3.0,59.0,367.0,171.08,0.08413087602072722,182.93592437258621,431.92486413805585,1,Inactive Customers,0.5726067664517511,Medium,184.60176433385178,86.38497282761118,2.136966167741244
758,758,13969.0,16.0,358.0,365.0,527.5875,0.46248132281966076,533.6331958698744,6931.591467540895,2,High-Value Active Customers,0.0029484982805576,High,6911.153682017322,1386.318293508179,4.985257508597211
759,759,13971.0,7.0,267.0,285.0,346.3971428571429,0.2739678424743206,355.7847828339323,2736.097864381423,0,Inactive Customers,0.0898511464470188,High,2490.256334475512,547.2195728762846,4.550744267764906
760,760,13972.0,1.0,131.0,201.0,44.349999999999994,0.0977833860003905,58.15542984334744,159.1108340577992,0,Inactive Customers,0.5310591953162859,Low,74.61356255696126,31.82216681155984,2.3447040234185703
761,761,13975.0,4.0,245.0,276.0,461.88,0.18266327605631397,483.89409645910047,2480.115344027176,0,Inactive Customers,0.049303121960879,High,2357.8379147435567,496.02306880543523,4.753484390195604
762,762,13978.0,1.0,31.0,45.0,37.8,0.21581861699787974,50.22175767770359,302.4398579529803,0,Inactive Customers,0.6695037101450966,Low,99.95525095770398,60.48797159059606,1.6524814492745168
763,763,13982.0,3.0,326.0,365.0,481.07,0.12076545995374627,512.0595259397124,1735.454706378068,0,Inactive Customers,0.1120916496059434,High,1540.9247255237522,347.09094127561366,4.439541751970282
764,764,13983.0,7.0,337.0,366.0,200.58142857142857,0.2254544070044795,206.2432408365698,1305.6535201525403,0,Inactive Customers,0.0475121447570776,High,1243.6191211004648,261.13070403050807,4.762439276214612
765,765,13984.0,3.0,340.0,366.0,111.07666666666667,0.1205631327074021,119.2289881078697,403.4115514789828,0,Inactive Customers,0.1722837523168403,Medium,333.91029566222545,80.68231029579657,4.138581238415798
766,766,13985.0,14.0,260.0,264.0,473.94500000000005,0.5263193415897337,480.1885803764695,7095.311001079726,2,High-Value Active Customers,0.0265357778393888,High,6907.031404653703,1419.0622002159453,4.867321110803056
767,767,13988.0,5.0,235.0,254.0,684.0,0.22909466588524974,709.4799372883915,4560.828654465785,0,Inactive Customers,0.074896227518513,High,4219.239793887962,912.165730893157,4.625518862407435
768,768,13989.0,1.0,174.0,239.0,304.61,0.08757139324579664,373.39474554265547,915.2681712107004,0,Inactive Customers,0.4106846636968735,Medium,539.3815701245815,183.0536342421401,2.9465766815156322
769,769,13991.0,4.0,131.0,143.0,182.40499999999997,0.28624615373290785,191.67811368073419,1537.944819556067,0,Inactive Customers,0.3096365299117439,Medium,1061.7409224329833,307.5889639112134,3.4518173504412806
770,770,13993.0,8.0,288.0,330.0,369.31375,0.272950925526651,378.01251342395824,2896.983652449708,0,Inactive Customers,0.0936537809527782,High,2625.670180039404,579.3967304899417,4.5317310952361085
771,771,13994.0,5.0,145.0,148.0,404.914,0.33049226506965373,420.3073062222659,3894.6467283964557,0,Inactive Customers,0.2499757546312557,High,2921.0794734434003,778.9293456792911,3.750121226843721
772,772,13995.0,4.0,230.0,245.0,270.81,0.19959278926720714,284.11340827782334,1590.8429024969798,0,Inactive Customers,0.1596260210557815,High,1336.9029798465565,318.168580499396,4.201869894721092
773,773,13999.0,11.0,351.0,361.0,327.24636363636364,0.3340557615872358,332.85679305206486,3122.6817052166602,0,Inactive Customers,0.0221566010601051,High,3053.493692436486,624.5363410433321,4.889216994699474
774,774,14001.0,2.0,328.0,373.0,870.9200000000001,0.09268030132571625,956.1281884563492,2485.8688468963996,0,Inactive Customers,0.1598823977970327,High,2088.4221750456586,497.17376937928,4.200588011014836
775,775,14002.0,1.0,22.0,156.0,304.94,0.09315958684645909,373.7944572700848,973.7743394567474,0,Inactive Customers,0.6319068370021935,Medium,358.43967665673387,194.75486789134948,1.8404658149890325
776,776,14004.0,6.0,245.0,288.0,613.77,0.23994581255543276,632.7736200829212,4261.649677094636,0,Inactive Customers,0.0596755032597872,High,4007.333587897104,852.3299354189272,4.701622483701064
777,777,14005.0,4.0,206.0,215.0,646.69,0.2191466522857292,677.1293975674997,4162.0672777252785,0,Inactive Customers,0.1837507730442889,High,3397.2841979809195,832.4134555450557,4.081246134778556
778,778,14006.0,2.0,197.0,312.0,320.9,0.10570268445590963,353.562994403098,1048.0665097111837,0,Inactive Customers,0.3458333596913721,Medium,685.610147477755,209.61330194223675,3.2708332015431396
779,779,14009.0,1.0,7.0,205.0,314.7,0.05767425862778961,385.6162344207236,622.3021891544383,1,Inactive Customers,0.6891996079563615,Medium,193.41176435881394,124.46043783088767,1.5540019602181927
780,780,14013.0,2.0,165.0,275.0,177.26,0.11621306670510904,196.20059944689825,639.2802282677684,0,Inactive Customers,0.4322997579234503,Medium,362.91954034236403,127.85604565355368,2.838501210382748
781,781,14016.0,3.0,196.0,357.0,1195.8233333333333,0.12098635629964302,1270.929784008603,4315.1211349063215,1,Inactive Customers,0.140224504951662,High,3710.035409957629,863.0242269812643,4.2988774752416905
782,782,14019.0,2.0,92.0,138.0,492.74,0.18670330424402717,541.8194267984849,2832.675872687569,0,Inactive Customers,0.4930527819849492,High,1436.0171531973194,566.5351745375139,2.534736090075254
783,783,14020.0,1.0,72.0,88.0,311.65999999999997,0.1646031981986788,381.9340415377377,1756.0075356657758,0,Inactive Customers,0.5936238548263676,Medium,713.5995732397078,351.2015071331552,2.0318807258681617
784,784,14021.0,2.0,101.0,256.0,216.5,0.11981146051048999,239.18932388355435,803.3761334873278,1,Inactive Customers,0.5613755663612021,Medium,352.38040154980644,160.67522669746558,2.193122168193989
785,785,14023.0,1.0,243.0,250.0,310.93,0.08746834840596877,381.0498307467576,933.0309450540432,0,Inactive Customers,0.3439570501809157,Medium,612.1083734657425,186.60618901080863,3.2802147490954217
786,786,14024.0,1.0,3.0,124.0,65.25,0.10359764270141548,83.47050591387514,241.69603842046135,0,Inactive Customers,0.7264481291519742,Low,66.11640348647352,48.33920768409227,1.3677593542401287
787,787,14029.0,1.0,81.0,144.0,302.46000000000004,0.12032015536124037,370.7905630760701,1247.3541956721886,0,Inactive Customers,0.6215611332168334,Medium,472.04730828741134,249.4708391344377,1.8921943339158331
788,788,14030.0,6.0,348.0,366.0,263.1483333333333,0.19930951292011292,271.65514149682116,1520.2130880473517,0,Inactive Customers,0.0352366302734295,High,1466.6459015269986,304.04261760947037,4.823816848632852
789,789,14031.0,15.0,365.0,372.0,706.302,0.42963393704523745,714.8578413229085,8626.171949084042,2,High-Value Active Customers,0.0134626788133434,High,8510.040566744852,1725.2343898168085,4.9326866059332835
790,790,14032.0,10.0,364.0,366.0,267.173,0.30424277845870173,272.2881244376433,2326.458525503798,0,Inactive Customers,0.0320586708266045,High,2251.875357442924,465.2917051007596,4.839706645866977
791,791,14034.0,1.0,135.0,157.0,177.91,0.11898631129528028,219.9296671629493,731.7871810502486,0,Inactive Customers,0.3974583231994517,Medium,440.9322751311632,146.3574362100497,3.0127083840027415
792,792,14035.0,4.0,269.0,297.0,277.855,0.17283441388490753,291.47958270728424,1413.6994101016928,0,Inactive Customers,0.2118149679288759,High,1114.256714889932,282.7398820203386,3.9409251603556203
793,793,14037.0,1.0,188.0,364.0,35.400000000000006,0.05893876685996153,47.31476329639899,78.13396340184451,1,Inactive Customers,0.4425127012855185,Low,43.55869219475045,15.626792680368903,2.787436493572407
794,794,14038.0,2.0,129.0,207.0,422.03000000000003,0.14309169193542157,464.3542712195871,1861.9681589912198,0,Inactive Customers,0.4029431918212811,High,1111.700765937703,372.393631798244,2.985284040893594
795,795,14040.0,10.0,291.0,331.0,332.52200000000005,0.329010856459511,338.7970738295313,3129.982571640528,0,Inactive Customers,0.0504928240989476,High,2971.9409122179113,625.9965143281056,4.7475358795052625
796,796,14044.0,3.0,283.0,309.0,159.69333333333336,0.13768706494901062,170.84643521752417,659.9853995647894,0,Inactive Customers,0.0731843240104623,Medium,611.6848142408654,131.9970799129579,4.634078379947688
797,797,14045.0,1.0,228.0,337.0,408.0,0.06646527558042756,498.6256409939405,928.398665152275,0,Inactive Customers,0.5612881260246324,Medium,407.2995181851844,185.67973303045503,2.193559369876838
798,798,14047.0,4.0,364.0,372.0,255.4225,0.1449954337900406,268.02440770531376,1090.9177217533484,0,Inactive Customers,0.1278954769354973,High,951.3942794323177,218.18354435066968,4.360522615322513
799,799,14049.0,3.0,301.0,317.0,1516.0466666666664,0.1350483818471131,1610.9183538737504,6104.021189705343,0,Inactive Customers,0.0143668133748774,High,6016.325856436549,1220.8042379410688,4.928165933125612
800,800,14050.0,1.0,75.0,106.0,260.38,0.14776443047218157,319.8212615905291,1320.4682219487677,0,Inactive Customers,0.5614379086137895,Medium,579.1073050268824,264.09364438975354,2.1928104569310527
801,801,14051.0,21.0,366.0,366.0,712.9509523809525,0.5925746335700964,719.0974777943184,11968.747399249492,2,High-Value Active Customers,0.0133044354918635,High,11809.509971557767,2393.7494798498988,4.933477822540682
802,802,14053.0,1.0,35.0,159.0,106.0,0.09778835776024558,132.82884801310976,363.2415987537853,0,Inactive Customers,0.6879135880188538,Low,113.36276723736403,72.64831975075707,1.5604320599057306
803,803,14056.0,22.0,283.0,284.0,346.1677272727273,0.7537707383689843,349.1017236747527,7388.942234895776,2,High-Value Active Customers,0.0023459102734071,High,7371.608439397322,1477.7884469791552,4.9882704486329645
804,804,14057.0,12.0,337.0,360.0,408.7833333333333,0.3612314683241858,415.12184675044597,4211.350351547263,2,High-Value Active Customers,0.0141325228202877,High,4151.833346599795,842.2700703094526,4.929337385898561
805,805,14060.0,18.0,368.0,372.0,312.01444444444445,0.5072664436551341,315.272664638784,4491.976417358971,2,High-Value Active Customers,0.0147397006359689,High,4425.766029703268,898.3952834717943,4.926301496820155
806,806,14062.0,10.0,355.0,364.0,920.183,0.30553977818869077,936.8890983224275,8038.950590482968,2,High-Value Active Customers,0.0278879045725351,High,7814.761103552255,1607.7901180965937,4.860560477137325
807,807,14064.0,4.0,245.0,274.0,214.3875,0.18367751305093546,225.11866353030607,1160.2003110930207,0,Inactive Customers,0.1972770550187238,Medium,931.3194104887823,232.04006221860413,4.013614724906381
808,808,14067.0,1.0,33.0,96.0,150.03,0.14695646624563266,186.1600824334607,764.2652952941252,0,Inactive Customers,0.6456575456006759,Low,270.8116405467445,152.85305905882504,1.7717122719966205
809,809,14071.0,6.0,261.0,264.0,199.41166666666666,0.2565151090890068,206.01034459755357,1483.080970896809,0,Inactive Customers,0.0407358005085157,High,1422.6664803283809,296.6161941793618,4.796320997457422
810,810,14075.0,2.0,257.0,261.0,317.16999999999996,0.12233258119909049,349.4766554084821,1198.54560115885,0,Inactive Customers,0.2890137633962935,Medium,852.1494263658578,239.70912023177004,3.554931183018532
811,811,14077.0,4.0,234.0,274.0,95.5775,0.18357385127134931,100.89223571423065,519.6776632067517,0,Inactive Customers,0.2435509463181699,Medium,393.1096765523322,103.93553264135035,3.7822452684091505
812,812,14078.0,5.0,272.0,373.0,182.62599999999998,0.16964722579833905,189.98544910859152,904.8867142037982,0,Inactive Customers,0.1218965404980577,Medium,794.5841541997006,180.97734284075966,4.390517297509711
813,813,14081.0,1.0,67.0,369.0,511.0,0.038673212365079986,623.3841498582636,675.4943353368708,1,Inactive Customers,0.5025533360812182,Medium,336.0224036093612,135.09886706737416,2.487233319593909
814,814,14083.0,7.0,367.0,371.0,101.27,0.22315301452518554,104.39424438730762,654.1485850385691,0,Inactive Customers,0.0522228528797372,Medium,619.9870797206116,130.8297170077138,4.738885735601314
815,815,14085.0,15.0,366.0,368.0,272.70933333333335,0.4334062938792844,276.1644867588024,3361.6879813844407,2,High-Value Active Customers,0.012605186963605,High,3319.3132758657857,672.3375962768882,4.936974065181974
816,816,14088.0,11.0,312.0,322.0,3851.627272727273,0.3655282412351556,3914.01700016465,40172.93760521255,2,High-Value Active Customers,0.0001991451918636,High,40164.93735784544,8034.587521042511,4.999004274040682
817,817,14092.0,11.0,351.0,358.0,347.84181818181816,0.3363026551440699,353.7840492618945,3341.299891725703,2,High-Value Active Customers,0.0235841637070517,High,3262.49812808489,668.2599783451407,4.882079181464741
818,818,14096.0,16.0,97.0,101.0,2988.345625,1.0955078931487685,3021.5099564245957,92817.64143673364,2,High-Value Active Customers,2.3801998301491762e-09,High,92817.64121580911,18563.52828734673,4.999999988099001
819,819,14099.0,10.0,338.0,354.0,270.37,0.31234285483639374,275.54187141473346,2416.838739525159,0,Inactive Customers,0.0311178188792348,High,2341.6319893682967,483.3677479050318,4.844410905603826
820,820,14101.0,5.0,253.0,326.0,556.078,0.18909760879585988,576.9346239755025,3062.374062430038,0,Inactive Customers,0.2001372810281994,High,2449.478844084009,612.4748124860076,3.999313594859003
821,821,14102.0,4.0,39.0,44.0,234.795,0.49490614020270657,246.45652082898934,3413.8069101310407,0,Inactive Customers,0.5670424724419154,High,1478.0333993710396,682.7613820262081,2.164787637790423
822,822,14107.0,6.0,313.0,364.0,389.9983333333334,0.19994916527971116,402.3027407856467,2258.540765486334,0,Inactive Customers,0.0664628059196329,High,2108.4318089282365,451.7081530972668,4.667685970401835
823,823,14108.0,1.0,71.0,101.0,289.93,0.15163008505201175,355.61362991034224,1506.517506575563,0,Inactive Customers,0.6038003320017336,Medium,596.8817359388142,301.3035013151126,1.9809983399913322
824,824,14110.0,11.0,263.0,266.0,434.4445454545455,0.42278434556570205,441.7819838598642,5243.3704819411005,2,High-Value Active Customers,0.0517198307205347,High,4972.184248210058,1048.67409638822,4.741400846397327
825,825,14111.0,3.0,227.0,241.0,194.55000000000004,0.1658741965433552,207.8545699056049,966.9343653578337,0,Inactive Customers,0.2131139247105027,Medium,760.8671878189666,193.38687307156675,3.9344303764474864
826,826,14112.0,4.0,253.0,275.0,574.5125,0.18323236378626076,601.6613982939134,3093.301392523339,0,Inactive Customers,0.113325771944936,High,2742.750624357286,618.6602785046679,4.4333711402753195
827,827,14113.0,3.0,351.0,354.0,468.97333333333336,0.12389573130929855,499.2162132512699,1735.6985841150226,0,Inactive Customers,0.0457057140376669,High,1656.367240973878,347.13971682300456,4.771471429811665
828,828,14114.0,1.0,57.0,330.0,89.69999999999999,0.04336010898133465,113.0855111734159,137.35400832265086,1,Inactive Customers,0.6632990375467482,Low,46.2472267990485,27.47080166453017,1.6835048122662588
829,829,14116.0,4.0,102.0,121.0,265.6925,0.31563873724986385,278.762606625195,2465.7260764075327,0,Inactive Customers,0.4478983871698043,High,1361.331343582069,493.1452152815066,2.760508064150978
830,830,14121.0,3.0,56.0,59.0,826.8000000000001,0.3660779955219424,879.1291177646184,9006.713351094955,0,Inactive Customers,0.3850997305443597,High,5538.230466498,1801.342670218991,3.074501347278201
831,831,14125.0,2.0,68.0,78.0,710.0,0.2538566303636304,779.8349790693284,5538.37044141936,0,Inactive Customers,0.4202106556361213,High,3211.088167074816,1107.674088283872,2.898946721819393
832,832,14126.0,1.0,3.0,10.0,62.5,0.29150000596177716,80.1395748519636,651.1176547998253,0,Inactive Customers,0.72629808820894,Medium,178.21214691962362,130.22353095996507,1.3685095589552998
833,833,14127.0,2.0,188.0,310.0,197.54000000000002,0.10605633838445436,218.4180136052924,649.6149966881634,0,Inactive Customers,0.360925388124968,Medium,415.15245187668825,129.9229993376327,3.19537305937516
834,834,14128.0,1.0,195.0,255.0,331.96,0.0840004761786456,406.5223690129393,955.9816874292303,0,Inactive Customers,0.3866535517021968,Medium,586.3479726224591,191.19633748584607,3.066732241489016
835,835,14129.0,3.0,259.0,260.0,254.98666666666668,0.15700024594989206,272.0215862611171,1197.8893277580878,0,Inactive Customers,0.1343038819367357,High,1037.0081409095899,239.57786555161758,4.328480590316321
836,836,14132.0,10.0,181.0,183.0,327.91700000000003,0.5067930995456471,334.11033475242766,4750.852098816594,0,Inactive Customers,0.1144681021329054,High,4207.031075550928,950.1704197633188,4.427659489335473
837,837,14133.0,1.0,186.0,315.0,287.64,0.0684311913604879,352.839872771514,676.2837004312706,0,Inactive Customers,0.4315669896811894,Medium,384.42197966569194,135.25674008625413,2.8421650515940535
838,838,14135.0,13.0,371.0,372.0,307.15846153846155,0.37793141254250634,311.6208514606013,3307.6948738205383,2,High-Value Active Customers,0.0436931904819785,High,3163.1711316424335,661.5389747641077,4.781534047590107
839,839,14138.0,1.0,62.0,63.0,344.17,0.193382298059876,421.31170292782656,2274.4661014009475,0,Inactive Customers,0.5921249673137682,Medium,927.6979354526377,454.89322028018955,2.039375163431159
840,840,14140.0,1.0,28.0,31.0,394.06,0.24318622217439168,481.74084862919625,3267.638287718127,0,Inactive Customers,0.6173293950254896,Medium,1250.429120398969,653.5276575436254,1.9133530248725519
841,841,14141.0,3.0,103.0,105.0,209.99,0.2805795377457798,224.2475774484173,1762.222290166625,0,Inactive Customers,0.4863759049443094,Medium,905.1198290737995,352.444458033325,2.568120475278453
842,842,14145.0,3.0,171.0,217.0,871.1999999999999,0.17835966233034978,926.2696316830686,4632.517869591124,0,Inactive Customers,0.518462425280044,High,2230.731419769767,926.5035739182248,2.4076878735997798
843,843,14146.0,3.0,349.0,357.0,949.29,0.12305045890721479,1009.1796031220728,3484.8712610233756,0,Inactive Customers,0.0420039827461136,High,3338.4927887029226,696.9742522046752,4.7899800862694315
844,844,14147.0,1.0,207.0,285.0,300.6,0.0766778218052312,368.537642430559,791.31175287542,0,Inactive Customers,0.4876711590190197,Medium,405.4118332052918,158.262350575084,2.5616442049049013
845,845,14150.0,1.0,324.0,359.0,352.46000000000004,0.06579627064153083,431.35294601991626,795.1744266142856,0,Inactive Customers,0.2337082469771552,Medium,609.3356053291964,159.03488532285712,3.831458765114224
846,846,14152.0,1.0,159.0,234.0,306.78000000000003,0.08811270665141824,376.0231529624184,927.3628828410681,0,Inactive Customers,0.4310991259839794,Medium,527.5775545783001,185.47257656821364,2.8445043700801027
847,847,14156.0,40.0,362.0,371.0,1761.9872500000001,1.0785881971164168,1769.795350139719,53620.97998247704,3,High-Value Active Customers,2.580330710348038e-07,High,53620.9661464909,10724.195996495408,4.999998709834645
848,848,14157.0,1.0,266.0,285.0,155.71,0.07903085501753747,193.03996913588162,427.20852983873283,0,Inactive Customers,0.3017783755330925,Medium,298.28623369011933,85.44170596774657,3.491108122334537
849,849,14159.0,10.0,343.0,362.0,448.284,0.30681649982243864,456.61385755236915,3934.3072396358853,0,Inactive Customers,0.000719148965711,High,3931.4778866537117,786.8614479271771,4.996404255171445
850,850,14161.0,2.0,154.0,369.0,413.68500000000006,0.08990836639602585,455.2120463107213,1148.1014329100324,1,Inactive Customers,0.3837628712691857,Medium,707.502730508212,229.62028658200649,3.0811856436540714
851,851,14162.0,1.0,119.0,292.0,111.68,0.06674890192693483,139.70873471553068,261.1489237059072,1,Inactive Customers,0.5504008991403384,Low,117.41232128864424,52.22978474118144,2.247995504298308
852,852,14163.0,3.0,152.0,239.0,634.08,0.1656640565388452,674.5138059996692,3133.803273230211,0,Inactive Customers,0.3587970638725375,High,2009.4038600410638,626.7606546460422,3.2060146806373124
853,853,14167.0,3.0,292.0,331.0,142.16333333333333,0.13045737740647814,152.2344260060279,557.2686913763353,0,Inactive Customers,0.1700286037986644,Medium,462.5170738409081,111.45373827526706,4.149856981006677
854,854,14173.0,2.0,209.0,219.0,168.4,0.13880328885965867,186.4941749181324,725.4685403194443,0,Inactive Customers,0.2018339154353662,Medium,579.044384301591,145.09370806388887,3.9908304228231684
855,855,14175.0,2.0,270.0,329.0,1373.585,0.10223040511378106,1506.8144058098592,4320.335479661661,0,Inactive Customers,0.1558076702895561,High,3647.194073706266,864.0670959323323,4.220961648552219
856,856,14176.0,2.0,70.0,367.0,208.675,0.07813381239903738,230.6167762608012,505.4662403361623,1,Inactive Customers,0.5642031202390143,Medium,220.28061036301602,101.09324806723247,2.1789843988049284
857,857,14177.0,2.0,93.0,179.0,220.665,0.1571340165041933,243.7522198386683,1073.0287430909675,0,Inactive Customers,0.4491082656709616,Medium,591.1226652662913,214.6057486181935,2.754458671645192
858,858,14178.0,6.0,174.0,182.0,237.26,0.33325391928236564,244.991770589538,2290.111859453431,0,Inactive Customers,0.1223519022939801,High,2009.9123169832997,458.0223718906862,4.3882404885301
859,859,14179.0,1.0,12.0,52.0,168.1,0.19647882871491926,208.0473276293667,1140.8209054643905,0,Inactive Customers,0.5964043069153624,Medium,460.43040402634455,228.16418109287812,2.017978465423188
860,860,14180.0,23.0,362.0,372.0,174.03565217391306,0.636541010328126,175.52588807260835,3138.3342725049333,2,High-Value Active Customers,0.039462907647737,High,3014.4864769413434,627.6668545009867,4.802685461761315
861,861,14188.0,5.0,280.0,310.0,331.27200000000005,0.1971143445521578,344.00376216426366,1903.2503434769822,0,Inactive Customers,0.0970669738674371,High,1718.5075921235111,380.65006869539644,4.514665130662814
862,862,14189.0,13.0,366.0,368.0,332.73538461538465,0.3812130258611486,337.5455746593261,3613.9365501155135,2,High-Value Active Customers,0.0133508050058319,High,3565.6875879314725,722.7873100231027,4.93324597497084
863,863,14191.0,12.0,219.0,220.0,377.87000000000006,0.5236474658131064,383.75260061246473,5639.984570503212,2,High-Value Active Customers,0.0592112950173441,High,5306.0337802058775,1127.9969141006425,4.703943524913279
864,864,14193.0,1.0,202.0,269.0,430.85,0.08050434282702723,526.3026499992783,1186.294044900721,0,Inactive Customers,0.3906450216921882,Medium,722.8741819971652,237.2588089801442,3.046774891539059
865,865,14194.0,14.0,304.0,308.0,766.3871428571429,0.4684084159827154,776.3197778166038,10210.799828045643,2,High-Value Active Customers,0.0046387502297557,High,10163.434477997307,2042.1599656091287,4.976806248851221
866,866,14195.0,1.0,51.0,252.0,183.6,0.062216621305610696,226.821666341959,395.05936899557724,1,Inactive Customers,0.7096672451114984,Medium,114.69867494499906,79.01187379911545,1.4516637744425083
867,867,14198.0,3.0,221.0,239.0,166.04999999999998,0.16684480656100031,177.59545624173472,830.9925648205544,0,Inactive Customers,0.2347061788483349,Medium,635.9534752801449,166.1985129641109,3.826469105758325
868,868,14201.0,6.0,299.0,359.0,113.36666666666667,0.20206018844260037,117.38935381468416,665.9732833726279,0,Inactive Customers,0.1052714856652987,Medium,595.8652864185943,133.1946566745256,4.473642571673506
869,869,14205.0,1.0,248.0,264.0,243.8,0.08375728734345222,299.73877540634976,702.8845821109558,0,Inactive Customers,0.3517821077429086,Medium,455.62236231597024,140.57691642219115,3.241089461285457
870,870,14209.0,5.0,322.0,332.0,345.096,0.18700620663485806,358.32738445939174,1881.0173784282379,0,Inactive Customers,0.0889815294209033,High,1713.6415752283951,376.2034756856476,4.555092352895483
871,871,14210.0,5.0,266.0,371.0,320.178,0.17028473638745864,332.5088065984251,1589.6546405231306,0,Inactive Customers,0.1447666564125479,High,1359.5256533639063,317.93092810462616,4.27616671793726
872,872,14211.0,8.0,242.0,295.0,261.9875,0.2973329423576844,268.29433851328184,2239.4723189038627,0,Inactive Customers,0.1497880818021065,High,1904.026056006338,447.8944637807726,4.251059590989468
873,873,14214.0,4.0,247.0,277.0,91.4325,0.1821773141148622,96.55826935367486,493.5787800658003,0,Inactive Customers,0.1506233815969165,Medium,419.23427512780876,98.71575601316006,4.246883092015418
874,874,14215.0,5.0,357.0,368.0,324.744,0.1723662092895404,337.2398294137865,1631.9620562422467,0,Inactive Customers,0.0780936681447238,High,1504.5161529972838,326.3924112484494,4.6095316592763815
875,875,14216.0,3.0,34.0,37.0,446.5,0.42855042893035183,475.35575192708126,5698.360405365447,0,Inactive Customers,0.6023233195101506,High,2266.1050502405237,1139.6720810730894,1.988383402449247
876,876,14217.0,15.0,365.0,366.0,125.77866666666667,0.4353058359695348,127.50536033982738,1558.8865738528648,2,High-Value Active Customers,0.0463060026198202,High,1486.7007680800316,311.77731477057296,4.768469986900899
877,877,14220.0,1.0,111.0,358.0,319.42,0.05067219401095115,391.3333233706227,555.5742590942491,1,Inactive Customers,0.5655411135908749,Medium,241.37417392366223,111.11485181884983,2.1722944320456254
878,878,14221.0,6.0,297.0,339.0,509.7166666666667,0.21161425721790567,525.6051675957323,3122.6147525576207,0,Inactive Customers,0.0475721649444118,High,2974.0652084910957,624.5229505115242,4.76213917527794
879,879,14223.0,2.0,172.0,264.0,343.115,0.12019446584265028,377.9002653857768,1273.4006281949141,0,Inactive Customers,0.3853226852499081,Medium,782.73047873993,254.68012563898284,3.0733865737504598
880,880,14224.0,3.0,210.0,320.0,244.00666666666666,0.13304848198666125,260.36386457587867,971.9642941814129,0,Inactive Customers,0.1959530024120363,Medium,781.5049724992693,194.39285883628258,4.020234987939818
881,881,14226.0,3.0,240.0,269.0,404.99666666666667,0.1529057236276789,431.29069646171905,1849.827016229552,0,Inactive Customers,0.2154271063645799,High,1451.324134848195,369.96540324591047,3.9228644681771003
882,882,14227.0,5.0,258.0,284.0,522.852,0.2107670136743792,542.5077812108956,3208.989220189548,0,Inactive Customers,0.0840427461115087,High,2939.2969538825896,641.7978440379097,4.579786269442455
883,883,14229.0,2.0,282.0,333.0,545.115,0.10133564507389128,599.1979803756985,1703.019556477236,0,Inactive Customers,0.2329220735148248,High,1306.348710146261,340.60391129544723,3.8353896324258763
884,884,14231.0,2.0,105.0,288.0,268.43,0.10853918499462757,296.0803651678446,901.0915094179107,1,Inactive Customers,0.5173085253877788,Medium,434.9491894414835,180.21830188358217,2.4134573730611053
885,885,14232.0,4.0,222.0,264.0,338.7225,0.1886968037041358,355.12197051214054,1880.1081071202807,0,Inactive Customers,0.1446520010052279,High,1608.1467073191807,376.02162142405615,4.27673999497386
886,886,14233.0,3.0,268.0,317.0,376.6233333333333,0.13484189373735234,401.16606774746606,1517.7566793621513,0,Inactive Customers,0.2400706016691,High,1153.3879201603843,303.5513358724303,3.7996469916544995
887,887,14234.0,3.0,35.0,57.0,135.22666666666666,0.3700561326636159,144.86960547567543,1500.2629658031751,0,Inactive Customers,0.5115692918921954,Medium,732.7745027351599,300.052593160635,2.442153540539023
888,888,14235.0,3.0,185.0,260.0,764.85,0.15619869218854676,813.3553601689428,3563.450419398939,0,Inactive Customers,0.2373731459881345,High,2717.5829827734756,712.6900838797878,3.813134270059327
889,889,14236.0,1.0,292.0,372.0,301.55999999999995,0.06282319233093246,369.7004401830808,650.7792835062704,0,Inactive Customers,0.2929486457604166,Medium,460.1343737141742,130.1558567012541,3.535256771197916
890,890,14239.0,10.0,273.0,316.0,218.73499999999999,0.3410146979212919,222.99034649698208,2135.1366068400175,0,Inactive Customers,0.1032478108639866,High,1914.6884262882252,427.0273213680035,4.483760945680067
891,891,14240.0,1.0,195.0,225.0,663.49,0.09336014346623381,808.0873053604057,2111.431083826475,0,Inactive Customers,0.4018882196817027,Medium,1262.8718045668452,422.286216765295,2.990558901591487
892,892,14242.0,1.0,91.0,325.0,142.2,0.05358423405431905,176.67601326445435,265.18152756098584,1,Inactive Customers,0.6030005047916197,Low,105.27693258029856,53.036305512197174,1.9849974760419011
893,893,14243.0,9.0,357.0,365.0,263.94111111111107,0.27860845062051515,269.57194772809925,2109.108695583579,0,Inactive Customers,0.0502699239043506,High,2003.0839619505884,421.82173911671583,4.748650380478247
894,894,14245.0,1.0,44.0,263.0,688.35,0.05603625369383077,838.198922160086,1315.015383790697,1,Inactive Customers,0.5501791174317986,High,591.5213805274934,263.0030767581394,2.249104412841007
895,895,14246.0,2.0,135.0,245.0,512.21,0.1262319420197146,563.1494590304343,1992.6751841404782,0,Inactive Customers,0.4321056728120144,High,1131.6289330016523,398.53503682809566,2.8394716359399284
896,896,14250.0,1.0,82.0,89.0,675.22,0.16491395077820323,822.295240399032,3787.858447939307,0,Inactive Customers,0.4735867762379659,High,1993.9787767339853,757.5716895878614,2.63206611881017
897,897,14251.0,4.0,56.0,57.0,405.06,0.4518424021644738,424.4837300883454,5369.583774308484,0,Inactive Customers,0.4527830261220926,High,2938.327383961001,1073.9167548616967,2.736084869389537
898,898,14256.0,1.0,104.0,364.0,445.2,0.04822524960901119,543.684053904162,734.6207945017874,1,Inactive Customers,0.534530314604884,Medium,341.94371010145716,146.92415890035747,2.3273484269755804
899,899,14257.0,4.0,254.0,318.0,548.5075,0.16367477882843584,574.4708566277486,2638.8400155718964,0,Inactive Customers,0.1016442153940943,High,2370.6171926385514,527.7680031143793,4.491778923029528
900,900,14258.0,7.0,328.0,337.0,1184.662857142857,0.24081818100740318,1215.4695440537137,8218.186346413468,2,High-Value Active Customers,0.0320501241019992,High,7954.79245411756,1643.6372692826935,4.839749379490003
901,901,14261.0,1.0,28.0,78.0,219.7,0.165404985730403,270.5477068274159,1249.685482382859,0,Inactive Customers,0.6535265198398298,High,432.9828781868302,249.9370964765718,1.7323674008008507
902,902,14262.0,7.0,232.0,240.0,339.7471428571429,0.3111970160995781,348.9648645613796,3047.6024789676208,0,Inactive Customers,0.0956913505470987,High,2755.9732818245234,609.5204957935242,4.521543247264506
903,903,14264.0,1.0,91.0,245.0,218.27,0.07562221581060903,268.8156226752219,569.0452913899849,1,Inactive Customers,0.6107237421862104,Low,221.51582155885077,113.80905827799698,1.9463812890689478
904,904,14265.0,1.0,39.0,148.0,244.23000000000002,0.10645573956737057,300.2596118996668,893.7463913544666,0,Inactive Customers,0.6552086845604626,Medium,308.15599394444615,178.74927827089334,1.7239565771976868
905,905,14267.0,1.0,98.0,260.0,679.88,0.07218410805748138,827.9396544893984,1673.1824737791676,1,Inactive Customers,0.4958051254857843,High,843.6100274064725,334.63649475583355,2.5209743725710783
906,906,14272.0,1.0,181.0,254.0,305.87,0.08345914257822899,374.9209175928404,875.9775824883732,0,Inactive Customers,0.4134609914239673,Medium,513.7950227675603,175.19551649767465,2.9326950428801637
907,907,14273.0,3.0,191.0,242.0,149.05666666666667,0.16498598942510936,159.55323852730083,738.2683511714455,0,Inactive Customers,0.3621418394127099,Medium,470.9104924980298,147.6536702342891,3.1892908029364504
908,908,14276.0,2.0,191.0,289.0,389.27,0.11231480827207169,428.4646021944888,1349.3588256334676,0,Inactive Customers,0.337429827594416,High,894.0449097369631,269.87176512669356,3.31285086202792
909,909,14277.0,2.0,197.0,212.0,1229.485,0.1419489295832254,1348.948065562098,5366.051775252233,0,Inactive Customers,0.196726277030872,High,4310.40838715196,1073.2103550504467,4.01636861484564
910,910,14282.0,14.0,364.0,367.0,225.5957142857143,0.4081911755680871,228.70645593485116,2621.9746931112513,2,High-Value Active Customers,0.0226871875888393,High,2562.489461395447,524.3949386222503,4.886564062055804
911,911,14284.0,1.0,56.0,86.0,343.15,0.16394723403843012,420.076230315772,1923.5970858274188,0,Inactive Customers,0.643132652622956,Medium,686.4689894414429,384.7194171654838,1.7843367368852197
912,912,14285.0,3.0,155.0,176.0,629.0533333333333,0.20599784181034114,669.1768769464392,3863.98964065002,0,Inactive Customers,0.3485976052691375,High,2517.0121051346678,772.797928130004,3.257011973654312
913,913,14286.0,2.0,219.0,242.0,1289.335,0.129136534540871,1414.5157301271815,5120.243379720568,0,Inactive Customers,0.0935300947502251,High,4641.3465312710905,1024.0486759441135,4.532349526248875
914,914,14287.0,1.0,190.0,198.0,93.35,0.1030628031732889,117.50656512831668,338.8391448190896,0,Inactive Customers,0.4517446998703642,Low,185.77035703845908,67.76782896381792,2.741276500648179
915,915,14289.0,5.0,281.0,289.0,117.804,0.2081246645245914,122.8206744836788,717.4070947472054,0,Inactive Customers,0.1502007441984019,Medium,609.6520152229617,143.4814189494411,4.24899627900799
916,916,14290.0,4.0,350.0,361.0,384.27250000000004,0.1485055718701356,402.74854897373666,1678.8859503141948,0,Inactive Customers,0.0311264884743954,High,1626.6281261319157,335.777190062839,4.844367557628023
917,917,14291.0,6.0,274.0,275.0,477.74500000000006,0.24883585390458882,492.6763422487669,3440.825545517044,0,Inactive Customers,0.0537086746667974,High,3256.0233657076633,688.1651091034088,4.731456626666013
918,918,14292.0,5.0,275.0,282.0,878.3960000000001,0.21202630021672322,910.9017312469941,5420.214159987014,0,Inactive Customers,0.0871598724849025,High,4947.788984961682,1084.0428319974028,4.564200637575487
919,919,14293.0,3.0,365.0,368.0,227.21333333333337,0.1201243056994916,242.5339915187351,817.6343736540557,0,Inactive Customers,0.0970738007055088,Medium,738.2634974159885,163.52687473081116,4.514630996472456
920,920,14297.0,3.0,257.0,274.0,357.57666666666665,0.15090329334254998,380.94377821818495,1612.5381605488437,0,Inactive Customers,0.0929463151773824,High,1462.6586804429144,322.5076321097688,4.535268424113087
921,921,14298.0,23.0,352.0,360.0,1932.7947826086956,0.6534708485275317,1947.7232838466325,35749.41573676905,2,High-Value Active Customers,1.1114446909371071e-08,High,35749.41533943407,7149.88314735381,4.999999944427765
922,922,14299.0,8.0,357.0,365.0,423.10625,0.25233847798863485,433.0038591933535,3068.221749946922,0,Inactive Customers,0.0722810844244044,High,2846.447354606215,613.6443499893844,4.638594577877979
923,923,14305.0,2.0,64.0,135.0,407.38,0.18769062135594763,448.3047092166051,2356.077240419804,0,Inactive Customers,0.4955544877488642,High,1188.5125904468105,471.21544808396084,2.522227561255679
924,924,14306.0,1.0,34.0,85.0,254.7,0.1592252771141531,312.9413748881082,1391.707310628142,0,Inactive Customers,0.6529332560468891,High,483.0153248354499,278.3414621256284,1.7353337197655543
925,925,14307.0,4.0,285.0,373.0,540.44,0.14414682732610679,566.0355674567513,2290.413084043788,0,Inactive Customers,0.0588932458395193,High,2155.5232232111457,458.0826168087576,4.705533770802403
926,926,14309.0,8.0,350.0,358.0,258.3175,0.2562643104243033,264.542547111624,1903.6384879854954,0,Inactive Customers,0.0526843093112525,High,1803.3466090676627,380.7276975970991,4.736578453443737
927,927,14312.0,5.0,291.0,337.0,260.408,0.1845963529627841,270.57861963518684,1402.1113958184778,0,Inactive Customers,0.1300447061964781,High,1219.77423129453,280.4222791636956,4.349776469017609
928,928,14315.0,5.0,222.0,266.0,372.78599999999994,0.2211430667521908,387.01814699932925,2401.7223292758968,0,Inactive Customers,0.1532079245670737,High,2033.7594358211388,480.34446585517935,4.233960377164632
929,929,14320.0,1.0,126.0,332.0,125.28,0.05841442303426925,156.18170287625685,255.5643813780589,1,Inactive Customers,0.5213057703420327,Medium,122.33719467178486,51.11287627561178,2.3934711482898363
930,930,14321.0,4.0,323.0,333.0,300.9825,0.15829374147895517,315.6614420568027,1402.4207567580188,0,Inactive Customers,0.0463226482062198,High,1337.4569134056167,280.48415135160377,4.7683867589689015
931,931,14323.0,1.0,124.0,238.0,305.24,0.08329142901811422,374.1578315677479,872.3059238659589,0,Inactive Customers,0.5215759721022587,Medium,417.3321136550125,174.4611847731918,2.392120139488706
932,932,14329.0,5.0,312.0,329.0,665.396,0.1883039657534746,690.2035578628588,3648.277659447902,0,Inactive Customers,0.0276886711359246,High,3547.2616991229083,729.6555318895804,4.861556644320377
933,933,14331.0,1.0,11.0,135.0,79.0,0.10085280712348434,100.12516122343284,282.2893375311929,0,Inactive Customers,0.7007730721859915,Medium,84.46857122411055,56.457867506238586,1.4961346390700425
934,934,14332.0,2.0,125.0,147.0,373.635,0.18038293024144886,411.3359399476204,2077.929011969219,0,Inactive Customers,0.5048745007668537,Medium,1028.835639422298,415.58580239384384,2.4756274961657314
935,935,14334.0,7.0,342.0,358.0,318.86571428571426,0.2295430168687462,327.5498816634414,2111.147504236642,0,Inactive Customers,0.0440133421301337,High,2018.2288468454965,422.2295008473284,4.779933289349331
936,936,14335.0,1.0,80.0,96.0,109.00999999999999,0.15769194705007067,136.4747034663293,601.2160293821205,0,Inactive Customers,0.5640968108083031,Medium,262.07198460083526,120.2432058764241,2.1795159459584843
937,937,14336.0,3.0,260.0,276.0,360.16333333333336,0.15008969625108526,383.69010245247307,1615.425909855325,0,Inactive Customers,0.1263923369036332,High,1411.2484540140326,323.085181971065,4.368038315481834
938,938,14338.0,1.0,35.0,196.0,8.25,0.07785979302924374,14.429389357890516,31.432624153289396,1,Inactive Customers,0.6602221567466305,Medium,10.680109242598439,6.286524830657879,1.6988892162668472
939,939,14341.0,4.0,273.0,318.0,461.6625,0.16386557475225136,483.6666808539326,2224.319621732382,0,Inactive Customers,0.1033748373081995,High,1994.3809427143613,444.86392434647644,4.483125813459003
940,940,14342.0,3.0,189.0,210.0,119.65333333333332,0.18282597684517504,128.33503482800276,657.8736997120575,0,Inactive Customers,0.3350909048344755,Medium,437.42620640874014,131.5747399424115,3.3245454758276227
941,941,14344.0,7.0,241.0,368.0,75.31142857142858,0.22164563221399503,77.77238940759672,484.0354467725569,0,Inactive Customers,0.1736396245880312,Medium,399.98771350767015,96.80708935451139,4.131801877059844
942,942,14346.0,1.0,177.0,297.0,674.14,0.0718555000839683,820.9870929274449,1652.0914223939642,0,Inactive Customers,0.4043685973718934,Medium,984.0375311903807,330.4182844787929,2.978157013140533
943,943,14352.0,2.0,116.0,273.0,407.88,0.11465196930612201,448.85247583786725,1442.8304664699413,1,Inactive Customers,0.4614776598524692,Medium,776.9964392395461,288.5660932939883,2.6926117007376535
944,944,14354.0,1.0,25.0,30.0,75.84,0.24464505753081583,96.29761862138176,657.082838036375,0,Inactive Customers,0.6885601710081078,Low,204.64176671155582,131.41656760727503,1.5571991449594607
945,945,14356.0,1.0,2.0,81.0,356.2,0.14735653133773,435.8830122641159,1793.8067945883508,0,Inactive Customers,0.7101779112659252,Medium,519.8848319929713,358.7613589176702,1.449110443670374
946,946,14359.0,2.0,68.0,87.0,205.92,0.24078799324296535,227.59858217764653,1533.435772499692,0,Inactive Customers,0.5829295786245001,Medium,639.5507037887116,306.6871544999384,2.085352106877499
947,947,14360.0,2.0,63.0,94.0,437.595,0.231237639179716,481.4062461394788,3115.1808486878554,0,Inactive Customers,0.4525872308675728,High,1705.2897747285235,623.0361697375711,2.737063845662136
948,948,14364.0,6.0,103.0,211.0,499.70000000000005,0.29283338062450215,515.288624806009,4233.447588092255,0,Inactive Customers,0.3776625542802098,High,2634.63295856194,846.689517618451,3.1116872285989507
949,949,14367.0,12.0,268.0,276.0,689.8633333333333,0.44386610581049535,700.3472415465574,8727.33476478778,2,High-Value Active Customers,0.01439699271528,High,8601.68738975532,1745.466952957556,4.9280150364235995
950,950,14377.0,1.0,71.0,262.0,246.55,0.06534542899736946,303.0697064682613,554.4578385280416,1,Inactive Customers,0.6553044135180488,Medium,191.11916983093832,110.89156770560834,1.723477932409756
951,951,14379.0,1.0,251.0,295.0,237.12,0.07621973771834908,291.6476410450519,622.5250252416504,0,Inactive Customers,0.3210486287188492,Low,422.66421954465153,124.50500504833008,3.394756856405754
952,952,14383.0,2.0,125.0,163.0,502.8,0.16875510935087293,552.84049121828,2613.217709420319,0,Inactive Customers,0.4604343660287823,High,1410.0024700881877,522.6435418840638,2.6978281698560886
953,953,14385.0,2.0,14.0,23.0,73.475,0.3752087289409584,82.50068187150703,864.894509299432,0,Inactive Customers,0.7054240715657446,Low,254.7771030745699,172.9789018598864,1.4728796421712769
954,954,14387.0,2.0,77.0,109.0,623.3,0.21403483856981634,684.8522469424659,4102.962659851577,0,Inactive Customers,0.4653564606742883,High,2193.622478184283,820.5925319703155,2.6732176966285577
955,955,14388.0,7.0,362.0,372.0,414.2914285714286,0.2226465623371603,425.4138775323936,2659.660754192987,0,Inactive Customers,0.0227572989543491,High,2599.1340592926676,531.9321508385974,4.8862135052282545
956,956,14389.0,1.0,125.0,190.0,732.32,0.10185119012952089,891.4574817209043,2540.1273414220645,0,Inactive Customers,0.4878222303435567,Medium,1300.996756372904,508.0254682844129,2.5608888482822167
957,957,14390.0,7.0,362.0,372.0,627.0242857142857,0.2226465623371603,643.5824037881688,4023.6366321036066,0,Inactive Customers,0.016352797966091,High,3957.8389151698534,804.7273264207214,4.918236010169545
958,958,14395.0,8.0,370.0,372.0,399.87874999999997,0.24855749708707245,409.25869985220686,2856.582057692002,0,Inactive Customers,0.0194910535414941,High,2800.9042638598557,571.3164115384004,4.9025447322925295
959,959,14396.0,1.0,306.0,371.0,377.64,0.06338734692278843,461.85216207043715,820.2885200354043,0,Inactive Customers,0.2384438393517253,Medium,624.6957759420178,164.05770400708087,3.8077808032413727
960,960,14397.0,18.0,211.0,213.0,130.21333333333334,0.7718442310210206,131.6928177020252,2853.049219649264,2,High-Value Active Customers,0.1565773073023894,High,2406.326455235399,570.6098439298529,4.217113463488053
961,961,14401.0,12.0,355.0,359.0,312.3283333333333,0.36219260521760704,317.2443191602264,3226.9496017094593,0,Inactive Customers,0.0140485092330811,High,3181.6157704351567,645.3899203418919,4.929757453834594
962,962,14403.0,3.0,117.0,247.0,228.37,0.15963228169461002,243.76205145339742,1091.3475198616875,0,Inactive Customers,0.5175509641819083,High,526.5195586997369,218.2695039723375,2.412245179090459
963,963,14404.0,5.0,336.0,369.0,264.778,0.1718881192077082,275.1065586853684,1327.6007505325956,0,Inactive Customers,0.0789760288306713,High,1222.7521153829125,265.5201501065191,4.6051198558466435
964,964,14407.0,4.0,169.0,276.0,416.275,0.18101599852535824,436.210010603094,2215.5568660276513,0,Inactive Customers,0.2746318941380843,High,1607.0942873398394,443.1113732055303,3.626840529309578
965,965,14408.0,6.0,254.0,264.0,375.9550000000001,0.2564674432370452,387.8389821257119,2791.5575393580384,0,Inactive Customers,0.1207572216902666,High,2454.4568067166447,558.3115078716077,4.396213891548667
966,966,14409.0,4.0,297.0,368.0,393.07500000000005,0.1458867566940009,411.95234605185306,1687.0167629001983,0,Inactive Customers,0.1617057567679931,High,1414.2164405751316,337.40335258003967,4.191471216160034
967,967,14410.0,6.0,213.0,305.0,161.23666666666665,0.228472520702889,166.69247228497247,1069.057063236497,0,Inactive Customers,0.1762794376595143,Medium,880.6042853032355,213.81141264729942,4.118602811702428
968,968,14412.0,1.0,30.0,72.0,307.58,0.17379241632422032,376.9921510895199,1829.4207130911632,0,Inactive Customers,0.6298720930603752,Medium,677.1196594484281,365.88414261823266,1.850639534698124
969,969,14414.0,6.0,267.0,358.0,204.01666666666665,0.20195028329381107,210.75320778024997,1194.9903098390173,0,Inactive Customers,0.0551033206593431,High,1129.14237561115,238.99806196780347,4.724483396703284
970,970,14415.0,12.0,359.0,360.0,417.3458333333333,0.36140835248482295,423.81062732160615,4301.602092150267,2,High-Value Active Customers,0.0058907347665297,High,4276.26249515426,860.3204184300535,4.970546326167351
971,971,14416.0,1.0,20.0,42.0,129.22,0.21802115667464372,160.95401865223192,979.089636817271,0,Inactive Customers,0.6958870925181656,Medium,297.75379613783355,195.8179273634542,1.5205645374091719
972,972,14418.0,2.0,105.0,108.0,873.4300000000001,0.21595389648111807,958.8779768950855,5796.075401707434,0,Inactive Customers,0.3933619515012557,High,3516.119870643374,1159.2150803414868,3.0331902424937223
973,973,14419.0,5.0,354.0,364.0,186.792,0.17388220079774744,194.30201526032067,948.5166592114896,0,Inactive Customers,0.0235137596050322,Medium,926.2134665054224,189.70333184229793,4.882431201974839
974,974,14421.0,1.0,154.0,211.0,357.93,0.09585986864551721,437.978470713973,1174.8498115395082,0,Inactive Customers,0.4848043188664707,Medium,605.2775488856955,234.96996230790165,2.5759784056676467
975,975,14422.0,5.0,267.0,267.0,772.4660000000001,0.2209272024074994,801.1432453006024,4966.83686513208,0,Inactive Customers,0.0363941934480229,High,4786.0728434376915,993.367373026416,4.818029032759886
976,976,14426.0,6.0,289.0,312.0,627.2583333333333,0.22590953642851916,646.6657633104138,4100.898224033059,0,Inactive Customers,0.0339297670918729,High,3961.755702424142,820.1796448066118,4.830351164540636
977,977,14427.0,1.0,13.0,63.0,41.6,0.17928334742047522,54.824498781435906,274.3935200700026,0,Inactive Customers,0.7058637481382846,Low,80.70908152853295,54.87870401400052,1.4706812593085772
978,978,14428.0,4.0,318.0,325.0,254.07,0.161343600356478,266.6102485973157,1207.2743422065023,0,Inactive Customers,0.1069646342244101,High,1078.1386837838684,241.45486844130048,4.465176828877949
979,979,14432.0,5.0,80.0,89.0,400.15200000000004,0.4381188246702513,415.37319964172485,5098.724001779887,0,Inactive Customers,0.2004905105829549,High,4076.4782233414703,1019.7448003559774,3.9975474470852252
980,980,14434.0,5.0,51.0,72.0,212.4,0.4828877706396037,220.83553086605278,2986.9686440698692,0,Inactive Customers,0.6799924573205719,High,955.8524958493022,597.3937288139739,1.6000377133971404
981,981,14440.0,4.0,357.0,365.0,425.245,0.14721655920924714,445.58894383691444,1841.3759778652816,0,Inactive Customers,0.133699044163984,High,1595.185769678172,368.27519557305635,4.331504779180079
982,982,14441.0,3.0,255.0,255.0,446.46666666666664,0.15926866036588505,475.3203611508662,2123.3219326636613,0,Inactive Customers,0.1427424683992739,High,1820.2337187889334,424.6643865327323,4.28628765800363
983,983,14442.0,1.0,112.0,316.0,914.24,0.05974914719808988,1111.8076558237942,1860.637330362145,1,Inactive Customers,0.5122752614809365,High,907.4788554296855,372.127466072429,2.4386236925953173
984,984,14443.0,3.0,315.0,368.0,360.25,0.11990118827566584,383.7821184706322,1291.4091503389038,0,Inactive Customers,0.1271150622175338,High,1127.2515958452816,258.2818300677808,4.36442468891233
985,985,14446.0,3.0,246.0,246.0,245.51333333333332,0.1635110587834846,261.96352766079906,1201.3271639975299,0,Inactive Customers,0.0677779672815199,Medium,1119.9036507817043,240.265432799506,4.661110163592401
986,986,14447.0,3.0,262.0,280.0,299.41,0.14846412558040434,319.1868737229179,1329.3285588243814,0,Inactive Customers,0.1845780042073276,High,1083.963746500774,265.86571176487627,4.077109978963362
987,987,14448.0,1.0,355.0,364.0,273.0,0.06560363180152112,335.1072070455559,615.9618128961464,0,Inactive Customers,0.2242910020089568,Medium,477.80712068241615,123.19236257922928,3.878544989955216
988,988,14449.0,3.0,354.0,372.0,232.28666666666666,0.11903691222469648,247.9204676586661,828.2414770803495,0,Inactive Customers,0.0498034653048473,Medium,786.9921814125428,165.6482954160699,4.750982673475763
989,989,14450.0,2.0,140.0,320.0,161.11,0.1014097860824267,178.50773758012977,507.683240868573,1,Inactive Customers,0.4722642261796014,Medium,267.92260797542417,101.53664817371461,2.6386788691019927
990,990,14451.0,1.0,134.0,194.0,302.59000000000003,0.10100418580516647,370.9480252717241,1048.242434053911,0,Inactive Customers,0.4434482430315882,Medium,583.4011684015486,209.6484868107822,2.7827587848420583
991,991,14452.0,1.0,83.0,93.0,137.07,0.16100336104278465,170.46231277441575,766.6668174153173,0,Inactive Customers,0.5766591664855851,Low,324.5613695124441,153.33336348306347,2.116704167572074
992,992,14456.0,7.0,137.0,142.0,417.1457142857143,0.4416140275821901,428.34109487043014,5304.5944453675365,0,Inactive Customers,0.0211759488002619,High,5192.26462498628,1060.9188890735074,4.89412025599869
993,993,14460.0,2.0,200.0,310.0,181.29000000000002,0.10632048815467338,200.6155984142715,598.1534606701363,0,Inactive Customers,0.3490118170769432,Medium,389.39083447079014,119.63069213402726,3.254940914615284
994,994,14461.0,2.0,113.0,261.0,663.415,0.11883169944622173,728.7995629663308,2427.9216282200196,0,Inactive Customers,0.3829761747812538,High,1498.085490375643,485.5843256440039,3.085119126093731
995,995,14462.0,8.0,273.0,339.0,234.72125,0.26680262878830874,240.42041962896204,1801.0754151883182,0,Inactive Customers,0.0896868669499905,High,1639.5426040594245,360.21508303766365,4.551565665250047
996,996,14463.0,2.0,107.0,205.0,199.35,0.14318376545205244,220.40092877426147,884.316673906238,0,Inactive Customers,0.6011484117377052,Medium,352.71110991433284,176.8633347812476,1.9942579413114738
997,997,14465.0,1.0,56.0,302.0,461.32,0.04953282428762894,563.2093661652581,781.2995415959907,1,Inactive Customers,0.5479549468412621,Medium,353.18259281365715,156.25990831919816,2.260225265793689
998,998,14466.0,6.0,343.0,372.0,315.44166666666666,0.19667376701051434,325.5140177980456,1797.5625072069279,0,Inactive Customers,0.0848128765290906,High,1645.1060602298642,359.5125014413856,4.5759356173545465
999,999,14467.0,3.0,295.0,312.0,155.68666666666667,0.13671425603944481,166.59246391647483,639.0151825973721,0,Inactive Customers,0.061535812055216,Medium,599.6928644206307,127.80303651947443,4.69232093972392
1000,1000,14470.0,1.0,276.0,287.0,113.55000000000001,0.07884110512877017,141.97376783763053,313.446833113227,0,Inactive Customers,0.2979708020145867,Medium,220.04882886154644,62.6893666226454,3.5101459899270666
1001,1001,14472.0,7.0,252.0,355.0,227.15857142857143,0.22942226360905235,233.49947274689626,1504.1590203574663,0,Inactive Customers,0.0849285944570822,High,1376.4129089185649,300.83180407149325,4.575357027714588
1002,1002,14473.0,1.0,208.0,282.0,149.34,0.07747229873107053,185.32432154883563,402.03525842944686,0,Inactive Customers,0.4391911720294265,Low,225.46492208266474,80.40705168588937,2.8040441398528677
1003,1003,14475.0,2.0,233.0,304.0,309.65,0.10852053257300649,341.2382454246989,1038.448980669985,0,Inactive Customers,0.300076017134493,Medium,726.8353465531619,207.68979613399702,3.499619914327535
1004,1004,14477.0,3.0,278.0,297.0,381.5333333333333,0.14197295633357843,406.3791290839434,1618.6184134976734,0,Inactive Customers,0.1929734054837376,High,1306.2681060663429,323.7236826995347,4.035132972581311
1005,1005,14479.0,1.0,112.0,365.0,141.85,0.0495177101583341,176.25207658384744,244.53423227444816,1,Inactive Customers,0.5719639274521156,Low,104.66947238626692,48.90684645488963,2.140180362739422
1006,1006,14481.0,1.0,123.0,287.0,333.65,0.06863858899691933,408.5693775564413,785.3029610536413,1,Inactive Customers,0.5183367635753636,Medium,378.25156579494706,157.06059221072826,2.408316182123182
1007,1007,14482.0,5.0,221.0,239.0,333.88,0.23948238892679347,346.7060196111454,2329.617007667097,0,Inactive Customers,0.0931145042398524,High,2112.6958749294467,465.9234015334194,4.534427478800738
1008,1008,14487.0,4.0,342.0,368.0,252.345,0.14618462883349734,264.80660759081184,1086.643471643122,0,Inactive Customers,0.0298790045757612,High,1054.1756463816762,217.3286943286244,4.850604977121194
1009,1009,14491.0,1.0,197.0,372.0,213.73,0.058229165545118054,263.31655830392066,429.6180179358631,1,Inactive Customers,0.4371771795341789,Low,241.7988245775982,85.92360358717264,2.814114102329105
1010,1010,14493.0,4.0,148.0,155.0,433.01750000000004,0.27241121867201396,453.71578425607487,3464.9013513937334,0,Inactive Customers,0.2257171606576853,High,2682.813656398163,692.9802702787467,3.871414196711573
1011,1011,14495.0,1.0,71.0,121.0,83.2,0.1346882471879389,105.21240139071591,396.06050754710265,0,Inactive Customers,0.6459034466659088,Low,140.24366063417986,79.21210150942053,1.770482766670456
1012,1012,14496.0,1.0,62.0,373.0,234.47,0.03656866890382372,288.43783474902807,295.5478432700916,1,Inactive Customers,0.6493707113880297,Medium,103.62773003659431,59.109568654018325,1.7531464430598513
1013,1013,14498.0,4.0,319.0,361.0,405.275,0.1483565556103397,424.70853172104006,1768.6511831948756,0,Inactive Customers,0.0456942484883558,High,1687.8339965407445,353.73023663897516,4.771528757558221
1014,1014,14499.0,2.0,252.0,278.0,344.65,0.1165642024498868,379.5819089130517,1240.55301656798,0,Inactive Customers,0.1903845968900364,Medium,1004.3708305879665,248.11060331359602,4.048077015549818
1015,1015,14500.0,2.0,101.0,189.0,36.0,0.1516026895852984,41.44557360790647,176.0438242916943,0,Inactive Customers,0.6061013800794322,Low,69.34341943403733,35.20876485833886,1.9694930996028395
1016,1016,14501.0,1.0,136.0,319.0,184.28,0.06264739264879592,227.64531474999532,399.45843910386407,1,Inactive Customers,0.5354085964057346,Low,185.58495690083862,79.89168782077282,2.3229570179713273
1017,1017,14502.0,8.0,294.0,313.0,285.195,0.2846612888818871,292.0190521247191,2333.806459158552,0,Inactive Customers,0.0202456949979898,High,2286.5569254020897,466.7612918317104,4.898771525010051
1018,1018,14503.0,5.0,175.0,178.0,589.238,0.2937569723332263,611.2930813906103,5036.122449780297,0,Inactive Customers,0.1188542378231656,High,4437.557954427526,1007.2244899560594,4.405728810884172
1019,1019,14504.0,3.0,231.0,278.0,175.34333333333333,0.1490330344763938,187.46240465049144,783.7136780881381,0,Inactive Customers,0.2206023207716962,Medium,610.8246218813728,156.74273561762763,3.8969883961415186
1020,1020,14505.0,7.0,345.0,362.0,681.2057142857142,0.22751532969171664,699.1482556298668,4466.458003042156,0,Inactive Customers,0.0041093941918874,High,4448.103566466146,893.2916006084312,4.979453029040563
1021,1021,14506.0,4.0,352.0,369.0,435.6175,0.1459057722820856,456.43431562819666,1869.429161629899,0,Inactive Customers,0.0436984409852684,High,1787.738021734275,373.88583232597983,4.781507795073657
1022,1022,14507.0,4.0,253.0,276.0,246.845,0.18272737385384102,259.0558681497849,1328.2118791354553,0,Inactive Customers,0.1885810228721614,High,1077.7363243771356,265.6423758270911,4.057094885639192
1023,1023,14508.0,1.0,67.0,89.0,138.86,0.16277138986598827,172.63044608380548,784.8813924102727,0,Inactive Customers,0.6033902835501316,Low,311.29158649061617,156.97627848205457,1.9830485822493418
1024,1024,14511.0,4.0,122.0,133.0,287.9125,0.298984311769946,301.99559396694406,2530.6381676705514,0,Inactive Customers,0.392048721317728,High,1538.5047099174737,506.1276335341103,3.03975639341136
1025,1025,14512.0,1.0,45.0,232.0,124.00999999999999,0.06698601974969293,154.64341834948314,289.93693816809093,1,Inactive Customers,0.6649428641022892,Low,97.14544009355221,57.98738763361819,1.6752856794885538
1026,1026,14513.0,1.0,82.0,288.0,298.6,0.06064078145033367,366.1151471128052,621.7117596369583,1,Inactive Customers,0.6204688035761,Low,235.9590079658229,124.34235192739166,1.8976559821194998
1027,1027,14514.0,2.0,270.0,331.0,400.05,0.10173230620419825,440.2744505489015,1256.2171901718677,0,Inactive Customers,0.1164910015412049,Medium,1109.8791915354686,251.24343803437355,4.417544992293975
1028,1028,14515.0,4.0,201.0,218.0,414.185,0.21695320398448412,434.0247296155038,2641.146576333695,0,Inactive Customers,0.1559785346867424,High,2229.184403464259,528.229315266739,4.220107326566288
1029,1029,14517.0,1.0,108.0,141.0,78.0,0.12594704309253843,98.91391356455591,348.29607249565447,0,Inactive Customers,0.5797028617590702,Low,146.38784253047902,69.6592144991309,2.1014856912046493
1030,1030,14520.0,1.0,289.0,290.0,105.60000000000001,0.078478426050886,132.344348949559,290.85014612359896,0,Inactive Customers,0.3263454150256675,Low,195.93253447661704,58.1700292247198,3.3682729248716625
1031,1031,14522.0,3.0,174.0,198.0,231.97,0.19034808400611553,247.5842552846231,1321.2606641988393,0,Inactive Customers,0.300253341756062,Medium,924.5477344423037,264.25213283976785,3.4987332912196902
1032,1032,14524.0,5.0,329.0,360.0,291.276,0.17531959873298525,302.5622403676821,1489.1933833082644,0,Inactive Customers,0.0578556474645765,High,1403.0351359170015,297.83867666165287,4.710721762677117
1033,1033,14525.0,8.0,342.0,361.0,470.39374999999995,0.25450445380809406,481.3452313747965,3439.9924453673175,0,Inactive Customers,0.0245724791568528,High,3355.463302703798,687.9984890734636,4.8771376042157355
1034,1034,14527.0,53.0,367.0,369.0,147.35981132075472,1.4219224076921775,147.91566158244933,5908.158598535673,2,High-Value Active Customers,0.0022255908920625,High,5895.009454569911,1181.6317197071346,4.988872045539687
1035,1035,14529.0,2.0,50.0,110.0,242.4,0.21123972192497584,267.56363486493535,1582.0689788614604,0,Inactive Customers,0.4810854358123181,Medium,820.9586346807456,316.41379577229213,2.594572820938409
1036,1036,14530.0,5.0,271.0,296.0,415.7900000000001,0.20426042945229106,431.5763829064249,2474.158822221628,0,Inactive Customers,0.0796236640605468,High,2277.1572313286147,494.8317644443256,4.601881679697265
1037,1037,14532.0,3.0,116.0,352.0,231.10000000000002,0.11501672844796744,246.66055602541024,796.1339279945,1,Inactive Customers,0.4418067269617577,Medium,444.39660304404225,159.22678559890002,2.790966365191211
1038,1038,14533.0,6.0,328.0,352.0,218.70333333333335,0.20555903586781504,225.87955970421703,1303.6151477809933,0,Inactive Customers,0.0359024851445894,High,1256.8121243035246,260.7230295561987,4.8204875742770525
1039,1039,14534.0,17.0,316.0,318.0,236.77235294117648,0.5448361884876788,239.44430100317393,3663.5366286409867,2,High-Value Active Customers,0.0164071782015798,High,3603.4283303268594,732.7073257281974,4.917964108992101
1040,1040,14535.0,2.0,188.0,248.0,1005.11,0.12641549563871737,1103.1377942706938,3909.1596869124073,0,Inactive Customers,0.1509228656990508,High,3319.178104488383,781.8319373824816,4.245385671504746
1041,1041,14538.0,1.0,192.0,256.0,281.75,0.08354583352595632,345.705624060729,808.5717774570685,0,Inactive Customers,0.4440773511768389,Medium,449.50336428758504,161.7143554914137,2.7796132441158052
1042,1042,14539.0,1.0,29.0,44.0,465.35,0.2171008336057408,568.0906942305321,3441.3226883064895,0,Inactive Customers,0.6619820142957794,Medium,1163.228963259593,688.2645376612979,1.6900899285211028
1043,1043,14540.0,2.0,300.0,309.0,400.18,0.10766268848335883,440.41686987042965,1329.7119794110524,0,Inactive Customers,0.2162415846700771,Medium,1042.1729538284214,265.9423958822105,3.9187920766496136
1044,1044,14541.0,6.0,261.0,319.0,216.43500000000003,0.2216804070902635,223.54331765150266,1391.1271559696322,0,Inactive Customers,0.1685118361779296,High,1156.7057645602083,278.22543119392645,4.157440819110351
1045,1045,14543.0,14.0,336.0,364.0,238.7164285714286,0.4106093143961805,241.99268340787472,2790.700830508883,2,High-Value Active Customers,0.0711667570261243,High,2592.0957025714542,558.1401661017766,4.644166214869379
1046,1046,14544.0,1.0,337.0,361.0,885.58,0.06574564611470984,1077.0932979203817,1984.0573276939415,0,Inactive Customers,0.1460108483013777,High,1694.3634341987847,396.8114655387883,4.269945758493112
1047,1047,14546.0,4.0,243.0,248.0,504.20000000000005,0.19790124925001218,528.1434224853299,2932.2385736974097,0,Inactive Customers,0.0806605925717959,High,2695.722472781099,586.447714739482,4.59669703714102
1048,1048,14547.0,7.0,51.0,54.0,489.63428571428574,0.7080453888562469,502.68186672561103,9969.122572525886,0,Inactive Customers,0.2232056619504446,High,7743.957969660128,1993.8245145051774,3.8839716902477774
1049,1049,14548.0,1.0,167.0,317.0,326.4,0.06645335153102963,399.78783202958357,744.1320418659345,1,Inactive Customers,0.5629837241906327,Medium,325.1978136466709,148.82640837318692,2.1850813790468364
1050,1050,14550.0,1.0,34.0,44.0,424.83000000000004,0.21841722932200253,519.0109390928392,3163.076070559017,0,Inactive Customers,0.6467927026722821,Medium,1117.2215501241285,632.6152141118034,1.7660364866385898
1051,1051,14551.0,1.0,186.0,204.0,60.8,0.10051312528290117,78.08045383187283,219.5959059640538,0,Inactive Customers,0.4609152581588844,Low,118.38080227599782,43.91918119281076,2.6954237092055777
1052,1052,14553.0,3.0,320.0,339.0,164.10999999999999,0.12814352304514587,175.53571306601864,631.1923899929313,0,Inactive Customers,0.1050417820591605,Medium,564.8908165258932,126.23847799858628,4.474791089704198
1053,1053,14554.0,3.0,42.0,52.0,668.0866666666667,0.3835975891479718,710.6194758942661,7627.641948742524,0,Inactive Customers,0.3970280783965954,High,4599.253923136018,1525.5283897485049,3.014859608017023
1054,1054,14555.0,1.0,245.0,302.0,126.2,0.07442641987694099,157.29605072242362,327.86839671640047,0,Inactive Customers,0.3616679681797491,Low,209.28889984562798,65.57367934328009,3.1916601591012546
1055,1055,14560.0,18.0,350.0,357.0,96.04444444444444,0.5241891454509365,97.1896215780606,1430.8768736120603,2,High-Value Active Customers,0.0497556919172201,High,1359.6826047171437,286.1753747224121,4.7512215404138995
1056,1056,14561.0,2.0,109.0,184.0,429.345,0.15489877914233405,472.3680968886528,2049.948580308774,0,Inactive Customers,0.4393817020662146,Medium,1149.2386839444848,409.98971606175485,2.803091489668927
1057,1057,14562.0,16.0,301.0,304.0,295.75124999999997,0.5337797366687985,299.2420085486278,4485.237640464925,2,High-Value Active Customers,0.0169145586783391,High,4409.371825208986,897.047528092985,4.915427206608305
1058,1058,14565.0,3.0,266.0,361.0,593.9033333333333,0.12138192293611774,631.8573034276661,2152.3636034444444,0,Inactive Customers,0.0886414711172201,High,1961.5749272559679,430.4727206888889,4.556792644413899
1059,1059,14567.0,1.0,74.0,130.0,729.6,0.12853279015456048,888.162888088759,3191.064150998351,0,Inactive Customers,0.6112808334615787,High,1240.427797146714,638.2128301996703,1.9435958326921063
1060,1060,14572.0,6.0,321.0,324.0,409.5516666666667,0.21950822971974127,422.4414562613594,2603.1813656561962,0,Inactive Customers,0.0563971615799526,High,2456.369325555362,520.6362731312392,4.718014192100237
1061,1061,14573.0,7.0,193.0,372.0,172.3457142857143,0.21044737541606545,177.2860583108978,1047.6511545723197,1,Inactive Customers,0.1506410182725271,High,889.8319178531568,209.53023091446394,4.246794908637365
1062,1062,14577.0,3.0,350.0,362.0,170.93666666666664,0.12168091354277609,182.78374403486143,624.1723496290753,0,Inactive Customers,0.0656293699285523,Medium,583.208311596095,124.83446992581506,4.671853150357238
1063,1063,14583.0,4.0,200.0,205.0,219.51,0.22656064483597,230.47469312788076,1464.4618538075692,0,Inactive Customers,0.1420627521472044,Medium,1256.416372441069,292.89237076151386,4.289686239263977
1064,1064,14584.0,3.0,29.0,198.0,252.6933333333333,0.16685152302370854,269.58670085752135,1261.088636013297,1,Inactive Customers,0.6103598109170286,Medium,491.3708145866075,252.2177272026594,1.9482009454148568
1065,1065,14587.0,8.0,313.0,331.0,172.53625,0.27255827998796406,176.84953453029874,1353.3817188427254,0,Inactive Customers,0.0457973090515861,High,1291.4004780001183,270.6763437685451,4.771013454742069
1066,1066,14591.0,1.0,198.0,213.0,1179.97,0.09770866098754788,1433.672496217159,3919.992174276145,0,Inactive Customers,0.0954231178004899,High,3545.934299253194,783.998434855229,4.52288441099755
1067,1067,14592.0,2.0,29.0,64.0,153.25,0.27497932315203566,169.89684629388827,1306.6429990559832,0,Inactive Customers,0.5592477265056957,Medium,575.9058724793407,261.3285998111966,2.2037613674715217
1068,1068,14593.0,1.0,177.0,198.0,278.4,0.10241583021644558,341.6479444034913,978.9835557914164,0,Inactive Customers,0.282329640172624,Medium,702.5874807499098,195.7967111582833,3.588351799136879
1069,1069,14594.0,1.0,366.0,373.0,124.83,0.0643712466907045,155.63664142976222,280.71795150727576,0,Inactive Customers,0.1883433761950429,Medium,227.8465847618391,56.143590301455156,4.058283119024785
1070,1070,14595.0,5.0,294.0,313.0,315.36,0.19572991074185198,327.5166760849756,1799.3311024641089,0,Inactive Customers,0.0529747691592995,High,1704.0119526699248,359.8662204928218,4.735126154203502
1071,1071,14597.0,1.0,180.0,191.0,718.05,0.10545559926722443,874.1729776287306,2579.057002841717,0,Inactive Customers,0.4029708379308693,Medium,1539.772241335114,515.8114005683434,2.9851458103456534
1072,1072,14606.0,87.0,372.0,373.0,129.8319540229885,2.2873917708469684,130.13493121182842,8362.035259307559,2,High-Value Active Customers,5.409009079605053e-06,High,8361.990028982917,1672.4070518615117,4.999972954954601
1073,1073,14607.0,5.0,246.0,261.0,1852.3079999999998,0.22458550660726803,1920.01252672535,12100.179945935559,2,High-Value Active Customers,0.0347676601432245,High,11679.485001903411,2420.0359891871117,4.826161699283878
1074,1074,14608.0,3.0,358.0,362.0,527.0500000000001,0.12170884500667922,560.8775626507563,1915.7317774876879,0,Inactive Customers,0.0542570770718185,High,1811.7897707876066,383.14635549753757,4.728714614640908
1075,1075,14616.0,2.0,75.0,317.0,84.24000000000001,0.094404574822442,94.29409722728184,249.64683807425322,1,Inactive Customers,0.695002991386081,Medium,76.14153882257065,49.92936761485065,1.5249850430695948
1076,1076,14618.0,2.0,328.0,337.0,155.82,0.10063681912140376,172.71236672717586,487.50233056571784,0,Inactive Customers,0.2541625597221795,Medium,363.5974903586069,97.50046611314357,3.7291872013891023
1077,1077,14620.0,1.0,78.0,283.0,177.43,0.06101804848309619,219.34826828668838,374.78429945745114,1,Inactive Customers,0.6077930567887477,Medium,146.9930044537775,74.95685989149023,1.9610347160562613
1078,1078,14621.0,4.0,357.0,358.0,357.9525,0.1495310209384016,375.22864677594936,1574.9489379427087,0,Inactive Customers,0.0476287737854194,High,1499.9360512538487,314.98978758854173,4.761856131072903
1079,1079,14623.0,4.0,203.0,235.0,174.1425,0.20552359339874565,183.0389346568278,1055.280308861322,0,Inactive Customers,0.2369166177066243,Medium,805.2668673534957,211.05606177226443,3.815416911466878
1080,1080,14624.0,1.0,2.0,59.0,15.6,0.17892732785677679,23.332059650635898,116.53236545063974,0,Inactive Customers,0.7253830270031412,Low,32.00176545621842,23.30647309012795,1.3730848649842942
1081,1081,14625.0,1.0,165.0,361.0,280.2,0.05742782355936342,343.82819018946975,553.2198236860653,1,Inactive Customers,0.44586393854784,Medium,306.55905421465457,110.64396473721307,2.7706803072607995
1082,1082,14626.0,3.0,210.0,233.0,721.4733333333334,0.16987900042018592,767.3013430802946,3655.442504840541,0,Inactive Customers,0.1531942109166846,High,3095.449874760185,731.0885009681083,4.2340289454165765
1083,1083,14628.0,1.0,151.0,242.0,340.38,0.08484832016278691,416.721074300683,989.7356202990868,0,Inactive Customers,0.4991139794304394,Medium,495.74473626755525,197.94712405981738,2.504430102847803
1084,1084,14629.0,1.0,43.0,47.0,320.88,0.2150549047187561,393.101744952583,2359.044982810558,0,Inactive Customers,0.5536997683159863,Medium,1052.842322381362,471.8089965621116,2.2315011584200684
1085,1085,14631.0,2.0,248.0,298.0,348.74,0.11040329602813341,384.06263987497636,1189.0055815113371,0,Inactive Customers,0.247570416160915,Medium,894.6429748789246,237.80111630226745,3.762147919195425
1086,1086,14636.0,1.0,232.0,268.0,309.66,0.082132658848911,379.5115462199839,872.7193159443109,0,Inactive Customers,0.3695055774662658,Medium,550.2446611403439,174.5438631888622,3.152472112668671
1087,1087,14639.0,3.0,309.0,361.0,741.0666666666666,0.12175567136471423,788.1040413395025,2692.869892552261,0,Inactive Customers,0.0356476475661001,High,2596.875415681196,538.5739785104522,4.8217617621694995
1088,1088,14640.0,5.0,203.0,227.0,335.666,0.24841970776931885,348.5565686142631,2429.2691699793536,0,Inactive Customers,0.1951636744064734,High,1955.164072643819,485.85383399587073,4.024181627967633
1089,1089,14643.0,1.0,188.0,358.0,335.87,0.060018964230866674,411.2583473591481,691.5583001722381,1,Inactive Customers,0.3918783309393894,Medium,420.5515877534602,138.3116600344476,3.040608345303053
1090,1090,14644.0,1.0,231.0,298.0,643.26,0.07475606234307614,783.5837652213255,1640.4876938794514,0,Inactive Customers,0.3781960287206395,Medium,1020.0617628891628,328.0975387758903,3.1090198563968023
1091,1091,14645.0,1.0,119.0,275.0,317.04,0.07130411238761113,388.4505539424956,775.5506192072527,1,Inactive Customers,0.532777664246243,Medium,362.3545718012852,155.11012384145056,2.336111678768785
1092,1092,14646.0,40.0,352.0,354.0,3972.796,1.1198774795336974,3990.2857161979796,125518.57273137874,3,High-Value Active Customers,1.234574646769157e-14,High,125518.5727313772,25103.714546275747,4.999999999999939
1093,1093,14649.0,2.0,208.0,212.0,401.415,0.14205296607355405,441.76985342494726,1758.6276192123655,0,Inactive Customers,0.2321286612553276,High,1350.399744317955,351.72552384247314,3.839356693723362
1094,1094,14651.0,1.0,144.0,211.0,238.28,0.09504327170297569,293.0526883293491,779.3990043485643,0,Inactive Customers,0.439917346833433,Medium,436.5278622309246,155.87980086971288,2.8004132658328347
1095,1095,14653.0,5.0,337.0,338.0,320.548,0.18443371115563154,332.8921790122849,1723.5013601471046,0,Inactive Customers,0.0209451942362864,High,1687.4022893923197,344.70027202942094,4.895274028818568
1096,1096,14655.0,3.0,214.0,222.0,373.89000000000004,0.17595669397215255,398.26402409783185,1965.0623368639795,0,Inactive Customers,0.1680246234688519,High,1634.883477619587,393.0124673727959,4.15987688265574
1097,1097,14656.0,1.0,114.0,283.0,157.94,0.0683421851593937,195.74105141517714,374.59298735827304,1,Inactive Customers,0.5135914313535365,Low,182.2052388059404,74.9185974716546,2.432042843232318
1098,1098,14657.0,3.0,309.0,326.0,144.04666666666665,0.13213677134178425,154.23400486217838,571.8424751346429,0,Inactive Customers,0.1308975185582036,Medium,496.98971413333686,114.36849502692858,4.3455124072089815
1099,1099,14658.0,1.0,112.0,117.0,124.00999999999999,0.1430882008968794,154.64341834948314,618.401679303757,0,Inactive Customers,0.5646459356846193,Low,269.22368446434723,123.6803358607514,2.176770321576903
1100,1100,14659.0,8.0,307.0,315.0,242.095,0.2833431925083502,247.95850460116222,1972.5166133720384,0,Inactive Customers,0.0548861390509137,High,1864.2527922502634,394.5033226744077,4.725569304745432
1101,1101,14660.0,1.0,14.0,100.0,156.79,0.13380364210374784,194.34811660746868,726.5248454277626,0,Inactive Customers,0.6926382673492044,Low,223.30593530452853,145.30496908555253,1.5368086632539777
1102,1102,14662.0,3.0,288.0,316.0,223.37333333333333,0.13531519036475156,238.45697409876098,905.3312193430146,0,Inactive Customers,0.1175528577563959,Medium,798.9069472931608,181.06624386860292,4.41223571121802
1103,1103,14664.0,1.0,14.0,33.0,248.85,0.23433692106896983,305.8555760836782,1999.2409493795005,0,Inactive Customers,0.6340596436799812,Medium,731.602945385507,399.8481898759001,1.8297017816000938
1104,1104,14665.0,3.0,250.0,310.0,457.8333333333333,0.1370834849023683,487.3886158401992,1874.5543756081129,0,Inactive Customers,0.18859864665143,High,1521.0159572939065,374.9108751216226,4.05700676674285
1105,1105,14667.0,22.0,358.0,368.0,393.1459090909091,0.6159859957327396,396.4553009965772,6859.439769066892,2,High-Value Active Customers,0.0034013825234256,High,6836.108190515897,1371.8879538133785,4.982993087382871
1106,1106,14669.0,1.0,91.0,332.0,427.54,0.05203162151364359,522.2934202483956,761.2582198081009,1,Inactive Customers,0.4040482300122507,High,453.67318351236077,152.25164396162018,2.979758849938746
1107,1107,14672.0,1.0,102.0,336.0,480.27,0.05345818191865336,586.1625093009758,877.7974798317589,1,Inactive Customers,0.5289136843241238,Medium,413.51838068351253,175.5594959663518,2.3554315783793807
1108,1108,14673.0,4.0,364.0,367.0,340.72749999999996,0.1465918899795522,357.2183764356421,1469.9365053884512,0,Inactive Customers,0.0247012127166471,High,1433.6272910888863,293.98730107769023,4.8764939364167645
1109,1109,14676.0,5.0,252.0,283.0,346.88,0.21128395478481016,360.1758611791912,2135.691598705749,0,Inactive Customers,0.1601703967075488,High,1793.6170280960703,427.13831974114987,4.199148016462256
1110,1110,14680.0,15.0,346.0,371.0,1595.8486666666665,0.4303595275657268,1614.8689375468266,19519.43238046441,2,High-Value Active Customers,0.0014688653614543,High,19490.760962365493,3903.886476092882,4.992655673192728
1111,1111,14681.0,1.0,140.0,211.0,105.0,0.0946846817670553,131.61760035423282,348.7277048774547,0,Inactive Customers,0.5800597883910258,Medium,146.44478618015023,69.74554097549094,2.099701058044871
1112,1112,14682.0,1.0,14.0,201.0,31.200000000000003,0.06408384480872258,42.22752312911591,75.71615977307226,1,Inactive Customers,0.7067478299096757,Low,22.203928164359162,15.143231954614453,1.4662608504516217
1113,1113,14684.0,4.0,337.0,362.0,266.98,0.1481201912588818,280.10880244889,1164.627999952684,0,Inactive Customers,0.0291078221484573,High,1130.7282152609478,232.9255999905368,4.854460889257714
1114,1114,14688.0,19.0,366.0,373.0,271.6257894736842,0.5319621370545949,274.33676513557066,4099.067736875104,2,High-Value Active Customers,0.0112833712921681,High,4052.816433648195,819.8135473750208,4.9435831435391595
1115,1115,14690.0,1.0,107.0,151.0,154.99,0.11973649984643712,192.16787082149025,643.390250420758,0,Inactive Customers,0.5451759942481155,Medium,292.6293309580773,128.6780500841516,2.2741200287594228
1116,1116,14691.0,3.0,182.0,212.0,558.2433333333333,0.18152047053783316,593.9962510328027,3023.26027602408,0,Inactive Customers,0.2269785785260952,High,2337.0449560577244,604.6520552048161,3.865107107369524
1117,1117,14692.0,3.0,185.0,322.0,110.64999999999999,0.13167230911082803,118.775986172317,438.8207023658502,0,Inactive Customers,0.3354402875760819,Medium,291.62255976991116,87.76414047317004,3.32279856211959
1118,1118,14696.0,6.0,369.0,373.0,297.3883333333333,0.1963683045996867,306.920208896501,1692.256871323492,0,Inactive Customers,0.0411030889806587,High,1622.6998865633514,338.4513742646984,4.794484555096706
1119,1119,14698.0,4.0,50.0,51.0,188.18,0.47081658218225675,197.71639009381255,2605.762230563485,0,Inactive Customers,0.4732250160964344,High,1372.650357061599,521.152446112697,2.6338749195178277
1120,1120,14700.0,2.0,206.0,238.0,756.875,0.13060673485764573,831.188099812658,3042.88271182909,0,Inactive Customers,0.2275375710222178,High,2350.5125706739996,608.576542365818,3.862312144888911
1121,1121,14701.0,6.0,306.0,316.0,288.75333333333333,0.22377789853029936,298.02669671787265,1872.1668187038395,0,Inactive Customers,0.0556632524064582,High,1767.9559245273317,374.4333637407679,4.721683737967709
1122,1122,14702.0,16.0,364.0,365.0,173.1275,0.46252655643262186,175.26689095470664,2276.839818297548,2,High-Value Active Customers,0.0169786059442511,High,2238.1822522244934,455.3679636595096,4.915106970278744
1123,1123,14704.0,6.0,161.0,180.0,234.465,0.3355342341852997,242.11309467300458,2278.6524717487678,0,Inactive Customers,0.1100897616663322,High,2027.7961642135472,455.7304943497536,4.449551191668339
1124,1124,14708.0,2.0,366.0,368.0,353.655,0.0938820934264603,389.4471857619836,1025.641682690712,0,Inactive Customers,0.1586302203882689,Medium,862.9439165260894,205.12833653814243,4.206848898058655
1125,1125,14709.0,11.0,343.0,358.0,418.81272727272733,0.3362459881356561,425.89833033843314,4021.702683773268,2,High-Value Active Customers,0.0223717911797358,High,3931.7299911449095,804.3405367546536,4.888141044101321
1126,1126,14710.0,3.0,45.0,59.0,144.40666666666667,0.3656389770969053,154.61622524530097,1582.1498094476278,0,Inactive Customers,0.5361950945090745,Medium,733.8088428433427,316.4299618895256,2.319024527454627
1127,1127,14711.0,10.0,252.0,262.0,201.328,0.3935795058187545,205.27437101052334,2267.92101872038,0,Inactive Customers,0.0741052688835087,High,2099.856121821545,453.584203744076,4.629473655582456
1128,1128,14712.0,2.0,83.0,112.0,400.675,0.2110187531181472,440.9591588254792,2604.6843388397715,0,Inactive Customers,0.5877725965614293,Medium,1073.7222617770292,520.9368677679544,2.061137017192853
1129,1129,14713.0,10.0,356.0,365.0,236.74099999999999,0.3048711164497152,241.31595427598916,2066.0802900121917,0,Inactive Customers,0.0277455076736258,High,2008.7558434713312,413.21605800243833,4.861272461631871
1130,1130,14715.0,3.0,307.0,331.0,237.49333333333334,0.13054170817573052,253.44850690345734,928.3722591276166,0,Inactive Customers,0.1786167674469393,Medium,762.5494072148294,185.67445182552333,4.1069161627653035
1131,1131,14716.0,1.0,105.0,148.0,141.12,0.12128754370970272,175.36786579286732,594.7227042690566,0,Inactive Customers,0.515703951307661,Low,288.0218557451266,118.94454085381133,2.4214802434616947
1132,1132,14719.0,4.0,248.0,249.0,344.6675,0.1973446882592707,361.337997053396,2000.509723670274,0,Inactive Customers,0.1202618279935762,High,1759.9247673827629,400.1019447340548,4.398690860032119
1133,1133,14720.0,2.0,121.0,126.0,228.57999999999998,0.1980837528427783,252.42336545324866,1399.9106533307174,0,Inactive Customers,0.5019568079926191,Medium,697.2159703099685,279.9821306661435,2.4902159600369043
1134,1134,14723.0,4.0,361.0,371.0,222.6025,0.14530166263150618,233.70817707722182,953.2485033190717,0,Inactive Customers,0.0863999742391874,High,870.8878571887599,190.64970066381434,4.568000128804062
1135,1135,14730.0,6.0,275.0,276.0,269.74833333333333,0.24815944061472836,278.45273042316137,1939.4227967598351,0,Inactive Customers,0.0460837064892694,High,1850.047005835357,387.884559351967,4.769581467553653
1136,1136,14731.0,2.0,165.0,212.0,126.18,0.14151526097620795,140.24076141875372,556.1667800013806,0,Inactive Customers,0.3835191060305761,Medium,342.8661937313471,111.23335600027613,3.08240446984712
1137,1137,14732.0,7.0,331.0,339.0,354.63428571428574,0.23970569804735636,364.23239803469244,2451.3366294794146,0,Inactive Customers,0.0491377142648463,High,2330.8835506131036,490.26732589588295,4.754311428675768
1138,1138,14733.0,11.0,351.0,367.0,705.080909090909,0.32964550300669926,716.7784161558822,6635.781738084767,2,High-Value Active Customers,0.0249329380893469,High,6470.332202834681,1327.1563476169536,4.875335309553265
1139,1139,14735.0,18.0,355.0,358.0,322.1383333333333,0.5230604384911646,325.49560530877307,4781.814948622487,2,High-Value Active Customers,0.0268839582774795,High,4653.260835053092,956.3629897244973,4.865580208612602
1140,1140,14737.0,2.0,350.0,353.0,365.275,0.0970432685630048,402.17728204011667,1094.750796557978,0,Inactive Customers,0.2007271695067831,High,875.0045678495989,218.9501593115956,3.996364152466084
1141,1141,14738.0,6.0,274.0,316.0,181.62166666666667,0.22352282326638945,187.68775262791854,1177.6873003854305,0,Inactive Customers,0.1364146705910968,High,1017.033475244034,235.5374600770861,4.317926647044516
1142,1142,14739.0,6.0,363.0,367.0,403.16,0.19893575763959126,415.8584376925426,2322.8354936583655,0,Inactive Customers,0.0556557331972013,High,2193.556381162326,464.5670987316731,4.721721334013993
1143,1143,14740.0,2.0,86.0,283.0,463.555,0.10797046101829906,509.8462891154113,1543.487205442014,1,Inactive Customers,0.502158974294607,High,768.411253520403,308.69744108840285,2.4892051285269647
1144,1144,14741.0,5.0,361.0,372.0,224.448,0.1708802451153872,233.318965574654,1119.353889279218,0,Inactive Customers,0.0492585076356031,High,1064.2161871772157,223.8707778558436,4.753707461821985
1145,1145,14744.0,5.0,350.0,366.0,171.996,0.173098290624264,178.9712632725664,869.7449014504176,0,Inactive Customers,0.1012679169909726,Medium,781.6676469670151,173.94898029008354,4.493660415045137
1146,1146,14745.0,3.0,173.0,285.0,326.55333333333334,0.14507503661592824,348.0055827948354,1416.3064491376208,0,Inactive Customers,0.2450742782780882,High,1069.2061682946166,283.2612898275242,3.774628608609559
1147,1147,14748.0,3.0,339.0,368.0,315.10999999999996,0.1200262599775443,335.8559293202077,1131.3186063769572,0,Inactive Customers,0.1208731535471024,High,994.5725587576613,226.26372127539145,4.395634232264488
1148,1148,14754.0,1.0,251.0,295.0,409.78000000000003,0.07621973771834908,500.7816618267415,1068.9238409478196,0,Inactive Customers,0.3163169717431608,Medium,730.8050885551372,213.78476818956392,3.418415141284196
1149,1149,14755.0,10.0,325.0,334.0,448.187,0.32705954692738876,456.515135795479,4192.557094073921,0,Inactive Customers,0.0303052083156393,High,4065.500777962799,838.5114188147842,4.8484739584218035
1150,1150,14758.0,3.0,115.0,259.0,276.43666666666667,0.1533585083362201,294.7955507555035,1268.0577680909848,0,Inactive Customers,0.4315915740038714,High,720.7747200327606,253.61155361819698,2.842042129980643
1151,1151,14759.0,2.0,228.0,232.0,526.86,0.13328330456656282,579.1990210334162,2163.7316792463707,0,Inactive Customers,0.2611003975683773,High,1598.7804775638508,432.74633584927415,3.694498012158114
1152,1152,14761.0,1.0,276.0,334.0,158.4,0.06895119460980693,196.29822533826055,379.15281206793134,0,Inactive Customers,0.3267174613157297,Low,255.27696785837682,75.83056241358626,3.3664126934213514
1153,1153,14765.0,2.0,147.0,176.0,86.805,0.16078210419433045,97.10413999435683,437.3756942474264,0,Inactive Customers,0.4561288488843361,Low,237.8760223003605,87.47513884948529,2.7193557555783197
1154,1154,14766.0,5.0,358.0,366.0,458.59399999999994,0.17313048816101048,475.9273904817042,2313.2899033644735,0,Inactive Customers,0.0415470094192194,High,2217.1796259600046,462.6579806728947,4.792264952903903
1155,1155,14768.0,1.0,110.0,127.0,59.400000000000006,0.13552206138615053,76.38470710944515,289.3505977134128,0,Inactive Customers,0.6040168611310237,Low,114.57795791617164,57.870119542682566,1.9799156943448815
1156,1156,14769.0,7.0,355.0,357.0,1434.577142857143,0.23012091543724397,1471.7695446123307,9509.79971599286,2,High-Value Active Customers,0.0005664918960847,High,9504.412491520361,1901.959943198572,4.997167540519576
1157,1157,14770.0,1.0,91.0,323.0,597.82,0.05403725743834076,728.5446716019582,1102.7369358443623,1,Inactive Customers,0.5518278677406411,Medium,494.21596385851973,220.54738716887246,2.2408606612967947
1158,1158,14775.0,2.0,314.0,372.0,302.66999999999996,0.09280144842684694,333.5914233918788,868.444825628697,0,Inactive Customers,0.1765710513657855,Medium,715.1026097142618,173.6889651257394,4.117144743171073
1159,1159,14776.0,8.0,261.0,312.0,247.4925,0.284916947390256,253.4762959064615,2027.5848784397724,0,Inactive Customers,0.063472702910048,High,1898.888585825659,405.5169756879545,4.68263648544976
1160,1160,14778.0,1.0,181.0,308.0,396.81,0.06961241392906062,485.0717796911078,945.7300458456265,0,Inactive Customers,0.4364552451128019,Medium,532.9612068755322,189.1460091691253,2.8177237744359904
1161,1161,14779.0,2.0,43.0,323.0,38.35,0.08155187757077484,44.02007672783873,100.68110844276963,1,Inactive Customers,0.641445004815223,Low,36.09971435289527,20.136221688553928,1.7927749759238845
1162,1162,14780.0,1.0,25.0,79.0,114.88,0.1629866094243352,143.58472722393682,653.5485543549146,0,Inactive Customers,0.6788032776267868,Medium,209.91765357055033,130.70971087098292,1.605983611866066
1163,1163,14784.0,1.0,297.0,323.0,135.36,0.07166670741830476,168.39107927773625,338.0328980177348,0,Inactive Customers,0.282850992066838,Low,242.4199574621902,67.60657960354696,3.5857450396658095
1164,1164,14785.0,1.0,5.0,15.0,37.92,0.27678128641876854,50.36710739676883,388.62991701798467,0,Inactive Customers,0.7263937661332032,Low,106.33156796325656,77.72598340359694,1.368031169333984
1165,1165,14788.0,1.0,19.0,26.0,310.99,0.25229301159556,381.12250560629025,2681.5331858639033,0,Inactive Customers,0.6788464394471351,Medium,861.1839303808599,536.3066371727807,1.6057678027643245
1166,1166,14790.0,3.0,237.0,253.0,197.63333333333333,0.16009210027726808,211.12821670549724,948.0028473689131,0,Inactive Customers,0.1750678564816499,Medium,782.0380209415367,189.60056947378263,4.12466071759175
1167,1167,14794.0,5.0,332.0,334.0,224.77200000000002,0.18616207405939683,233.6546754721961,1221.0294746746267,0,Inactive Customers,0.0968906464813191,High,1102.7231395006568,244.20589493492537,4.5155467675934045
1168,1168,14796.0,16.0,365.0,366.0,459.455,0.4615163778900104,464.74984578909607,6024.259620088182,2,High-Value Active Customers,0.0006736016293844,High,6020.201668992256,1204.8519240176363,4.996631991853079
1169,1169,14798.0,2.0,258.0,310.0,49.03,0.10710274043936396,55.72037175799895,167.3576422254906,0,Inactive Customers,0.3082463404351743,Low,115.77026146562392,33.47152844509812,3.458768297824128
1170,1170,14800.0,11.0,322.0,369.0,334.74545454545455,0.3278083219398593,340.4766975532736,3134.5142074083965,0,Inactive Customers,0.0157113841448718,High,3085.266650588245,626.9028414816794,4.92144307927564
1171,1171,14803.0,2.0,130.0,292.0,151.7,0.10917603360169863,168.19876976797548,514.9129403798652,1,Inactive Customers,0.4541005350216126,Medium,281.09069866381674,102.98258807597304,2.729497324891937
1172,1172,14805.0,3.0,298.0,313.0,148.46666666666667,0.13638675106083606,158.9268217882944,608.1541014947965,0,Inactive Customers,0.074504086338495,Medium,562.8441358099183,121.63082029895929,4.627479568307525
1173,1173,14808.0,5.0,133.0,172.0,344.21,0.29972622519310327,357.4093629494464,3004.187900325381,0,Inactive Customers,0.2178267289122593,High,2349.795476959715,600.8375800650763,3.9108663554387033
1174,1174,14810.0,10.0,329.0,369.0,188.749,0.30193639618183543,192.47209286700837,1632.0517071562742,0,Inactive Customers,0.0477484823974098,High,1554.1237149454603,326.4103414312549,4.76125758801295
1175,1175,14815.0,1.0,31.0,67.0,226.92000000000002,0.1808880020837375,279.29291492450733,1410.4904679181202,0,Inactive Customers,0.6242268426057385,Medium,530.0244566041014,282.09809358362406,1.8788657869713075
1176,1176,14817.0,1.0,77.0,277.0,479.55,0.062457645089205434,585.2904109865844,1023.5856274683883,1,Inactive Customers,0.5561711142513914,Medium,454.29686850758515,204.71712549367768,2.219144428743043
1177,1177,14818.0,2.0,180.0,253.0,269.775,0.12437673607681488,297.5538573790398,1037.4664757693506,0,Inactive Customers,0.3849385169858562,Medium,638.1056691641542,207.49329515387012,3.0753074150707196
1178,1178,14819.0,1.0,128.0,192.0,187.35,0.10128296385652016,231.36384506274746,655.5879529709885,0,Inactive Customers,0.5529719917982392,Low,293.06617681769063,131.1175905941977,2.235140041008804
1179,1179,14820.0,3.0,152.0,173.0,122.50666666666667,0.20832750873623349,131.3644852720113,767.0870489354901,0,Inactive Customers,0.348430595912744,Medium,499.81045135794903,153.41740978709802,3.2578470204362797
1180,1180,14823.0,1.0,14.0,194.0,110.78,0.06731206321810644,138.61861182254145,261.05003077624684,1,Inactive Customers,0.6694057656049258,Low,86.30163506328388,52.210006155249374,1.6529711719753708
1181,1181,14824.0,3.0,81.0,91.0,228.60000000000002,0.301867837301729,244.0062478092813,2062.547384529112,0,Inactive Customers,0.5572435901219787,High,913.2060751774125,412.50947690582245,2.2137820493901064
1182,1182,14825.0,11.0,365.0,368.0,185.71,0.3290128779253816,189.0402174922158,1746.7411598745005,0,Inactive Customers,0.0376506176731496,High,1680.9752762901119,349.3482319749001,4.811746911634252
1183,1183,14828.0,2.0,140.0,336.0,486.56,0.0970826546061255,535.0490313596842,1456.898416567938,1,Inactive Customers,0.4836497204420913,High,752.2699046823293,291.37968331358763,2.581751397789543
1184,1184,14829.0,3.0,343.0,372.0,153.52666666666667,0.11899237876518745,164.2991416177394,548.6777906232965,0,Inactive Customers,0.1567878987561278,Medium,462.6517527373152,109.73555812465929,4.216060506219361
1185,1185,14834.0,5.0,223.0,240.0,295.322,0.23877073391346007,306.75446952032155,2055.0587729354006,0,Inactive Customers,0.1449669214315017,High,1757.1432292621562,411.01175458708013,4.275165392842491
1186,1186,14836.0,2.0,20.0,30.0,13.2,0.35362660017578523,16.467415678350946,162.73830969520301,0,Inactive Customers,0.7089987254007662,Low,47.357055547428914,32.5476619390406,1.4550063729961686
1187,1187,14837.0,3.0,112.0,201.0,385.74666666666667,0.18657490845959812,410.85252319752607,2149.1513665353236,0,Inactive Customers,0.3666426986749614,High,1361.1807096478315,429.8302733070648,3.1667865066251926
1188,1188,14841.0,5.0,305.0,358.0,580.12,0.1759393534668421,601.8455417431146,2972.6966507263787,0,Inactive Customers,0.0784376312630188,High,2739.5253669798917,594.5393301452758,4.607811843684905
1189,1189,14842.0,3.0,265.0,308.0,838.23,0.13791606658657643,891.26461492876,3448.692890401081,0,Inactive Customers,0.1062119096061113,High,3082.400632866563,689.7385780802163,4.468940451969443
1190,1190,14844.0,3.0,178.0,241.0,652.42,0.16527777736315244,693.9858110731913,3216.796895447062,0,Inactive Customers,0.2057468063549978,High,2554.951207516157,643.3593790894124,3.9712659682250107
1191,1191,14849.0,12.0,352.0,373.0,624.625,0.35115686804240787,634.1467670167426,6254.169321438756,2,High-Value Active Customers,0.0053179410591695,High,6220.910017613279,1250.8338642877513,4.973410294704152
1192,1192,14851.0,1.0,233.0,256.0,305.22,0.08542410563025003,374.1336066145704,894.7351487561423,0,Inactive Customers,0.3611868095934133,Medium,571.5686149458231,178.94702975122846,3.194065952032933
1193,1193,14852.0,4.0,194.0,252.0,582.335,0.19501238422008196,609.8405181625377,3336.476671085492,0,Inactive Customers,0.1661345826883486,High,2782.172511685293,667.2953342170985,4.169327086558257
1194,1194,14853.0,1.0,187.0,211.0,261.29999999999995,0.09791788040779575,320.93560943669587,879.3720745798538,0,Inactive Customers,0.4890800991974566,Medium,449.28869311286564,175.87441491597076,2.5545995040127165
1195,1195,14854.0,6.0,196.0,274.0,364.2916666666667,0.24815484431127569,375.82647523012383,2617.555405100434,0,Inactive Customers,0.190861952881026,High,2117.96366870868,523.5110810200869,4.045690235594869
1196,1196,14855.0,1.0,15.0,134.0,339.3,0.10427655630605222,415.4129268290959,1210.9414896759256,0,Inactive Customers,0.7053887752077521,Medium,356.75695542517366,242.18829793518512,1.4730561239612394
1197,1197,14856.0,1.0,20.0,56.0,308.11,0.19337369439128593,377.63411234872467,2038.2281685088421,0,Inactive Customers,0.634688078695611,High,744.5890482946912,407.6456337017685,1.8265596065219452
1198,1198,14857.0,1.0,89.0,148.0,650.6,0.11913076024167898,792.4743230374821,2639.717270101516,0,Inactive Customers,0.5507982583981325,High,1185.7655950661285,527.9434540203032,2.246008708009338
1199,1199,14859.0,2.0,192.0,204.0,519.965,0.14581451002837123,571.6453193262107,2335.737834444238,0,Inactive Customers,0.2316430447332277,High,1794.680410774979,467.1475668888477,3.841784776333861
1200,1200,14862.0,1.0,123.0,148.0,537.1,0.12312430143546188,654.9977137549514,2254.923769131726,0,Inactive Customers,0.4855766275335796,Medium,1159.9854899714346,450.98475382634524,2.572116862332102
1201,1201,14865.0,1.0,365.0,372.0,15.0,0.06450974175230331,22.60531105530975,40.860110935444155,0,Inactive Customers,0.2066126905264272,Low,32.41789347986375,8.172022187088832,3.966936547367864
1202,1202,14866.0,8.0,131.0,141.0,1161.07,0.4949438406896199,1187.4142275816894,16481.912270380337,2,High-Value Active Customers,0.2013020868480351,High,13164.06893510654,3296.3824540760675,3.9934895657598246
1203,1203,14867.0,2.0,151.0,336.0,204.77,0.09772484904246684,226.33871894874355,620.3801704911926,1,Inactive Customers,0.4682478403508198,Medium,329.8884954622183,124.07603409823854,2.658760798245901
1204,1204,14868.0,6.0,230.0,233.0,419.04333333333335,0.280990747660494,432.21728175012385,3407.841739833011,0,Inactive Customers,0.1217342071477093,High,2992.990827549569,681.5683479666022,4.3913289642614535
1205,1205,14869.0,1.0,95.0,103.0,317.44,0.15302042461420529,388.93505300604636,1662.8503348990755,0,Inactive Customers,0.5267343145287028,Medium,786.9700035821871,332.5700669798151,2.366328427356486
1206,1206,14871.0,3.0,357.0,360.0,127.32666666666667,0.12225079321933627,136.4819915127079,468.23919874167365,0,Inactive Customers,0.0775979956129735,Medium,431.90477545189503,93.64783974833473,4.6120100219351325
1207,1207,14875.0,1.0,155.0,262.0,946.57,0.07916217659562444,1150.9672926352853,2550.8886116170356,0,Inactive Customers,0.4550626410406365,High,1390.0745030141052,510.1777223234071,2.724686794796818
1208,1208,14878.0,8.0,346.0,358.0,145.44125,0.2562431620551433,149.15068220661487,1073.194277611312,0,Inactive Customers,0.0517595047772603,High,1017.6462732723608,214.6388555222624,4.741202476113698
1209,1209,14880.0,2.0,211.0,288.0,280.995,0.1129690726257775,309.84574036016323,981.4718032395089,0,Inactive Customers,0.3319455108339799,Medium,655.6766441440226,196.29436064790178,3.3402724458300996
1210,1210,14882.0,1.0,7.0,33.0,341.8,0.231281989436066,418.44104597628825,2699.50483713035,0,Inactive Customers,0.7405847776877348,Medium,700.292647457205,539.90096742607,1.297076111561326
1211,1211,14883.0,4.0,193.0,211.0,112.75750000000001,0.22195285120340233,118.85545455002037,739.8943693361646,0,Inactive Customers,0.2924035029050882,Medium,523.546663962519,147.97887386723292,3.537982485474559
1212,1212,14891.0,1.0,39.0,187.0,105.0,0.08401037477051239,131.61760035423282,309.3285313303858,1,Inactive Customers,0.6403057245895591,Medium,111.26370194065896,61.865706266077154,1.7984713770522043
1213,1213,14893.0,1.0,2.0,11.0,428.73,0.2878247261066315,523.7348049624592,4201.742452589137,0,Inactive Customers,0.6506001513914138,High,1468.0881768269144,840.3484905178275,1.746999243042931
1214,1214,14895.0,10.0,283.0,290.0,846.372,0.3647539674985766,861.7679478294643,8824.881408593541,2,High-Value Active Customers,0.0089725913999815,High,8745.699353560938,1764.9762817187084,4.955137043000092
1215,1215,14896.0,1.0,161.0,365.0,211.55,0.05628703375020945,260.67603840756897,411.10649983961315,1,Inactive Customers,0.4607811591834016,Medium,221.67637029568527,82.22129996792263,2.6960942040829914
1216,1216,14897.0,3.0,289.0,296.0,369.22666666666663,0.1424016126157338,393.3128545053459,1571.2964457905923,0,Inactive Customers,0.0883654459553274,High,1432.4481346302857,314.25928915811846,4.558172770223363
1217,1217,14898.0,5.0,348.0,371.0,194.13600000000002,0.1711979509462641,201.91143960460752,970.4728637528948,0,Inactive Customers,0.0825593019620677,Medium,890.3513015483269,194.09457275057898,4.587203490189661
1218,1218,14901.0,8.0,361.0,372.0,152.14249999999998,0.24851647698982338,156.00127951733958,1088.6925864772577,0,Inactive Customers,0.0355694042223859,High,1049.9684397949334,217.73851729545154,4.822152978888071
1219,1219,14903.0,4.0,257.0,278.0,558.95,0.1817545893491022,585.3894196482803,2985.4194364739924,0,Inactive Customers,0.0727821739545911,High,2768.134119721125,597.0838872947985,4.636089130227044
1220,1220,14904.0,1.0,23.0,25.0,516.16,0.25590213627727776,629.6341877780685,4493.260369141207,0,Inactive Customers,0.5686301740078407,Medium,1938.256943573908,898.6520738282414,2.1568491299607966
1221,1221,14905.0,1.0,76.0,233.0,307.6,0.07643312364442541,377.01637604269746,806.5551882414596,1,Inactive Customers,0.6214583754927868,Medium,305.31471121164327,161.31103764829194,1.8927081225360658
1222,1222,14907.0,5.0,364.0,367.0,543.9060000000001,0.17277119238230174,564.3227077011754,2737.26154764768,0,Inactive Customers,0.078459625158785,High,2522.497032657687,547.452309529536,4.607701874206074
1223,1223,14910.0,3.0,52.0,54.0,73.31333333333333,0.37865580637171053,79.1347777338364,838.5088195750013,0,Inactive Customers,0.6045880746370375,Medium,331.55638678197624,167.70176391500027,1.9770596268148126
1224,1224,14911.0,129.0,372.0,373.0,966.0986821705426,3.371586112426915,967.435025938029,91630.25637373648,3,High-Value Active Customers,2.011736299585772e-17,High,91630.25637373648,18326.051274747297,5.0
1225,1225,14912.0,1.0,230.0,246.0,328.9,0.08818954601421625,402.8159511767759,994.4222039015895,0,Inactive Customers,0.3349155461320204,Medium,661.3747483960814,198.8844407803179,3.3254222693398985
1226,1226,14913.0,3.0,324.0,359.0,308.8533333333333,0.12239048195111774,329.2130806246423,1130.7421131788412,0,Inactive Customers,0.0808056134726374,High,1039.3718030440787,226.14842263576827,4.595971932636813
1227,1227,14915.0,1.0,186.0,277.0,165.20000000000002,0.07745734889040261,204.53470941862363,443.6053867915742,0,Inactive Customers,0.4637351960463828,Low,237.88995578055204,88.72107735831484,2.6813240197680854
1228,1228,14916.0,3.0,254.0,324.0,324.6433333333334,0.13239056838222527,345.97769131771287,1285.2081068983132,0,Inactive Customers,0.1078780726866546,High,1146.562333324859,257.0416213796627,4.460609636566726
1229,1229,14918.0,1.0,39.0,154.0,844.73,0.10258246317496825,1027.6138310552592,2947.7371840673777,0,Inactive Customers,0.6305235529730707,High,1089.1194615383802,589.5474368134755,1.8473822351346465
1230,1230,14921.0,1.0,171.0,201.0,413.06,0.10087764832214759,504.7545541478578,1424.6874737629084,0,Inactive Customers,0.3770501672836234,High,887.508823453721,284.9374947525817,3.114749163581883
1231,1231,14930.0,1.0,166.0,274.0,1268.73,0.07678428263579815,1541.1828384190749,3313.466863630211,0,Inactive Customers,0.3373688515705402,High,2195.606353130247,662.6933727260422,3.3131557421472992
1232,1232,14931.0,3.0,236.0,240.0,207.22666666666666,0.166442698546717,221.31368210018942,1033.0672866146176,0,Inactive Customers,0.16279055811445,Medium,864.8936864568435,206.61345732292352,4.18604720942775
1233,1233,14934.0,1.0,201.0,282.0,1062.1,0.07709348168653202,1290.902734665336,2786.740065081668,0,Inactive Customers,0.3242283643796361,High,1883.1998918290383,557.3480130163337,3.3788581781018197
1234,1234,14936.0,4.0,242.0,275.0,1594.7024999999999,0.18314266434589738,1668.3608292650606,8573.288073068688,0,Inactive Customers,0.0189770872602682,High,8410.592037198649,1714.6576146137377,4.9051145636986595
1235,1235,14937.0,1.0,74.0,130.0,862.3199999999999,0.12853279015456048,1048.9196773749043,3768.6442708168097,0,Inactive Customers,0.6064427399010436,High,1483.177313510293,753.728854163362,1.9677863004947818
1236,1236,14944.0,6.0,267.0,296.0,852.0100000000001,0.23516786605325937,878.1459815694784,5796.656100026715,2,High-Value Active Customers,0.0615990809313021,High,5439.587411790243,1159.331220005343,4.692004595343489
1237,1237,14947.0,1.0,58.0,130.0,97.32,0.12506416343258964,122.31521833405806,427.6045866084596,0,Inactive Customers,0.6492019984532786,Low,150.00283443445957,85.52091732169193,1.7539900077336068
1238,1238,14948.0,5.0,196.0,219.0,164.714,0.25481772005234404,171.42607971114256,1225.4613580365542,0,Inactive Customers,0.2138065746636135,Medium,963.4496626921384,245.09227160731086,3.930967126681932
1239,1239,14952.0,7.0,305.0,364.0,1059.047142857143,0.22613504649791746,1086.6441447789925,6899.881483911082,2,High-Value Active Customers,0.0364285937210699,High,6648.528504610153,1379.9762967822164,4.8178570313946505
1240,1240,14958.0,2.0,98.0,245.0,128.565,0.12400530148845863,142.8536082021743,496.5637867013575,1,Inactive Customers,0.5568231573955813,Medium,220.06557114200166,99.3127573402715,2.2158842130220937
1241,1241,14959.0,3.0,232.0,296.0,172.25333333333333,0.14196288814997943,184.18167969535605,733.5442813158273,0,Inactive Customers,0.2217332099142484,Medium,570.8931532054286,146.70885626316547,3.8913339504287583
1242,1242,14960.0,1.0,163.0,171.0,132.97,0.11360470524202909,165.49619737302038,525.8600849375279,0,Inactive Customers,0.4711876614580246,Low,278.0813012616959,105.17201698750557,2.644061692709877
1243,1243,14961.0,7.0,350.0,360.0,837.4257142857142,0.2285580572011587,859.359929695758,5515.080113344938,0,Inactive Customers,0.0155047060991151,High,5429.57041707445,1103.0160226689875,4.922476469504425
1244,1244,14963.0,4.0,174.0,183.0,298.4,0.24464912196279304,312.96120849199315,2146.9785505977784,0,Inactive Customers,0.1549070442976306,High,1814.3964491542656,429.3957101195557,4.225464778511847
1245,1245,14970.0,3.0,248.0,316.0,418.18666666666667,0.1349943376292254,445.29482661001543,1686.6078491849225,0,Inactive Customers,0.2511185628548785,High,1263.0693099978473,337.3215698369845,3.744407185725608
1246,1246,14971.0,1.0,8.0,43.0,500.21,0.2109258555559763,610.3147876189817,3591.847339621614,0,Inactive Customers,0.5873008239216505,Medium,1482.3524376610517,718.3694679243229,2.063495880391747
1247,1247,14973.0,2.0,118.0,225.0,247.425,0.13403320745067066,273.0686894086203,1025.792596084251,0,Inactive Customers,0.5235021461380439,Medium,488.78797054163,205.1585192168502,2.3824892693097803
1248,1248,14976.0,4.0,269.0,326.0,154.97750000000002,0.16062910016627557,163.000221677322,734.8383134608055,0,Inactive Customers,0.1483700646550236,Medium,625.8103053816372,146.9676626921611,4.258149676724882
1249,1249,14978.0,4.0,258.0,330.0,405.29,0.15894608017744477,424.72421555587925,1894.7157942201818,0,Inactive Customers,0.1350968090618957,High,1638.7457363418598,378.94315884403636,4.324515954690521
1250,1250,14984.0,1.0,161.0,180.0,103.09,0.10923768935488219,129.30411732577792,395.11232521657627,0,Inactive Customers,0.4738406723217644,Low,207.89203539333815,79.02246504331526,2.630796638391178
1251,1251,14985.0,1.0,160.0,358.0,172.24,0.057469795792300854,213.06189293711716,343.0607327704636,1,Inactive Customers,0.4293810040943955,Low,195.75697086812283,68.61214655409272,2.8530949795280223
1252,1252,14987.0,1.0,350.0,365.0,163.2,0.06534990596612507,202.11221410086975,370.06873470122804,0,Inactive Customers,0.262289642514569,Low,273.0035385706241,74.01374694024561,3.688551787427155
1253,1253,14995.0,1.0,242.0,280.0,113.92,0.07945364581079682,142.42192947141498,316.8609856724494,0,Inactive Customers,0.3352525136476591,Low,210.6325437488858,63.37219713448988,3.323737431761704
1254,1254,14997.0,2.0,132.0,178.0,195.45999999999998,0.15924375621533926,216.1393044608417,964.2381080544471,0,Inactive Customers,0.434919240698089,Medium,544.8724022472451,192.84762161088943,2.825403796509555
1255,1255,14998.0,1.0,71.0,241.0,246.23,0.07228073867272924,302.68210721742065,612.4006443654273,1,Inactive Customers,0.5755900919051655,Medium,259.9089011923484,122.48012887308546,2.1220495404741726
1256,1256,15002.0,3.0,252.0,367.0,336.7033333333333,0.11954498015573256,358.7820741523189,1203.6933896979988,0,Inactive Customers,0.1696923719183909,High,999.4358033376573,240.73867793959977,4.151538140408045
1257,1257,15005.0,27.0,351.0,366.0,224.45074074074074,0.7495861698238773,226.04653628807097,4759.398338351046,2,High-Value Active Customers,0.0010241672655954,High,4754.523918368977,951.8796676702092,4.994879163672023
1258,1258,15009.0,2.0,13.0,25.0,334.61,0.368546134759897,368.5827551581071,3795.639261914896,0,Inactive Customers,0.5612481215183504,High,1665.3438562038627,759.1278523829792,2.193759392408248
1259,1259,15012.0,1.0,320.0,373.0,231.98,0.06342927520396235,285.4218280784245,507.27486926030207,0,Inactive Customers,0.1957807620041492,Medium,407.96020881096496,101.45497385206042,4.021096189979254
1260,1260,15014.0,1.0,133.0,176.0,142.44,0.10906814386774491,176.96671270258483,539.8875664457339,0,Inactive Customers,0.5168427385762323,Low,260.8505980806632,107.97751328914678,2.415786307118838
1261,1261,15018.0,2.0,329.0,367.0,160.005,0.09392745421258655,177.29717334714033,467.15027142305075,0,Inactive Customers,0.1776725857950681,Medium,384.1504747444494,93.43005428461015,4.111637071024659
1262,1262,15021.0,7.0,358.0,366.0,241.31857142857143,0.22557267117933685,248.02128368514371,1570.959265007748,0,Inactive Customers,0.0144307782041575,High,1548.289100286655,314.1918530015496,4.927846108979213
1263,1263,15022.0,2.0,36.0,47.0,255.93,0.31036466783906974,282.38619963629003,2450.3265396829684,0,Inactive Customers,0.5652505547956675,Medium,1065.278103696622,490.0653079365937,2.173747226021662
1264,1264,15023.0,10.0,366.0,369.0,600.1360000000001,0.3022575199914238,611.1612413387619,5187.8044487380985,2,High-Value Active Customers,0.0054640240257935,High,5159.458160589075,1037.5608897476197,4.972679879871032
1265,1265,15024.0,6.0,358.0,367.0,195.01833333333335,0.1989160203041688,201.48548489810088,1125.3137105583723,0,Inactive Customers,0.0301749608415982,High,1091.3574134077599,225.06274211167448,4.849125195792008
1266,1266,15026.0,2.0,197.0,277.0,180.01,0.11625285289841852,199.21331586384025,649.3274158826603,0,Inactive Customers,0.3241062681961184,Medium,438.8763302835022,129.86548317653205,3.3794686590194076
1267,1267,15027.0,3.0,208.0,238.0,241.58333333333334,0.16724040678058535,257.79095514504434,1209.089558427082,0,Inactive Customers,0.3043814159202444,Medium,841.0651666586637,241.81791168541642,3.4780929203987774
1268,1268,15028.0,2.0,360.0,368.0,220.58,0.09385960013898716,243.65909951305377,641.5428395851814,0,Inactive Customers,0.0309577128172289,Medium,621.6821405973537,128.30856791703627,4.845211435913855
1269,1269,15030.0,1.0,197.0,268.0,365.52,0.08049859699058112,447.17184044484884,1007.851324514927,0,Inactive Customers,0.4397502131804341,Medium,564.648489705305,201.5702649029854,2.8012489340978295
1270,1270,15031.0,3.0,278.0,282.0,172.43666666666664,0.1477477463647269,184.3763289645388,764.1821063332437,0,Inactive Customers,0.1011885323514626,Medium,686.8556405441334,152.83642126664876,4.494057338242686
1271,1271,15032.0,1.0,110.0,366.0,2188.5,0.048971894263085944,2655.252097624302,3643.3446357567823,1,Inactive Customers,0.3826438581664702,High,2249.2411877006944,728.6689271513565,3.0867807091676496
1272,1272,15033.0,9.0,325.0,329.0,220.52222222222224,0.3024602645515054,225.29504623878765,1913.3437675131963,0,Inactive Customers,0.0129405482406438,High,1888.5840501887567,382.6687535026393,4.935297258796781
1273,1273,15034.0,6.0,338.0,353.0,558.01,0.2051464997413381,575.3442930325081,3313.8242176028148,0,Inactive Customers,0.0182062906904566,High,3253.491770600063,662.764843520563,4.908968546547716
1274,1274,15036.0,2.0,107.0,179.0,206.2,0.1578279730877166,227.90533148555338,1007.6994659948348,0,Inactive Customers,0.4303781505871239,Medium,574.0076334723454,201.53989319896698,2.84810924706438
1275,1275,15038.0,5.0,311.0,369.0,115.81199999999998,0.17170783921044422,120.75668029879053,582.132670930149,0,Inactive Customers,0.0762932478818199,Medium,537.7198787667692,116.4265341860298,4.6185337605909
1276,1276,15039.0,41.0,359.0,368.0,458.4153658536585,1.1117117053288452,460.4634135946337,14379.385282648102,2,High-Value Active Customers,9.03186400840131e-05,High,14378.086556124128,2875.8770565296204,4.99954840679958
1277,1277,15044.0,14.0,343.0,362.0,486.245,0.4125447459518435,492.6437405422632,5707.99319667776,2,High-Value Active Customers,0.0138002357788402,High,5629.221544739592,1141.5986393355522,4.930998821105799
1278,1278,15045.0,1.0,106.0,257.0,346.76,0.07454215392790607,424.44883436431775,885.7651016358913,1,Inactive Customers,0.6167616431926857,Medium,339.4591620682027,177.15302032717827,1.9161917840365714
1279,1279,15046.0,14.0,329.0,338.0,284.61357142857145,0.4356783112504147,288.4688025491781,3529.462450065491,2,High-Value Active Customers,0.0301427672835437,High,3423.074684797161,705.8924900130983,4.849286163582281
1280,1280,15048.0,3.0,303.0,368.0,95.11666666666667,0.11982158728896672,102.28388445610243,343.9520622300352,0,Inactive Customers,0.1039231750897945,Medium,308.20747184440734,68.79041244600704,4.480384124551027
1281,1281,15050.0,1.0,46.0,71.0,458.90999999999997,0.17962845124889476,560.2902593073646,2810.145441189148,0,Inactive Customers,0.5353712693014452,High,1305.6743094180442,562.0290882378297,2.323143653492774
1282,1282,15051.0,2.0,127.0,150.0,506.93499999999995,0.17813113580476037,557.3705211761181,2780.5967876813097,0,Inactive Customers,0.3909987645662994,High,1693.386878940897,556.119357536262,3.0450061771685033
1283,1283,15053.0,2.0,277.0,281.0,237.57,0.11577256627982574,262.2722093035427,851.3558170388994,0,Inactive Customers,0.1932536555531326,Medium,686.8281932197082,170.2711634077799,4.033731722234337
1284,1284,15054.0,1.0,28.0,40.0,133.68,0.22442157371440374,166.356183210823,1041.599869974946,0,Inactive Customers,0.6167231386102685,Low,399.2211289879497,208.3199739949892,1.9163843069486575
1285,1285,15057.0,1.0,40.0,315.0,358.5,0.04072362364929212,438.6688818795328,500.35749025290113,1,Inactive Customers,0.6529031103850428,High,173.67252856232827,100.07149805058023,1.7354844480747862
1286,1286,15058.0,7.0,287.0,312.0,253.26,0.2556046292306996,260.2678351008833,1867.6144397588428,0,Inactive Customers,0.0744872877247245,High,1728.5009056256758,373.52288795176855,4.627563561376378
1287,1287,15059.0,6.0,294.0,334.0,186.84,0.21411331418045215,193.06231094316374,1160.5030145498495,0,Inactive Customers,0.0703539417173062,High,1078.8570531014511,232.1006029099699,4.648230291413468
1288,1288,15060.0,1.0,1.0,9.0,16.61,0.2939107714207514,24.555419786101595,201.15024107425273,0,Inactive Customers,0.6507347261647667,Low,70.25479403082208,40.23004821485055,1.7463263691761666
1289,1289,15061.0,28.0,369.0,372.0,1108.6242857142856,0.7659729319051459,1115.7045461793364,24005.182366457753,2,High-Value Active Customers,0.0003491921629649,High,23996.799944904844,4801.0364732915505,4.998254039185176
1290,1290,15062.0,3.0,288.0,359.0,259.5933333333333,0.12215586314363755,276.9125915340373,949.283342992795,0,Inactive Customers,0.1398948768080289,Medium,816.4834666689042,189.85666859855903,4.300525615959855
1291,1291,15065.0,3.0,254.0,291.0,664.94,0.144073402869895,707.2785866195651,2858.692142714701,0,Inactive Customers,0.1247294616440183,High,2502.129010747911,571.7384285429401,4.376352691779908
1292,1292,15067.0,1.0,204.0,282.0,896.71,0.07725934660381073,1090.574484363682,2359.346050226634,0,Inactive Customers,0.3278388238742123,High,1585.8608160080662,471.8692100453268,3.3608058806289387
1293,1293,15068.0,1.0,210.0,256.0,313.4,0.08447378760539016,384.0416124641836,908.2127391188492,0,Inactive Customers,0.335283288206345,Medium,603.70418555619,181.64254782376986,3.3235835589682745
1294,1294,15071.0,1.0,182.0,275.0,393.40000000000003,0.07771246690280315,480.9414251743375,1046.5083724232704,0,Inactive Customers,0.4541700935721222,Medium,571.2155669957843,209.3016744846541,2.7291495321393886
1295,1295,15073.0,2.0,177.0,186.0,306.21500000000003,0.15528574854824054,337.47508873662775,1468.2375429437122,0,Inactive Customers,0.3410810828443496,Medium,967.4494919237437,293.6475085887425,3.294594585778252
1296,1296,15078.0,19.0,361.0,368.0,487.7873684210527,0.5377453553415367,492.5009188831016,7438.705398803192,2,High-Value Active Customers,0.0045508423219562,High,7404.853023453754,1487.7410797606385,4.977245788390218
1297,1297,15079.0,2.0,153.0,365.0,315.905,0.0907634021429107,348.0908058566888,886.260452783014,1,Inactive Customers,0.4206768276632522,Medium,513.4312170228582,177.2520905566028,2.8966158616837387
1298,1298,15081.0,4.0,345.0,367.0,94.25,0.1465206843859364,99.5042163309646,409.2561942977261,0,Inactive Customers,0.0920902227924526,Medium,371.5677001856572,81.85123885954522,4.539548886037736
1299,1299,15088.0,1.0,46.0,67.0,295.88,0.18493767085810764,362.8205534806599,1873.3448903245026,0,Inactive Customers,0.620075055873988,Medium,711.7304527852866,374.66897806490056,1.8996247206300596
1300,1300,15089.0,5.0,118.0,128.0,236.46599999999998,0.3604253006359646,245.77131603348278,2483.1026387078728,0,Inactive Customers,0.3255084569744404,High,1674.8317302729117,496.62052774157456,3.372457715127798
1301,1301,15092.0,1.0,68.0,283.0,134.65,0.05829839179136131,167.5310934399336,273.48962951220943,1,Inactive Customers,0.6300003726172899,Medium,101.19106101255292,54.69792590244189,1.8499981369135503
1302,1302,15093.0,5.0,354.0,372.0,750.018,0.17085169677702425,777.8839373375645,3731.2952218629503,0,Inactive Customers,0.0524539069547209,High,3535.5742094747566,746.2590443725901,4.737730465226395
1303,1303,15095.0,2.0,100.0,203.0,300.05,0.14383200501225082,330.721126296465,1332.9388992626639,0,Inactive Customers,0.410716806017201,High,785.4784919414188,266.5877798525328,2.9464159699139945
1304,1304,15100.0,2.0,40.0,373.0,262.79999999999995,0.06382892204812957,289.9125130124324,519.1096747756044,1,Inactive Customers,0.8381749058204888,Medium,84.0049720100576,103.82193495512088,0.8091254708975559
1305,1305,15101.0,1.0,351.0,359.0,215.25,0.06634767395381386,265.1576547454136,492.89933075017154,0,Inactive Customers,0.227723863011337,Low,380.6543910760398,98.57986615003432,3.861380684943315
1306,1306,15103.0,1.0,55.0,86.0,386.68,0.1637399167555899,472.80184090668456,2162.298427542814,0,Inactive Customers,0.630213634740803,Medium,799.5884761267342,432.4596855085628,1.8489318262959846
1307,1307,15104.0,1.0,86.0,282.0,551.1,0.06323212236246684,671.9551809792283,1189.7709118179334,1,Inactive Customers,0.5448804551811508,Medium,541.487995825285,237.9541823635867,2.2755977240942458
1308,1308,15105.0,4.0,116.0,134.0,441.4875,0.29752192591215254,462.57192299525633,3857.3067258239407,0,Inactive Customers,0.3433130771793628,High,2533.0428841566704,771.4613451647882,3.283434614103185
1309,1309,15106.0,4.0,252.0,269.0,248.7175,0.1863124177493081,261.0137335322072,1364.452433584286,0,Inactive Customers,0.158433840176309,High,1148.2769947936172,272.8904867168572,4.2078307991184545
1310,1310,15107.0,5.0,61.0,372.0,40.7,0.056367103259811105,42.93000800194004,67.93791246551179,1,Inactive Customers,0.5869576915535759,Low,28.06123219578608,13.587582493102358,2.0652115422321202
1311,1311,15108.0,2.0,86.0,227.0,501.92499999999995,0.1308189435264319,551.8818996310711,2023.4810148812728,0,Inactive Customers,0.5373854626962051,High,936.0917334423133,404.6962029762546,2.313072686518974
1312,1312,15110.0,3.0,295.0,318.0,195.58333333333334,0.1346834572533223,208.9516839682715,789.6150990226198,0,Inactive Customers,0.1107147437480568,Medium,702.1930656747339,157.92301980452396,4.446426281259716
1313,1313,15111.0,2.0,343.0,372.0,639.49,0.09296167764203743,702.5889301389354,1832.220999189923,0,Inactive Customers,0.1662422089770753,High,1527.6285329504062,366.4441998379846,4.168788955114623
1314,1314,15113.0,2.0,45.0,54.0,662.44,0.2955991787416089,727.7314180548697,6015.234746047573,0,Inactive Customers,0.4811070185635883,High,3121.263091416522,1203.0469492095147,2.5944649071820582
1315,1315,15114.0,9.0,271.0,301.0,277.9455555555556,0.32375442639770324,283.85313784943116,2580.075955254822,0,Inactive Customers,0.0464383994555472,High,2460.2613574190464,516.0151910509644,4.767808002722265
1316,1316,15116.0,3.0,187.0,204.0,291.03333333333336,0.18657187325637736,310.29317166007513,1623.1433550121346,0,Inactive Customers,0.2933982313609349,High,1146.9159654063203,324.6286710024269,3.5330088431953257
1317,1317,15117.0,4.0,201.0,215.0,265.6825,0.21910186726243885,278.7521507353023,1713.0375859613614,0,Inactive Customers,0.2219616794726315,High,1332.8088863816351,342.6075171922723,3.8901916026368415
1318,1318,15121.0,1.0,238.0,288.0,120.92,0.07736781721065102,150.90066308355347,326.93249447612794,0,Inactive Customers,0.3622167346347178,Medium,208.51207388100195,65.38649889522559,3.188916326826411
1319,1319,15122.0,2.0,183.0,297.0,618.3700000000001,0.10970283213059859,679.4512680568209,2090.1299296666,0,Inactive Customers,0.3291353124354773,High,1402.1943622350418,418.02598593332004,3.354323437822614
1320,1320,15123.0,1.0,199.0,206.0,1129.84,0.10034804858791743,1372.9526510776589,3855.079467056037,0,Inactive Customers,0.3041513733256518,High,2682.5517528714217,771.0158934112075,3.479243133371741
1321,1321,15124.0,1.0,169.0,191.0,93.44,0.10486376046658573,117.6155774176156,345.05171662449976,0,Inactive Customers,0.4657493231939434,Low,184.34411313973067,69.01034332489995,2.6712533840302832
1322,1322,15125.0,9.0,245.0,270.0,854.1777777777778,0.3515332214357925,871.4724434376403,8599.650610552393,2,High-Value Active Customers,0.0425734871470667,High,8233.533495814778,1719.9301221104788,4.787132564264667
1323,1323,15128.0,3.0,159.0,219.0,329.09999999999997,0.17694840651257362,350.7094380976653,1740.1382810130074,0,Inactive Customers,0.2699803332739245,High,1270.3351679624013,348.0276562026015,3.6500983336303765
1324,1324,15129.0,9.0,241.0,291.0,332.03555555555556,0.3317479154048784,339.0120252103131,3157.38217150224,0,Inactive Customers,0.1200155755923296,High,2778.4471328244394,631.4764343004481,4.399922122038352
1325,1325,15132.0,4.0,244.0,262.0,166.04000000000002,0.18998819009464474,174.5670498712058,930.5174869069639,0,Inactive Customers,0.2109200132186983,Medium,734.2527262683171,186.1034973813928,3.945399933906508
1326,1326,15133.0,2.0,174.0,301.0,324.61,0.10827715647692496,357.6274227328634,1085.8638328487677,0,Inactive Customers,0.3737992381588628,Medium,679.9687593856356,217.17276656975355,3.131003809205686
1327,1327,15134.0,7.0,226.0,240.0,182.55571428571426,0.31113766859206704,187.75694035041093,1639.4183216634215,0,Inactive Customers,0.1742996270068112,High,1353.6683196893546,327.8836643326843,4.128501864965943
1328,1328,15136.0,2.0,94.0,96.0,351.9,0.2297649411222103,387.5245249213533,2491.7836185784154,0,Inactive Customers,0.5097903034237582,High,1221.496491596975,498.3567237156831,2.4510484828812094
1329,1329,15139.0,1.0,97.0,336.0,56.86,0.05245174453185776,73.30813805589776,107.71451584475416,1,Inactive Customers,0.5837777586174357,Low,44.833177214341305,21.542903168950833,2.081111206912821
1330,1330,15140.0,5.0,212.0,264.0,365.78000000000003,0.2222513592370839,379.7589385358117,2368.458398781303,0,Inactive Customers,0.2058857859937851,High,1880.8264797546328,473.6916797562606,3.970571070031075
1331,1331,15144.0,13.0,304.0,312.0,477.0861538461538,0.43401958345240726,483.85925455646594,5896.870634404997,2,High-Value Active Customers,0.0282476197411677,High,5730.298075061466,1179.3741268809995,4.8587619012941605
1332,1332,15145.0,3.0,244.0,248.0,257.5,0.16252558775211054,274.69005078773205,1252.1138596336916,0,Inactive Customers,0.2579088130577336,High,929.1826602824285,250.42277192673833,3.7104559347113315
1333,1333,15146.0,1.0,127.0,291.0,492.94,0.06816186558067523,601.5090171389464,1148.155457578291,1,Inactive Customers,0.4057717202221041,High,682.2664424743508,229.6310915156582,2.9711413988894795
1334,1334,15150.0,9.0,252.0,269.0,527.7077777777778,0.3526175608422732,538.5509800117368,5330.763103256432,0,Inactive Customers,0.0288367816995877,High,5177.04105135561,1066.1526206512865,4.855816091502061
1335,1335,15152.0,12.0,178.0,187.0,332.46583333333336,0.5854674515259062,337.67880894145134,5547.537827323105,2,High-Value Active Customers,0.1055499256407806,High,4961.995622159734,1109.5075654646212,4.472250371796097
1336,1336,15156.0,2.0,32.0,33.0,321.845,0.34568755980600996,354.59827331728354,3425.9044745571473,0,Inactive Customers,0.630974846946405,Medium,1264.2449230704472,685.1808949114295,1.8451257652679747
1337,1337,15157.0,2.0,355.0,358.0,382.805,0.09596487904247282,421.3819797815688,1134.3091747497076,0,Inactive Customers,0.0831393763233919,High,1040.0034174031157,226.86183494994154,4.5843031183830405
1338,1338,15159.0,18.0,360.0,361.0,930.0072222222223,0.519611143173065,939.3118625242644,13708.446242469648,2,High-Value Active Customers,0.0004772701020425,High,13701.90361093266,2741.68924849393,4.997613649489787
1339,1339,15163.0,1.0,174.0,192.0,149.47,0.10472183047181378,185.4817837444896,543.4224273767613,0,Inactive Customers,0.4569113932036934,Low,295.1265289859124,108.68448547535228,2.7154430339815323
1340,1340,15164.0,2.0,271.0,339.0,334.83,0.09979335002094422,368.8237724714624,1032.3369446738757,0,Inactive Customers,0.2123429439673804,Medium,813.1274786755342,206.46738893477516,3.9382852801630976
1341,1341,15172.0,4.0,228.0,236.0,315.6625,0.20512227866894137,331.0106884193983,1904.672809142515,0,Inactive Customers,0.174902226404418,High,1571.541294251532,380.93456182850304,4.12548886797791
1342,1342,15179.0,4.0,301.0,319.0,230.33249999999998,0.16364684074832958,241.79057996433792,1110.4840749670796,0,Inactive Customers,0.0942704503552222,High,1005.7982411076306,222.09681499341593,4.5286477482238885
1343,1343,15181.0,2.0,203.0,269.0,194.74,0.11902667040360283,215.35052052622416,718.635375109652,0,Inactive Customers,0.3567313906365928,Medium,462.2755783861364,143.7270750219304,3.216343046817036
1344,1344,15182.0,1.0,114.0,268.0,252.37,0.07254038091582711,310.119167842925,629.8572814534373,1,Inactive Customers,0.5505662450561717,Medium,283.07912308233,125.97145629068746,2.247168774719141
1345,1345,15184.0,1.0,161.0,190.0,171.53,0.10480561760782449,212.20190709931455,622.1893758865675,0,Inactive Customers,0.4465851388683128,Medium,344.32884705387585,124.43787517731351,2.7670743056584355
1346,1346,15186.0,1.0,154.0,168.0,182.15,0.11454938189025074,225.06535723658746,721.0579710846874,0,Inactive Customers,0.4971642612926846,Medium,362.5737175411669,144.2115942169375,2.514178693536577
1347,1347,15187.0,12.0,211.0,212.0,355.4816666666666,0.5374336596151023,361.03408199204716,5445.519534026744,2,High-Value Active Customers,0.1349151380066054,High,4710.83651457586,1089.1039068053487,4.325424309966973
1348,1348,15189.0,37.0,331.0,332.0,411.25594594594594,1.0930863358208636,413.30310712716056,12688.849595699354,2,High-Value Active Customers,0.0108758030950308,High,12550.848165994066,2537.769919139871,4.9456209845248456
1349,1349,15192.0,2.0,246.0,365.0,364.65999999999997,0.09361179781760194,401.50352909596415,1054.333496648182,0,Inactive Customers,0.2685589699858794,Medium,771.1827787667356,210.86669932963642,3.657205150070603
1350,1350,15194.0,14.0,365.0,368.0,493.22285714285715,0.40730357540602563,499.7096208941586,5716.415481929693,2,High-Value Active Customers,0.0096864748606275,High,5661.043567071079,1143.2830963859385,4.951567625696863
1351,1351,15197.0,2.0,348.0,358.0,261.555,0.0959369963616898,288.5485741254896,776.5120779446555,0,Inactive Customers,0.145292016953087,Medium,663.6910719516438,155.30241558893113,4.273539915234564
1352,1352,15198.0,1.0,32.0,124.0,86.0,0.12107691877480813,108.6038948355713,367.53049007106944,0,Inactive Customers,0.6920442893266671,Low,113.18311326395452,73.50609801421389,1.5397785533666646
1353,1353,15199.0,3.0,249.0,308.0,305.2,0.1377761080695577,325.33425155147256,1257.5831103870216,0,Inactive Customers,0.281546874576914,High,903.5145161368414,251.51662207740435,3.5922656271154296
1354,1354,15201.0,3.0,160.0,247.0,311.68666666666667,0.16181683142146486,332.2212966029218,1507.7433100958267,0,Inactive Customers,0.3151365029068804,High,1032.5983560709838,301.54866201916536,3.4243174854655978
1355,1355,15203.0,5.0,286.0,311.0,323.172,0.19666196893343285,335.61101472571204,1852.5634146561488,0,Inactive Customers,0.0593671349844097,High,1742.5820323510782,370.5126829312298,4.7031643250779505
1356,1356,15205.0,1.0,42.0,127.0,176.94,0.12256850839671653,218.75475693383868,749.4529508001083,0,Inactive Customers,0.6443431590404254,Medium,266.548068929398,149.89059016002167,1.778284204797873
1357,1357,15206.0,3.0,265.0,275.0,134.20000000000002,0.15053403815157307,143.77956956825182,607.1344551083862,0,Inactive Customers,0.1795058333256262,Medium,498.15027880345536,121.42689102167725,4.102470833371869
1358,1358,15208.0,4.0,352.0,353.0,201.18,0.15121158477963015,211.30904695442177,896.878149009509,0,Inactive Customers,0.0706805763831479,Medium,833.486284492066,179.37562980190182,4.64659711808426
1359,1359,15211.0,1.0,305.0,365.0,511.34000000000003,0.06433358744267213,623.7959740622819,1124.4113110025546,0,Inactive Customers,0.2543389264593191,Medium,838.4297452634493,224.88226220051092,3.7283053677034044
1360,1360,15213.0,1.0,11.0,329.0,15.15,0.025973646197658233,22.786998204141284,16.579101654048255,1,Inactive Customers,0.6984349117332521,Low,4.999678253686448,3.315820330809651,1.5078254413337393
1361,1361,15214.0,7.0,241.0,242.0,163.78714285714287,0.30938965178269134,168.50880151801638,1463.1020356292415,0,Inactive Customers,0.0984160117913179,High,1319.109368438853,292.6204071258483,4.5079199410434105
1362,1362,15215.0,1.0,50.0,96.0,409.90000000000003,0.1521478469471103,500.92701154580675,2129.1641154658214,0,Inactive Customers,0.6475816586781368,Medium,750.3564859744969,425.8328230931643,1.7620917066093162
1363,1363,15218.0,8.0,308.0,318.0,515.90375,0.28125692996686774,527.869489328325,4168.349031100918,0,Inactive Customers,0.0376031625300497,High,4011.605925002455,833.6698062201837,4.8119841873497515
1364,1364,15220.0,5.0,229.0,280.0,292.57,0.2127418121002296,303.90300767453215,1814.422985454982,0,Inactive Customers,0.1485320131357046,High,1544.923086745658,362.8845970909964,4.257339934321476
1365,1365,15223.0,1.0,24.0,249.0,454.9,0.05145175249557855,555.4331561952682,800.0023624616019,1,Inactive Customers,0.7023055398933395,Medium,238.15627137705948,160.0004724923204,1.4884723005333023
1366,1366,15224.0,1.0,4.0,362.0,310.48,0.018483489079047878,380.50476930026304,197.05193830748468,1,Inactive Customers,0.7258304304448481,Low,54.025645105771424,39.41038766149694,1.3708478477757593
1367,1367,15227.0,3.0,281.0,317.0,266.49,0.1349355034949927,284.2349431329318,1076.1103785267144,0,Inactive Customers,0.1743714888721683,Medium,888.4674096322185,215.2220757053429,4.128142555639158
1368,1368,15228.0,3.0,228.0,294.0,804.6866666666666,0.14267025073174786,855.6508768235523,3424.761447220211,0,Inactive Customers,0.1027184672085089,High,3072.9752008069563,684.9522894440422,4.486407663957456
1369,1369,15230.0,1.0,1.0,240.0,59.400000000000006,0.04087809791992316,76.38470710944515,87.40156493689973,1,Inactive Customers,0.7087377630265694,Medium,25.456775318499968,17.480312987379946,1.4563111848671528
1370,1370,15232.0,1.0,27.0,140.0,301.7,0.10661381875247594,369.8700148553236,1102.4509257895263,0,Inactive Customers,0.6469083693741944,Medium,389.2661950719529,220.49018515790527,1.765458153129028
1371,1371,15235.0,9.0,156.0,373.0,237.12333333333333,0.17918764252973754,242.22421647068379,1218.8977631098858,1,Inactive Customers,0.2413528890630622,High,924.7132665108109,243.77955262197716,3.793235554684689
1372,1372,15237.0,3.0,226.0,227.0,157.79999999999998,0.17324719811058328,168.83623912850913,820.2521966706926,0,Inactive Customers,0.2325151836203474,High,629.5311065468131,164.05043933413853,3.8374240818982623
1373,1373,15238.0,2.0,155.0,184.0,323.425,0.15613427213422978,356.32921584047205,1558.7055782459763,0,Inactive Customers,0.4130188714469666,Medium,914.9307594007317,311.7411156491953,2.934905642765167
1374,1374,15239.0,1.0,68.0,78.0,318.8,0.17509620290718447,390.582349822119,1909.84276315562,0,Inactive Customers,0.580955848959363,Medium,800.3084393076512,381.96855263112406,2.0952207552031847
1375,1375,15240.0,4.0,267.0,311.0,348.4175,0.16671477468340293,365.25895576318715,1708.9281171627538,0,Inactive Customers,0.1334356385057568,High,1480.896202688701,341.7856234325508,4.332821807471215
1376,1376,15241.0,7.0,217.0,283.0,192.3014285714286,0.2745121867242129,197.75167342352682,1523.7800276907303,0,Inactive Customers,0.1412156038732923,High,1308.5985109103217,304.7560055381461,4.293921980633538
1377,1377,15244.0,1.0,183.0,248.0,333.63,0.08536248585533751,408.5451526032638,976.2529170324676,0,Inactive Customers,0.4270723096029212,Medium,559.3223289988226,195.25058340649355,2.8646384519853934
1378,1378,15245.0,2.0,127.0,261.0,632.1800000000001,0.11968435901759528,694.5805821360824,2330.5278026485344,0,Inactive Customers,0.3646084237228245,High,1480.7977340826346,466.1055605297069,3.176957881385878
1379,1379,15246.0,1.0,120.0,358.0,328.15,0.052205952378445275,401.9075154326182,587.8570433212884,1,Inactive Customers,0.5355759826612467,Medium,273.0149296801543,117.57140866425769,2.3221200866937663
1380,1380,15249.0,11.0,225.0,256.0,514.699090909091,0.43444222040597774,523.3294646898692,6382.180484360161,2,High-Value Active Customers,0.0422887192451509,High,6112.2862456851735,1276.4360968720323,4.788556403774246
1381,1381,15251.0,8.0,232.0,241.0,837.67125,0.34631005214780364,856.8080560402996,8327.61749513311,2,High-Value Active Customers,0.0624012423866094,High,7807.96381731634,1665.5234990266222,4.687993788066953
1382,1382,15252.0,1.0,147.0,183.0,440.23,0.10692984079412983,537.6641530395437,1608.2808192974273,0,Inactive Customers,0.4674116672851805,Medium,856.5516000868408,321.6561638594855,2.6629416635740975
1383,1383,15253.0,2.0,153.0,169.0,372.17499999999995,0.16530009612877922,409.73646141353476,1897.2514898893069,0,Inactive Customers,0.3197731980981766,Medium,1290.5613133708728,379.4502979778614,3.4011340095091165
1384,1384,15258.0,1.0,49.0,217.0,307.5,0.07439086594213871,376.89525127680974,784.623080815823,1,Inactive Customers,0.6536042406222734,Medium,271.79010790448837,156.92461616316461,1.7319787968886329
1385,1385,15260.0,5.0,272.0,372.0,274.86400000000003,0.1700288392371652,285.5570834588538,1363.1418130710113,0,Inactive Customers,0.0956449837647675,High,1232.7641364907586,272.6283626142023,4.521775081176162
1386,1386,15265.0,1.0,84.0,235.0,793.88,0.07759123691829102,966.0218876013677,2097.9760204380814,1,Inactive Customers,0.5297750800488501,High,986.5206062699289,419.5952040876163,2.3511245997557495
1387,1387,15267.0,4.0,160.0,182.0,170.4,0.24537441139913704,179.12581786445625,1232.4726491237088,0,Inactive Customers,0.4593464328178817,High,666.3407342031285,246.4945298247418,2.7032678359105913
1388,1388,15270.0,4.0,295.0,310.0,188.4975,0.16732562251114166,198.0483645979082,929.9946377115295,0,Inactive Customers,0.1828708234382404,High,759.9257525200742,185.99892754230592,4.085645882808798
1389,1389,15271.0,14.0,358.0,365.0,166.96214285714285,0.4099502454131977,169.33324266368317,1949.65170400807,0,Inactive Customers,0.0232514575708883,High,1904.3194601343164,389.930340801614,4.883742712145558
1390,1390,15272.0,1.0,29.0,86.0,422.98,0.15627295446383116,516.7701309239169,2255.6054485425543,0,Inactive Customers,0.647054832665172,Medium,796.1050424772014,451.1210897085109,1.7647258366741394
1391,1391,15274.0,1.0,14.0,18.0,332.58000000000004,0.2715232844605343,407.27334256144303,3083.124161726949,0,Inactive Customers,0.6604377576487002,Medium,1046.9125538034743,616.6248323453898,1.6978112117564992
1392,1392,15281.0,8.0,275.0,333.0,193.96625,0.27074395622460007,198.75713391382138,1510.9214904680327,0,Inactive Customers,0.0956923206403141,High,1366.3379067398246,302.18429809360657,4.521538396798429
1393,1393,15287.0,1.0,48.0,70.0,73.71000000000001,0.1813803977047113,93.71766110797392,474.6160955646057,0,Inactive Customers,0.6572575076581829,Medium,162.67110349935498,94.92321911292115,1.7137124617090853
1394,1394,15288.0,4.0,322.0,365.0,535.2175,0.14705390197518017,560.5749789602488,2313.9910013031526,0,Inactive Customers,0.0898595012303542,High,2106.0569240745235,462.79820026063055,4.550702493848229
1395,1395,15289.0,2.0,220.0,249.0,282.165,0.1264331133502891,311.12751425391673,1102.6960349356941,0,Inactive Customers,0.2772710626163999,Medium,796.9503335861834,220.53920698713884,3.6136446869180006
1396,1396,15290.0,16.0,355.0,359.0,472.42875,0.46865990624972054,477.866572213497,6290.018933693436,2,High-Value Active Customers,0.0133498782843299,High,6206.047946522499,1258.0037867386873,4.9332506085783505
1397,1397,15291.0,12.0,348.0,373.0,324.875,0.3511148165514953,329.9760252701425,3253.945155160066,0,Inactive Customers,0.0519157244786813,High,3085.014235016036,650.7890310320132,4.740421377606593
1398,1398,15296.0,5.0,276.0,326.0,494.70599999999996,0.18940465563527473,513.3445380744173,2729.2617755303318,0,Inactive Customers,0.057270705730094,High,2572.9550275235406,545.8523551060664,4.71364647134953
1399,1399,15297.0,2.0,53.0,63.0,205.74,0.2784040327061688,227.40138619399218,1770.6438356538756,0,Inactive Customers,0.6238584856837535,Medium,666.0126536575759,354.12876713077515,1.8807075715812325
1400,1400,15298.0,9.0,364.0,366.0,379.14444444444445,0.2780293602490718,387.0518458041109,3021.977749653949,0,Inactive Customers,0.0239195555495457,High,2949.6933850016103,604.3955499307898,4.880402222252272
1401,1401,15299.0,1.0,305.0,372.0,642.0,0.06320005479906168,782.0575931711405,1384.9048703322483,0,Inactive Customers,0.6946435841501851,High,422.889587497608,276.9809740664497,1.5267820792490743
1402,1402,15301.0,8.0,318.0,368.0,471.81000000000006,0.250342269227173,482.79304460983695,3393.9948872173845,0,Inactive Customers,0.0258303359650159,High,3306.3268590170132,678.7989774434769,4.87084832017492
1403,1403,15304.0,7.0,308.0,368.0,81.60714285714286,0.2241612632381785,84.22896939194463,530.1693290550608,0,Inactive Customers,0.1230077626071618,Medium,464.9543860850576,106.03386581101216,4.3849611869641905
1404,1404,15306.0,2.0,84.0,148.0,414.865,0.1782104952729125,456.50477553689996,2278.360452326373,0,Inactive Customers,0.5267189490658403,High,1078.3048292838532,455.6720904652746,2.3664052546707985
1405,1405,15311.0,89.0,373.0,373.0,630.7986516853932,2.3390510937057383,632.0784323176297,41532.55011553481,3,High-Value Active Customers,6.963869042326827e-09,High,41532.54982630757,8306.510023106963,4.999999965180654
1406,1406,15312.0,3.0,279.0,354.0,211.70333333333335,0.12348342741248729,226.06666334587104,783.3836148350185,0,Inactive Customers,0.1385403872895372,Medium,674.8533454394974,156.6767229670037,4.307298063552314
1407,1407,15315.0,1.0,52.0,116.0,336.96,0.13444454341675427,412.57860730732386,1550.1645507591813,0,Inactive Customers,0.5947594956527825,Medium,628.1894643708284,310.0329101518363,2.0262025217360873
1408,1408,15321.0,1.0,221.0,291.0,1588.8400000000001,0.07593019224508422,1928.9153265021669,4101.51918336663,0,Inactive Customers,0.2831358100397879,High,2940.2322269903902,820.3038366733261,3.5843209498010604
1409,1409,15329.0,2.0,132.0,171.0,370.3,0.1636241167891998,407.68233658380166,1868.6400656240698,0,Inactive Customers,0.4406605116456045,Medium,1045.2041782246913,373.72801312481397,2.7966974417719777
1410,1410,15330.0,1.0,28.0,60.0,46.56,0.19005182193460654,60.83228716946545,322.7258170992151,0,Inactive Customers,0.6435764767861772,Low,115.027072762562,64.54516341984302,1.7821176160691137
1411,1411,15332.0,1.0,3.0,369.0,63.0,0.017317048678862513,80.74519868140206,39.178363648153976,1,Inactive Customers,0.6938891536177566,High,11.99292205620773,7.8356727296307955,1.5305542319112169
1412,1412,15334.0,2.0,17.0,173.0,118.58500000000001,0.14612836890676484,131.92018644178117,540.0219416867386,1,Inactive Customers,0.6392528836539543,Low,194.81135822708342,108.00438833734773,1.8037355817302285
1413,1413,15339.0,1.0,252.0,318.0,316.17,0.07127861877658195,387.3967684792727,773.4317361623517,0,Inactive Customers,0.2889152511039561,Medium,549.9755118972372,154.68634723247035,3.5554237444802195
1414,1414,15344.0,2.0,74.0,74.0,127.625,0.2602858406321252,141.82380695420142,1032.6607384641638,0,Inactive Customers,0.614266689018267,Medium,398.3316457686234,206.53214769283278,1.928666554908665
1415,1415,15349.0,1.0,29.0,187.0,107.7,0.07935956944536456,134.88796903320053,299.4646801375098,1,Inactive Customers,0.6376393779572574,Medium,108.51420777445898,59.89293602750196,1.8118031102137127
1416,1416,15351.0,6.0,357.0,369.0,280.9066666666667,0.19804029979877527,289.9451187721127,1612.2507625370363,0,Inactive Customers,0.0187816145151695,High,1581.9700902132777,322.45015250740727,4.906091927424153
1417,1417,15353.0,1.0,113.0,367.0,465.37,0.04932083145117732,568.1149191837096,785.0853772626278,1,Inactive Customers,0.5154455611570771,Medium,380.4166044232771,157.01707545252557,2.4227721942146148
1418,1418,15355.0,1.0,24.0,53.0,150.8,0.19977741442715913,187.09274313079592,1043.167810539259,0,Inactive Customers,0.709662585121574,Low,302.87064539635617,208.63356210785184,1.45168707439213
1419,1419,15356.0,9.0,337.0,368.0,290.69777777777773,0.2766265360431557,296.85736024093586,2306.08897890298,0,Inactive Customers,0.0150127759898191,High,2271.4681816501193,461.2177957805961,4.924936120050904
1420,1420,15358.0,14.0,361.0,365.0,538.6921428571428,0.4099714633323346,545.7524856255135,6283.954160503997,2,High-Value Active Customers,0.0034449287649879,High,6262.306386058611,1256.7908321007994,4.98277535617506
1421,1421,15364.0,1.0,159.0,254.0,581.39,0.08184424909121589,708.6438725666102,1623.6619263162647,0,Inactive Customers,0.4675978471441188,Medium,864.4411050809065,324.732385263253,2.6620107642794055
1422,1422,15365.0,3.0,290.0,315.0,701.9033333333333,0.13566454333340675,746.523418364437,2841.5709065078886,0,Inactive Customers,0.0543839194347977,High,2687.0351432600987,568.3141813015777,4.728080402826012
1423,1423,15366.0,1.0,283.0,358.0,496.97,0.06486118623451304,606.3903452042205,1101.952160936403,0,Inactive Customers,0.2647240683051867,Medium,810.2389018156266,220.39043218728062,3.6763796584740662
1424,1424,15367.0,2.0,218.0,275.0,556.505,0.11721213080913233,611.676104008051,2010.1573610744713,0,Inactive Customers,0.2609094419737814,High,1485.688325717042,402.0314722148943,3.695452790131093
1425,1425,15370.0,6.0,292.0,332.0,366.97499999999997,0.21512180129594197,378.5901414350247,2286.416136931198,0,Inactive Customers,0.0992972988897909,High,2059.3811903958995,457.28322738623956,4.503513505551045
1426,1426,15373.0,9.0,363.0,371.0,228.95666666666668,0.2749974491244596,233.8961660587678,1806.302747698699,0,Inactive Customers,0.056641099585247,High,1703.9917738851918,361.2605495397398,4.716794502073765
1427,1427,15376.0,2.0,182.0,222.0,289.595,0.13713802254088253,319.2673262458728,1227.0911678020373,0,Inactive Customers,0.3216923208971652,High,832.3453620793872,245.41823356040746,3.3915383955141745
1428,1428,15379.0,6.0,189.0,358.0,368.6383333333333,0.19565918832708779,380.3032711694912,2089.1808287159392,1,Inactive Customers,0.1538859450090412,High,1767.6852625942151,417.83616574318785,4.230570274954794
1429,1429,15380.0,4.0,357.0,365.0,365.03999999999996,0.14721655920924714,382.63925873745455,1581.2392766307148,0,Inactive Customers,0.0585902582512132,High,1488.5940590559596,316.247855326143,4.707048708743933
1430,1430,15382.0,4.0,281.0,295.0,1206.6825,0.17381569985162845,1262.6513896455538,6158.667271102593,0,Inactive Customers,0.0276473153922749,High,5988.396654662339,1231.7334542205188,4.861763423038625
1431,1431,15384.0,1.0,190.0,359.0,338.84,0.05999261058347436,414.8557529060125,697.3057319992718,1,Inactive Customers,0.397225977648001,Medium,420.3177808863061,139.46114639985436,3.013870111759995
1432,1432,15392.0,3.0,356.0,360.0,393.20000000000005,0.1222474641115698,418.76590075921195,1436.653055677149,0,Inactive Customers,0.0327372241638655,High,1389.621022547744,287.3306111354298,4.836313879180673
1433,1433,15393.0,1.0,265.0,281.0,107.76,0.07996161648744189,134.96064389273315,302.1832519685566,0,Inactive Customers,0.3370153329483815,Low,200.34286269494885,60.43665039371132,3.3149233352580927
1434,1434,15394.0,3.0,349.0,358.0,531.96,0.12277342583450936,566.0906239872336,1950.4161204470308,0,Inactive Customers,0.0658029055374243,High,1822.0730727145854,390.0832240894062,4.6709854723128785
1435,1435,15398.0,1.0,62.0,78.0,710.6800000000001,0.17414091552952587,865.2460823828077,4207.738447378569,0,Inactive Customers,0.5614690012548987,High,1845.2237437870854,841.5476894757138,2.192654993725506
1436,1436,15399.0,2.0,78.0,79.0,255.3,0.2526439768959727,281.6960136934997,1991.0789433484103,0,Inactive Customers,0.5575466862612708,Medium,880.9594763999116,398.21578866968207,2.212266568693646
1437,1437,15400.0,4.0,186.0,278.0,92.525,0.18062891889348942,97.70057532446069,495.17590642944594,0,Inactive Customers,0.3137378589456278,Medium,339.82047774481106,99.0351812858892,3.4313107052718608
1438,1438,15402.0,1.0,48.0,196.0,140.42000000000002,0.08321772790455235,174.51999243165346,406.33149102649185,1,Inactive Customers,0.6396848967642076,Medium,146.40737313716386,81.26629820529837,1.801575516178962
1439,1439,15406.0,1.0,270.0,301.0,258.42,0.07549350468989409,317.4472161791304,671.1697392352914,0,Inactive Customers,0.2046278527901952,Medium,533.8297166378185,134.2339478470583,3.976860736049024
1440,1440,15407.0,3.0,272.0,305.0,232.14666666666668,0.13902863698015508,247.7718263985629,966.4565241604212,0,Inactive Customers,0.1179036608445016,Medium,852.507761914855,193.29130483208425,4.4104816957774915
1441,1441,15410.0,7.0,177.0,261.0,438.32000000000005,0.2903217784570446,450.0564178856344,3667.2336620821957,0,Inactive Customers,0.2153807944040386,High,2877.381962677701,733.4467324164392,3.9230960279798066
1442,1442,15411.0,3.0,156.0,182.0,400.82666666666665,0.2014196798839182,426.86331035721594,2410.16685360854,0,Inactive Customers,0.3134296288860222,High,1654.7491511286235,482.033370721708,3.4328518555698886
1443,1443,15414.0,2.0,233.0,242.0,361.85,0.1292553463516341,398.4250806844708,1443.5401931834872,0,Inactive Customers,0.3378575130244937,Medium,955.8292935636172,288.70803863669744,3.310712434877532
1444,1444,15416.0,3.0,218.0,282.0,869.6933333333333,0.14724868323546034,924.6699685981482,3819.5219315062645,0,Inactive Customers,0.1338558714652317,High,3308.2564947839282,763.904386301253,4.330720642673841
1445,1445,15421.0,2.0,252.0,310.0,327.65,0.10704783827775048,360.9578437901375,1083.5908907671915,0,Inactive Customers,0.1629065559087939,Medium,907.0668307381662,216.71817815343832,4.18546722045603
1446,1446,15426.0,3.0,350.0,369.0,336.99,0.11980745990430379,359.0864348277684,1207.3698625505142,0,Inactive Customers,0.0524730400436868,High,1144.0154954053605,241.47397251010284,4.737634799781566
1447,1447,15427.0,1.0,14.0,47.0,1112.11,0.20626509939618734,1351.477230085771,7778.8676441610205,0,Inactive Customers,0.4472202340312645,High,4300.000635841097,1555.7735288322042,2.763898829843677
1448,1448,15429.0,1.0,49.0,75.0,154.29000000000002,0.175238716903185,191.3199974602764,936.2031231350202,0,Inactive Customers,0.5991900406131401,Medium,375.23953576159886,187.24062462700405,2.0040497969342996
1449,1449,15433.0,1.0,54.0,267.0,160.66,0.05851761934048259,199.0356450473224,326.09747579086303,1,Inactive Customers,0.6117259190540114,Medium,126.61519771150411,65.2194951581726,1.941370404729943
1450,1450,15434.0,3.0,192.0,200.0,244.84,0.18921422874397273,261.24863398125495,1385.9004457565668,0,Inactive Customers,0.2336349095544338,Medium,1062.1057204607819,277.1800891513134,3.831825452227831
1451,1451,15436.0,2.0,222.0,234.0,316.74,0.13240183438596223,349.0055761141967,1295.1888282306295,0,Inactive Customers,0.1738902904605407,High,1069.968066688358,259.03776564612593,4.1305485476972965
1452,1452,15440.0,2.0,154.0,208.0,128.94,0.14325521296534144,143.26443316812095,575.1234373019065,0,Inactive Customers,0.4247179362447943,Medium,330.8581979250284,115.0246874603813,2.876410318776028
1453,1453,15443.0,6.0,319.0,320.0,452.4083333333333,0.22164896656448946,466.5811536482055,2903.170859497205,0,Inactive Customers,0.0170102247488639,High,2853.787270692805,580.6341718994411,4.9149488762556794
1454,1454,15444.0,1.0,31.0,40.0,1075.36,0.22522269547272916,1306.963878622044,8212.456887345734,0,Inactive Customers,0.4969240074845169,High,4131.489899592069,1642.4913774691468,2.515379962577415
1455,1455,15449.0,2.0,235.0,261.0,314.3,0.12216932631432517,346.3324750024372,1186.1774067975819,0,Inactive Customers,0.2500088811318718,Medium,889.6225205002132,237.23548135951637,3.7499555943406406
1456,1456,15452.0,2.0,235.0,264.0,145.74,0.12111555085423605,161.6693916425303,548.947869582579,0,Inactive Customers,0.3223685513393109,Medium,371.984340104442,109.78957391651579,3.3881572433034455
1457,1457,15453.0,6.0,186.0,187.0,198.54666666666665,0.3273568105404048,205.11944847311653,1883.541628302462,0,Inactive Customers,0.1578764569918092,High,1586.1747494294862,376.7083256604924,4.2106177150409545
1458,1458,15456.0,1.0,76.0,359.0,204.0,0.0429160460914115,251.53111858304823,302.44038537701783,1,Inactive Customers,0.5666793689871957,Medium,131.05365863532506,60.48807707540357,2.1666031550640215
1459,1459,15462.0,2.0,93.0,187.0,64.8,0.15230624431441464,72.99693099260817,311.49392341904843,0,Inactive Customers,0.5789770761498492,Low,131.14608239944275,62.298784683809686,2.105114619250754
1460,1460,15465.0,17.0,350.0,369.0,401.11,0.4843650900036584,405.4853831460867,5516.384339236292,2,High-Value Active Customers,0.0555573735125372,High,5209.908514062631,1103.2768678472585,4.722213132437314
1461,1461,15467.0,2.0,143.0,152.0,105.755,0.1769172931693192,117.86449494019352,584.0065390636931,0,Inactive Customers,0.4211655246427617,Medium,338.0431186441293,116.80130781273863,2.8941723767861918
1462,1462,15469.0,1.0,70.0,120.0,111.15,0.1352794007985195,139.06677345632593,525.7903837127024,0,Inactive Customers,0.6310202138152061,Medium,194.00602336033364,105.15807674254047,1.8448989309239694
1463,1463,15473.0,3.0,46.0,60.0,374.0,0.3632360105277821,398.38081365934147,4049.8228581398107,0,Inactive Customers,0.688790136142458,High,1260.3448203288522,809.9645716279622,1.55604931928771
1464,1464,15478.0,1.0,16.0,56.0,614.59,0.19167401228598557,748.8572948413241,4006.3278453610737,0,Inactive Customers,0.6655657709742179,High,1339.8531641878535,801.2655690722148,1.6721711451289103
1465,1465,15482.0,7.0,343.0,358.0,1260.9885714285715,0.22954846193666473,1293.7455039819508,8338.7371956269,2,High-Value Active Customers,0.0160570471816433,High,8204.841699041395,1667.74743912538,4.9197147640917835
1466,1466,15483.0,1.0,105.0,266.0,118.96000000000001,0.07164669899132746,148.52661767215469,297.9384843387912,1,Inactive Customers,0.3632032268878796,Low,189.72626541285828,59.58769686775825,3.183983865560602
1467,1467,15484.0,3.0,77.0,78.0,632.4366666666666,0.3251914480356799,672.7690407322671,6124.892456914396,0,Inactive Customers,0.3081598386697713,High,4237.446585521957,1224.9784913828792,3.4592008066511437
1468,1468,15485.0,2.0,343.0,373.0,812.4549999999999,0.09275729660668343,892.0778374321621,2321.2690728499965,0,Inactive Customers,0.0950318407563845,High,2100.6745999661953,464.25381456999935,4.5248407962180766
1469,1469,15489.0,2.0,189.0,211.0,393.01,0.1423402392323825,432.56189652152995,1725.4392379122598,0,Inactive Customers,0.3808494003844066,High,1068.3067387536482,345.087847582452,3.0957529980779666
1470,1470,15491.0,4.0,140.0,235.0,498.71000000000004,0.20372526010926192,522.4031389341957,2985.4742467684646,0,Inactive Customers,0.2811087773224902,High,2146.2312315315994,597.0948493536929,3.5944561133875497
1471,1471,15492.0,1.0,46.0,74.0,171.72,0.17579892877752462,212.43204415450114,1042.8125309224624,0,Inactive Customers,0.631573801801436,Medium,384.19945620158535,208.5625061844925,1.8421309909928203
1472,1472,15493.0,3.0,238.0,270.0,481.03000000000003,0.15245943903670908,512.0170570082545,2189.670039039024,0,Inactive Customers,0.1366300278472487,High,1890.4953606288357,437.9340078078048,4.316849860763756
1473,1473,15494.0,1.0,100.0,121.0,171.85,0.13886896843972454,212.58950635015515,825.1101666440225,0,Inactive Customers,0.4410235509102292,High,461.21715105854474,165.0220333288045,2.794882245448854
1474,1474,15497.0,1.0,302.0,319.0,291.6,0.07258236756908348,357.6364135006667,727.080914927443,0,Inactive Customers,0.3019452697153681,Medium,507.54227196477956,145.4161829854886,3.490273651423159
1475,1475,15498.0,16.0,364.0,366.0,765.7425000000001,0.46150962097328946,774.4127685919638,10038.078141856462,2,High-Value Active Customers,0.0029781032477568,High,10008.183708740962,2007.6156283712926,4.9851094837612155
1476,1476,15500.0,3.0,73.0,81.0,219.24666666666667,0.3193715108262224,234.07559600333747,2092.9934661608627,0,Inactive Customers,0.4851975077473768,Medium,1077.4782526480685,418.59869323217254,2.574012461263116
1477,1477,15502.0,6.0,354.0,369.0,869.755,0.19802689421840808,896.4222263418883,4984.252167871589,0,Inactive Customers,0.0151270540744828,High,4908.855115807338,996.8504335743179,4.924364729627586
1478,1478,15505.0,4.0,103.0,155.0,666.7,0.2711886447719579,698.0516332429451,5306.901727429001,0,Inactive Customers,0.3212175567314145,High,3602.231720730534,1061.3803454858003,3.393912216342927
1479,1479,15506.0,2.0,116.0,138.0,384.95500000000004,0.1874262136207246,423.7373762529962,2223.911044670863,0,Inactive Customers,0.3952411617146276,Medium,1344.9298598251598,444.78220893417256,3.023794191426862
1480,1480,15508.0,3.0,46.0,235.0,229.61666666666667,0.14894101261030254,245.08566648384038,1023.6999189613247,1,Inactive Customers,0.5716471699182699,Medium,438.5047574415212,204.73998379226495,2.14176415040865
1481,1481,15511.0,4.0,74.0,85.0,176.5825,0.3800517254591096,185.5901717906652,1975.6155048854969,0,Inactive Customers,0.4527139769064148,Medium,1081.2267528308091,395.1231009770994,2.7364301154679262
1482,1482,15512.0,1.0,204.0,359.0,19.8,0.06099624460842245,28.419299817918983,48.567397099758935,1,Inactive Customers,0.4372367489227332,Low,27.331946288220962,9.713479419951788,2.813816255386334
1483,1483,15513.0,13.0,340.0,373.0,1045.4984615384615,0.3767984365500133,1060.0009466338468,11217.670115240842,2,High-Value Active Customers,0.0083178476885704,High,11124.363243801641,2243.5340230481684,4.958410761557149
1484,1484,15514.0,7.0,352.0,364.0,259.06142857142856,0.22654340967139394,266.2174995702359,1693.4580582896856,0,Inactive Customers,0.0479459669840295,High,1612.2635741380896,338.69161165793713,4.760270165079852
1485,1485,15516.0,1.0,2.0,46.0,8.67,0.20171099850211302,14.938113374618824,84.08052817035339,0,Inactive Customers,0.7298787182675328,Low,22.711940038118673,16.816105634070677,1.3506064086623362
1486,1486,15518.0,6.0,268.0,332.0,258.9483333333333,0.21481535150661304,267.32940308915016,1612.1802380286763,0,Inactive Customers,0.0791188856928174,High,1484.6263340598662,322.43604760573527,4.604405571535913
1487,1487,15521.0,5.0,214.0,254.0,445.72200000000004,0.2288537987701752,462.5901750460208,2970.59325383619,0,Inactive Customers,0.1356545198383366,High,2567.61885235204,594.118650767238,4.321727400808317
1488,1488,15522.0,1.0,55.0,87.0,138.94,0.1626520506657931,172.7273458965156,784.7141681583898,0,Inactive Customers,0.5959607440590857,Medium,317.0553286290093,156.94283363167798,2.020196279704571
1489,1489,15525.0,2.0,371.0,373.0,255.995,0.09287245004611411,282.4574092970541,735.8927539401743,0,Inactive Customers,0.1229068108792502,Medium,645.4465224042387,147.17855078803487,4.385465945603749
1490,1490,15527.0,7.0,336.0,354.0,315.48285714285714,0.23159001996749026,324.0805870405833,2107.383364273762,0,Inactive Customers,0.0453074772632718,High,2011.9031404119312,421.4766728547524,4.773462613683641
1491,1491,15529.0,10.0,344.0,366.0,369.957,0.3041129052986426,376.89654773862435,3218.869318329609,0,Inactive Customers,0.0067308306819382,High,3197.2036539606465,643.7738636659219,4.9663458465903085
1492,1492,15530.0,3.0,225.0,246.0,316.4066666666667,0.16336731432232227,337.2326305149733,1545.140927280511,0,Inactive Customers,0.1663518529900616,High,1288.103870896616,309.0281854561022,4.168240735049691
1493,1493,15531.0,1.0,22.0,30.0,485.13,0.24379120333278823,592.0491729231176,4025.72347669609,0,Inactive Customers,0.4816699986291902,High,2086.653255194386,805.1446953392181,2.5916500068540493
1494,1494,15532.0,3.0,333.0,358.0,395.56,0.12270947493131898,421.2715677152376,1450.6985875039304,0,Inactive Customers,0.0365490614526529,High,1397.6769156799726,290.1397175007861,4.817254692736736
1495,1495,15533.0,2.0,70.0,89.0,161.005,0.23813387082190873,178.3927065896647,1188.7062145779455,0,Inactive Customers,0.5458455461972921,Medium,539.8562216135314,237.7412429155891,2.2707722690135395
1496,1496,15535.0,2.0,154.0,327.0,121.93,0.10023947295137096,135.58474513802517,381.1732932949631,1,Inactive Customers,0.4267226286026525,Medium,218.51802362700667,76.23465865899263,2.866386856986738
1497,1497,15544.0,8.0,363.0,372.0,399.02125,0.24852634725446357,408.38208919092034,2850.1061817729064,0,Inactive Customers,0.0178331096139316,High,2799.279925822006,570.0212363545813,4.9108344519303415
1498,1498,15545.0,1.0,317.0,371.0,157.39,0.06367297820597739,195.07486520279483,348.0307016921249,0,Inactive Customers,0.2254787340679431,Low,269.5571796578066,69.60614033842499,3.8726063296602833
1499,1499,15547.0,11.0,355.0,362.0,358.7245454545454,0.333339115037761,364.84210196937056,3415.419206089562,2,High-Value Active Customers,0.0048725558271564,High,3398.7773853347485,683.0838412179124,4.9756372208642174
1500,1500,15549.0,2.0,239.0,316.0,351.65500000000003,0.10528375960067253,387.2561192769349,1143.419815674648,0,Inactive Customers,0.2439445359856777,High,864.4887993030668,228.6839631349296,3.7802773200716113
1501,1501,15550.0,3.0,297.0,301.0,145.91,0.1406034412662199,156.21234925259984,616.2092033646107,0,Inactive Customers,0.1164176361815,Medium,544.4715845156176,123.24184067292215,4.4179118190925
1502,1502,15555.0,15.0,357.0,369.0,299.776,0.4323871243306772,303.5495596848554,3686.362991493913,2,High-Value Active Customers,0.0018014919093703,High,3679.7220383897347,737.2725982987827,4.990992540453148
1503,1503,15561.0,2.0,204.0,215.0,267.41999999999996,0.1406018583639341,294.97387659289495,1162.2870221254225,0,Inactive Customers,0.277458799685148,Medium,839.8002600768776,232.45740442508452,3.612706001574259
1504,1504,15563.0,2.0,336.0,358.0,565.125,0.09588418619575038,621.1196005586111,1670.5727243632548,0,Inactive Customers,0.0631029003233314,High,1565.154740254884,334.114544872651,4.684485498383342
1505,1505,15565.0,1.0,20.0,70.0,84.36000000000001,0.1725660217525413,106.61744867501316,513.7055336503114,0,Inactive Customers,0.7156983820564895,Low,146.047314363318,102.74110673006228,1.4215080897175525
1506,1506,15568.0,2.0,71.0,73.0,248.04,0.261807346105803,273.7424423527728,2004.8117497053724,0,Inactive Customers,0.5668940375516498,Medium,868.2959223839063,400.96234994107454,2.1655298122417506
1507,1507,15569.0,3.0,229.0,332.0,362.40333333333336,0.1294725489281117,386.0683626141246,1402.578327504141,0,Inactive Customers,0.140141844313612,High,1206.0184138934094,280.5156655008282,4.299290778431939
1508,1508,15570.0,11.0,362.0,369.0,324.10181818181815,0.32827668843654073,329.66158761265626,3039.2838593669117,0,Inactive Customers,0.0252223008478334,High,2962.626127503995,607.8567718733824,4.873888495760832
1509,1509,15571.0,3.0,67.0,78.0,149.36,0.3249140551711917,159.8752945908578,1454.2638544984186,0,Inactive Customers,0.5323793879643262,Medium,680.0437537019086,290.8527708996837,2.338103060178369
1510,1510,15572.0,4.0,274.0,278.0,522.575,0.18185721832479199,547.3561201633064,2793.030150021778,0,Inactive Customers,0.1206465882025771,High,2456.060591674718,558.6060300043556,4.396767058987114
1511,1511,15573.0,1.0,54.0,85.0,196.75,0.1646284013956691,242.74957305619054,1116.1849044183298,0,Inactive Customers,0.5759323994506448,Medium,473.3378541860925,223.23698088366598,2.120338002746776
1512,1512,15574.0,2.0,195.0,372.0,163.3,0.09102045190254893,180.90695538125814,461.9200917632984,1,Inactive Customers,0.2372473468791299,Medium,352.3307755222916,92.38401835265968,3.8137632656043503
1513,1513,15577.0,1.0,154.0,305.0,229.23,0.06792876167260799,282.09089701651294,536.6700597274552,1,Inactive Customers,0.4856442401298813,Low,276.0393363706572,107.33401194549104,2.5717787993505934
1514,1514,15579.0,1.0,245.0,313.0,149.0,0.07204954671930366,184.91249734481747,373.1541316009635,0,Inactive Customers,0.3362067981061369,Low,247.6971758153275,74.63082632019271,3.3189660094693147
1515,1515,15581.0,8.0,210.0,366.0,56.16125,0.24190447396594209,57.88094478426771,393.1809920015275,0,Inactive Customers,0.1914704156238607,Medium,317.89846404759317,78.6361984003055,4.042647921880696
1516,1516,15582.0,2.0,196.0,220.0,189.65000000000003,0.13821793293017262,209.77425632177517,812.594343730875,0,Inactive Customers,0.36486688457175,Medium,516.1055771131649,162.51886874617503,3.17566557714125
1517,1517,15584.0,3.0,139.0,162.0,184.60333333333332,0.21730623964710133,197.2939622830331,1201.5981574500004,0,Inactive Customers,0.3039194635052679,Medium,836.4090900888779,240.3196314900001,3.4804026824736605
1518,1518,15587.0,3.0,301.0,351.0,189.60000000000002,0.12451040442598058,202.59903963766953,707.891174206692,0,Inactive Customers,0.1155258188214951,Medium,626.1114666699542,141.5782348413384,4.4223709058925245
1519,1519,15589.0,1.0,55.0,310.0,271.63,0.04724394619001579,333.44779775289453,441.2198453367635,1,Inactive Customers,0.6407986228557268,Medium,158.4867760683487,88.24396906735271,1.796006885721366
1520,1520,15594.0,4.0,219.0,234.0,375.96750000000003,0.20632603381334388,394.06493241778594,2280.770645411709,0,Inactive Customers,0.1391428031240201,High,1963.4178245261437,456.15412908234185,4.3042859843798995
1521,1521,15596.0,4.0,265.0,365.0,251.0675,0.14647996216353584,263.47086765700965,1083.3336282605865,0,Inactive Customers,0.1786131054322419,High,889.8360446977852,216.6667256521173,4.10693447283879
1522,1522,15599.0,1.0,178.0,204.0,312.90999999999997,0.10009669470325706,383.44810111133387,1073.9534601507214,0,Inactive Customers,0.400245380019164,Medium,644.1085493697998,214.7906920301443,2.9987730999041795
1523,1523,15601.0,13.0,361.0,372.0,462.16769230769233,0.3778659201742883,468.7379287905692,4974.549547176541,2,High-Value Active Customers,0.0100881711376077,High,4924.365440012115,994.9099094353082,4.949559144311961
1524,1524,15602.0,8.0,360.0,368.0,150.665,0.2506925591295966,154.49085123506453,1087.5774749945306,0,Inactive Customers,0.0928256172321182,High,986.6224245904147,217.51549499890612,4.535871913839409
1525,1525,15605.0,4.0,337.0,373.0,245.85750000000002,0.14456573810757437,258.0233490228732,1047.1029721764096,0,Inactive Customers,0.0954357957254353,High,947.1718668202857,209.42059443528194,4.522821021372823
1526,1526,15606.0,8.0,263.0,324.0,326.82,0.27649952797844496,334.57172708221464,2597.3384403176933,0,Inactive Customers,0.1588254117045736,High,2184.815093198121,519.4676880635387,4.205872941477132
1527,1527,15608.0,2.0,92.0,120.0,404.0,0.20312212488756162,444.6018068568727,2528.21676561036,0,Inactive Customers,0.4296852880875892,Medium,1441.8792163311996,505.6433531220721,2.8515735595620537
1528,1528,15611.0,10.0,325.0,334.0,147.22,0.32705954692738876,150.20595016710914,1379.4658108057927,0,Inactive Customers,0.0864414888309168,High,1260.222732328392,275.89316216115856,4.567792555845416
1529,1529,15612.0,1.0,25.0,61.0,110.5,0.187500501115036,138.2794624780559,723.7661775595367,0,Inactive Customers,0.7200667002554938,Low,202.60625432770928,144.75323551190735,1.399666498722531
1530,1530,15615.0,16.0,349.0,359.0,582.409375,0.46860713955572353,589.0592320157616,7752.742643932669,2,High-Value Active Customers,0.0053680319753378,High,7711.125673523474,1550.548528786534,4.97315984012331
1531,1531,15618.0,2.0,104.0,136.0,277.01,0.18880752505997214,305.4800403887036,1615.0328991518006,0,Inactive Customers,0.4512667036223202,Medium,886.2223265099685,323.0065798303601,2.743666481888399
1532,1532,15620.0,2.0,302.0,358.0,549.37,0.09569101000020816,603.8594743226397,1620.877480436847,0,Inactive Customers,0.1577100387261579,High,1365.2488302267948,324.1754960873694,4.2114498063692105
1533,1533,15621.0,2.0,17.0,21.0,364.875,0.3822320199834538,401.73906874310694,4290.203660817939,0,Inactive Customers,0.7024551565026913,High,1276.5279768296543,858.0407321635878,1.4877242174865433
1534,1534,15622.0,4.0,239.0,282.0,747.7025,0.17962398703940605,782.7469553469064,3945.211415303499,0,Inactive Customers,0.0994432619874733,High,3552.886722935503,789.0422830606999,4.502783690062633
1535,1535,15624.0,3.0,140.0,256.0,134.74333333333334,0.15661034510224198,144.35643922055718,634.1011049072714,0,Inactive Customers,0.4210531027571751,Medium,367.1108672243118,126.82022098145428,2.894734486214124
1536,1536,15625.0,3.0,132.0,235.0,279.6433333333334,0.16699371391531054,298.20014342739165,1396.5240696989308,0,Inactive Customers,0.3498205824444044,High,907.9912062392208,279.3048139397862,3.2508970877779775
1537,1537,15626.0,1.0,255.0,329.0,393.92,0.06918797476360737,481.57127395695346,933.3233845142461,0,Inactive Customers,0.2897205091126972,Medium,662.920458385993,186.66467690284924,3.5513974544365134
1538,1538,15628.0,8.0,362.0,366.0,318.8825,0.25180594335597717,326.4573281038334,2308.369887523962,0,Inactive Customers,0.0233809811238667,High,2254.397934756862,461.67397750479245,4.883095094380666
1539,1539,15630.0,1.0,159.0,204.0,789.49,0.09892441717700826,960.704510378898,2659.208946485674,0,Inactive Customers,0.4181509632680389,High,1547.2581639817024,531.8417892971348,2.909245183659805
1540,1540,15632.0,7.0,259.0,274.0,412.9542857142857,0.2822273761361942,424.0425685091692,3359.1530413684523,0,Inactive Customers,0.0847482783403701,High,3074.4706044306577,671.8306082736905,4.576258608298149
1541,1541,15636.0,1.0,193.0,282.0,418.06,0.07662363434954544,510.8107924422424,1095.9937883549894,0,Inactive Customers,0.4327399773468173,Medium,621.7134612099989,219.1987576709979,2.836300113265913
1542,1542,15640.0,14.0,368.0,372.0,831.2242857142857,0.40378508321683215,841.9748183839342,9548.667092189115,2,High-Value Active Customers,0.0037259178681052,High,9513.089542853739,1909.733418437823,4.981370410659474
1543,1543,15641.0,3.0,254.0,359.0,526.2766666666666,0.12178570491275573,560.056496642567,1914.1104453705084,0,Inactive Customers,0.1180843641140982,High,1688.0839305847787,382.8220890741017,4.409578179429509
1544,1544,15643.0,1.0,91.0,282.0,293.0,0.06434282882346903,359.3321602230944,647.4131554084154,1,Inactive Customers,0.5887242373015161,Medium,266.2653392716281,129.48263108168308,2.0563788134924192
1545,1545,15644.0,2.0,95.0,261.0,287.19,0.11728121709590963,316.63256879760166,1041.0660901564054,1,Inactive Customers,0.3638666162771583,Medium,662.2568946103032,208.2132180312811,3.1806669186142087
1546,1546,15646.0,2.0,215.0,372.0,128.92000000000002,0.09155205332776231,143.2425225032705,367.8854826742066,1,Inactive Customers,0.3398883152428251,Medium,242.845505765777,73.57709653484133,3.300558423785874
1547,1547,15648.0,1.0,63.0,267.0,340.5,0.061466382396770505,416.86642401974825,717.4051619982747,1,Inactive Customers,0.6375951918259906,Medium,259.9910801170289,143.48103239965494,1.8120240408700472
1548,1548,15649.0,1.0,31.0,367.0,306.0,0.027650370315507516,375.0783797884944,290.5850641560796,1,Inactive Customers,0.8702612563330266,Medium,37.70014115199662,58.11701283121593,0.6486937183348667
1549,1549,15651.0,1.0,224.0,260.0,418.98,0.08396725711393806,511.9251402884092,1203.4261745708143,0,Inactive Customers,0.3625010390735409,Medium,767.1829358405977,240.68523491416286,3.1874948046322955
1550,1550,15654.0,1.0,17.0,26.0,312.51,0.2516523024929295,382.9636020477831,2687.6441571653936,0,Inactive Customers,0.6948691043250638,Medium,820.0832689313856,537.5288314330787,1.5256544783746813
1551,1551,15656.0,3.0,239.0,284.0,168.51666666666668,0.1466806390102099,180.21437368164865,741.5459437634913,0,Inactive Customers,0.2189950224404278,Medium,579.1510731683974,148.30918875269828,3.905024887797861
1552,1552,15658.0,4.0,182.0,372.0,179.47500000000002,0.1405625736538831,188.61453794215078,744.2317447756276,1,Inactive Customers,0.3171529471531883,Medium,508.1964535550778,148.84634895512553,3.414235264234058
1553,1553,15660.0,5.0,340.0,365.0,278.312,0.1734348661390042,289.1296998993632,1407.807540149753,0,Inactive Customers,0.0599276265901194,High,1323.440975572904,281.56150802995063,4.700361867049403
1554,1554,15661.0,1.0,21.0,338.0,193.8,0.028617127604560467,239.17639246250363,191.73986358758088,1,Inactive Customers,0.7074015180666169,Low,56.10279301184013,38.34797271751618,1.4629924096669156
1555,1555,15665.0,1.0,75.0,243.0,740.84,0.07264046513232895,901.7773117745357,1833.6336602904835,1,Inactive Customers,0.4548341139633839,High,999.634519078825,366.72673205809673,2.7258294301830803
1556,1556,15669.0,3.0,223.0,263.0,161.84666666666666,0.15538608613368163,173.13267936101656,754.5923012235631,0,Inactive Customers,0.2423456250835547,Medium,571.7201583003007,150.91846024471263,3.788271874582226
1557,1557,15671.0,6.0,252.0,270.0,371.53000000000003,0.25215310137537156,383.28150773191555,2712.432272228326,0,Inactive Customers,0.1843625981178355,High,2212.3612113016475,542.4864544456652,4.078187009410822
1558,1558,15673.0,3.0,239.0,327.0,625.7233333333334,0.13123252649094932,665.6413384025556,2451.074336637785,0,Inactive Customers,0.1101973875075272,High,2180.972348153556,490.21486732755704,4.449013062462364
1559,1559,15674.0,3.0,181.0,254.0,585.59,0.15892309825857198,623.030843839632,2777.108557549331,0,Inactive Customers,0.2614915414742302,High,2050.9181599944804,555.4217115098662,3.6925422926288487
1560,1560,15675.0,2.0,199.0,280.0,130.87,0.11530923222529087,145.37881232619299,470.0191278853105,0,Inactive Customers,0.3645715354700603,Low,298.6635327318642,94.00382557706212,3.177142322649698
1561,1561,15676.0,2.0,265.0,283.0,1233.18,0.11506882961560817,1352.9960608932258,4365.289425659319,0,Inactive Customers,0.1390815668641052,High,3758.158132523311,873.0578851318638,4.304592165679474
1562,1562,15679.0,3.0,158.0,182.0,201.01999999999998,0.20144931053527138,214.72391956894657,1212.5581960126935,0,Inactive Customers,0.3268820437157658,Medium,816.1946947757622,242.51163920253873,3.365589781421171
1563,1563,15680.0,2.0,357.0,366.0,427.39500000000004,0.09426551037077568,470.23180706573027,1243.4404054041233,0,Inactive Customers,0.1519377590148118,High,1054.5148567385518,248.68808108082467,4.240311204925941
1564,1564,15681.0,3.0,255.0,280.0,360.16,0.14841814032614506,383.6865633748516,1597.4576866883056,0,Inactive Customers,0.1477420498931163,High,1361.4460134394596,319.49153733766116,4.261289750534417
1565,1565,15687.0,7.0,322.0,330.0,377.0857142857143,0.24481864685773738,387.257496975925,2661.796724734293,0,Inactive Customers,0.076241677607108,High,2458.856876991445,532.3593449468586,4.618791611964459
1566,1566,15689.0,1.0,242.0,361.0,150.6,0.06276571887267536,186.85049359902052,328.58720784198465,0,Inactive Customers,0.385588327592121,Low,201.8878159020291,65.71744156839694,3.0720583620393946
1567,1567,15690.0,1.0,96.0,100.0,128.76,0.15582389397547952,160.3968447291485,698.283971264878,0,Inactive Customers,0.5630930863873663,Low,305.0850947105108,139.6567942529756,2.1845345680631683
1568,1568,15694.0,12.0,372.0,372.0,501.6466666666667,0.35206403530272196,509.35473742955116,5036.389456761119,2,High-Value Active Customers,0.0396139761405741,High,4836.878044986345,1007.2778913522238,4.801930119297129
1569,1569,15696.0,7.0,293.0,326.0,311.86571428571426,0.24697605930349456,320.3710203239123,2221.4247092442192,0,Inactive Customers,0.0937150774841086,High,2013.243720492284,444.28494184884386,4.531424612579457
1570,1570,15700.0,1.0,1.0,173.0,3.9,0.06856301378169766,9.1604620417759,17.567275266401598,1,Inactive Customers,0.6668803422707898,Medium,5.85200472397852,3.5134550532803197,1.6655982886460508
1571,1571,15701.0,3.0,108.0,110.0,228.38,0.27363115189716664,243.7726686862619,1868.3484469444488,0,Inactive Customers,0.2880817319321396,High,1330.1113904959689,373.66968938888976,3.5595913403393022
1572,1572,15704.0,2.0,75.0,215.0,677.385,0.1354305337051474,744.1041623643962,2824.1586873133983,0,Inactive Customers,0.449039377206042,High,1556.0002292311572,564.8317374626797,2.7548031139697904
1573,1573,15706.0,3.0,53.0,116.0,203.50333333333333,0.2628826590541854,217.360532396968,1600.608539766922,0,Inactive Customers,0.5649264377403096,Medium,696.3824591796761,320.12170795338443,2.1753678112984516
1574,1574,15707.0,3.0,51.0,86.0,259.59999999999997,0.30920681323652316,276.9196696892803,2397.476476529119,0,Inactive Customers,0.449140187977479,Medium,1320.6734411892464,479.4952953058238,2.754299060112605
1575,1575,15708.0,6.0,329.0,369.0,502.26,0.1978784212682382,517.9252653592561,2877.5888904029357,0,Inactive Customers,0.0465256027528607,High,2743.7073328020037,575.5177780805872,4.7673719862356965
1576,1576,15712.0,4.0,278.0,287.0,193.14000000000001,0.17751214915189595,202.9025114806296,1010.6753633178369,0,Inactive Customers,0.1473935651820359,Medium,861.7083182767714,202.13507266356737,4.26303217408982
1577,1577,15713.0,1.0,223.0,366.0,185.55,0.060933229182932314,229.18359927676903,391.277901653229,0,Inactive Customers,0.3958167648023199,Low,236.4035484822076,78.2555803306458,3.020916175988401
1578,1578,15714.0,1.0,66.0,77.0,198.4,0.17597097357315725,244.74813169333748,1202.705279056017,0,Inactive Customers,0.6185599690813435,Low,458.7599388291585,240.5410558112034,1.9072001545932824
1579,1579,15716.0,3.0,224.0,369.0,190.57000000000002,0.11844631066687666,203.6289112255276,676.8905461853419,0,Inactive Customers,0.1609974183596614,High,567.9129157374407,135.3781092370684,4.195012908201693
1580,1580,15719.0,12.0,305.0,337.0,384.3808333333333,0.38044938946412166,390.3594563401994,4170.488276131264,2,High-Value Active Customers,0.0045549490337502,High,4151.491914587633,834.0976552262528,4.977225254831248
1581,1581,15722.0,3.0,255.0,290.0,555.8366666666667,0.14446543731958922,591.4410369900759,2396.9890183692487,0,Inactive Customers,0.1554259768362695,High,2024.4346587233977,479.39780367384975,4.222870115818653
1582,1582,15724.0,1.0,83.0,284.0,114.60000000000001,0.061975116406415946,143.2455778794513,248.59421138793192,1,Inactive Customers,0.624472439847996,Low,93.35397767042159,49.71884227758639,1.8776378007600194
1583,1583,15727.0,6.0,343.0,359.0,607.0183333333333,0.20241257210833224,625.819823936304,3556.5927680839627,0,Inactive Customers,0.0226203648804071,High,3476.1413419388864,711.3185536167925,4.886898175597964
1584,1584,15730.0,2.0,141.0,206.0,326.725,0.14395044352736971,359.94447554080244,1451.9545732829756,0,Inactive Customers,0.4356408767475053,High,819.4238099804302,290.39091465659516,2.8217956162624733
1585,1585,15732.0,1.0,160.0,372.0,156.02,0.054927566241916644,193.41545591013346,297.67700189957174,1,Inactive Customers,0.4899802363122187,Low,151.8211541641068,59.53540037991435,2.550098818438906
1586,1586,15734.0,1.0,86.0,200.0,760.8000000000001,0.09179155454782681,925.9538150457191,2378.1076535249426,0,Inactive Customers,0.6072245172537463,High,934.0623816358201,475.6215307049886,1.9638774137312685
1587,1587,15737.0,6.0,228.0,242.0,116.21499999999999,0.2733258320904259,120.32295974274356,922.8648656685239,0,Inactive Customers,0.2151643190245797,High,724.2972752952458,184.57297313370478,3.9241784048771016
1588,1588,15738.0,14.0,354.0,372.0,317.77642857142854,0.40366677606803875,322.04999744914744,3651.234147927109,2,High-Value Active Customers,0.0231311967963544,High,3566.7767323018375,730.2468295854219,4.884344016018227
1589,1589,15743.0,3.0,168.0,184.0,153.97,0.20009573579368026,164.7698389413996,924.2293900242315,0,Inactive Customers,0.314308298871147,Medium,633.7364226789975,184.84587800484633,3.428458505644265
1590,1590,15745.0,3.0,217.0,236.0,263.91333333333336,0.16836165930237898,281.4992361315082,1329.1191866443967,0,Inactive Customers,0.1716381913065666,Medium,1100.9915734178976,265.82383732887934,4.141809043467167
1591,1591,15747.0,2.0,160.0,172.0,365.695,0.16347916914794697,402.6374060019769,1843.9009251364807,0,Inactive Customers,0.3644687642133319,Medium,1171.8566336201682,368.78018502729617,3.1776561789333404
1592,1592,15750.0,6.0,364.0,366.0,354.16,0.19937762721712948,365.3914896030476,2045.4711636275617,0,Inactive Customers,0.0210115768155025,High,2002.492589149106,409.09423272551237,4.894942115922487
1593,1593,15752.0,6.0,333.0,372.0,392.9633333333333,0.196607943370775,405.3565061139191,2237.7217219869103,0,Inactive Customers,0.0243917878378948,High,2183.139688503957,447.5443443973821,4.878041060810526
1594,1594,15754.0,2.0,195.0,246.0,183.385,0.12729313069287715,202.91074055736,724.0304768042944,0,Inactive Customers,0.4170297945882376,Medium,422.0881957869758,144.80609536085888,2.914851027058812
1595,1595,15755.0,5.0,284.0,294.0,409.91399999999993,0.2054173364249644,425.48801451766803,2453.0468218137435,0,Inactive Customers,0.0598199812004928,High,2306.3056070489165,490.6093643627487,4.700900093997536
1596,1596,15756.0,3.0,188.0,249.0,136.45666666666668,0.1614601701070311,146.17552511801088,661.9453004394978,0,Inactive Customers,0.2419396002216778,Medium,501.7945190825473,132.38906008789957,3.790301998891611
1597,1597,15757.0,1.0,152.0,217.0,453.06,0.09347039095179317,553.2044605029347,1447.0399858205265,0,Inactive Customers,0.4590829823336532,Medium,782.7285535739919,289.4079971641053,2.7045850883317337
1598,1598,15759.0,2.0,140.0,358.0,77.9,0.09156021701988316,87.34841646967736,224.33912149126238,1,Inactive Customers,0.5208518916106071,Low,107.49166570027657,44.86782429825248,2.395740541946964
1599,1599,15762.0,1.0,12.0,77.0,268.44,0.15918365145539726,329.5839177210771,1465.0865101921959,0,Inactive Customers,0.6938180994947127,Medium,448.5829720953055,293.0173020384392,1.5309095025264363
1600,1600,15763.0,1.0,46.0,77.0,484.53,0.17209241300188624,591.3224243277914,2841.7434525417907,0,Inactive Customers,0.6287792273158905,Medium,1054.9142002225726,568.3486905083581,1.8561038634205476
1601,1601,15764.0,3.0,188.0,276.0,719.68,0.14921243756041844,765.3973193199247,3203.6682054963208,0,Inactive Customers,0.146666672077976,High,2733.796851354154,640.7336410992642,4.266666639610119
1602,1602,15768.0,2.0,110.0,225.0,133.74,0.1336082520702291,148.52299273223792,556.1631596175843,0,Inactive Customers,0.5168292267521265,Medium,268.7217838844087,111.23263192351686,2.4158538662393676
1603,1603,15769.0,13.0,364.0,371.0,540.84,0.37871115252772675,548.4800382770769,5833.826060754165,2,High-Value Active Customers,0.0317357030623037,High,5648.685489172943,1166.7652121508331,4.841321484688482
1604,1604,15777.0,2.0,120.0,361.0,340.78000000000003,0.08906283718547828,375.3421952644824,937.7206994222443,1,Inactive Customers,0.4589528590888734,Medium,507.3511033955872,187.54413988444887,2.705235704555633
1605,1605,15780.0,2.0,174.0,357.0,149.065,0.09363740873420258,165.31203967392378,434.2050615187658,1,Inactive Customers,0.4306185124288376,Medium,247.22832383848296,86.84101230375316,2.846907437855812
1606,1606,15781.0,2.0,280.0,305.0,131.055,0.10865350737687887,145.58148597605998,443.57599772782595,0,Inactive Customers,0.2677624572083434,Low,324.80299861758067,88.7151995455652,3.6611877139582822
1607,1607,15782.0,2.0,80.0,89.0,429.65,0.2384683869185088,472.7022345276227,3154.240010960519,0,Inactive Customers,0.5731470697511908,High,1346.3965913865336,630.8480021921039,2.1342646512440457
1608,1608,15785.0,3.0,263.0,295.0,440.16333333333336,0.14262341590755587,468.62796536859975,1875.0883301831373,0,Inactive Customers,0.1155720983877572,High,1658.3804372014765,375.0176660366275,4.422139508061214
1609,1609,15786.0,1.0,68.0,114.0,1738.06,0.13972638464397477,2109.657702159781,8237.648254427822,0,Inactive Customers,0.2602335195838328,High,6093.936056084453,1647.5296508855645,3.698832402080836
1610,1610,15787.0,1.0,35.0,61.0,456.0,0.19068984836329933,556.7655286200329,2963.7262093295476,0,Inactive Customers,0.5166033020512879,Medium,1432.6554632139569,592.7452418659095,2.4169834897435605
1611,1611,15791.0,1.0,161.0,204.0,389.45000000000005,0.09906160956385861,476.15699692177367,1319.8199354578753,0,Inactive Customers,0.4088706266024579,High,780.1843314447983,263.96398709157506,2.9556468669877107
1612,1612,15793.0,2.0,254.0,268.0,321.16,0.11988822195554369,353.8478330461544,1189.3466848434723,0,Inactive Customers,0.3425016043888813,Medium,781.9935371099858,237.86933696869448,3.287491978055593
1613,1613,15796.0,7.0,301.0,302.0,338.23428571428576,0.2622593160219304,347.41335146779574,2557.7397303315033,0,Inactive Customers,0.0874696046439625,High,2334.0152473372514,511.5479460663007,4.562651976780187
1614,1614,15799.0,2.0,259.0,334.0,281.96,0.10089031781884517,310.9029299391992,879.7589633249345,0,Inactive Customers,0.2135862216679944,Medium,691.8545703698101,175.9517926649869,3.932068891660028
1615,1615,15800.0,1.0,139.0,246.0,454.58,0.08241677629981219,555.0455569444276,1280.5345475985787,0,Inactive Customers,0.4310042042638676,Medium,728.6187738784616,256.10690951971577,2.8449789786806616
1616,1616,15801.0,2.0,63.0,109.0,463.365,0.21332863693444298,509.6381377993317,3043.177531082586,0,Inactive Customers,0.5745026184708568,Medium,1294.864071003963,608.6355062165172,2.1274869076457157
1617,1617,15804.0,12.0,198.0,198.0,283.0941666666667,0.563403784658087,287.5790041999471,4546.777840654802,0,Inactive Customers,0.0813701449472434,High,4176.805868717806,909.3555681309605,4.593149275263783
1618,1618,15805.0,12.0,341.0,364.0,425.56916666666666,0.3580640718695514,432.1552391635729,4345.767744550789,2,High-Value Active Customers,0.0142902419544959,High,4283.665672003114,869.1535489101578,4.92854879022752
1619,1619,15806.0,2.0,230.0,276.0,242.10999999999999,0.1170176408947938,267.2459302246033,876.8015581163073,0,Inactive Customers,0.302744218287468,Medium,611.354955811152,175.36031162326148,3.4862789085626598
1620,1620,15807.0,1.0,27.0,77.0,268.3,0.16627126778822737,329.4143430488344,1529.5317914379605,0,Inactive Customers,0.6561213644956042,Medium,525.97330540028,305.9063582875921,1.7193931775219788
1621,1621,15808.0,3.0,63.0,369.0,904.5066666666668,0.0862708739821984,961.6320952771495,2328.255400573316,1,Inactive Customers,0.3854503129494444,High,1430.8286277960972,465.6510801146632,3.0727484352527776
1622,1622,15809.0,4.0,266.0,302.0,79.2425,0.17058373111251812,83.81253957438054,401.2141757615878,0,Inactive Customers,0.2040226985888405,Medium,319.3573769106113,80.24283515231757,3.9798865070557974
1623,1623,15810.0,3.0,218.0,296.0,309.96999999999997,0.14177528234264677,330.39867162784657,1314.1468354000888,0,Inactive Customers,0.2101987692988682,High,1037.914787920988,262.8293670800178,3.949006153505659
1624,1624,15811.0,5.0,343.0,365.0,385.754,0.17344965720567823,400.45483203428455,1950.0293872264676,0,Inactive Customers,0.0750536363798247,High,1803.6725906676002,390.00587744529355,4.6247318181008765
1625,1625,15812.0,4.0,210.0,317.0,341.6325,0.16325592569206815,358.1646344709384,1641.0163518913641,0,Inactive Customers,0.2688739816799645,High,1199.7897513564033,328.20327037827286,3.6556300916001767
1626,1626,15813.0,1.0,32.0,239.0,533.26,0.05879657955889336,650.3465227448639,1070.3228150372815,1,Inactive Customers,0.6479998631193102,High,376.7537773996483,214.06456300745631,1.7600006844034488
1627,1627,15814.0,2.0,34.0,50.0,394.21500000000003,0.303518914693026,433.8820140787719,3682.104704582164,0,Inactive Customers,0.5715126296888096,High,1577.735362076874,736.4209409164328,2.142436851555952
1628,1628,15815.0,4.0,196.0,259.0,328.88,0.19105022208420588,344.8307608851754,1848.3385186462317,0,Inactive Customers,0.264612561784939,High,1359.244928181473,369.66770372924634,3.6769371910753046
1629,1629,15819.0,3.0,227.0,276.0,421.93666666666667,0.1498196480847839,449.2762889342089,1888.1558591235898,0,Inactive Customers,0.156501057517733,High,1592.6574704124444,377.63117182471797,4.217494712411335
1630,1630,15821.0,1.0,17.0,61.0,316.78,0.18425057451695062,388.13562955118755,1996.321714768869,0,Inactive Customers,0.6699881904548379,Medium,658.8097415251754,399.26434295377385,1.6500590477258101
1631,1631,15822.0,1.0,356.0,359.0,445.27,0.06643776368332349,543.7688412402835,1012.1798360541552,0,Inactive Customers,0.2037518287396837,Medium,805.9463434446878,202.43596721083105,3.9812408563015813
1632,1632,15826.0,1.0,154.0,210.0,934.3100000000001,0.09623944363708299,1136.1173963374542,3059.5977302331935,0,Inactive Customers,0.4108670637395148,High,1802.5097945881969,611.9195460466387,2.9456646813024254
1633,1633,15827.0,10.0,299.0,372.0,164.51600000000002,0.29919652684417947,167.80895539568334,1410.0244942973436,0,Inactive Customers,0.0989413897048213,High,1270.5147113137266,282.0048988594687,4.505293051475894
1634,1634,15829.0,1.0,41.0,140.0,310.7,0.11265725363347646,380.7712437852159,1199.2782148640879,0,Inactive Customers,0.5937385787010562,Medium,487.22047210354447,239.85564297281758,2.0313071064947192
1635,1635,15831.0,2.0,266.0,324.0,203.63,0.10346205189574888,225.08981105226576,653.1344227500207,0,Inactive Customers,0.2422395552506226,Medium,494.91943066418355,130.62688455000415,3.788802223746887
1636,1636,15834.0,2.0,207.0,277.0,476.19,0.11640935205855986,523.6883516347066,1709.2380105869318,0,Inactive Customers,0.1836982325053663,High,1395.2540091111239,341.8476021173864,4.0815088374731685
1637,1637,15835.0,3.0,286.0,330.0,217.66,0.1307334116517717,232.39099505550095,852.485348068122,0,Inactive Customers,0.172033038767271,Medium,705.8297031353882,170.4970696136244,4.139834806163645
1638,1638,15838.0,14.0,356.0,367.0,1200.5628571428572,0.40813177235214854,1215.972465745586,13938.325616562166,2,High-Value Active Customers,0.0048164643757127,High,13871.19216777291,2787.6651233124335,4.975917678121435
1639,1639,15839.0,2.0,115.0,148.0,374.655,0.17938060029492311,412.4533838549952,2072.0211081069333,0,Inactive Customers,0.474136663370745,Medium,1089.5999334753583,414.4042216213867,2.629316683146275
1640,1640,15840.0,1.0,114.0,172.0,113.82,0.10913047166183823,142.3008047055273,434.35507439894,0,Inactive Customers,0.5367421743077692,Low,201.21838734444012,86.871014879788,2.316289128461154
1641,1641,15841.0,3.0,266.0,338.0,297.4866666666667,0.1280824739509106,317.14482593530937,1139.8426680052105,0,Inactive Customers,0.152397741227115,High,966.133220046928,227.9685336010421,4.2380112938644245
1642,1642,15845.0,7.0,320.0,337.0,486.91571428571433,0.24077210785161043,499.8938313931368,3379.29872301269,0,Inactive Customers,0.0466061054319632,High,3221.802770441862,675.8597446025381,4.7669694728401835
1643,1643,15847.0,1.0,250.0,288.0,208.59,0.07780904391885822,257.0907453372933,560.1742199196832,0,Inactive Customers,0.3518964139497487,Low,363.0509207428488,112.03484398393664,3.2405179302512566
1644,1644,15850.0,1.0,149.0,168.0,119.97,0.1142249670036425,149.74997780762038,478.40596711217484,0,Inactive Customers,0.4368249798580951,Low,269.42629016440657,95.68119342243497,2.8158751007095244
1645,1645,15852.0,1.0,11.0,197.0,57.5,0.06394226378180351,74.08333655757899,132.53574425995703,1,Inactive Customers,0.7139969194018312,Low,37.90563114771878,26.507148851991406,1.430015402990844
1646,1646,15854.0,9.0,357.0,361.0,304.95000000000005,0.28108945280316566,311.3912245448334,2457.9606924844225,0,Inactive Customers,0.0418605922540133,High,2355.06900215994,491.5921384968845,4.790697038729934
1647,1647,15855.0,4.0,127.0,263.0,154.11,0.18504140437902805,162.09317322912364,841.5343432226359,0,Inactive Customers,0.4130116530844771,Medium,493.97085300089526,168.30686864452719,2.934941734577614
1648,1648,15856.0,20.0,361.0,365.0,698.0045,0.5675705831436995,704.3295718455207,11228.170882054563,2,High-Value Active Customers,0.0005815237473465,High,11221.641434047384,2245.6341764109125,4.9970923812632675
1649,1649,15858.0,4.0,352.0,367.0,263.73,0.14654927325479572,276.7106382337377,1138.319994680639,0,Inactive Customers,0.0701840555081905,High,1058.4280809878899,227.6639989361278,4.649079722459048
1650,1650,15860.0,7.0,328.0,368.0,110.55,0.2243880072342268,113.91136342028337,717.7269256607452,0,Inactive Customers,0.0476859852889862,Medium,683.5014100421777,143.54538513214905,4.7615700735550694
1651,1651,15861.0,4.0,255.0,267.0,569.47,0.18738348200160088,596.3890158154809,3135.517368526378,0,Inactive Customers,0.0158898251281459,High,3085.69454585423,627.1034737052756,4.920550874359271
1652,1652,15862.0,3.0,365.0,373.0,154.0,0.11881631665003872,164.80169063999315,549.5440355104479,0,Inactive Customers,0.0469769108892106,Medium,523.7281543245764,109.90880710208958,4.765115445553946
1653,1653,15863.0,1.0,167.0,192.0,59.64,0.10432405266133468,76.6754065475756,223.78944876311058,0,Inactive Customers,0.4843430486696308,Low,115.39858488908948,44.75788975262212,2.578284756651846
1654,1654,15864.0,3.0,250.0,316.0,310.23333333333335,0.13501563519306975,330.67825875994555,1252.6813778449714,0,Inactive Customers,0.1959972666397986,High,1007.1592518167802,250.53627556899428,4.020013666801007
1655,1655,15865.0,2.0,173.0,213.0,249.0,0.14116864772458124,274.79415426559615,1087.1188428011585,0,Inactive Customers,0.4222027713663714,Medium,628.1342545659068,217.4237685602317,2.888986143168143
1656,1656,15867.0,14.0,364.0,369.0,260.27785714285716,0.4064066918968572,263.8261018030345,3011.39588689209,2,High-Value Active Customers,0.0154590708297122,High,2964.842504580321,602.279177378418,4.9227046458514385
1657,1657,15874.0,5.0,221.0,284.0,667.9159999999999,0.21028143131322952,692.8146348437415,4088.6282204431177,0,Inactive Customers,0.1640318828582134,High,3417.9628351366064,817.7256440886235,4.1798405857089325
1658,1658,15877.0,1.0,16.0,17.0,251.02,0.27496641892585605,308.48398350344115,2364.8043514061906,0,Inactive Customers,0.6139565128316551,Medium,912.917318287722,472.96087028123816,1.9302174358417243
1659,1659,15881.0,2.0,52.0,364.0,193.47000000000003,0.07241447127024712,213.95919330821826,434.62255617688214,1,Inactive Customers,0.6421933304952939,Medium,155.51084931727223,86.92451123537643,1.7890333475235305
1660,1660,15882.0,1.0,170.0,368.0,145.04,0.056653331562473846,180.11595661566483,285.9108610719851,1,Inactive Customers,0.4678151935915911,Medium,152.15741624965588,57.18217221439702,2.6609240320420446
1661,1661,15883.0,1.0,31.0,33.0,252.72,0.23954582216536002,310.5431045235319,2075.001943585983,0,Inactive Customers,0.6571162393768636,Medium,711.484469717079,415.00038871719664,1.714418803115682
1662,1662,15889.0,1.0,213.0,369.0,148.95,0.05982677123012136,184.8519349618736,309.8669617294578,1,Inactive Customers,0.3488422257419319,Medium,201.7722811158637,61.97339234589156,3.2557888712903402
1663,1663,15894.0,1.0,116.0,369.0,106.81,0.04946973720771034,133.80995861680006,185.47430287827143,1,Inactive Customers,0.5391164204848211,Low,85.48206061862018,37.09486057565429,2.3044178975758944
1664,1664,15898.0,4.0,367.0,368.0,251.5475,0.14627952314763065,263.97275037186296,1083.9248711685482,0,Inactive Customers,0.1054447323635707,High,969.6307032259629,216.78497423370965,4.472776338182147
1665,1665,15901.0,2.0,138.0,154.0,126.695,0.17536841710476486,140.80496103865374,691.5823365913616,0,Inactive Customers,0.4084025964286623,Low,409.13831468324844,138.31646731827232,2.9579870178566883
1666,1666,15903.0,6.0,286.0,295.0,827.58,0.2359279823083381,852.9846031648586,5648.738036535304,0,Inactive Customers,0.0506149137708926,High,5362.827647901709,1129.747607307061,4.746925431145537
1667,1667,15906.0,4.0,236.0,255.0,284.85249999999996,0.19381164242921536,298.79609165975444,1624.696810052971,0,Inactive Customers,0.18957469874383,High,1316.6954017371172,324.9393620105942,4.05212650628085
1668,1668,15907.0,2.0,207.0,210.0,358.135,0.14300255268318668,394.35517468849275,1580.342593196147,0,Inactive Customers,0.190412201559255,Medium,1279.4260808078066,316.0685186392294,4.047938992203725
1669,1669,15910.0,7.0,316.0,316.0,154.67000000000002,0.2532622149971152,159.15870089171543,1131.6346155948136,0,Inactive Customers,0.0577902415146798,High,1066.2371778532174,226.32692311896272,4.711048792426601
1670,1670,15912.0,1.0,55.0,233.0,123.13,0.0702898793683634,153.57752040967145,302.1431241013306,1,Inactive Customers,0.6479975941673635,Low,106.35510658945724,60.42862482026612,1.7600120291631824
1671,1671,15916.0,6.0,350.0,366.0,213.115,0.19931922000093166,220.12392443401032,1231.898527665003,0,Inactive Customers,0.0557950105189258,High,1163.164736355685,246.37970553300062,4.721024947405371
1672,1672,15918.0,1.0,81.0,271.0,192.23000000000002,0.06520522043045461,237.27473363806686,433.19042456415093,1,Inactive Customers,0.5958760210808379,Low,175.0626380045458,86.6380849128302,2.0206198945958103
1673,1673,15919.0,1.0,349.0,368.0,369.17,0.06485001171477332,451.59289439974964,820.5596723709192,0,Inactive Customers,0.1516794777542746,Medium,696.0976097994795,164.11193447418384,4.241602611228627
1674,1674,15932.0,7.0,285.0,289.0,311.16285714285715,0.27119342850665734,319.6502040424739,2433.3640602940272,0,Inactive Customers,0.0853962795167226,High,2225.5638228352113,486.67281205880545,4.573018602416386
1675,1675,15933.0,2.0,65.0,86.0,347.825,0.24205508394605077,383.0602269580665,2594.3876857495093,0,Inactive Customers,0.5278697636981662,Medium,1224.8888711314835,518.8775371499019,2.360651181509169
1676,1676,15938.0,4.0,211.0,323.0,82.42,0.16079559179274933,87.1348985878102,393.22368350759996,0,Inactive Customers,0.2776749233688834,Medium,284.0353273227971,78.64473670152,3.611625383155583
1677,1677,15939.0,11.0,242.0,331.0,390.74090909090916,0.3542710934134731,397.37426304629764,3953.1233816066715,0,Inactive Customers,0.1023727362225608,High,3548.431324406214,790.6246763213344,4.488136318887196
1678,1678,15948.0,1.0,35.0,43.0,311.0,0.2205050897944312,381.134618082879,2344.9369685425486,0,Inactive Customers,0.6245970235265339,Medium,880.2963176335393,468.9873937085097,1.8770148823673305
1679,1679,15949.0,1.0,55.0,71.0,127.67999999999999,0.18150053889727827,159.08869725756145,806.2279394658864,0,Inactive Customers,0.6424147445723981,Medium,288.29522366677816,161.2455878931773,1.7879262771380096
1680,1680,15950.0,3.0,328.0,359.0,445.56333333333333,0.12241006809568432,474.3612711154383,1629.540667122666,0,Inactive Customers,0.0446566634301109,High,1556.7708180052907,325.9081334245332,4.776716682849445
1681,1681,15951.0,1.0,277.0,285.0,333.05,0.07933875605139148,407.84262896111517,906.0955551410368,0,Inactive Customers,0.2926775772972338,Medium,640.901703262566,181.21911102820738,3.5366121135138306
1682,1682,15952.0,3.0,192.0,225.0,191.30666666666664,0.17405334699097672,204.4110473798802,997.6905956243411,0,Inactive Customers,0.2744130787955652,Medium,723.9112475936844,199.53811912486822,3.627934606022174
1683,1683,15953.0,7.0,354.0,369.0,207.07714285714286,0.22407144517131106,212.90493114490428,1339.5727473038905,0,Inactive Customers,0.0629239891217056,High,1255.2814863248072,267.9145494607781,4.685380054391472
1684,1684,15955.0,9.0,348.0,372.0,427.09777777777776,0.2743032706451742,435.95279814118163,3358.231858355268,2,High-Value Active Customers,0.0203442524862236,High,3289.9111415216084,671.6463716710537,4.898278737568882
1685,1685,15963.0,1.0,26.0,45.0,190.72,0.21437677348785722,235.44574967316268,1408.4025317297767,0,Inactive Customers,0.6773959540531126,Medium,454.3563550578654,281.68050634595534,1.613020229734437
1686,1686,15965.0,2.0,350.0,367.0,344.725,0.09402748145952451,379.664073906241,1001.4206658773063,0,Inactive Customers,0.025438760400042,Medium,975.945765498403,200.28413317546128,4.87280619799979
1687,1687,15967.0,1.0,295.0,318.0,245.03,0.07260989791725678,301.22861002676837,612.6307099954397,0,Inactive Customers,0.2455223890718643,Medium,462.2161544585669,122.52614199908794,3.7723880546406785
1688,1688,15969.0,2.0,183.0,185.0,137.1,0.15592173013587748,152.20398442711976,664.8924277566572,0,Inactive Customers,0.4485545401736696,Medium,366.651910559315,132.97848555133143,2.757227299131652
1689,1689,15971.0,10.0,294.0,311.0,272.985,0.34565628344263144,278.20328785048287,2700.0037935722903,0,Inactive Customers,0.0983637084678214,High,2434.4214075593336,540.0007587144581,4.508181457660892
1690,1690,15974.0,6.0,249.0,288.0,445.48499999999996,0.24000018506147988,459.45055152698905,3095.0420901291764,0,Inactive Customers,0.0887638992771872,High,2820.314085782295,619.0084180258353,4.556180503614063
1691,1691,15976.0,1.0,55.0,220.0,220.95,0.07529755187661083,272.06176640101205,573.3013029129235,1,Inactive Customers,0.5842012741625437,Medium,238.37795127214713,114.6602605825847,2.078993629187281
1692,1692,15977.0,1.0,22.0,39.0,642.94,0.22458923480579063,783.1961659704849,4907.320191242462,0,Inactive Customers,0.6249350839903726,Medium,1840.5636353607028,981.4640382484924,1.875324580048137
1693,1693,15980.0,1.0,166.0,254.0,1535.0,0.0824053404246297,1863.7017525482331,4299.432882122428,0,Inactive Customers,0.403092964333428,High,2566.3617367150846,859.8865764244856,2.98453517833286
1694,1694,15981.0,7.0,287.0,311.0,448.3542857142857,0.2562473957079296,460.3470958547879,3311.6238456599276,0,Inactive Customers,0.0873573522560705,High,3022.3291548350107,662.3247691319856,4.563213238719648
1695,1695,15983.0,3.0,351.0,373.0,344.71000000000004,0.11876559275909082,367.28293859917466,1224.2106298505792,0,Inactive Customers,0.0848264497327667,High,1120.3651883952405,244.84212597011583,4.575867751336167
1696,1696,15984.0,9.0,366.0,368.0,271.27444444444444,0.2768202167363907,277.05019707757486,2153.7270779658725,0,Inactive Customers,0.0326665538400237,High,2083.3722364167834,430.7454155931745,4.836667230799881
1697,1697,15985.0,1.0,113.0,236.0,242.84,0.08247925115331854,298.5759776538279,689.2943693461423,0,Inactive Customers,0.5068704044897702,Medium,339.9114535431421,137.85887386922846,2.465647977551149
1698,1698,15987.0,5.0,356.0,368.0,196.892,0.17236226011721395,204.76704601703318,990.8805660913779,0,Inactive Customers,0.0469398453652283,Medium,944.3687855436388,198.1761132182756,4.765300773173858
1699,1699,15990.0,1.0,243.0,287.0,390.74,0.0777954245277245,477.71950640172486,1040.7109039655418,0,Inactive Customers,0.3214717228101606,Medium,706.1517767204194,208.14218079310837,3.392641385949197
1700,1700,15993.0,4.0,36.0,44.0,378.02250000000004,0.49475881539664,396.21361779075147,5486.542362968156,0,Inactive Customers,0.1949180541422277,High,4417.116201609503,1097.3084725936312,4.025409729288861
1701,1701,15996.0,5.0,278.0,366.0,147.906,0.17245534470357485,154.01061070531844,745.6638867313277,0,Inactive Customers,0.1284416313103389,Medium,649.8896007103482,149.13277734626556,4.357791843448305
1702,1702,15998.0,4.0,326.0,362.0,543.9325,0.14806476646776945,569.6872870018034,2367.7424485451197,0,Inactive Customers,0.0207197257791942,High,2318.683474295507,473.54848970902395,4.896401371104029
1703,1703,16003.0,3.0,330.0,359.0,518.1233333333333,0.12241947673214684,551.3999127803651,1894.3318074329181,0,Inactive Customers,0.0499733468867239,High,1799.6657069015182,378.8663614865836,4.75013326556638
1704,1704,16005.0,2.0,258.0,270.0,218.9,0.1192398091250946,241.8186036656128,808.4112050506174,0,Inactive Customers,0.1387278165948025,Medium,696.262083663172,161.68224101012348,4.306360917025987
1705,1705,16007.0,3.0,168.0,215.0,444.06333333333333,0.17949969802403495,472.7686861857609,2379.516849921976,0,Inactive Customers,0.1502786275598018,High,2021.9263234602784,475.90336998439517,4.248606862200991
1706,1706,16008.0,2.0,181.0,204.0,169.815,0.14568906085559669,188.04435445630438,767.6865716465994,0,Inactive Customers,0.4133855179557149,Medium,450.3360605988229,153.53731432931988,2.9330724102214254
1707,1707,16009.0,3.0,137.0,159.0,176.84,0.21991747230891023,189.0514505025473,1165.1980707076827,0,Inactive Customers,0.2940738645880316,Medium,822.543771044156,233.03961414153656,3.5296306770598416
1708,1708,16010.0,2.0,117.0,362.0,148.7,0.08848463123685496,164.9121700404024,409.3287653364246,1,Inactive Customers,0.4996578002761538,Medium,204.80445485867273,81.86575306728493,2.5017109986192305
1709,1709,16011.0,15.0,358.0,366.0,208.31733333333335,0.4352552344654065,211.01499356221098,2579.5794100603507,2,High-Value Active Customers,0.0242927342825192,High,2516.9143728910967,515.9158820120701,4.878536328587404
1710,1710,16012.0,2.0,120.0,155.0,517.145,0.17426915343299673,568.555915582292,2775.0657780823485,0,Inactive Customers,0.4133815611123133,High,1627.904754549311,555.0131556164697,2.9330921944384336
1711,1711,16013.0,21.0,368.0,371.0,815.5533333333333,0.5861484018176423,822.5591076269186,13542.513963320069,2,High-Value Active Customers,0.0092207696779465,High,13417.64156120392,2708.502792664014,4.953896151610267
1712,1712,16014.0,2.0,254.0,291.0,192.225,0.11252922563307086,212.59525442127537,670.810504015809,0,Inactive Customers,0.221043505609055,Medium,522.5321986087775,134.1621008031618,3.8947824719547257
1713,1713,16015.0,2.0,46.0,49.0,202.31,0.3063529072555334,223.64370717213362,1915.611040410171,0,Inactive Customers,0.4913371053244224,Medium,974.4002568875324,383.1222080820342,2.5433144733778876
1714,1714,16016.0,6.0,363.0,366.0,182.09833333333333,0.19937395265261365,188.17868960593196,1053.4098360705725,0,Inactive Customers,0.0377009801365523,High,1013.695252765227,210.6819672141145,4.811495099317238
1715,1715,16018.0,1.0,141.0,180.0,247.0,0.1078457281699028,303.61476791475593,915.9284674589562,0,Inactive Customers,0.5100176736871189,Medium,448.78876122173136,183.18569349179126,2.4499116315644054
1716,1716,16019.0,8.0,318.0,364.0,445.8925,0.2525856333379691,456.2979346227885,3236.4368432657516,0,Inactive Customers,0.065873973986176,High,3023.239886844562,647.2873686531503,4.67063013006912
1717,1717,16020.0,1.0,49.0,65.0,332.21,0.18832066558387267,406.8251809276585,2138.8769581603196,0,Inactive Customers,0.6218183089570042,Medium,808.8841049699687,427.77539163206393,1.890908455214979
1718,1718,16023.0,2.0,220.0,266.0,270.985,0.12027360391836081,298.8794526024943,1007.8033706781861,0,Inactive Customers,0.2689848313919792,Medium,736.7195509400459,201.5606741356372,3.655075843040104
1719,1719,16027.0,3.0,165.0,302.0,46.300000000000004,0.1380810231381819,50.45409268915763,195.4562642907233,0,Inactive Customers,0.3593287739245906,Low,125.22320448725696,39.091252858144664,3.203356130377047
1720,1720,16029.0,33.0,335.0,373.0,682.8481818181818,0.8907080896084972,686.5877933902673,17178.39863461137,2,High-Value Active Customers,0.0030855716210205,High,17125.393455289835,3435.6797269222743,4.984572141894897
1721,1721,16031.0,1.0,155.0,247.0,243.31,0.08362786304486472,299.14526405350006,700.3002418713133,0,Inactive Customers,0.4185676229060475,Medium,407.1772343107076,140.06004837426266,2.9071618854697627
1722,1722,16033.0,17.0,364.0,369.0,503.0035294117647,0.4845219422358062,508.4350857229664,6919.192938209676,2,High-Value Active Customers,0.0009590709499209,High,6912.556941265741,1383.8385876419352,4.9952046452503955
1723,1723,16034.0,2.0,136.0,332.0,142.05,0.0978762691445231,157.6268739776154,432.705466278643,1,Inactive Customers,0.5160781641529448,Medium,209.39562362261694,86.5410932557286,2.419609179235276
1724,1724,16036.0,1.0,176.0,263.0,539.95,0.08055107839944815,658.4497695827506,1484.9391302901959,0,Inactive Customers,0.4094406171790445,Medium,876.9447363108644,296.98782605803916,2.9527969141047774
1725,1725,16037.0,2.0,89.0,358.0,207.38,0.08527728177188251,229.19806071173213,548.2611247645439,1,Inactive Customers,0.5563649589315015,Medium,243.2278466011796,109.65222495290878,2.2181752053424924
1726,1726,16038.0,2.0,194.0,201.0,77.41499999999999,0.1473578899203869,86.81708284705303,358.4787644294693,0,Inactive Customers,0.3540151590865308,Medium,231.57184761082775,71.69575288589387,3.2299242045673457
1727,1727,16040.0,2.0,203.0,268.0,445.56,0.11936928645298994,490.1321684161853,1640.2921695961934,0,Inactive Customers,0.3232497615632435,High,1110.0681168801686,328.0584339192387,3.3837511921837824
1728,1728,16042.0,3.0,310.0,332.0,373.8233333333333,0.13024392063223958,398.1932425454017,1455.246484574275,0,Inactive Customers,0.0650538134996683,High,1360.5771511707321,291.049296914855,4.674730932501658
1729,1729,16043.0,3.0,280.0,317.0,138.42999999999998,0.1349289391179797,148.27065906994198,561.3237809398947,0,Inactive Customers,0.1601958378165497,Medium,471.4020475658749,112.26475618797895,4.1990208109172515
1730,1730,16045.0,3.0,171.0,290.0,225.41666666666666,0.14299053145796548,240.62642868074371,965.2531750389838,0,Inactive Customers,0.3056358409570481,High,670.2372091494833,193.05063500779679,3.4718207952147595
1731,1731,16049.0,2.0,35.0,75.0,311.765,0.2566262914914866,343.55529823263794,2466.403174822486,0,Inactive Customers,0.4246669554386021,Medium,1419.0032476865185,493.28063496449727,2.876665222806989
1732,1732,16053.0,1.0,90.0,122.0,330.16,0.13691374869614206,404.3421232269609,1547.2775702405584,0,Inactive Customers,0.4839842968692565,High,798.4195233461102,309.4555140481117,2.5800785156537174
1733,1733,16057.0,3.0,268.0,284.0,526.38,0.14689732306783768,560.1662080488337,2308.37643257907,0,Inactive Customers,0.1420160360687313,High,1980.5499618697115,461.675286515814,4.289919819656344
1734,1734,16059.0,5.0,302.0,367.0,268.322,0.17238563467737267,278.7786447251495,1349.2052254053676,0,Inactive Customers,0.0834570863472506,High,1236.6044884085502,269.84104508107356,4.5827145682637465
1735,1735,16062.0,3.0,355.0,364.0,291.3866666666667,0.12115798013979091,310.66831388795475,1056.3241742053306,0,Inactive Customers,0.074984503702985,High,977.1162302530784,211.26483484106612,4.625077481485075
1736,1736,16066.0,4.0,108.0,124.0,301.3725,0.3113329084106567,316.06922176262094,2757.6741240684955,0,Inactive Customers,0.3682305228527288,High,1742.2143395053126,551.5348248136992,3.158847385736356
1737,1737,16070.0,1.0,10.0,32.0,165.3,0.23491405972897564,204.65583418451132,1340.9975102165615,0,Inactive Customers,0.6899207663692234,Medium,415.81548026873094,268.1995020433123,1.5503961681538831
1738,1738,16076.0,8.0,205.0,208.0,241.16,0.38447989958021334,247.0026667372521,2664.7650553357826,0,Inactive Customers,0.1435404238617246,High,2282.263549800972,532.9530110671566,4.2822978806913765
1739,1739,16079.0,2.0,24.0,40.0,217.89,0.32644605399694243,240.7121150906632,2196.5611327937063,0,Inactive Customers,0.6653836250116633,Medium,735.0053236957045,439.31222655874126,1.6730818749416836
1740,1740,16080.0,1.0,193.0,274.0,86.9,0.07867623569414538,109.69401772856054,241.6476925393556,0,Inactive Customers,0.4492856976015995,Low,133.07884042299438,48.32953850787112,2.753571511992002
1741,1741,16081.0,4.0,310.0,366.0,662.325,0.14664676897972728,693.4771814148554,2854.6824066690892,0,Inactive Customers,0.0552572256962934,High,2696.940576632537,570.9364813338178,4.723713871518533
1742,1742,16083.0,1.0,260.0,360.0,979.64,0.06370596872023293,1191.023252714345,2125.844506509127,0,Inactive Customers,0.293339579101981,High,1502.250173733481,425.1689013018254,3.5333021044900947
1743,1743,16085.0,4.0,297.0,320.0,200.04000000000002,0.16322269293925012,210.11707550664528,962.5188566981763,0,Inactive Customers,0.1117966489063111,Medium,854.9124740101862,192.50377133963525,4.4410167554684445
1744,1744,16086.0,4.0,308.0,367.0,236.0325,0.14630553391651283,247.75043720322043,1017.4897012098048,0,Inactive Customers,0.1410249305398334,High,873.9982867716963,203.49794024196098,4.294875347300833
1745,1745,16091.0,1.0,44.0,198.0,157.81,0.08075931719711918,195.58358921952316,441.93107958242126,1,Inactive Customers,0.6690525225474014,Low,146.2559759957059,88.38621591648426,1.6547373872629927
1746,1746,16092.0,2.0,140.0,254.0,253.495,0.12290677488168633,279.7185761907432,963.7616105351619,0,Inactive Customers,0.4303092984528644,Medium,549.0460280299736,192.7523221070324,2.8484535077356776
1747,1747,16094.0,2.0,208.0,219.0,413.065,0.13879415748174842,454.5328157003561,1768.0314435538685,0,Inactive Customers,0.3477093083382905,Medium,1153.2704531954037,353.6062887107737,3.261453458308548
1748,1748,16098.0,6.0,286.0,373.0,233.23833333333334,0.1955873178007664,240.849704407907,1322.6843627749643,0,Inactive Customers,0.1123317413957795,High,1174.1049249874857,264.53687255499284,4.438341293021103
1749,1749,16099.0,2.0,175.0,225.0,206.8,0.13569365143267836,228.56265143106802,869.2406708726841,0,Inactive Customers,0.3953527698202371,Medium,525.5839640027674,173.84813417453682,3.0232361508988146
1750,1750,16102.0,2.0,86.0,128.0,501.19000000000005,0.19527825547351768,551.0766826978158,3013.0030236082107,0,Inactive Customers,0.5042686387800108,High,1493.6400902532414,602.6006047216422,2.4786568060999454
1751,1751,16103.0,5.0,226.0,233.0,245.036,0.2439991823121093,254.65105005180223,1743.2794644656826,0,Inactive Customers,0.2379694472235364,High,1328.4322139506417,348.6558928931365,3.8101527638823183
1752,1752,16107.0,6.0,166.0,183.0,445.21000000000004,0.33191070787487437,459.1673186550583,4274.896621787477,0,Inactive Customers,0.308208785092193,High,2957.335927591638,854.9793243574954,3.458956074539034
1753,1753,16109.0,1.0,90.0,308.0,236.4,0.05735383702462231,290.7755427306605,467.0838342483083,1,Inactive Customers,0.5810871780622212,Medium,195.66740708647654,93.41676684966166,2.094564109688894
1754,1754,16110.0,2.0,266.0,311.0,463.89,0.10689651363348819,510.2132927516569,1529.497624343285,0,Inactive Customers,0.0925746829936412,High,1387.904866630178,305.899524868657,4.5371265850317934
1755,1755,16112.0,3.0,195.0,338.0,41.24666666666667,0.12674830714349908,45.08885101495563,160.36474869630973,0,Inactive Customers,0.3932780160010232,Low,97.29681849252238,32.07294973926195,3.033609919994884
1756,1756,16115.0,7.0,283.0,292.0,218.4485714285714,0.26904268603459186,224.56691813728213,1696.0007023123337,0,Inactive Customers,0.0641335755524915,High,1587.230113133507,339.2001404624668,4.679332122237542
1757,1757,16119.0,1.0,64.0,72.0,113.88000000000001,0.18176497562594196,142.37347956505994,722.586367592566,0,Inactive Customers,0.637367046543232,Medium,262.0336286076901,144.5172735185132,1.8131647672838405
1758,1758,16121.0,1.0,158.0,215.0,579.22,0.09466630289377848,706.0154651468474,1870.3425833014096,0,Inactive Customers,0.3234424346911773,Medium,1265.3944244518157,374.06851666028194,3.3827878265441136
1759,1759,16122.0,3.0,293.0,366.0,151.3,0.12028106434732229,161.93503776657388,546.6256879465901,0,Inactive Customers,0.1949311396143541,Medium,440.07131965268104,109.32513758931803,4.02534430192823
1760,1760,16126.0,3.0,267.0,296.0,1798.8066666666666,0.14227680721153968,1911.1312303508005,7628.334006972216,0,Inactive Customers,0.0866379461123196,High,6967.430816349382,1525.6668013944434,4.566810269438402
1761,1761,16128.0,4.0,265.0,282.0,372.98,0.17983804793355113,390.941235312319,1972.7753048426032,0,Inactive Customers,0.1150549233500274,High,1745.7977933571105,394.55506096852065,4.4247253832498625
1762,1762,16131.0,3.0,188.0,239.0,816.7266666666666,0.16647497295886263,868.4340251924293,4054.5100272486643,0,Inactive Customers,0.2494474346382357,High,3043.122902236482,810.9020054497329,3.7527628268088216
1763,1763,16133.0,28.0,315.0,318.0,429.59749999999997,0.8668868563286075,432.42176260665605,10527.724651630404,2,High-Value Active Customers,0.0069554821858523,High,10454.49925035843,2105.5449303260807,4.965222589070739
1764,1764,16134.0,1.0,338.0,359.0,334.56,0.06609665661126334,409.6716129260193,758.6539463953906,0,Inactive Customers,0.2198962839306883,Medium,591.8287627936926,151.73078927907812,3.9005185803465583
1765,1765,16136.0,2.0,218.0,277.0,275.04,0.11655615030904856,303.3218399009307,991.2441398054925,0,Inactive Customers,0.3635380462026633,Medium,630.8891819107641,198.24882796109853,3.1823097689866833
1766,1766,16139.0,2.0,188.0,206.0,247.805,0.14477173740963556,273.48499204077956,1109.4859179807127,0,Inactive Customers,0.3882524626817927,Medium,678.7252780139315,221.89718359614255,3.0587376865910363
1767,1767,16140.0,1.0,306.0,371.0,418.16,0.06338734692278843,510.93191720813013,907.4583181048095,0,Inactive Customers,0.2528334795880478,Medium,678.0224739572529,181.4916636209619,3.735832602059761
1768,1768,16143.0,5.0,366.0,369.0,363.838,0.17202147582465482,377.7467514338775,1824.3329106673305,0,Inactive Customers,0.0694538634892165,High,1697.6259417309566,364.8665821334661,4.6527306825539165
1769,1769,16145.0,10.0,351.0,359.0,349.671,0.3089335749075931,356.2504697976637,3090.6980432947307,0,Inactive Customers,0.0194342754246765,High,3030.6325662668323,618.1396086589461,4.902828622876617
1770,1770,16146.0,2.0,75.0,232.0,174.22,0.12717002243410236,192.8701783896242,687.4635282851649,1,Inactive Customers,0.5814391927191619,Medium,287.7452893751719,137.49270565703299,2.0928040364041904
1771,1771,16149.0,1.0,138.0,142.0,116.84,0.12790591174684277,145.9587726353356,521.9520128041498,0,Inactive Customers,0.510707600714603,Low,255.38715265678474,104.39040256082997,2.446461996426985
1772,1772,16150.0,4.0,330.0,372.0,414.90000000000003,0.14484437770612435,434.7723257428373,1767.7744838517262,0,Inactive Customers,0.0381898862654915,High,1700.263377370391,353.5548967703453,4.809050568672542
1773,1773,16153.0,4.0,305.0,354.0,402.305,0.15063467166132594,421.60313242288555,1782.628536708167,0,Inactive Customers,0.0792427518783168,High,1641.368145882595,356.52570734163345,4.603786240608416
1774,1774,16156.0,8.0,302.0,310.0,344.3,0.28686791809297224,352.44129484814914,2838.4973729465073,0,Inactive Customers,0.0603287636173485,High,2667.2543359055526,567.6994745893015,4.698356181913256
1775,1775,16157.0,2.0,57.0,72.0,244.185,0.26293515210375745,269.51916170284136,1982.3462741132917,0,Inactive Customers,0.6427341236204174,Medium,708.2246789088855,396.46925482265834,1.7863293818979131
1776,1776,16160.0,1.0,20.0,85.0,223.49999999999997,0.15353599503589882,275.15044793114816,1179.922114717866,0,Inactive Customers,0.665470754648649,Medium,394.71845460993785,235.9844229435732,1.6726462267567546
1777,1777,16161.0,18.0,367.0,368.0,291.5394444444444,0.5117017049575437,294.59733794216726,4234.043301838005,2,High-Value Active Customers,0.0095985051137278,High,4193.402815553568,846.8086603676011,4.952007474431361
1778,1778,16163.0,1.0,133.0,365.0,415.00000000000006,0.05285609459566771,507.1043746060791,750.995434174329,1,Inactive Customers,0.6264901033434362,Medium,280.5042270080049,150.19908683486582,1.8675494832828186
1779,1779,16164.0,2.0,25.0,42.0,288.56,0.321511176360954,318.13344933986,2859.3085428962754,0,Inactive Customers,0.6669117488433656,Medium,952.402082070545,571.8617085792552,1.665441255783172
1780,1780,16168.0,24.0,359.0,369.0,135.585,0.6667174945478872,136.73122676728948,2560.588160030371,2,High-Value Active Customers,0.0318045115866335,High,2479.1499042260884,512.1176320060742,4.840977442066832
1781,1781,16169.0,3.0,67.0,75.0,411.83666666666664,0.33084587939472726,438.5528837410479,4061.7981557334065,0,Inactive Customers,0.4511758601461807,High,2229.212879080216,812.3596311466813,2.7441206992690965
1782,1782,16170.0,5.0,198.0,248.0,305.816,0.23270754245955916,317.6277400907117,2073.9687980037943,0,Inactive Customers,0.180798365210507,High,1698.998629827108,414.7937596007589,4.096008173947465
1783,1783,16172.0,3.0,146.0,241.0,313.61,0.1644073438919923,334.2633443905304,1541.2339006990508,0,Inactive Customers,0.3309926634112771,High,1031.0967869669203,308.2467801398102,3.3450366829436144
1784,1784,16173.0,5.0,83.0,98.0,197.788,0.41717504314707843,205.69542894356928,2404.526316574027,0,Inactive Customers,0.494683750299827,High,1215.0462205965584,480.90526331480544,2.526581248500865
1785,1785,16174.0,2.0,25.0,151.0,114.89999999999999,0.16720104033325878,127.88314644307884,598.8411098564596,0,Inactive Customers,0.6905845784892078,Medium,185.29067442422706,119.76822197129194,1.5470771075539609
1786,1786,16175.0,3.0,146.0,240.0,254.91,0.16492985744507996,271.9401874758224,1257.8483177347027,0,Inactive Customers,0.3785250372445859,Medium,781.7212364161347,251.56966354694055,3.1073748137770707
1787,1787,16180.0,6.0,152.0,252.0,1640.05,0.2619690318541679,1689.778099374492,12422.635323738094,2,High-Value Active Customers,0.0923228917162422,High,11275.741707914256,2484.527064747619,4.538385541418788
1788,1788,16182.0,3.0,222.0,294.0,347.8833333333334,0.14259150264285186,370.6521404948477,1482.7244869760657,0,Inactive Customers,0.2476907949244723,High,1115.4672801429836,296.5448973952131,3.7615460253776383
1789,1789,16184.0,5.0,147.0,211.0,202.114,0.2604727206593639,210.1777777607513,1535.7411525331088,0,Inactive Customers,0.3396387554795315,High,1014.1439387480624,307.14823050662176,3.301806222602343
1790,1790,16185.0,1.0,216.0,232.0,194.41,0.09197487122897341,239.91525353441853,617.6109443610961,0,Inactive Customers,0.3888199692234175,Medium,377.4714759825689,123.52218887221923,3.0559001538829125
1791,1791,16186.0,9.0,350.0,372.0,411.0288888888889,0.2743183738413401,419.5663675211641,3232.181850909664,0,Inactive Customers,0.0162493846525936,High,3179.6608847471007,646.4363701819328,4.9187530767370315
1792,1792,16187.0,10.0,253.0,284.0,614.4739999999999,0.3702518701073274,625.7537418572225,6504.402646997419,2,High-Value Active Customers,0.0326651800188972,High,6291.935163617857,1300.8805293994837,4.8366740999055144
1793,1793,16188.0,3.0,198.0,242.0,276.7366666666667,0.16508234507002906,295.114067741439,1366.3189874222828,0,Inactive Customers,0.2989958253839076,Medium,957.7953140402525,273.2637974844566,3.5050208730804617
1794,1794,16189.0,1.0,70.0,85.0,71.0,0.16750605353835576,90.43517995241744,423.0978541849352,0,Inactive Customers,0.6372017336189323,Low,153.49916800784428,84.61957083698705,1.8139913319053385
1795,1795,16191.0,9.0,358.0,360.0,505.88,0.2817210104120972,516.2918575162145,4084.4823356500933,0,Inactive Customers,0.0442292671220477,High,3903.82867537134,816.8964671300187,4.778853664389762
1796,1796,16200.0,1.0,160.0,164.0,530.05,0.11693194426895855,646.458417759869,2114.070073754236,0,Inactive Customers,0.3468137295510473,Medium,1380.8815469432718,422.81401475084726,3.2659313522447633
1797,1797,16201.0,3.0,106.0,109.0,519.89,0.27497585736520513,553.2756239197629,4261.254065044663,0,Inactive Customers,0.3376854467542267,High,2822.2905823567908,852.2508130089326,3.3115727662288656
1798,1798,16203.0,3.0,314.0,372.0,140.73333333333332,0.11883922683703607,150.71616170640212,502.66955607693137,0,Inactive Customers,0.1112272860448535,Medium,446.758985577123,100.53391121538628,4.443863569775732
1799,1799,16205.0,3.0,149.0,179.0,216.34333333333333,0.20358069011434315,230.99305939500636,1318.1959561787248,0,Inactive Customers,0.2748915561949581,Medium,955.8350184148544,263.639191235745,3.6255422190252093
1800,1800,16206.0,3.0,273.0,327.0,125.25333333333333,0.13159317455871195,134.28068523213162,495.81723654221105,0,Inactive Customers,0.1501441066314504,Medium,421.37320050910625,99.16344730844222,4.249279466842748
1801,1801,16208.0,1.0,245.0,289.0,166.67000000000002,0.0773954575872659,206.31524347717271,447.1537663940333,0,Inactive Customers,0.3164521084574357,Medium,305.6510142139578,89.43075327880666,3.4177394577128215
1802,1802,16209.0,4.0,158.0,246.0,180.3175,0.19757965185905427,189.49544666561715,1050.3509890986531,0,Inactive Customers,0.3283880921433414,Medium,705.4282317076749,210.07019781973065,3.3580595392832926
1803,1803,16210.0,16.0,372.0,373.0,342.0625,0.45456681908962304,346.06362886827617,4418.354553783718,2,High-Value Active Customers,0.0312710230862435,High,4280.188086529139,883.6709107567436,4.843644884568783
1804,1804,16212.0,1.0,264.0,283.0,192.19,0.07944943705516726,237.22628373171176,527.7673205224656,0,Inactive Customers,0.3126699691128142,Medium,362.7503287159536,105.55346410449313,3.4366501544359287
1805,1805,16214.0,2.0,99.0,269.0,242.94000000000003,0.11465771098150405,268.1552228158985,862.0012750495425,1,Inactive Customers,0.5197534483801808,Medium,413.9731398344301,172.4002550099085,2.401232758099096
1806,1806,16217.0,1.0,47.0,282.0,121.25,0.05162790759736558,151.30037481098285,218.73073333251722,1,Inactive Customers,0.6740030434001371,Low,71.30555338125681,43.74614666650345,1.6299847829993146
1807,1807,16218.0,5.0,344.0,373.0,522.676,0.17043224360502784,542.3254202788975,2595.0087856974965,0,Inactive Customers,0.0406308385117578,High,2489.571402789229,519.0017571394993,4.796845807441211
1808,1808,16221.0,2.0,331.0,367.0,349.06,0.0939379752525838,384.4132105125841,1012.982030592741,0,Inactive Customers,0.1261194114919492,Medium,885.2253330424649,202.5964061185482,4.369402942540254
1809,1809,16224.0,3.0,192.0,249.0,375.9433333333333,0.16152488074918206,400.4440959126791,1814.1089200672636,0,Inactive Customers,0.2850260238980988,High,1297.0406676624175,362.82178401345277,3.5748698805095054
1810,1810,16225.0,3.0,233.0,277.0,226.57000000000002,0.1494656846810397,241.85094953778457,1014.0221269104898,0,Inactive Customers,0.2346914150888221,Medium,776.0398390144898,202.80442538209797,3.826542924555889
1811,1811,16226.0,2.0,32.0,235.0,62.160000000000004,0.11420724802680757,70.10472323234386,224.41459074368169,1,Inactive Customers,0.6878957848564206,Low,70.04073971082435,44.88291814873634,1.560521075717897
1812,1812,16229.0,1.0,125.0,212.0,652.4,0.09276141252092683,794.6545688234605,2062.73396481404,0,Inactive Customers,0.5140185938448817,Medium,1002.4503527442496,412.546792962808,2.429907030775592
1813,1813,16230.0,1.0,31.0,220.0,266.1,0.06548908990131667,326.7495981993052,598.8507203041138,1,Inactive Customers,0.6612615698448971,Medium,202.85375289306808,119.77014406082276,1.6936921507755143
1814,1814,16232.0,2.0,172.0,215.0,312.20500000000004,0.14020597061952372,344.0373328593487,1351.7950516726958,0,Inactive Customers,0.39357403624102,Medium,819.7636170152347,270.35901033453916,3.0321298187948997
1815,1815,16233.0,2.0,295.0,366.0,194.64000000000001,0.09391880882074484,215.24096720197173,567.0712911678953,0,Inactive Customers,0.2059139088319097,Medium,450.303425017156,113.41425823357906,3.9704304558404515
1816,1816,16235.0,4.0,292.0,332.0,179.685,0.15850180454816473,188.83411162989907,840.0512415083631,0,Inactive Customers,0.18971249347881,Medium,680.6830258318415,168.01024830167262,4.05143753260595
1817,1817,16239.0,1.0,133.0,189.0,66.3,0.10308175680610623,84.7423159556959,244.3800173554185,0,Inactive Customers,0.5306625079393397,Medium,114.69670445533276,48.8760034710837,2.346687460303302
1818,1818,16240.0,1.0,53.0,77.0,1894.01,0.17365120566579534,2298.551774561637,11146.304130725794,0,Inactive Customers,0.4682939859456322,High,5926.556940785947,2229.2608261451587,2.658530070271839
1819,1819,16241.0,11.0,360.0,369.0,211.83818181818185,0.32826448797067037,215.58933559977328,1987.5316401574746,0,Inactive Customers,0.0059112278196113,High,1975.782887833818,397.50632803149495,4.970443860901943
1820,1820,16242.0,6.0,269.0,277.0,562.4833333333333,0.2474446229870218,579.9515477492497,4027.746809460075,0,Inactive Customers,0.0574366674401536,High,3796.4064554319766,805.549361892015,4.712816662799232
1821,1821,16243.0,1.0,21.0,54.0,177.2,0.19702413955233944,219.0696813251467,1204.6579682965626,0,Inactive Customers,0.6775112965200383,Low,388.4885863327633,240.9315936593125,1.6124435173998086
1822,1822,16244.0,1.0,161.0,372.0,466.12,0.05503436223014124,569.0233549278673,877.4609147777708,1,Inactive Customers,0.3888319566539671,High,536.2760703973503,175.49218295555417,3.0558402167301644
1823,1823,16245.0,2.0,233.0,256.0,461.865,0.12394802855474442,507.9948379355451,1765.134058810391,0,Inactive Customers,0.2466955887739002,High,1329.6832729072974,353.02681176207824,3.7665220561304986
1824,1824,16249.0,4.0,187.0,239.0,246.31,0.20274791532036202,258.4964780405213,1470.2292801084432,0,Inactive Customers,0.283905627259212,High,1052.822914124396,294.0458560216886,3.5804718637039405
1825,1825,16250.0,1.0,112.0,373.0,163.3,0.04804257508202754,202.23333886675746,272.2359310837575,1,Inactive Customers,0.5575758642486165,Medium,120.44374653020462,54.447186216751504,2.2121206787569174
1826,1826,16253.0,1.0,189.0,255.0,1983.46,0.08366002789435534,2406.897877648178,5637.142928225435,0,Inactive Customers,0.2134378570926915,High,4433.963221499778,1127.428585645087,3.9328107145365427
1827,1827,16255.0,7.0,349.0,365.0,320.8085714285714,0.22602733246955567,329.5423819535964,2091.51117894563,0,Inactive Customers,0.034954018878412,High,2018.4044577123548,418.30223578912603,4.82522990560794
1828,1828,16258.0,4.0,174.0,219.0,941.9625000000001,0.2158685337022978,985.8630724039793,5969.2668903972235,0,Inactive Customers,0.1917590203982461,High,4824.606118998967,1193.8533780794448,4.041204898008768
1829,1829,16261.0,3.0,229.0,246.0,163.95666666666668,0.1633988383573847,175.37291549542942,803.6830762287035,0,Inactive Customers,0.1524662729301229,Medium,681.1485129790972,160.73661524574072,4.237668635349385
1830,1830,16265.0,7.0,355.0,364.0,598.3057142857143,0.2265576223297905,614.1300263374436,3906.838169295531,0,Inactive Customers,0.0292515683622495,High,3792.557025506137,781.3676338591063,4.853742158188752
1831,1831,16266.0,5.0,133.0,206.0,120.72,0.2642871454818958,125.84206356155738,932.9433875070638,0,Inactive Customers,0.4359397053205219,Medium,526.236322076505,186.58867750141277,2.8203014733973903
1832,1832,16271.0,3.0,343.0,358.0,427.00666666666666,0.12275097565663182,454.6592259965184,1566.202462537809,0,Inactive Customers,0.0383198508171092,High,1506.185817823971,313.24049250756184,4.8084007459144535
1833,1833,16279.0,2.0,155.0,176.0,575.25,0.16091385516569534,632.2118746391702,2849.9371270323727,0,Inactive Customers,0.3472382111902342,High,1860.3300570370166,569.9874254064746,3.263808944048829
1834,1834,16283.0,4.0,203.0,208.0,310.5375,0.22429449023549505,325.65204484935043,2048.578438828742,0,Inactive Customers,0.1757630910894152,High,1688.5139600810737,409.71568776574844,4.121184544552923
1835,1835,16284.0,1.0,19.0,50.0,424.57,0.20301482614787275,518.6960147015311,2938.714710871042,0,Inactive Customers,0.6132375401398787,Medium,1136.5845304036093,587.7429421742085,1.9338122993006062
1836,1836,16293.0,5.0,346.0,367.0,360.148,0.1726988405187233,373.92338871187064,1812.9653031894732,0,Inactive Customers,0.0592885783859946,High,1705.4771677002357,362.59306063789467,4.703557108070027
1837,1837,16295.0,3.0,55.0,64.0,324.21666666666664,0.3541377229711997,345.52468938216015,3424.7899944946503,0,Inactive Customers,0.5529815206797728,High,1530.9444153301279,684.9579988989301,2.235092396601136
1838,1838,16298.0,2.0,164.0,186.0,216.95000000000002,0.15512022582781498,239.68231384269032,1041.6634399589152,0,Inactive Customers,0.4665226930381342,Medium,555.7038067099153,208.33268799178305,2.667386534809329
1839,1839,16303.0,2.0,308.0,333.0,2181.975,0.10150314783448133,2392.4325237341304,6810.927642790287,0,Inactive Customers,0.097386335066152,High,6147.636361258195,1362.1855285580575,4.51306832466924
1840,1840,16306.0,5.0,154.0,367.0,112.83399999999999,0.15994802870450642,117.67105043804897,528.4038365817812,1,Inactive Customers,0.3376045671161163,Medium,350.0122880700939,105.68076731635625,3.3119771644194183
1841,1841,16309.0,1.0,134.0,240.0,372.37,0.08380775060378771,455.46888690815575,1068.4765903557939,0,Inactive Customers,0.4915618823823087,Medium,543.254226319069,213.6953180711588,2.5421905880884563
1842,1842,16311.0,1.0,32.0,49.0,214.71,0.20901115528140624,264.50358100962006,1542.7879895029646,0,Inactive Customers,0.657218461999798,Medium,528.8392398500656,308.55759790059295,1.7139076900010095
1843,1843,16313.0,1.0,46.0,49.0,106.53,0.21220667439340887,133.47080927231454,790.4066043788104,0,Inactive Customers,0.664348246654183,Low,265.3013626158612,158.0813208757621,1.6782587667290847
1844,1844,16316.0,6.0,294.0,358.0,338.165,0.20245578022065022,348.91763583383386,1983.3475548421902,0,Inactive Customers,0.0886160506490891,High,1807.5911274675477,396.6695109684381,4.556919746754554
1845,1845,16317.0,2.0,178.0,297.0,385.445,0.1095769917332691,424.27418754183316,1303.6563215617687,0,Inactive Customers,0.3619202391547947,High,831.8367138864735,260.73126431235374,3.1903988042260267
1846,1846,16320.0,1.0,41.0,213.0,185.78,0.07290175430141169,229.4621862383107,468.11363464382435,1,Inactive Customers,0.6105030175922862,Medium,182.3288481176766,93.62272692876488,1.9474849120385689
1847,1847,16321.0,2.0,251.0,323.0,142.95,0.10357641351792768,158.6128538958873,460.7469585174824,0,Inactive Customers,0.2569401959765948,Medium,342.3625447003805,92.14939170349649,3.7152990201170257
1848,1848,16322.0,1.0,35.0,36.0,113.67,0.23416227679961366,142.11911755669576,928.359878930199,0,Inactive Customers,0.6590602090940426,Low,316.51482300794197,185.6719757860398,1.7046989545297868
1849,1849,16324.0,1.0,49.0,177.0,262.12,0.09303920114096727,321.928832516975,837.8093057008379,0,Inactive Customers,0.5790942583414027,Medium,352.6387471844856,167.5618611401676,2.104528708292986
1850,1850,16325.0,2.0,199.0,245.0,201.71,0.12773647149360284,222.986387226619,798.4299950453963,0,Inactive Customers,0.3920625679466944,Medium,485.39548086223164,159.68599900907927,3.0396871602665274
1851,1851,16326.0,12.0,329.0,334.0,236.98,0.3834464876636774,240.78474138084337,2592.711891196673,0,Inactive Customers,0.0258394931402719,High,2525.7175300693953,518.5423782393347,4.87080253429864
1852,1852,16327.0,5.0,355.0,369.0,661.7239999999999,0.17198030701230607,686.3988456907153,3314.1789132217496,0,Inactive Customers,0.0237081688068449,High,3235.6058000910025,662.8357826443499,4.881459155965775
1853,1853,16330.0,1.0,95.0,112.0,202.95,0.14536026870042404,250.25930854122745,1016.5611839203973,0,Inactive Customers,0.5336978088071653,Low,474.02470754366345,203.31223678407946,2.3315109559641733
1854,1854,16332.0,6.0,277.0,305.0,245.15,0.2298497516681812,253.11797916966285,1633.119481634078,0,Inactive Customers,0.0788899136966808,High,1504.2828266715976,326.6238963268156,4.605550431516596
1855,1855,16341.0,2.0,177.0,201.0,587.11,0.1471654524131282,645.2048988955092,2660.653852598389,0,Inactive Customers,0.2133573338684625,High,2092.983840261144,532.1307705196779,3.9332133306576877
1856,1856,16342.0,3.0,104.0,179.0,61.82,0.20216577254864357,66.9320380948862,379.30288078727557,0,Inactive Customers,0.5219060161425172,Low,181.34242536420845,75.86057615745511,2.390469919287414
1857,1857,16347.0,1.0,25.0,36.0,418.36,0.23162585484000991,511.1741667399055,3302.956558102941,0,Inactive Customers,0.6287787451700675,Medium,1226.1276781477286,660.5913116205883,1.8561062741496623
1858,1858,16348.0,5.0,208.0,240.0,182.41,0.2386016444275959,189.76164251023016,1270.3813708171301,0,Inactive Customers,0.1697949859897004,High,1054.6769837576592,254.07627416342604,4.151025070051498
1859,1859,16350.0,3.0,312.0,333.0,246.59000000000003,0.1299424492084337,263.1066497325453,959.3347216701574,0,Inactive Customers,0.0602811770716474,High,901.5048954421791,191.86694433403147,4.698594114641764
1860,1860,16352.0,1.0,20.0,37.0,289.52,0.22798571486203933,355.1170183702027,2258.5973362939885,0,Inactive Customers,0.6845377622474831,Medium,712.5021698891757,451.71946725879775,1.5773111887625846
1861,1861,16353.0,19.0,366.0,369.0,340.6163157894737,0.5366150353792218,343.96643690043913,5184.345101575383,2,High-Value Active Customers,0.0409860308094232,High,4971.859373515532,1036.8690203150766,4.7950698459528835
1862,1862,16354.0,1.0,10.0,73.0,29.700000000000003,0.16332013102913923,40.41065164080052,184.28748001869033,0,Inactive Customers,0.6992154135762434,Medium,55.43083346049808,36.85749600373807,1.5039229321187828
1863,1863,16356.0,2.0,80.0,277.0,54.885,0.10922846861759021,62.134718892979095,190.2882355034848,1,Inactive Customers,0.5958917948582144,Low,76.89703730891064,38.05764710069696,2.020541025708928
1864,1864,16357.0,2.0,180.0,213.0,260.49,0.14127044705550415,287.38183122220113,1137.7370643085667,0,Inactive Customers,0.3880590913846352,Medium,696.2278528983621,227.54741286171335,3.0597045430768244
1865,1865,16358.0,3.0,183.0,184.0,521.7833333333334,0.20024928919301577,555.285820008778,3117.1075745784333,0,Inactive Customers,0.185908755621191,High,2537.609984251168,623.4215149156867,4.070456221894045
1866,1866,16359.0,7.0,324.0,331.0,149.13714285714286,0.24424502226168116,153.48447028600188,1052.5008718623124,0,Inactive Customers,0.0935909732137597,High,953.996290956388,210.50017437246248,4.532045133931201
1867,1867,16360.0,5.0,84.0,88.0,639.964,0.4406942138912897,663.852403189125,8196.59744797516,0,Inactive Customers,0.1012782843199116,High,7366.4601211832705,1639.319489595032,4.493608578400442
1868,1868,16361.0,3.0,62.0,71.0,175.93999999999997,0.33893159451994076,188.09589954474086,1784.5589826201888,0,Inactive Customers,0.5099224727575441,Medium,874.572253420815,356.91179652403775,2.4503876362122794
1869,1869,16362.0,2.0,59.0,91.0,177.36,0.23495110428612362,196.3101527711507,1290.6585686494802,0,Inactive Customers,0.5628410087062389,Medium,564.2229979754563,258.13171372989603,2.185794956468806
1870,1870,16364.0,1.0,126.0,137.0,359.49,0.1301678112461521,439.86801706182104,1600.6733068603032,0,Inactive Customers,0.5089414928118796,Medium,786.0242445626926,320.1346613720607,2.4552925359406017
1871,1871,16365.0,7.0,350.0,367.0,195.23714285714286,0.22503723163129194,200.76239996490074,1268.6089674811788,0,Inactive Customers,0.0527688949286513,High,1201.6658741706196,253.72179349623576,4.736155525356743
1872,1872,16367.0,1.0,325.0,362.0,633.58,0.06532160841167177,771.858887883397,1412.6397755971952,0,Inactive Customers,0.1740698594320575,Medium,1166.7417684308582,282.52795511943907,4.1296507028397125
1873,1873,16368.0,1.0,26.0,28.0,194.95,0.24951330345918643,240.56932727021206,1674.0751034839786,0,Inactive Customers,0.6451449243575792,Medium,594.0540474779007,334.8150206967957,1.774275378212104
1874,1874,16369.0,2.0,178.0,196.0,599.605,0.14979309910518943,658.8935867608511,2765.488218950596,0,Inactive Customers,0.3096975022950144,High,1909.0234249153086,553.0976437901193,3.4515124885249278
1875,1875,16370.0,3.0,143.0,225.0,308.79,0.17302920169830874,329.14583814983376,1597.0440978627764,0,Inactive Customers,0.2709491428277779,High,1164.3263684886952,319.40881957255533,3.6452542858611094
1876,1876,16374.0,1.0,196.0,262.0,316.73,0.08207995195466437,388.0750671682438,891.79209968107,0,Inactive Customers,0.3571314636541254,Medium,573.3050818467838,178.358419936214,3.2143426817293728
1877,1877,16376.0,1.0,9.0,17.0,95.81,0.27256776779388736,120.48623436915392,915.5769839448747,0,Inactive Customers,0.6102745875203558,Medium,356.82361772478487,183.11539678897495,1.948627062398221
1878,1878,16378.0,2.0,63.0,310.0,109.375,0.09366614645102542,121.83032527813174,320.01402859762584,1,Inactive Customers,0.6073371614545794,Low,125.65761684349917,64.00280571952517,1.963314192727103
1879,1879,16379.0,3.0,74.0,78.0,559.5066666666667,0.3251178878127214,595.3375614513532,5418.729885604771,0,Inactive Customers,0.4124620890971657,High,3183.709236734981,1083.7459771209542,2.9376895545141712
1880,1880,16383.0,1.0,194.0,268.0,358.9,0.08032747559569191,439.15338094308356,987.6750025230639,0,Inactive Customers,0.3547986660668522,Medium,637.2492291203059,197.53500050461278,3.226006669665739
1881,1881,16384.0,1.0,174.0,263.0,175.4,0.08040911235898708,216.88943553916823,488.26805232560974,0,Inactive Customers,0.450699756151768,Medium,268.20576020575874,97.65361046512196,2.7465012192411598
1882,1882,16385.0,2.0,306.0,366.0,203.82999999999998,0.09399897301461818,225.30891770077062,594.1028564925808,0,Inactive Customers,0.214755908646282,Medium,466.51575771716495,118.82057129851617,3.92622045676859
1883,1883,16386.0,1.0,225.0,253.0,256.1,0.08596849775987854,314.6371216105359,757.2245921981181,0,Inactive Customers,0.3327970700653193,Low,505.22246653317814,151.44491843962362,3.3360146496734036
1884,1884,16389.0,3.0,230.0,283.0,396.6066666666666,0.1469897096339816,422.3828380883902,1741.6726835879429,0,Inactive Customers,0.2492061675221037,High,1307.637109033054,348.3345367175886,3.753969162389481
1885,1885,16393.0,12.0,367.0,369.0,238.45083333333332,0.3543452930980613,242.27726670523245,2411.0844581086226,0,Inactive Customers,0.017745210658932,High,2368.2992564830083,482.2168916217245,4.91127394670534
1886,1886,16394.0,4.0,233.0,289.0,267.8925,0.17618339904866945,281.0629024016058,1389.5342816772231,0,Inactive Customers,0.1640549164781579,High,1161.574351153129,277.9068563354446,4.179725417609211
1887,1887,16395.0,4.0,270.0,330.0,296.44000000000005,0.1590818198811128,310.91185407300907,1388.1776939595413,0,Inactive Customers,0.1346942891206988,High,1201.1980862984499,277.6355387919083,4.326528554396505
1888,1888,16398.0,1.0,99.0,253.0,381.25,0.07456122528855115,466.22476611898287,973.1589651079048,1,Inactive Customers,0.5021723499757683,High,484.46544069968155,194.63179302158096,2.4891382501211585
1889,1889,16399.0,1.0,216.0,235.0,205.16,0.09101790725964476,252.93616586734547,644.374958929688,0,Inactive Customers,0.3544197207243731,Medium,415.99576594404857,128.8749917859376,3.2279013963781344
1890,1890,16401.0,11.0,326.0,327.0,288.9472727272727,0.36122879816517783,293.94068725361353,2981.5383355714443,0,Inactive Customers,0.0295835631854801,High,2893.3338078311353,596.3076671142888,4.8520821840726
1891,1891,16402.0,1.0,105.0,369.0,87.80000000000001,0.047484103817286155,110.78414062154977,147.39459111694902,1,Inactive Customers,0.5429825543756386,Low,67.36189953111523,29.478918223389805,2.2850872281218066
1892,1892,16405.0,1.0,8.0,310.0,68.0,0.027975723934944397,86.80143697578669,68.01258269389378,1,Inactive Customers,0.7368259192167672,Low,17.8991489321591,13.602516538778756,1.3158704039161637
1893,1893,16407.0,8.0,300.0,312.0,232.96125,0.2854205823667069,238.621195414543,1912.1313144869625,0,Inactive Customers,0.086033348006658,High,1747.6242556732773,382.4262628973925,4.5698332599667095
1894,1894,16409.0,4.0,281.0,317.0,439.33000000000004,0.16433565439060271,460.3160647508899,2122.9960402405213,0,Inactive Customers,0.083467422969901,High,1945.7950317863406,424.5992080481043,4.582662885150494
1895,1895,16411.0,1.0,350.0,369.0,83.15,0.06471010381798388,105.15183900777207,190.65345363060896,0,Inactive Customers,0.2100784343813773,Low,150.60127458248812,38.13069072612179,3.9496078280931135
1896,1896,16414.0,1.0,259.0,280.0,75.45,0.08002447626170842,95.82523203441976,214.72410129842945,0,Inactive Customers,0.3619765684246363,Low,136.99900795235996,42.94482025968589,3.190117157876818
1897,1897,16416.0,2.0,30.0,56.0,338.805,0.2905455256265704,373.1785171104968,3031.993960027952,0,Inactive Customers,0.6139978291299817,Medium,1170.3562506355731,606.3987920055905,1.9300108543500913
1898,1898,16418.0,2.0,182.0,226.0,249.70499999999998,0.1353624270326834,275.5665052015758,1045.4502328585918,0,Inactive Customers,0.3648111701072318,Medium,664.0583101205709,209.09004657171837,3.1759441494638407
1899,1899,16419.0,4.0,199.0,311.0,179.89249999999998,0.16547809330758884,189.05107134517417,877.947372346384,0,Inactive Customers,0.201443618937042,Medium,701.0904764246617,175.5894744692768,3.9927819053147897
1900,1900,16422.0,47.0,352.0,369.0,517.3651063829788,1.2649552450076529,519.3702896089969,18454.86842134422,2,High-Value Active Customers,0.0005902302315192,High,18443.975800083237,3690.9736842688444,4.997048848842405
1901,1901,16426.0,6.0,274.0,276.0,263.31333333333333,0.24815381553071597,271.8250812199797,1893.2183162975557,0,Inactive Customers,0.0294884306608994,High,1837.3902792514707,378.6436632595112,4.852557846695503
1902,1902,16427.0,1.0,21.0,284.0,131.26,0.03991504512792653,163.42496387634083,182.66168476997356,1,Inactive Customers,0.7054956798111321,Low,53.79465529773434,36.532336953994715,1.4725216009443391
1903,1903,16431.0,1.0,84.0,297.0,298.88,0.05874017464778766,366.4542964572907,602.8271198435157,1,Inactive Customers,0.5013364064488658,Medium,300.60793787124777,120.56542396870314,2.493317967755671
1904,1904,16434.0,6.0,270.0,299.0,186.875,0.23336499523486048,193.09835876322765,1264.8913855085805,0,Inactive Customers,0.1284352268553271,High,1102.434773463437,252.97827710171612,4.357823865723365
1905,1905,16438.0,4.0,77.0,82.0,148.4875,0.3867809126680354,156.21434913691016,1692.2718841172912,0,Inactive Customers,0.4455552258730938,Medium,938.2713025507254,338.45437682345823,2.7722238706345306
1906,1906,16440.0,4.0,207.0,214.0,842.0525,0.21987955017438007,881.398276485251,5435.712374965957,0,Inactive Customers,0.070391970340774,High,5053.081870686375,1087.1424749931914,4.64804014829613
1907,1907,16441.0,1.0,224.0,291.0,170.2,0.07606839602415773,210.5909477130082,448.60183083427484,0,Inactive Customers,0.3860047438455606,Medium,275.4393960344411,89.72036616685497,3.069976280772197
1908,1908,16442.0,2.0,359.0,360.0,224.09,0.09554774104651069,247.50442119431426,663.3623801666274,0,Inactive Customers,0.0948150761418176,Medium,600.4656255815113,132.6724760333255,4.525924619290912
1909,1909,16444.0,3.0,218.0,264.0,172.98000000000002,0.15488725948350782,184.95319861684422,803.5287940936988,0,Inactive Customers,0.2383928964963608,Medium,611.973237451474,160.70575881873978,3.8080355175181952
1910,1910,16449.0,1.0,83.0,280.0,291.0,0.0630904941615549,356.90966490534055,630.5220970790388,1,Inactive Customers,0.581835326831373,Medium,263.66206665065357,126.10441941580775,2.090823365843135
1911,1911,16454.0,1.0,20.0,64.0,1.0,0.18107751626464957,5.647843831032823,28.550706311925858,0,Inactive Customers,0.7154926982370003,Low,8.12288441623387,5.7101412623851715,1.4225365088149984
1912,1912,16455.0,5.0,308.0,371.0,291.976,0.17092159039553034,303.2875395290384,1455.3766459323135,0,Inactive Customers,0.1386300801369542,High,1253.6176648772653,291.07532918646274,4.306849599315228
1913,1913,16456.0,4.0,274.0,373.0,342.7425,0.14400048581075497,359.3252382490366,1452.501822553961,0,Inactive Customers,0.1288096308446805,High,1265.4055989895596,290.50036451079217,4.355951845776598
1914,1914,16458.0,17.0,358.0,360.0,193.46117647058824,0.4941955826740765,195.68418432409672,2716.117841856964,2,High-Value Active Customers,0.0208522739380564,High,2659.48060857052,543.2235683713928,4.895738630309718
1915,1915,16460.0,2.0,53.0,81.0,277.94,0.2486727477498573,306.4988863042513,2132.4156056470256,0,Inactive Customers,0.5044203888286148,Medium,1056.7816967023468,426.48312112940516,2.477898055856926
1916,1916,16462.0,2.0,210.0,283.0,51.0,0.11451980049473554,57.87857224577194,185.84770716893627,0,Inactive Customers,0.4128064195211524,Low,109.12858059631209,37.16954143378725,2.935967902394238
1917,1917,16463.0,3.0,183.0,204.0,367.6766666666667,0.18652876231242452,391.667183411346,2048.3373349325257,0,Inactive Customers,0.1736736068693876,High,1692.595201889565,409.66746698650513,4.131631965653062
1918,1918,16464.0,2.0,123.0,142.0,435.415,0.18429209870209007,479.01798367077566,2472.1260518389545,0,Inactive Customers,0.3166180982554164,High,1689.4062026580336,494.4252103677909,3.4169095087229175
1919,1919,16466.0,6.0,259.0,292.0,245.8066666666667,0.23757430451924652,253.7943049365765,1692.4113470900893,0,Inactive Customers,0.1167631304791266,High,1494.8001001454547,338.4822694180179,4.416184347604366
1920,1920,16469.0,2.0,223.0,246.0,186.775,0.12761031509556833,206.6245982495176,739.1194772313512,0,Inactive Customers,0.2531170192093682,Medium,552.0357583149652,147.82389544627026,3.734414903953159
1921,1921,16470.0,3.0,307.0,358.0,182.01666666666665,0.12257173962843403,194.547638048745,669.1958730610462,0,Inactive Customers,0.0683381619751701,Medium,623.4642570946851,133.83917461220923,4.65830919012415
1922,1922,16473.0,2.0,172.0,336.0,83.35,0.09865143806447375,93.31907264143513,258.20692212366237,1,Inactive Customers,0.4162861144289842,Low,150.71896579413564,51.64138442473248,2.9185694278550787
1923,1923,16474.0,5.0,138.0,145.0,303.18600000000004,0.33461970296302435,314.9026875273302,2954.300472468557,0,Inactive Customers,0.1717381982854714,High,2446.93423213289,590.8600944937115,4.141309008572642
1924,1924,16475.0,2.0,130.0,273.0,74.65,0.11552020831226857,83.78793343147318,271.37485397182024,0,Inactive Customers,0.5117598814485343,Medium,132.49609087508819,54.27497079436405,2.441200592757328
1925,1925,16477.0,6.0,308.0,371.0,378.135,0.1968050556872785,390.0842463468362,2155.5643150405253,0,Inactive Customers,0.086294894718863,High,1969.5501194143653,431.1128630081051,4.568525526405685
1926,1926,16478.0,2.0,40.0,65.0,64.05,0.27406112507741676,72.1752810607149,553.2436628211778,0,Inactive Customers,0.6535943316263266,Low,191.6467407930693,110.64873256423557,1.7320283418683668
1927,1927,16484.0,1.0,17.0,190.0,118.6,0.07113312003808939,148.090568514959,294.70534007071404,1,Inactive Customers,0.6972216079030598,Medium,89.23040900899277,58.941068014142814,1.513891960484701
1928,1928,16488.0,2.0,115.0,148.0,95.92,0.17938060029492311,107.08992549996641,537.9822175965935,0,Inactive Customers,0.4889159693210654,Medium,274.95412020285863,107.59644351931871,2.5554201533946723
1929,1929,16493.0,3.0,250.0,329.0,407.9433333333333,0.13072823960766913,434.41924107912973,1593.5195566085324,0,Inactive Customers,0.1980586631040098,High,1277.909203596552,318.7039113217065,4.0097066844799505
1930,1930,16495.0,1.0,273.0,276.0,390.05,0.08141078741506579,476.8837455170998,1087.071167530801,0,Inactive Customers,0.1777065362196154,Medium,893.891515724689,217.4142335061602,4.111467318901923
1931,1931,16496.0,2.0,308.0,316.0,431.41,0.10582082201911293,474.6303730344656,1408.5513942519633,0,Inactive Customers,0.1400051647343571,High,1211.3469242629087,281.7102788503927,4.299974176328214
1932,1932,16497.0,4.0,284.0,333.0,654.6475,0.15806160204211997,685.4496719496764,3040.8500360218595,0,Inactive Customers,0.1044080538050876,High,2723.3608018476866,608.1700072043719,4.477959730974562
1933,1933,16498.0,1.0,1.0,162.0,9.75,0.07484531634508676,16.2462608462059,34.00571506352526,1,Inactive Customers,0.7304883086930287,Low,9.164937780873643,6.801143012705052,1.3475584565348564
1934,1934,16499.0,1.0,4.0,364.0,147.35,0.018247735040087674,182.91393870767052,93.51858041113091,1,Inactive Customers,0.7237968111890659,Medium,25.830130122626112,18.703716082226183,1.3810159440546703
1935,1935,16500.0,3.0,32.0,36.0,50.18000000000001,0.43185416575957236,54.57357904058978,659.2318186324972,0,Inactive Customers,0.6902600952235382,Low,204.19040072884343,131.84636372649945,1.548699523882309
1936,1936,16503.0,3.0,254.0,360.0,303.31333333333333,0.12150542341532763,323.3311336177006,1102.513508474886,0,Inactive Customers,0.2149146178506201,High,865.5672391258596,220.50270169497722,3.9254269107468995
1937,1937,16506.0,1.0,21.0,40.0,35.1,0.22226909903340217,46.95138899873591,291.1554339484004,0,Inactive Customers,0.7215297771787199,Low,81.07811856723755,58.231086789680084,1.3923511141064002
1938,1938,16511.0,2.0,245.0,266.0,304.755,0.12050577816440589,335.87561020254213,1134.738428887076,0,Inactive Customers,0.2084392367676676,Medium,898.2144168389116,226.94768577741522,3.9578038161616615
1939,1939,16513.0,3.0,39.0,43.0,255.38,0.4094504733110048,272.43919742045466,3120.77063762547,0,Inactive Customers,0.6217619773064261,Medium,1180.3941152556215,624.154127525094,1.8911901134678692
1940,1940,16515.0,4.0,259.0,311.0,326.655,0.16664019953007667,342.50432538403265,1601.7497678993373,0,Inactive Customers,0.1566336954647576,High,1350.8617825434462,320.3499535798675,4.216831522676212
1941,1941,16518.0,1.0,223.0,284.0,293.62,0.07770409727929732,360.08313377159806,783.5002434757791,0,Inactive Customers,0.36549540172174,Medium,497.13450723751816,156.70004869515583,3.1725229913913
1942,1942,16519.0,1.0,340.0,365.0,111.38,0.06515411461908092,139.3453604178676,254.37781304237836,0,Inactive Customers,0.2463089408908297,Low,191.72228332578467,50.875562608475676,3.7684552955458517
1943,1943,16520.0,2.0,179.0,365.0,360.405,0.09200788766154469,396.842035149023,1024.2377534880982,1,Inactive Customers,0.312120458481315,Medium,704.5521962755209,204.84755069761965,3.439397707593425
1944,1944,16523.0,17.0,314.0,315.0,506.28058823529415,0.5488625001706683,511.7461127642021,7887.569998685566,2,High-Value Active Customers,0.0155874784001315,High,7764.62267170153,1577.5139997371134,4.922062607999342
1945,1945,16525.0,25.0,364.0,366.0,396.65240000000006,0.6973949446561669,399.58650881006673,7827.410360815284,2,High-Value Active Customers,0.017081562477443,High,7693.705961700433,1565.4820721630567,4.914592187612786
1946,1946,16531.0,6.0,338.0,360.0,186.31166666666664,0.20193353576681805,192.51816051648444,1091.513488265687,0,Inactive Customers,0.1092800997759133,High,972.2327853612576,218.30269765313744,4.453599501120433
1947,1947,16533.0,2.0,49.0,68.0,359.295,0.26929876425802685,395.625993249821,2980.067574978216,0,Inactive Customers,0.4981154242077072,Medium,1495.6499507003084,596.0135149956432,2.509422878961464
1948,1948,16539.0,3.0,371.0,373.0,315.4866666666667,0.11883551792263565,336.25584509143783,1121.452430889067,0,Inactive Customers,0.1211894361021907,High,985.54424317419,224.29048617781342,4.394052819489046
1949,1949,16546.0,1.0,82.0,372.0,487.75,0.041993191475130316,595.2226417893752,700.3611963918588,1,Inactive Customers,0.5852865175707468,Medium,290.4492307139859,140.07223927837177,2.073567412146266
1950,1950,16549.0,7.0,324.0,334.0,576.45,0.24250889451448646,591.7158631469424,4028.824786986283,0,Inactive Customers,0.0018619563291585,High,4021.3232911750833,805.7649573972567,4.9906902183542075
1951,1951,16550.0,4.0,260.0,368.0,428.59000000000003,0.14540083597069908,449.0864390060481,1832.9617090540976,0,Inactive Customers,0.0669135755740357,High,1710.3116872109927,366.59234181081956,4.665432122129821
1952,1952,16551.0,2.0,241.0,336.0,213.365,0.10019518567065566,235.75482716824047,662.5238154742603,0,Inactive Customers,0.3114967847707252,Medium,456.149777119995,132.50476309485208,3.4425160761463736
1953,1953,16552.0,1.0,131.0,373.0,284.44,0.051107535988187174,348.9638802631079,499.7258735962856,1,Inactive Customers,0.5357936993328587,Medium,231.97589912978722,99.94517471925712,2.3210315033357065
1954,1954,16553.0,5.0,197.0,360.0,776.284,0.17133847468989086,805.0992341549714,3872.6675145364225,0,Inactive Customers,0.1011407119435924,High,3480.9831649953862,774.5335029072845,4.494296440282038
1955,1955,16554.0,2.0,289.0,331.0,418.125,0.10187775999782782,460.0762139075294,1314.5936394743505,0,Inactive Customers,0.2061899023402975,Medium,1043.5377053339578,262.91872789487013,3.9690504882985116
1956,1956,16555.0,1.0,74.0,109.0,133.91,0.14499750827177638,166.63477017236468,675.1503704925414,0,Inactive Customers,0.6223227613611799,Low,254.98892759359933,135.03007409850827,1.8883861931941004
1957,1957,16556.0,6.0,294.0,360.0,494.84,0.20153619437944048,510.28312750570393,2887.4416448706966,0,Inactive Customers,0.0562762267495626,High,2724.947324137823,577.4883289741393,4.718618866252187
1958,1958,16557.0,1.0,113.0,137.0,180.7,0.12902638940495922,223.30904813121592,805.4926458147431,0,Inactive Customers,0.5785865789718919,Low,339.4454114857731,161.09852916294864,2.1070671051405405
1959,1959,16558.0,19.0,366.0,366.0,403.5468421052632,0.5401543175661678,407.47996731332415,6182.085991652645,2,High-Value Active Customers,0.0049177376176193,High,6151.6841148161375,1236.4171983305291,4.975411311911903
1960,1960,16560.0,1.0,332.0,358.0,484.23,0.06613861823529742,590.9590500301284,1095.0604175905569,0,Inactive Customers,0.2096651277201547,Medium,865.4644352751469,219.01208351811138,3.9516743613992267
1961,1961,16561.0,1.0,54.0,59.0,246.16,0.19784266862125843,302.5973198812993,1671.0977193276542,0,Inactive Customers,0.6382297625630985,Medium,604.55341870143,334.21954386553085,1.8088511871845074
1962,1962,16566.0,4.0,277.0,292.0,129.94,0.1751677344144353,136.82128735828326,672.5356993180912,0,Inactive Customers,0.1598589723003279,Medium,565.0248335898189,134.50713986361825,4.2007051384983605
1963,1963,16567.0,1.0,142.0,336.0,147.0,0.059741773325411536,182.4900020270636,305.4072152630508,1,Inactive Customers,0.4785582086374094,Medium,159.2520854218255,61.081443052610155,2.607208956812953
1964,1964,16570.0,8.0,296.0,311.0,411.0425,0.28610648427673,420.6712506043208,3379.0304452123946,0,Inactive Customers,0.0578107876301954,High,3183.6860337482562,675.806089042479,4.710946061849023
1965,1965,16571.0,2.0,255.0,281.0,475.855,0.1156280087623335,523.321347998461,1696.620346888577,0,Inactive Customers,0.1991264979414365,High,1358.7782788764696,339.32406937771543,4.004367510292817
1966,1966,16572.0,2.0,148.0,275.0,315.535,0.11565073311680801,347.6854585569548,1127.3814859193167,0,Inactive Customers,0.445251990241223,Medium,625.4126355526337,225.47629718386335,2.773740048793885
1967,1967,16573.0,1.0,206.0,290.0,370.98,0.0754099472690288,453.78525266231685,958.2804212865949,0,Inactive Customers,0.3886013019688381,Medium,585.8914019233774,191.65608425731898,3.0569934901558096
1968,1968,16584.0,1.0,174.0,254.0,324.14,0.08299078029031022,397.05041232052173,922.4756292912301,0,Inactive Customers,0.4512015425577183,Medium,506.2532023831252,184.49512585824604,2.7439922872114084
1969,1969,16589.0,2.0,90.0,161.0,170.78,0.16887080535727744,189.10154403534037,894.4556519428536,0,Inactive Customers,0.557748013549722,Medium,395.57478886340544,178.89113038857073,2.21125993225139
1970,1970,16592.0,8.0,283.0,287.0,457.3,0.30430751341282536,467.9596677057346,3997.572091139542,2,High-Value Active Customers,0.0501868633917642,High,3796.9464867027928,799.5144182279084,4.749065683041179
1971,1971,16593.0,2.0,277.0,327.0,130.215,0.10278928212712345,144.6612380523395,417.0353518097906,0,Inactive Customers,0.2602594054697459,Low,308.49797908790816,83.40707036195812,3.69870297265127
1972,1972,16596.0,1.0,351.0,366.0,129.5,0.06520781264571766,161.29316799671744,294.68850476297456,0,Inactive Customers,0.2336818233383972,Low,225.8251576530967,58.937700952594916,3.8315908833080137
1973,1973,16600.0,5.0,334.0,338.0,137.53199999999998,0.18442201710385697,143.26167713401784,741.6696921227766,0,Inactive Customers,0.0428461066398678,Medium,709.8920334025262,148.33393842455533,4.7857694668006605
1974,1974,16603.0,1.0,17.0,91.0,185.85,0.14514652216583002,229.54697357443206,930.6883368337109,0,Inactive Customers,0.6730652943210075,Medium,304.2743174816003,186.1376673667422,1.6346735283949623
1975,1975,16607.0,12.0,341.0,358.0,222.9675,0.36289870665778173,226.56558368701775,2309.0675960176577,0,Inactive Customers,0.0344588527413064,High,2229.4997757567626,461.81351920353154,4.827705736293467
1976,1976,16609.0,6.0,237.0,252.0,822.6550000000001,0.2653719879492291,847.9121599130065,6314.515673131088,0,Inactive Customers,0.0745937441568238,High,5843.492306535293,1262.9031346262177,4.62703127921588
1977,1977,16612.0,3.0,279.0,311.0,302.5366666666667,0.1369677658405056,322.50652853188984,1239.3576735294876,0,Inactive Customers,0.1293224743002851,High,1079.0808726456094,247.87153470589752,4.353387628498575
1978,1978,16616.0,1.0,142.0,157.0,290.32,0.1195012961207999,356.08601649730423,1189.9576748072998,0,Inactive Customers,0.4908790083872575,Medium,605.8324313750858,237.99153496145996,2.5456049580637123
1979,1979,16618.0,3.0,291.0,322.0,611.5600000000001,0.13333861846178668,650.6037975887796,2434.0895758153774,0,Inactive Customers,0.1102631958042729,High,2165.699080312107,486.8179151630755,4.448684020978636
1980,1980,16620.0,1.0,257.0,260.0,83.2,0.08510828027821757,105.21240139071591,250.69275137652693,0,Inactive Customers,0.3551425257838284,Low,161.66109445696986,50.13855027530539,3.2242873710808584
1981,1981,16621.0,3.0,226.0,277.0,216.87666666666667,0.14939333837349666,231.5593118144472,970.4018626543605,0,Inactive Customers,0.2643245037025203,Medium,713.9008719162453,194.0803725308721,3.6783774814873977
1982,1982,16624.0,1.0,117.0,197.0,384.14,0.09791155717548071,469.72527185313714,1286.7742563628663,0,Inactive Customers,0.5149994130687207,Medium,624.0862695840507,257.3548512725733,2.4250029346563964
1983,1983,16626.0,15.0,266.0,266.0,201.48666666666668,0.5569551815800703,204.10397244890214,3191.49198112746,2,High-Value Active Customers,0.0553200876908406,High,3014.938364866874,638.2983962254921,4.723399561545796
1984,1984,16628.0,4.0,205.0,234.0,456.85,0.206188471340691,478.634783843034,2768.397393411413,0,Inactive Customers,0.2349234725988611,High,2118.0358642175684,553.6794786822826,3.8253826370056943
1985,1985,16629.0,1.0,23.0,96.0,180.95,0.1427682641911244,223.61186004593515,891.8573374372762,0,Inactive Customers,0.6437182574907403,Medium,317.7524862518216,178.37146748745525,1.7814087125462985
1986,1986,16633.0,5.0,217.0,234.0,480.12600000000003,0.2431640619737502,498.2375926850245,3399.161643463034,0,Inactive Customers,0.1328480791541496,High,2947.589548394508,679.8323286926069,4.335759604229252
1987,1987,16634.0,1.0,150.0,372.0,53.1,0.053795773348962524,68.75384685852053,103.63558620666721,1,Inactive Customers,0.5257113540677084,Low,49.15318185235947,20.727117241333445,2.3714432296614576
1988,1988,16637.0,3.0,193.0,225.0,271.6333333333333,0.17406521171506298,289.6957399029144,1414.0449898954303,0,Inactive Customers,0.2246787410005042,Medium,1096.3391418476542,282.8089979790861,3.876606294997478
1989,1989,16638.0,9.0,346.0,368.0,167.82444444444445,0.276703036713736,171.55589318622282,1333.0731070156212,0,Inactive Customers,0.0658692980797073,High,1245.2645171675676,266.61462140312426,4.670653509601463
1990,1990,16639.0,2.0,204.0,235.0,474.65500000000003,0.13181329798529978,522.0067081074318,1928.6146189105464,0,Inactive Customers,0.307098285810758,High,1336.340375453549,385.7229237821093,3.464508570946209
1991,1991,16642.0,1.0,203.0,207.0,380.6,0.10013900699225292,465.43745514071287,1304.1822261505126,0,Inactive Customers,0.3919254796790277,Medium,793.0399815776108,260.8364452301025,3.0403726016048616
1992,1992,16644.0,1.0,35.0,212.0,111.37,0.07068978907625648,139.33324794127884,275.6188577314888,1,Inactive Customers,0.6085865422960819,Medium,107.88093011308631,55.12377154629776,1.9570672885195903
1993,1993,16647.0,1.0,35.0,204.0,86.31,0.07417879393015613,108.97938160982315,226.19512484826805,1,Inactive Customers,0.6808020511766691,Low,72.2010198854044,45.23902496965361,1.5959897441166544
1994,1994,16652.0,4.0,215.0,273.0,1187.3725,0.18384522747742196,1242.4610662626028,6409.117080530639,0,Inactive Customers,0.1523844356015057,High,5432.4673915100075,1281.823416106128,4.238077821992471
1995,1995,16653.0,1.0,55.0,71.0,94.80000000000001,0.18150053889727827,119.26287423368824,604.3990742631812,0,Inactive Customers,0.5784980544441377,High,254.75538569409298,120.87981485263624,2.1075097277793113
1996,1996,16654.0,3.0,227.0,368.0,124.62333333333333,0.11879339771595804,133.61179956166714,445.44363108810273,0,Inactive Customers,0.2021371688856856,Medium,355.4029166017939,89.08872621762055,3.9893141555715723
1997,1997,16655.0,5.0,314.0,331.0,593.0640000000001,0.18741379114524678,615.2573593782521,3236.780902200571,0,Inactive Customers,0.0267149504536767,High,3150.3104607688756,647.3561804401143,4.866425247731616
1998,1998,16656.0,14.0,342.0,364.0,203.69714285714286,0.41069836297941426,206.53164174420624,2382.2745902627134,2,High-Value Active Customers,0.0427316897329515,High,2280.475971612913,476.4549180525427,4.786341551335242
1999,1999,16657.0,3.0,245.0,254.0,230.35666666666665,0.15967639252245278,245.87134171581454,1101.1460102476149,0,Inactive Customers,0.1154895553043789,Medium,973.9751471989268,220.229202049523,4.422552223478105
2000,2000,16660.0,2.0,303.0,319.0,492.525,0.10500754871871783,541.5838871513421,1594.9229779222267,0,Inactive Customers,0.173896215862693,High,1317.571907469094,318.98459558444534,4.1305189206865345
2001,2001,16667.0,1.0,216.0,284.0,332.88,0.07737889600148412,407.63671685910606,883.2593856420249,0,Inactive Customers,0.3712354214033926,Medium,555.3622154047061,176.65187712840498,3.143822892983037
2002,2002,16668.0,5.0,269.0,284.0,51.192,0.2108493648747618,53.80120628901207,318.36400155043685,0,Inactive Customers,0.1686075630766633,Low,264.68542307768263,63.672800310087375,4.156962184616683
2003,2003,16669.0,1.0,55.0,78.0,645.38,0.17285805619465153,786.1516102581446,3794.9338025244083,0,Inactive Customers,0.475750441289566,High,1989.4923713087303,758.9867605048817,2.62124779355217
2004,2004,16670.0,9.0,342.0,358.0,410.25444444444446,0.2828941821180344,418.77661906713615,3326.794121369086,0,Inactive Customers,0.0312016110686834,High,3222.9927850885456,665.3588242738173,4.843991944656582
2005,2005,16671.0,1.0,129.0,164.0,156.75,0.11473943750128307,194.2996667011136,623.4912811849148,0,Inactive Customers,0.6316788427115752,Medium,229.64503024527053,124.69825623698296,1.8416057864421242
2006,2006,16672.0,17.0,264.0,266.0,409.38235294117646,0.6240024867514801,413.84348281955585,7250.318072989929,2,High-Value Active Customers,0.0773992438363126,High,6689.148936567757,1450.0636145979859,4.6130037808184365
2007,2007,16674.0,1.0,44.0,98.0,197.41,0.14854507772379433,243.5489965110493,1010.7185768148983,0,Inactive Customers,0.606193002945605,Low,398.02804760256697,202.14371536297966,1.969034985271975
2008,2008,16676.0,3.0,304.0,337.0,349.1333333333334,0.12867029863121396,371.97929460291215,1343.0513128941886,0,Inactive Customers,0.0981995135816861,High,1211.1643272527344,268.61026257883776,4.509002432091569
2009,2009,16678.0,11.0,280.0,282.0,254.34636363636363,0.4046997153557051,258.78234257904603,2940.2490093344477,0,Inactive Customers,0.0576911662089598,High,2770.622615041205,588.0498018668895,4.711544168955202
2010,2010,16681.0,5.0,181.0,253.0,293.748,0.2287812905296092,305.12358254892894,1958.7653558103834,0,Inactive Customers,0.2786518756308098,High,1412.9517154931696,391.7530711620767,3.606740621845951
2011,2011,16682.0,4.0,183.0,187.0,125.625,0.24119063562428011,132.30957086955027,894.8697961307457,0,Inactive Customers,0.3304192924999279,Medium,599.1875512136701,178.97395922614916,3.3479035375003607
2012,2012,16684.0,11.0,354.0,358.0,2116.3127272727274,0.33632055182583354,2150.745788197821,20313.717109781646,2,High-Value Active Customers,0.0052863357300241,High,20206.331981214604,4062.7434219563293,4.973568321349879
2013,2013,16686.0,6.0,308.0,355.0,419.925,0.20400573956286444,433.1253435031627,2480.8289270763908,0,Inactive Customers,0.0168153797378858,High,2439.1128466028695,496.16578541527815,4.915923101310571
2014,2014,16688.0,3.0,59.0,60.0,359.03666666666663,0.3637290663789421,382.49389421640427,3893.5990801358057,0,Inactive Customers,0.5479839671499825,High,1759.9692097114641,778.7198160271612,2.260080164250087
2015,2015,16689.0,1.0,7.0,82.0,128.44,0.14971325046692513,160.00924547830792,669.0381466347692,0,Inactive Customers,0.7250022948783671,Medium,183.98395496339205,133.80762932695384,1.3749885256081644
2016,2016,16690.0,1.0,129.0,201.0,122.13,0.09757971362721621,152.36627275079454,415.99948550557843,0,Inactive Customers,0.5451140852557491,Low,189.2323064973428,83.1998971011157,2.274429573721254
2017,2017,16693.0,1.0,203.0,271.0,304.5,0.08002747444757448,373.261508300179,836.3678002232624,0,Inactive Customers,0.3867474835887585,Medium,512.9046581322501,167.2735600446525,3.066262582056207
2018,2018,16696.0,3.0,113.0,248.0,207.5,0.15876126154774794,221.60388646515287,986.7362011841354,0,Inactive Customers,0.5308333250646975,Medium,462.94374254785254,197.3472402368271,2.3458333746765123
2019,2019,16700.0,12.0,358.0,366.0,394.96750000000003,0.3566305412811569,401.10225618214776,4017.3759824359277,2,High-Value Active Customers,0.0131392927588232,High,3964.590503280437,803.4751964871856,4.934303536205884
2020,2020,16701.0,11.0,353.0,361.0,415.20909090909095,0.3340688451275389,422.2366378371855,3961.3500226244782,2,High-Value Active Customers,0.0169621700170953,High,3894.1569300434976,792.2700045248957,4.915189149914523
2021,2021,16705.0,11.0,358.0,358.0,1137.5154545454545,0.3363420048380284,1156.1796688320842,10920.772217697855,2,High-Value Active Customers,0.006201035766575,High,10853.052118577292,2184.1544435395713,4.968994821167125
2022,2022,16706.0,2.0,77.0,114.0,111.435,0.20866223727535516,124.08712375773193,724.801416717137,0,Inactive Customers,0.5086005807350826,Medium,356.16699525719054,144.96028334342742,2.456997096324587
2023,2023,16709.0,3.0,197.0,281.0,613.8466666666667,0.1473177055951579,653.0316048371322,2698.717734704377,0,Inactive Customers,0.2627503666730534,High,1989.62866036373,539.7435469408755,3.6862481666347326
2024,2024,16710.0,8.0,349.0,368.0,261.3275,0.25063225448973764,267.6196294328747,1883.5229665578038,0,Inactive Customers,0.0171533664622491,High,1851.2142068723754,376.70459331156076,4.914233167688755
2025,2025,16711.0,4.0,354.0,357.0,351.64750000000004,0.14985743983275213,368.6362081985539,1550.6497828752474,0,Inactive Customers,0.1342586360828051,High,1342.461657984319,310.1299565750495,4.328706819585975
2026,2026,16712.0,8.0,267.0,276.0,405.095,0.3133685562906251,414.5912017320156,3646.933825183741,0,Inactive Customers,0.0384958799555545,High,3506.541898443617,729.3867650367483,4.807520600222227
2027,2027,16713.0,14.0,348.0,366.0,436.1385714285715,0.40895400434371865,441.9052370306334,5075.615030592105,2,High-Value Active Customers,0.0060307045091265,High,5045.005496140523,1015.123006118421,4.969846477454367
2028,2028,16716.0,1.0,45.0,311.0,166.8,0.04350901783580548,206.47270567282672,251.60901511370471,1,Inactive Customers,0.8933266573451255,Medium,26.839974684279717,50.321803022740944,0.5333667132743725
2029,2029,16717.0,5.0,343.0,366.0,702.236,0.17306624976231633,728.3750165833825,3539.021757755374,0,Inactive Customers,0.0286126421220243,High,3437.7609947386622,707.8043515510749,4.856936789389878
2030,2030,16719.0,6.0,354.0,368.0,226.615,0.19846193843818755,234.02808360152426,1304.0878744842425,0,Inactive Customers,0.0502881270892172,High,1238.507737716672,260.8175748968485,4.748559364553914
2031,2031,16722.0,12.0,351.0,368.0,346.7375,0.35501059578330557,352.1609555167982,3511.1889221916977,2,High-Value Active Customers,0.0138898756489823,High,3462.418944682371,702.2377844383395,4.930550621755089
2032,2032,16725.0,5.0,69.0,371.0,128.38400000000001,0.07051569731912,133.78305323674996,264.8566104965433,1,Inactive Customers,0.4910940284748237,Medium,134.78711067960856,52.97132209930866,2.5445298576258812
2033,2033,16726.0,3.0,335.0,361.0,417.48333333333335,0.12189295360198335,444.54808123187786,1520.6874337466336,0,Inactive Customers,0.061095595253422,High,1427.7801297874842,304.13748674932674,4.6945220237328895
2034,2034,16728.0,3.0,218.0,264.0,276.7266666666667,0.15488725948350782,295.1034505085745,1282.076338735181,0,Inactive Customers,0.1575033710994869,Medium,1080.1449933775025,256.41526774703624,4.212483144502565
2035,2035,16729.0,18.0,203.0,241.0,374.2027777777778,0.7047677096954934,378.06944648907785,7480.033389785809,2,High-Value Active Customers,0.0153047475297977,High,7365.55336724068,1496.0066779571619,4.923476262351011
2036,2036,16730.0,2.0,267.0,319.0,278.045,0.10476653100385848,306.6139172947164,900.8819532178079,0,Inactive Customers,0.1892512989813652,Medium,730.3888733424683,180.1763906435616,4.053743505093173
2037,2037,16734.0,1.0,62.0,114.0,344.35,0.13851137416284437,421.5297275064244,1631.6479958480502,0,Inactive Customers,0.578814482693742,Medium,687.2265051929801,326.32959916961005,2.1059275865312896
2038,2038,16735.0,3.0,256.0,334.0,546.7333333333332,0.12921527420559573,581.7758160057448,2109.3996957787713,0,Inactive Customers,0.1290149871345513,High,1837.2555211662468,421.8799391557543,4.354925064327244
2039,2039,16743.0,5.0,329.0,358.0,361.562,0.17610972028783864,375.3884930178104,1855.9524165471303,0,Inactive Customers,0.0399599294484358,High,1781.788688922253,371.1904833094261,4.8002003527578205
2040,2040,16744.0,6.0,162.0,173.0,196.35833333333335,0.3445310540652645,202.86560143769117,1960.3554107613131,0,Inactive Customers,0.1906353003092239,High,1586.6424683180182,392.07108215226265,4.046823498453881
2041,2041,16745.0,16.0,225.0,311.0,430.9075,0.5121128343235416,435.8877397981077,6268.349660804887,2,High-Value Active Customers,0.0232384120994242,High,6122.683168203817,1253.6699321609776,4.883807939502878
2042,2042,16746.0,16.0,354.0,358.0,390.52750000000003,0.46970162885615124,395.0627344590724,5211.6376134764405,2,High-Value Active Customers,0.0062958628290491,High,5178.8258579472795,1042.327522695288,4.968520685854754
2043,2043,16747.0,1.0,30.0,67.0,355.86,0.18055959271377384,435.4711880600978,2195.2322158280404,0,Inactive Customers,0.6444729456967854,Medium,780.4644432048618,439.0464431656081,1.777635271516073
2044,2044,16748.0,4.0,317.0,334.0,259.225,0.15789085467551,272.000259837042,1205.3724774764935,0,Inactive Customers,0.1344424088014404,High,1043.3192981015936,241.07449549529872,4.327787955992797
2045,2045,16750.0,4.0,188.0,232.0,126.3075,0.20725248836952823,133.02318535473228,773.3589292207055,0,Inactive Customers,0.2384286682187831,Medium,588.9679896715086,154.6717858441411,3.8078566589060845
2046,2046,16755.0,2.0,201.0,315.0,590.385,0.10496157393488141,648.7927702647764,1909.764806718811,0,Inactive Customers,0.2314400763167638,High,1467.7686941047398,381.95296134376224,3.842799618416181
2047,2047,16759.0,1.0,23.0,30.0,370.94,0.24408413077974386,453.7368027559618,3088.955711149831,0,Inactive Customers,0.6445294810307924,Medium,1098.0326897153282,617.7911422299662,1.777352594846038
2048,2048,16762.0,2.0,125.0,144.0,553.665,0.1827328092569479,608.5647895992818,3114.197359740099,0,Inactive Customers,0.4500116409350205,High,1712.7722956879484,622.8394719480198,2.7499417953248972
2049,2049,16764.0,12.0,140.0,143.0,218.5475,0.6952777721497542,222.08039710313128,4331.1924084133025,0,Inactive Customers,0.0576350706838945,High,4081.5638278088545,866.2384816826606,4.711824646580527
2050,2050,16767.0,7.0,286.0,316.0,518.0371428571428,0.2530537771336589,531.810462879186,3778.1147008431503,0,Inactive Customers,0.0247588173905809,High,3684.5730488843055,755.6229401686301,4.876205913047095
2051,2051,16768.0,2.0,224.0,271.0,147.42000000000002,0.1186125978101141,163.50988748997122,543.7498264469505,0,Inactive Customers,0.3384061102684646,Medium,359.7415627198853,108.7499652893901,3.3079694486576767
2052,2052,16770.0,4.0,315.0,372.0,149.8375,0.1447480401971392,157.62589427243495,640.4770643111467,0,Inactive Customers,0.1179794535081534,Medium,564.9139302792112,128.09541286222935,4.410102732459232
2053,2053,16771.0,4.0,305.0,338.0,487.5375,0.1563379176084157,510.7212959514913,2241.04667116248,0,Inactive Customers,0.0684729191336143,High,2087.595663673316,448.209334232496,4.657635404331928
2054,2054,16774.0,3.0,111.0,178.0,172.70666666666668,0.20329170944482924,184.66299425188078,1052.3010141888415,0,Inactive Customers,0.4624647668546914,Medium,565.6488710010436,210.4602028377683,2.6876761657265433
2055,2055,16775.0,10.0,357.0,367.0,139.39600000000002,0.30353659789439735,142.24307361135266,1212.5229807287562,0,Inactive Customers,0.0374396133539424,High,1167.1265891475018,242.50459614575126,4.812801933230287
2056,2056,16777.0,1.0,177.0,257.0,49.1,0.08232459878026718,63.90885622301283,147.29294660289324,0,Inactive Customers,0.4428908829246198,Low,82.05824343336896,29.45858932057865,2.7855455853769002
2057,2057,16778.0,1.0,200.0,274.0,152.76,0.07907912881016528,189.46678854219468,419.51848950652976,0,Inactive Customers,0.4254065673963268,Low,241.052568926265,83.90369790130596,2.872967163018366
2058,2058,16779.0,20.0,364.0,366.0,513.6405000000001,0.5663486151800973,518.3437287130264,8245.48613057854,2,High-Value Active Customers,0.0062776177250099,High,8193.724120693896,1649.097226115708,4.96861191137495
2059,2059,16780.0,1.0,159.0,259.0,263.3,0.0803766916279413,323.35810475444976,727.6340350383964,0,Inactive Customers,0.4506193183919132,Medium,399.74808213063676,145.52680700767928,2.7469034080404344
2060,2060,16782.0,12.0,355.0,365.0,159.01666666666668,0.3573971652792777,161.6715973306768,1622.7523536167564,0,Inactive Customers,0.0422021826321834,High,1554.2686624226164,324.5504707233513,4.7889890868390825
2061,2061,16788.0,1.0,131.0,254.0,300.31,0.07903302646210282,368.1863806094847,814.6212501312178,0,Inactive Customers,0.4183856197909526,Medium,473.79543350018764,162.92425002624358,2.9080719010452367
2062,2062,16790.0,5.0,34.0,37.0,176.282,0.615094291281478,183.4121664233852,3157.8291795625005,0,Inactive Customers,0.567141297832494,High,1366.8938403321042,631.5658359125001,2.16429351083753
2063,2063,16791.0,5.0,303.0,332.0,293.28000000000003,0.18690138028875983,304.6386682524793,1598.2853713986774,0,Inactive Customers,0.0451081821227063,High,1526.1896237815686,319.6570742797355,4.774459089386468
2064,2064,16794.0,8.0,179.0,180.0,118.49625,0.42409963696666075,121.60517285575081,1446.8254440952262,0,Inactive Customers,0.1462608056786438,High,1235.2115889654967,289.36508881904524,4.268695971606781
2065,2065,16801.0,3.0,110.0,273.0,256.01,0.1460545004809908,273.10808309091914,1118.9155118312208,1,Inactive Customers,0.3903926927587901,High,682.0990721978505,223.78310236624418,3.0480365362060486
2066,2066,16804.0,1.0,247.0,270.0,418.94,0.08215082330401063,511.87669038205405,1177.3850466629438,0,Inactive Customers,0.3209853617010853,Medium,799.4616815983894,235.47700933258875,3.395073191494573
2067,2067,16805.0,1.0,187.0,360.0,245.82,0.05957700802528273,302.18549567728115,504.4097061605374,1,Inactive Customers,0.3648722497581352,Medium,320.36460187390225,100.88194123210748,3.1756387512093243
2068,2068,16806.0,3.0,136.0,239.0,178.08333333333334,0.16503531730924578,190.37152645536878,881.1127380596602,0,Inactive Customers,0.3957103966249881,Medium,532.4472670107428,176.22254761193204,3.0214480168750595
2069,2069,16807.0,2.0,128.0,270.0,367.68,0.11646823630154544,404.8120394883878,1321.8502651451438,0,Inactive Customers,0.4310557685244141,Medium,752.0590832288033,264.3700530290288,2.844721157377929
2070,2070,16808.0,1.0,175.0,274.0,121.92,0.07748167472349918,152.11191074243038,330.00335649274786,0,Inactive Customers,0.4578075223005871,Low,178.9253375059256,66.00067129854958,2.710962388497064
2071,2071,16809.0,4.0,239.0,262.0,175.10250000000002,0.1899493950506403,184.04270008653432,980.8264567924159,0,Inactive Customers,0.1712689121063213,Medium,812.8413765724811,196.1652913584832,4.143655439468393
2072,2072,16811.0,1.0,13.0,17.0,232.3,0.2740040679266688,285.80942732926513,2183.315500853253,0,Inactive Customers,0.6838002479425694,Medium,690.3638200329434,436.66310017065064,1.5809987602871527
2073,2073,16813.0,9.0,196.0,204.0,158.47222222222223,0.43018129743447997,162.01885912947495,1955.7476492477194,0,Inactive Customers,0.0808364929684428,High,1797.6518681512578,391.1495298495439,4.595817535157786
2074,2074,16814.0,20.0,355.0,369.0,311.7905,0.5625267561409717,314.7180619001236,4972.599502041176,2,High-Value Active Customers,0.0162641574536295,High,4891.724360786138,994.5199004082351,4.918679212731853
2075,2075,16816.0,3.0,255.0,358.0,113.76,0.12208094670567547,122.07794559318144,418.2366064381113,0,Inactive Customers,0.2631446671103146,Medium,308.1798738636069,83.64732128762228,3.6842766644484266
2076,2076,16817.0,8.0,366.0,368.0,160.08125,0.25071943221103166,164.11695635382773,1155.4667273775403,0,Inactive Customers,0.0587270226396045,High,1087.60960671953,231.09334547550807,4.706364886801977
2077,2077,16818.0,10.0,195.0,205.0,273.525,0.46912395139255647,278.7528728888403,3669.6511061199044,0,Inactive Customers,0.1390963037029848,High,3159.2162013790557,733.9302212239809,4.304518481485076
2078,2078,16824.0,1.0,149.0,164.0,237.74,0.11626050352734087,292.39861459355564,950.7210785170524,0,Inactive Customers,0.49830493429982,Medium,476.9720739491586,190.1442157034105,2.5084753285008996
2079,2079,16825.0,1.0,147.0,185.0,456.48,0.1060287954136778,557.3469274962938,1653.1488952505756,0,Inactive Customers,0.4996283977168371,Medium,827.1887615291712,330.62977905011513,2.5018580114158144
2080,2080,16832.0,2.0,33.0,217.0,61.65,0.1244858696947447,69.54600127865642,242.62660385848713,1,Inactive Customers,0.6912554234727487,Low,74.90964806253376,48.52532077169743,1.5437228826362563
2081,2081,16833.0,2.0,333.0,334.0,398.525,0.10138054064404914,438.6037623540518,1247.1432801000692,0,Inactive Customers,0.1016496554938628,Medium,1120.3715953264111,249.42865602001385,4.491751722530686
2082,2082,16835.0,1.0,245.0,373.0,99.1,0.06088133178831644,124.47123916685898,212.3340154078836,0,Inactive Customers,0.3763790792820805,Low,132.4159341883973,42.46680308157673,3.1181046035895976
2083,2083,16836.0,1.0,77.0,116.0,160.55,0.13967787439890872,198.90240780484595,776.4179601112775,0,Inactive Customers,0.625457173468172,Low,290.80177735015394,155.2835920222555,1.8727141326591399
2084,2084,16837.0,8.0,214.0,245.0,375.66125,0.3418786383188532,384.50147689044957,3689.367573442323,0,Inactive Customers,0.156960100769945,High,3110.2840673374485,737.8735146884646,4.215199496150275
2085,2085,16838.0,1.0,91.0,288.0,160.78,0.06270400635978637,199.1809947663876,349.7436055932319,1,Inactive Customers,0.5946297610926561,Medium,141.77564895564427,69.94872111864639,2.0268511945367194
2086,2086,16839.0,31.0,361.0,369.0,483.39193548387095,0.8489911788834535,486.24569407223686,11595.840353970345,2,High-Value Active Customers,0.0040355596569526,High,11549.0446484494,2319.168070794069,4.979822201715237
2087,2087,16841.0,5.0,251.0,287.0,310.488,0.20900782739758067,322.4685939219356,1891.5431039491255,0,Inactive Customers,0.0957337413644096,High,1710.4586056560274,378.3086207898251,4.521331293177952
2088,2088,16842.0,2.0,202.0,302.0,371.81,0.10863304331176235,409.3365917800134,1246.960940323523,0,Inactive Customers,0.3382549322375925,High,825.170251951465,249.39218806470458,3.3087253388120375
2089,2089,16843.0,11.0,285.0,327.0,842.3127272727273,0.3606959861072741,856.2210981755175,8672.125632130344,2,High-Value Active Customers,0.0057511448287559,High,8622.250981646795,1734.425126426069,4.971244275856219
2090,2090,16851.0,2.0,47.0,51.0,115.68,0.3020252095515926,128.73766237224788,1087.1701973001514,0,Inactive Customers,0.6373408791368016,Low,394.27218798154286,217.43403946003028,1.813295604315992
2091,2091,16852.0,1.0,166.0,176.0,31.85,0.11138295182258726,43.01483410738591,134.01419297509517,0,Inactive Customers,0.4958036680644129,Low,67.56946452535091,26.802838595019036,2.5209816596779353
2092,2092,16855.0,1.0,20.0,43.0,177.2,0.21610856464941022,219.0696813251467,1320.956186602018,0,Inactive Customers,0.7003001573361456,Low,395.8903612904699,264.1912373204036,1.498499213319272
2093,2093,16859.0,1.0,117.0,261.0,423.02,0.07505692871917635,516.8185808302719,1086.0149980704946,1,Inactive Customers,0.488939799681579,Medium,555.0190424627166,217.20299961409893,2.555301001592105
2094,2094,16861.0,1.0,99.0,158.0,102.96,0.11470624527162204,129.1466551301239,414.2669060548867,0,Inactive Customers,0.5958201653626358,Low,167.43832958499658,82.85338121097735,2.0208991731868204
2095,2095,16863.0,1.0,335.0,366.0,338.55,0.06488859648734792,414.50449108493825,753.6074998193291,0,Inactive Customers,0.2241005368112741,Medium,584.7236545648153,150.72149996386582,3.8794973159436297
2096,2096,16866.0,2.0,21.0,161.0,49.394999999999996,0.1574412672208039,56.12024139152033,247.48408176424041,0,Inactive Customers,0.7098831524558996,Low,71.79930161878781,49.496816352848086,1.4505842377205018
2097,2097,16869.0,3.0,153.0,175.0,197.29666666666665,0.20675397535469192,210.77076986572519,1221.497354439149,0,Inactive Customers,0.3690456750445808,Medium,770.7090387049838,244.29947088782978,3.1547716247770965
2098,2098,16871.0,4.0,248.0,270.0,552.38,0.185761821180343,578.5198999887261,3015.299612180772,0,Inactive Customers,0.1582093883823393,High,2538.250904748147,603.0599224361544,4.208953058088304
2099,2099,16872.0,2.0,107.0,184.0,44.535000000000004,0.15481288823240624,50.795949832851925,220.3183209542036,0,Inactive Customers,0.5683594208911755,Low,95.0983276449563,44.063664190840726,2.158202895544122
2100,2100,16873.0,5.0,360.0,364.0,993.1959999999999,0.1739045855211597,1029.8507937094294,5028.0301277821945,0,Inactive Customers,0.014345763852996,High,4955.899194923281,1005.6060255564389,4.9282711807350195
2101,2101,16875.0,3.0,272.0,339.0,575.5766666666667,0.12783363729030112,612.3994546646302,2196.7445012172107,0,Inactive Customers,0.1267326094124021,High,1918.3453383656076,439.34890024344213,4.366336952937989
2102,2102,16877.0,5.0,196.0,208.0,155.19400000000002,0.26428742786542164,161.56201111669674,1197.7755519719005,0,Inactive Customers,0.1448351903013534,Medium,1024.2955019637418,239.5551103943801,4.2758240484932335
2103,2103,16880.0,5.0,159.0,189.0,249.84,0.28186918672648653,259.6286745820247,2052.568987890356,0,Inactive Customers,0.2736135599003879,High,1490.9582801725394,410.5137975780712,3.6319322004980603
2104,2104,16882.0,2.0,251.0,317.0,347.61,0.10514794051520462,382.8246873109238,1128.883770812207,0,Inactive Customers,0.2590128380869835,Medium,836.4883814638015,225.77675416244142,3.7049358095650824
2105,2105,16883.0,1.0,184.0,371.0,148.7,0.057381931072112875,184.54912304715438,296.7209584275811,1,Inactive Customers,0.4385586886304565,Low,166.59140401040895,59.34419168551622,2.8072065568477176
2106,2106,16885.0,2.0,342.0,357.0,140.43,0.09612932772955007,155.8521101247259,420.25181944217445,0,Inactive Customers,0.1796736638114682,Medium,344.74363531956334,84.0503638884349,4.101631680942658
2107,2107,16889.0,2.0,142.0,336.0,527.81,0.09720924709812008,580.2397776138143,1582.0096326101564,1,Inactive Customers,0.3594849626914512,High,1013.300958853778,316.4019265220313,3.202575186542744
2108,2108,16891.0,4.0,370.0,371.0,140.1225,0.14533146916264916,147.46799724160275,601.6155962695548,0,Inactive Customers,0.0298614783677902,Medium,583.6504651558263,120.32311925391096,4.850692608161049
2109,2109,16892.0,3.0,182.0,183.0,118.53666666666668,0.20097775800435055,127.14944382479851,716.3458908600943,0,Inactive Customers,0.2027686476675836,Medium,571.0934033081626,143.26917817201885,3.9861567616620825
2110,2110,16897.0,1.0,14.0,313.0,76.75,0.030184663695808397,97.39985399095976,82.34464943010123,1,Inactive Customers,0.6977427187523266,Low,24.889269862035174,16.468929886020245,1.511286406238367
2111,2111,16898.0,2.0,342.0,368.0,196.365,0.0937832150133604,217.13076204532626,571.2297279755012,0,Inactive Customers,0.122022621330254,Medium,501.5267791861626,114.24594559510024,4.38988689334873
2112,2112,16899.0,5.0,353.0,360.0,222.202,0.1754327690216591,230.99179140835932,1137.6617794203278,0,Inactive Customers,0.0447572003317503,High,1086.7432232490366,227.53235588406557,4.776213998341248
2113,2113,16900.0,2.0,47.0,63.0,67.215,0.2781217565343989,75.64264377330451,588.3885940089662,0,Inactive Customers,0.5779525709561469,Medium,248.3278933802116,117.67771880179323,2.110237145219265
2114,2114,16904.0,13.0,363.0,367.0,256.59000000000003,0.3820317395533247,260.3647498557601,2793.5767060241333,2,High-Value Active Customers,0.0050916280608542,High,2779.352852477592,558.7153412048267,4.974541859695728
2115,2115,16905.0,5.0,366.0,371.0,562.826,0.1712713673011024,583.9265078909774,2807.8044908677534,0,Inactive Customers,0.042217824495604,High,2689.26509365433,561.5608981735508,4.78891087752198
2116,2116,16906.0,3.0,167.0,248.0,148.39333333333335,0.16151264134633214,158.84896208062128,719.5650298216195,0,Inactive Customers,0.3153063783347167,Medium,492.68158629225223,143.9130059643239,3.4234681083264165
2117,2117,16907.0,4.0,336.0,365.0,191.5075,0.14712956642564765,201.19558745563387,830.9402773140823,0,Inactive Customers,0.0829669716579154,Medium,761.9996788767445,166.18805546281646,4.585165141710423
2118,2118,16910.0,7.0,87.0,91.0,197.33285714285714,0.5647753191991159,202.91166314553118,3211.7695307232793,0,Inactive Customers,0.1786294265069629,High,2638.0529813776425,642.3539061446559,4.106852867465185
2119,2119,16912.0,5.0,295.0,323.0,439.616,0.1909585591927655,456.2634940756755,2445.6525579489835,0,Inactive Customers,0.0980897354392943,High,2205.759145563334,489.1305115897967,4.509551322803528
2120,2120,16915.0,5.0,274.0,283.0,83.506,0.21144925295874828,87.28308786053763,517.9569632109497,0,Inactive Customers,0.147674416917267,Medium,441.46797068053434,103.59139264218993,4.261627915413665
2121,2121,16916.0,1.0,349.0,372.0,378.18,0.06421762655219959,462.5062358062307,832.2151037371008,0,Inactive Customers,0.1556919008930463,Medium,702.6459522843678,166.44302074742018,4.221540495534768
2122,2122,16918.0,4.0,268.0,317.0,198.26,0.16423036149520537,208.25592710573108,959.8692372467546,0,Inactive Customers,0.0749325883913362,Medium,887.9437507826376,191.97384744935093,4.625337058043319
2123,2123,16919.0,10.0,212.0,368.0,239.81000000000003,0.2824533891213445,244.43942924398726,1938.953022263964,0,Inactive Customers,0.0735672891160946,High,1796.3095046925455,387.7906044527928,4.6321635544195265
2124,2124,16923.0,16.0,350.0,362.0,413.889375,0.4654898842981069,418.68206758450265,5473.76743233248,2,High-Value Active Customers,0.0047713275928294,High,5447.650294745861,1094.753486466496,4.976143362035853
2125,2125,16924.0,2.0,63.0,84.0,287.82000000000005,0.24479719524762242,317.3227547403921,2173.431130484925,0,Inactive Customers,0.5519054133839428,Medium,973.9027239531122,434.68622609698497,2.240472933080286
2126,2126,16927.0,1.0,85.0,361.0,123.35,0.044743617537893784,153.84399489462436,192.86149906208186,1,Inactive Customers,0.6406029061856261,Low,69.31386227159582,38.572299812416375,1.7969854690718694
2127,2127,16928.0,16.0,293.0,373.0,168.715625,0.45024461374463987,170.80639515405886,2160.0287287108354,2,High-Value Active Customers,0.0391438596938675,High,2075.4768672194555,432.0057457421671,4.804280701530662
2128,2128,16929.0,6.0,152.0,155.0,177.70833333333334,0.36976300232780984,183.6572630321997,1904.4114816203746,0,Inactive Customers,0.2906317549272913,High,1350.929030613362,380.88229632407496,3.546841225363543
2129,2129,16930.0,1.0,42.0,68.0,173.44,0.18264242926607943,214.51539012776945,1093.8826640876377,0,Inactive Customers,0.6134318783181693,Medium,422.8601667966751,218.77653281752757,1.9328406084091534
2130,2130,16931.0,19.0,364.0,369.0,234.32473684210527,0.5365977156958914,236.69014624571727,3567.33583145578,2,High-Value Active Customers,0.0021619858472661,High,3559.623301875727,713.467166291156,4.989190070763669
2131,2131,16933.0,1.0,238.0,239.0,338.5,0.09056876505193003,414.44392870199437,1050.6598254122218,0,Inactive Customers,0.3439574572310808,Medium,689.2775434485827,210.13196508244437,3.280212713844596
2132,2132,16938.0,3.0,300.0,308.0,545.1766666666667,0.1381247255463526,580.123066756502,2248.146233635718,0,Inactive Customers,0.0524449548798297,High,2130.2423058494337,449.62924672714365,4.737775225600851
2133,2133,16940.0,2.0,237.0,289.0,1137.625,0.11298061478558391,1248.31238190381,3954.6012332709142,0,Inactive Customers,0.1067264385882527,High,3532.540727607198,790.9202466541828,4.466367807058737
2134,2134,16942.0,7.0,215.0,227.0,233.65,0.32383922890461986,240.15676783400244,2182.3856198951835,0,Inactive Customers,0.13203462013102,High,1894.2351635929224,436.4771239790367,4.3398268993449
2135,2135,16943.0,2.0,107.0,318.0,182.85,0.09926820089849929,202.32463027260945,563.2612850472148,1,Inactive Customers,0.5502467178168126,Medium,253.32861167670475,112.65225700944296,2.248766410915937
2136,2136,16945.0,12.0,337.0,358.0,338.8041666666667,0.36285850984371565,344.11062062264295,3506.652064225733,2,High-Value Active Customers,0.0202838251644487,High,3435.5237468424248,701.3304128451466,4.898580874177756
2137,2137,16948.0,2.0,187.0,325.0,139.51,0.10195879902832994,154.84421954160348,442.7797701436798,0,Inactive Customers,0.3665554061211865,Low,280.4764516764177,88.55595402873597,3.167222969394068
2138,2138,16949.0,5.0,313.0,316.0,137.37,0.19437302468830148,143.09382218524684,780.698341953701,0,Inactive Customers,0.1016889681988077,Medium,701.3099330859092,156.1396683907402,4.491555159005961
2139,2139,16950.0,2.0,311.0,367.0,503.28,0.09382159160701838,553.3663471746917,1456.3903162295906,0,Inactive Customers,0.2152642565626238,High,1142.881537541423,291.27806324591813,3.9236787171868803
2140,2140,16951.0,2.0,170.0,304.0,111.98,0.10727688788283168,124.68418937490772,375.08793925887414,0,Inactive Customers,0.3551533763212459,High,241.8741912137066,75.01758785177483,3.2242331183937707
2141,2141,16954.0,7.0,359.0,359.0,248.32571428571427,0.229108066423771,255.20747039338661,1641.7702581035137,0,Inactive Customers,0.0439580553955323,High,1569.601230151062,328.35405162070276,4.780209723022338
2142,2142,16955.0,3.0,189.0,373.0,120.85666666666667,0.1161046955550447,129.61264184936618,422.3396909496347,1,Inactive Customers,0.367193787601658,Medium,267.2591801753247,84.46793818992694,3.16403106199171
2143,2143,16957.0,1.0,42.0,281.0,301.8,0.049976750455878724,369.9911396212113,517.7749342043455,1,Inactive Customers,0.6750067939991974,Medium,168.2733358539249,103.5549868408691,1.6249660300040132
2144,2144,16960.0,2.0,214.0,252.0,152.76,0.1252407962227422,169.36003500505132,594.5972736417136,0,Inactive Customers,0.3288583994118766,Medium,399.0589659372341,118.91945472834273,3.3557080029406174
2145,2145,16966.0,6.0,232.0,240.0,260.72166666666664,0.27502578543498285,269.15582597238904,2077.212619502587,0,Inactive Customers,0.2052425219717041,High,1650.8802628044264,415.4425239005175,3.973787390141479
2146,2146,16968.0,1.0,103.0,107.0,186.12,0.1503543262065249,229.87401044232885,965.7493856123199,0,Inactive Customers,0.5566112603417216,Medium,428.2024029124032,193.14987712246398,2.216943698291392
2147,2147,16969.0,2.0,152.0,191.0,110.38499999999999,0.15211273029542616,122.93681385308133,523.952156251641,0,Inactive Customers,0.4137029718786046,Medium,307.1915920881341,104.7904312503282,2.9314851406069766
2148,2148,16979.0,5.0,294.0,297.0,300.96999999999997,0.20386932736902297,312.6065976108079,1788.7012279712471,0,Inactive Customers,0.058865418846155,High,1683.4085809960877,357.7402455942495,4.705672905769224
2149,2149,16980.0,1.0,36.0,291.0,113.39999999999999,0.044874300641742575,141.792080688799,178.18319933380423,1,Inactive Customers,0.6031873782098234,Medium,70.7053424866085,35.636639866760845,1.984063108950883
2150,2150,16983.0,6.0,357.0,369.0,291.8016666666667,0.19804029979877527,301.1662901891545,1674.6465091883313,0,Inactive Customers,0.0547198043662181,High,1583.0101798229757,334.9293018376663,4.726400978168909
2151,2151,16984.0,1.0,42.0,130.0,1238.27,0.12027865038003421,1504.2882347296836,5057.647797293199,0,Inactive Customers,0.253297499998486,High,3776.558254365982,1011.5295594586398,3.7335125000075697
2152,2152,16985.0,6.0,341.0,358.0,755.1333333333333,0.20285732721447525,778.3690487582542,4433.247528327834,0,Inactive Customers,0.0407166503752331,High,4252.740538690043,886.6495056655667,4.796416748123835
2153,2153,16987.0,5.0,202.0,205.0,274.41999999999996,0.2670425780197267,285.097036562222,2135.6175252276835,0,Inactive Customers,0.2680655703448376,High,1563.131995289094,427.1235050455367,3.659672148275812
2154,2154,16989.0,5.0,143.0,150.0,55.11,0.32770450788982913,57.860809309289266,531.6371469737236,0,Inactive Customers,0.4222386526584331,Medium,307.1593943323652,106.32742939474473,2.8888067367078345
2155,2155,16992.0,4.0,274.0,284.0,289.7025,0.17892306792284307,303.86719825775094,1525.5954784938237,0,Inactive Customers,0.1404358703755657,High,1311.347149630516,305.11909569876474,4.297820648122172
2156,2156,16996.0,4.0,323.0,353.0,332.355,0.15108911816180126,348.4641826229152,1477.8202679837088,0,Inactive Customers,0.1130203767078324,High,1310.7964645897202,295.56405359674176,4.434898116460838
2157,2157,16997.0,2.0,37.0,325.0,156.0,0.0777439205244931,172.90956271083027,377.0105574780406,1,Inactive Customers,0.6763660268740737,Medium,122.0134246270387,75.40211149560812,1.6181698656296317
2158,2158,16998.0,2.0,155.0,304.0,102.5,0.10673966207929014,114.29853423577673,342.1228114857323,1,Inactive Customers,0.3919117911514767,Low,208.04084764257996,68.42456229714647,3.0404410442426166
2159,2159,16999.0,1.0,51.0,74.0,238.99,0.17691229389418023,293.91267416715175,1451.9321322166952,0,Inactive Customers,0.6471710635429826,Medium,512.2836700177861,290.3864264433391,1.7641446822850866
2160,2160,17001.0,10.0,358.0,358.0,344.006,0.3096627790039626,350.48491564526586,3047.844917283592,0,Inactive Customers,0.0312802490794409,High,2952.5075691154534,609.5689834567185,4.843598754602795
2161,2161,17002.0,2.0,205.0,290.0,490.33500000000004,0.11226052612152558,539.1846693502138,1697.2383477809165,0,Inactive Customers,0.315701561600849,High,1161.4175509776364,339.4476695561833,3.421492191995755
2162,2162,17004.0,1.0,46.0,92.0,406.53999999999996,0.15519832181280782,496.85721941198017,2154.037992451698,0,Inactive Customers,0.6191982930370906,High,820.261344388565,430.8075984903396,1.9040085348145466
2163,2163,17006.0,3.0,71.0,75.0,162.00666666666666,0.33096073962955536,173.30255508684883,1605.6544276635577,0,Inactive Customers,0.5386020837498432,Medium,740.8456071418036,321.13088553271155,2.3069895812507837
2164,2164,17007.0,4.0,307.0,357.0,166.465,0.14962320049433128,175.01142519164878,735.0261077300966,0,Inactive Customers,0.0935847312935811,Medium,666.2388869444087,147.00522154601933,4.532076343532094
2165,2165,17014.0,2.0,58.0,66.0,199.14,0.2732012297310394,220.17086679333136,1682.410226141162,0,Inactive Customers,0.5887915284543356,Medium,691.8213376043028,336.48204522823244,2.056042357728322
2166,2166,17015.0,2.0,157.0,185.0,659.03,0.1555882692563806,723.9956496978615,3155.9602649390336,0,Inactive Customers,0.2428704237725666,High,2389.470857983909,631.1920529878067,3.7856478811371668
2167,2167,17017.0,15.0,370.0,372.0,511.30533333333335,0.42966901509265487,517.5672771478867,6245.98149467391,2,High-Value Active Customers,0.0071110971931655,High,6201.565713198571,1249.1962989347821,4.964444514034172
2168,2168,17018.0,1.0,285.0,325.0,515.1,0.07095245491354814,628.3502652596591,1248.8143462864825,0,Inactive Customers,0.3289690702556623,Medium,837.9930518666857,249.76286925729653,3.3551546487216886
2169,2169,17019.0,3.0,357.0,368.0,304.59666666666664,0.12009746810321323,324.69367850198006,1094.3678383462009,0,Inactive Customers,0.0582506058837409,High,1030.620248702855,218.87356766924017,4.708746970581296
2170,2170,17024.0,2.0,112.0,157.0,32.3,0.17260401611554108,37.39210061056632,180.76748055819417,0,Inactive Customers,0.5613646444333327,Low,79.29100810953412,36.15349611163884,2.193176777833336
2171,2171,17025.0,1.0,313.0,373.0,196.8,0.06325379935134824,242.8101354391344,430.3480537590551,0,Inactive Customers,0.1776674302824716,Low,353.88922092062086,86.06961075181103,4.111662848587642
2172,2172,17026.0,1.0,184.0,369.0,121.68,0.05773087524650843,151.82121130429994,245.58186979089513,1,Inactive Customers,0.4732567401308861,Low,129.35859465840838,49.116373958179025,2.63371629934557
2173,2173,17027.0,4.0,239.0,317.0,174.685,0.16387997525743286,183.6061666835109,844.4509081287242,0,Inactive Customers,0.1998578207682506,Medium,675.6807898843472,168.89018162574484,4.000710896158747
2174,2174,17031.0,1.0,143.0,154.0,154.4,0.12122530603192744,191.45323470275284,648.9955118519532,0,Inactive Customers,0.5082719948081149,Medium,319.12926842144736,129.79910237039064,2.458640025959425
2175,2175,17033.0,2.0,273.0,359.0,233.96999999999997,0.09523465613398795,258.32828963045495,690.1004325033895,0,Inactive Customers,0.2516238736613214,Medium,516.4546884615334,138.0200865006779,3.741880631693393
2176,2176,17034.0,2.0,271.0,287.0,294.36,0.11386825818201039,324.48754214650137,1036.0260522105164,0,Inactive Customers,0.2808836060456945,Medium,745.0233187083415,207.2052104421033,3.595581969771527
2177,2177,17035.0,1.0,66.0,311.0,174.02,0.05045098527810605,215.21791376991808,304.11114649151534,1,Inactive Customers,0.624567390226266,Medium,114.17324138859195,60.82222929830307,1.8771630488686701
2178,2178,17041.0,2.0,334.0,360.0,388.53499999999997,0.09544130863596689,427.6593852612334,1144.9376752644619,0,Inactive Customers,0.1619291166230055,Medium,959.5389289204901,228.98753505289238,4.190354416884973
2179,2179,17042.0,4.0,245.0,247.0,192.79250000000002,0.19850348953531874,202.53916930685565,1127.9071477278587,0,Inactive Customers,0.1697911180493033,Medium,936.3985320593449,225.58142954557175,4.151044409753483
2180,2180,17043.0,3.0,234.0,266.0,520.1933333333333,0.15416044634997342,553.5976799833198,2393.847658820625,0,Inactive Customers,0.1788382164107174,High,1965.7362131581729,478.769531764125,4.105808917946413
2181,2181,17045.0,1.0,43.0,156.0,191.09,0.10288494511980335,235.89391130694716,678.6822275118501,0,Inactive Customers,0.6696859716307849,Low,224.17826055203133,135.73644550237003,1.6515701418460753
2182,2182,17047.0,1.0,120.0,205.0,351.47,0.09494775171812733,430.1538108376281,1142.805860939071,0,Inactive Customers,0.4403629938375792,Medium,639.5564506408094,228.5611721878142,2.7981850308121037
2183,2183,17048.0,2.0,214.0,331.0,313.495,0.10101798475931853,345.4505707422051,978.739178796194,0,Inactive Customers,0.3049778116777771,Medium,680.2454458436262,195.7478357592388,3.475110941611115
2184,2184,17049.0,7.0,273.0,275.0,674.0699999999999,0.28155417832156193,691.8302122847754,5467.450695169502,0,Inactive Customers,0.0374928148663985,High,5262.46057846435,1093.4901390339005,4.812535925668007
2185,2185,17050.0,5.0,203.0,299.0,619.488,0.20139726872909128,642.6363665777938,3632.543721532508,0,Inactive Customers,0.1176947178999309,High,3205.012512967574,726.5087443065016,4.411526410500345
2186,2186,17054.0,4.0,217.0,245.0,250.5775,0.19947643053361278,262.9585290522636,1471.5315138939868,0,Inactive Customers,0.2442924440886905,High,1112.0474838112941,294.3063027787974,3.778537779556548
2187,2187,17058.0,2.0,158.0,239.0,298.58500000000004,0.1293926455312394,329.11617009616685,1193.665112832396,0,Inactive Customers,0.3808575489228803,High,739.0487437242964,238.73302256647924,3.0957122553855982
2188,2188,17059.0,4.0,340.0,369.0,593.1700000000001,0.14585380879788082,621.1694748613609,2543.232891999803,0,Inactive Customers,0.0169602408290572,High,2500.0990496671066,508.6465783999606,4.915198795854714
2189,2189,17061.0,8.0,159.0,232.0,411.685,0.3531535209097377,421.32806967123224,4175.7385300912265,0,Inactive Customers,0.2791674833998582,High,3010.0081133098356,835.1477060182453,3.6041625830007087
2190,2190,17062.0,3.0,56.0,369.0,119.57666666666667,0.08084063413975225,128.25363604270814,290.9757989921392,1,Inactive Customers,0.572403830243898,Medium,124.42013714076016,58.19515979842784,2.13798084878051
2191,2191,17063.0,3.0,268.0,289.0,380.59,0.1449405007349453,405.37757011705736,1648.3053369682493,0,Inactive Customers,0.1141606887203331,High,1460.133664478553,329.6610673936499,4.429196556398334
2192,2192,17064.0,2.0,269.0,327.0,355.75,0.10272464376684651,391.7423279050721,1128.6206819431138,0,Inactive Customers,0.2451096220879255,Medium,851.9848931114204,225.72413638862278,3.774451889560372
2193,2193,17068.0,20.0,356.0,368.0,219.2995,0.5637782629340291,221.41342207256753,3506.142428009088,2,High-Value Active Customers,0.0195241636907306,High,3437.6879293216225,701.2284856018176,4.902379181546346
2194,2194,17069.0,7.0,345.0,373.0,345.09999999999997,0.22206918399075326,354.4544958755052,2210.288089452245,0,Inactive Customers,0.0467819141070984,High,2106.8865818995473,442.057617890449,4.766090429464508
2195,2195,17071.0,7.0,281.0,309.0,302.92571428571426,0.2574875096235639,311.2025888417137,2249.529685067516,0,Inactive Customers,0.0870099045123499,High,2053.7983219720945,449.9059370135032,4.564950477438249
2196,2196,17073.0,3.0,92.0,109.0,330.76666666666665,0.27467291227119023,352.478976908418,2711.7545565117803,0,Inactive Customers,0.3862278017742994,High,1664.3995551987953,542.350911302356,3.068860991128503
2197,2197,17075.0,3.0,300.0,317.0,208.4366666666667,0.13504348051842013,222.59836727679587,843.429360816204,0,Inactive Customers,0.1532124187627768,Medium,714.2055083900107,168.68587216324082,4.233937906186116
2198,2198,17076.0,2.0,328.0,364.0,332.28999999999996,0.09455489288796745,366.0411180354505,970.8895486353143,0,Inactive Customers,0.1760113127768254,Medium,800.0020046187132,194.17790972706288,4.119943436115872
2199,2199,17080.0,1.0,247.0,269.0,211.3,0.08240979864947123,260.37322649284977,600.7761207043811,0,Inactive Customers,0.3697595185698761,Low,378.6334315444514,120.15522414087623,3.1512024071506195
2200,2200,17081.0,1.0,21.0,46.0,178.26,0.2108850222219475,220.35360384355621,1296.6895000119757,0,Inactive Customers,0.6699429910698742,Low,427.98145788505303,259.33790000239514,1.650285044650629
2201,2201,17082.0,1.0,285.0,318.0,1366.91,0.07234450111029268,1660.1031335676112,3363.9328255724067,0,Inactive Customers,0.2224191026068772,High,2615.7299052787753,672.7865651144814,3.887904486965614
2202,2202,17083.0,2.0,194.0,303.0,357.21,0.10818603941801418,393.34180643915766,1193.3127360582896,0,Inactive Customers,0.3004529303459237,High,834.7784276904647,238.66254721165794,3.4977353482703815
2203,2203,17085.0,4.0,239.0,362.0,278.41499999999996,0.14696705616403527,292.0651125412797,1204.8857956149293,0,Inactive Customers,0.1705076390297032,High,999.4435633042021,240.97715912298588,4.147461804851483
2204,2204,17086.0,5.0,56.0,63.0,282.76200000000006,0.5117016792552163,293.7405302822712,4209.479187982135,0,Inactive Customers,0.4537824161681827,High,2299.291551249922,841.8958375964271,2.731087919159086
2205,2205,17088.0,3.0,225.0,253.0,316.7266666666667,0.15999698211890123,337.5723819666378,1514.8588179287106,0,Inactive Customers,0.1938506304408711,High,1221.2024810443172,302.9717635857421,4.030746847795644
2206,2206,17090.0,6.0,350.0,354.0,330.4583333333333,0.20473560500246538,340.9802491683296,1960.0258245973375,0,Inactive Customers,0.0793459698478101,High,1804.5056746179082,392.0051649194675,4.60327015076095
2207,2207,17091.0,6.0,365.0,367.0,585.7266666666667,0.19894314368148344,603.8907333974164,3373.241428455949,0,Inactive Customers,0.0241400979192704,High,3291.811050067683,674.6482856911898,4.879299510403648
2208,2208,17092.0,3.0,227.0,277.0,536.3266666666667,0.14940422026827158,570.7268156714055,2391.9344994630824,0,Inactive Customers,0.12031816264821,High,2104.1413353128182,478.3868998926165,4.39840918675895
2209,2209,17095.0,2.0,312.0,334.0,505.505,0.10128131208151211,555.8039086393084,1578.8479619112936,0,Inactive Customers,0.1425344506442938,High,1353.8077350094045,315.76959238225874,4.287327746778531
2210,2210,17096.0,3.0,246.0,261.0,296.2133333333333,0.156471950217546,315.7928982838943,1385.972434799224,0,Inactive Customers,0.1861349239232708,Medium,1127.99456108812,277.1944869598448,4.0693253803836456
2211,2211,17097.0,6.0,363.0,365.0,129.95000000000002,0.1998140126952142,134.4691542735439,754.4067165152044,0,Inactive Customers,0.0254509175921713,Medium,735.2063733421953,150.8813433030409,4.8727454120391425
2212,2212,17101.0,3.0,168.0,178.0,463.7166666666667,0.20461066942478026,493.63508784215605,2831.227357939667,0,Inactive Customers,0.2557311361015967,High,2107.194369131834,566.2454715879334,3.7213443194920166
2213,2213,17105.0,1.0,147.0,306.0,346.38,0.06694981957659574,423.9885602539445,795.007918248731,1,Inactive Customers,0.4200908687045656,Medium,461.0323512446133,159.0015836497462,2.899545656477172
2214,2214,17107.0,4.0,245.0,278.0,2188.66,0.1816596148440131,2289.39625136393,11669.55937252443,0,Inactive Customers,0.0227358560546515,High,11404.241950409507,2333.9118745048863,4.886320719726743
2215,2215,17109.0,3.0,203.0,232.0,140.15,0.1703433890054943,150.09682312263874,717.0145839788993,0,Inactive Customers,0.1389226615385831,Medium,617.4050096105707,143.40291679577987,4.305386692307084
2216,2216,17114.0,7.0,329.0,334.0,92.77571428571427,0.24253464377099443,95.68291591285045,651.5468962248084,0,Inactive Customers,0.0770739615527306,Medium,601.3295957953766,130.3093792449617,4.614630192236347
2217,2217,17115.0,2.0,225.0,233.0,263.74,0.13284202941316217,290.94231426040534,1083.2923476272072,0,Inactive Customers,0.2953825187695849,Medium,763.3067254212659,216.65846952544143,3.5230874061520754
2218,2218,17119.0,1.0,56.0,59.0,59.66,0.19818074371227143,76.69963150075314,424.2985417880397,0,Inactive Customers,0.6274002035333476,Medium,158.093550311321,84.85970835760794,1.862998982333262
2219,2219,17126.0,2.0,210.0,362.0,396.07500000000005,0.09360716071099241,435.91970590986716,1144.635702837119,1,Inactive Customers,0.1659516462585203,Medium,954.6815235850206,228.9271405674238,4.170241768707398
2220,2220,17131.0,3.0,70.0,75.0,551.15,0.3309335005569431,586.4650938542394,5433.173057655393,0,Inactive Customers,0.4284500035767166,High,3105.3300416700195,1086.6346115310787,2.8577499821164167
2221,2221,17133.0,4.0,251.0,266.0,458.20500000000004,0.1878870883103417,480.0515569235052,2530.641280094193,0,Inactive Customers,0.2159285962612704,High,1984.2034608426295,506.1282560188386,3.920357018693648
2222,2222,17134.0,1.0,158.0,264.0,94.5,0.07885891781404489,118.89949993602515,262.51209994771784,0,Inactive Customers,0.497089549082382,Medium,132.0200785560376,52.50241998954357,2.5145522545880903
2223,2223,17135.0,4.0,355.0,371.0,188.53750000000002,0.14527951210924903,198.09018815747933,807.8467414681163,0,Inactive Customers,0.1011134182419904,Medium,726.1625960226216,161.56934829362328,4.494432908790048
2224,2224,17139.0,8.0,273.0,288.0,993.0425,0.3034220745926112,1015.6419851451591,8650.974813658897,2,High-Value Active Customers,0.0124905722099835,High,8542.919188062142,1730.1949627317795,4.937547138950082
2225,2225,17144.0,1.0,83.0,84.0,388.68,0.17031318875783466,475.2243362244384,2260.532759078884,0,Inactive Customers,0.5821513989680249,Medium,944.5604509680624,452.1065518157768,2.089243005159875
2226,2226,17146.0,2.0,253.0,358.0,140.765,0.09523367076888868,156.21911376097154,417.3187131629271,0,Inactive Customers,0.2756121131574519,Medium,302.3006207679443,83.46374263258542,3.621939434212741
2227,2227,17147.0,3.0,289.0,311.0,435.03000000000003,0.1370269193175754,463.17778583148163,1780.710805085803,0,Inactive Customers,0.124427234593535,High,1559.1418839981493,356.1421610171606,4.377863827032325
2228,2228,17152.0,1.0,69.0,263.0,1373.6,0.06447391412744391,1668.2063804054976,3011.2613989625115,1,Inactive Customers,0.6674577456007389,High,1001.3716541964664,602.2522797925023,1.6627112719963053
2229,2229,17155.0,1.0,160.0,177.0,108.39999999999999,0.11056599449571017,135.73584239441436,419.79325045029856,0,Inactive Customers,0.4784815058346525,Low,218.92994383561629,83.95865009005972,2.607592470826737
2230,2230,17157.0,1.0,169.0,176.0,157.54,0.11154674616105457,195.25655235162637,609.2230730226771,0,Inactive Customers,0.4835854331227475,Low,314.61166938663456,121.84461460453542,2.5820728343862624
2231,2231,17158.0,2.0,328.0,360.0,426.59,0.09541128921525115,469.3499028054981,1256.157078801175,0,Inactive Customers,0.1451454184746003,High,1073.831633928747,251.231415760235,4.274272907626998
2232,2232,17159.0,2.0,150.0,171.0,505.21500000000003,0.16396809712492516,555.4862039989764,2551.4618528612104,0,Inactive Customers,0.3606383740475751,High,1631.30679880093,510.29237057224213,3.1968081297621236
2233,2233,17160.0,5.0,210.0,241.0,575.2239999999999,0.237899363106303,596.7725921802568,3983.428978948199,0,Inactive Customers,0.0890459211223142,High,3628.720876292437,796.6857957896399,4.554770394388428
2234,2234,17162.0,5.0,277.0,305.0,258.21,0.19961032089273284,268.301180268528,1503.1764181511026,0,Inactive Customers,0.1323371904301377,High,1304.2502742521478,300.6352836302205,4.338314047849312
2235,2235,17163.0,1.0,57.0,78.0,170.0,0.1732449624954253,210.34869818123283,1017.674084585756,0,Inactive Customers,0.6926778118883712,Low,312.75382645939334,203.5348169171512,1.5366109405581438
2236,2236,17164.0,4.0,241.0,273.0,456.0675,0.1841539859698474,477.81661045892423,2468.910934081245,0,Inactive Customers,0.1131167933469983,High,2189.6356461586324,493.78218681624907,4.434416033265008
2237,2237,17166.0,1.0,165.0,203.0,78.75,0.0997182841730115,99.8223493087136,278.5202848663879,0,Inactive Customers,0.4945993295415822,Low,140.76433870774196,55.70405697327758,2.527003352292089
2238,2238,17169.0,1.0,126.0,183.0,527.1,0.10511503469737626,642.8852371661822,1890.3846012995966,0,Inactive Customers,0.4924752318753332,Medium,959.4170064410185,378.07692025991935,2.537623840623334
2239,2239,17173.0,6.0,126.0,131.0,550.6366666666667,0.40954254303153553,567.7502189390412,6519.011230240396,0,Inactive Customers,0.3187689047820313,High,4440.953160114903,1303.8022460480793,3.4061554760898436
2240,2240,17175.0,3.0,252.0,296.0,288.21999999999997,0.14216378041922254,307.3061901475246,1225.6468469633778,0,Inactive Customers,0.1446621855952084,High,1048.3420953137797,245.12936939267559,4.276689072023958
2241,2241,17179.0,2.0,183.0,361.0,234.395,0.0930560887777327,258.7938912585278,675.5358519103725,1,Inactive Customers,0.3736431571158186,Medium,423.12650345765684,135.1071703820745,3.1317842144209074
2242,2242,17180.0,2.0,260.0,316.0,274.245,0.10549917606448014,302.45089097312376,894.8494520742743,0,Inactive Customers,0.130168407631801,Medium,778.3683238275763,178.96989041485486,4.349157961840994
2243,2243,17181.0,1.0,316.0,373.0,84.4,0.0633302180766538,106.66589858136822,189.2792451182051,0,Inactive Customers,0.2622159388922946,Low,139.64721014671017,37.85584902364102,3.6889203055385265
2244,2244,17183.0,5.0,98.0,105.0,586.578,0.4025810639164014,608.5369445774562,6865.427538948573,0,Inactive Customers,0.3807231723915147,High,4251.600186496003,1373.0855077897147,3.096384138042426
2245,2245,17186.0,1.0,14.0,60.0,72.0,0.18437752107246944,91.64642761129437,471.6838848926329,0,Inactive Customers,0.6885337005994138,Low,146.91363411440045,94.33677697852659,1.557331497002931
2246,2246,17188.0,5.0,351.0,362.0,392.11800000000005,0.17464425180712317,407.0488375526725,1995.7679426721497,0,Inactive Customers,0.0929971681206408,High,1810.1671757776826,399.15358853442996,4.5350141593967965
2247,2247,17189.0,1.0,253.0,359.0,157.18,0.06359519015254375,194.8205031944307,347.1261156126186,0,Inactive Customers,0.3121355546699061,Medium,238.77571297546396,69.42522312252372,3.4393222266504697
2248,2248,17191.0,4.0,340.0,368.0,392.2675,0.1461753940534032,411.10803294301127,1686.8900798767659,0,Inactive Customers,0.0718539790405651,High,1565.6803154335635,337.3780159753532,4.640730104797174
2249,2249,17193.0,4.0,141.0,176.0,262.465,0.2506121079767314,275.38796816230143,1935.1481755557465,0,Inactive Customers,0.3402164352942901,High,1276.7789615019215,387.02963511114933,3.2989178235285497
2250,2250,17194.0,1.0,87.0,360.0,10.0,0.04539910264117189,16.54907276092513,21.049998285571572,1,Inactive Customers,0.5979843467148052,Low,8.462428812426287,4.209999657114315,2.010078266425974
2251,2251,17198.0,2.0,348.0,371.0,210.10500000000002,0.09318972627066589,232.18338879761106,606.9734911289761,0,Inactive Customers,0.105288218516555,Medium,543.0663335612322,121.39469822579522,4.473558907417225
2252,2252,17203.0,2.0,25.0,60.0,1149.94,0.28212567156929114,1261.8038737854977,9955.649438845941,0,Inactive Customers,0.4364455679819983,High,5610.550364879162,1991.1298877691884,2.8177721600900085
2253,2253,17204.0,2.0,88.0,263.0,353.925,0.11570374496696426,389.7429797374652,1264.2299484918344,1,Inactive Customers,0.5179258418157259,High,609.4525881705493,252.8459896983669,2.4103707909213705
2254,2254,17211.0,7.0,343.0,369.0,284.8457142857143,0.22400819716348802,292.66061555332993,1840.8663558512194,0,Inactive Customers,0.0447538861523971,High,1758.4804325396758,368.1732711702439,4.776230569238015
2255,2255,17213.0,5.0,326.0,366.0,485.67600000000004,0.17296983828454468,503.988178892921,2447.4089185489183,0,Inactive Customers,0.0939461278730797,High,2217.4843273292063,489.4817837097837,4.530269360634602
2256,2256,17214.0,5.0,299.0,359.0,162.614,0.1754845750644708,169.25018222707365,833.820032338595,0,Inactive Customers,0.1267301258592071,Medium,728.1499146963968,166.764006467719,4.366349370703964
2257,2257,17218.0,9.0,364.0,368.0,185.35333333333335,0.2768110246775745,189.43117526763598,1472.5472439726955,0,Inactive Customers,0.0334726631072544,High,1423.2571661656816,294.5094487945391,4.832636684463728
2258,2258,17220.0,9.0,340.0,364.0,316.31666666666666,0.2791137107514547,322.98251103652046,2531.562618159419,0,Inactive Customers,0.012426064148557,High,2500.105258670081,506.3125236318838,4.937869679257215
2259,2259,17221.0,1.0,29.0,36.0,202.85000000000002,0.23272503068355055,250.1381837753398,1623.9401420508582,0,Inactive Customers,0.6474296548429229,Low,572.5531363973039,324.78802841017165,1.7628517257853855
2260,2260,17223.0,1.0,58.0,368.0,133.95,0.03627674661192142,166.68322007871976,169.42333397073048,1,Inactive Customers,0.625674265047593,Medium,63.419514006680785,33.8846667941461,1.8716286747620348
2261,2261,17227.0,5.0,350.0,368.0,159.414,0.17233709978670414,165.93452891801618,802.8503706320447,0,Inactive Customers,0.0630593146731823,Medium,752.2231764748776,160.57007412640894,4.684703426634089
2262,2262,17228.0,7.0,357.0,372.0,246.11285714285714,0.22262277812973233,252.93807116584978,1581.1839536903904,0,Inactive Customers,0.0363137272825131,High,1523.7652708125916,316.23679073807807,4.818431363587434
2263,2263,17229.0,1.0,46.0,142.0,161.05,0.11304878145923071,199.5080316342844,630.57395014139,0,Inactive Customers,0.6388494773414697,Low,227.73211166841705,126.11479002827801,1.8057526132926516
2264,2264,17230.0,3.0,95.0,359.0,620.0666666666667,0.1068936217795805,659.6355236788611,1978.7670391886777,1,Inactive Customers,0.4208738321027401,High,1145.955772566746,395.75340783773555,2.8956308394862993
2265,2265,17231.0,9.0,349.0,361.0,326.92333333333335,0.2810461594879358,333.798778959262,2634.4284795192393,0,Inactive Customers,0.012049874546843,High,2602.683946838402,526.8856959038479,4.939750627265784
2266,2266,17232.0,1.0,12.0,14.0,213.48,0.28241697743976196,263.0137463892014,2070.6481669880445,0,Inactive Customers,0.695788197340523,Medium,629.9156115529748,414.1296333976089,1.5210590132973851
2267,2267,17235.0,1.0,347.0,372.0,208.16,0.06417857310963188,256.56990884397624,461.3808105900245,0,Inactive Customers,0.2202844832577968,Medium,359.74577714413755,92.2761621180049,3.898577583711016
2268,2268,17236.0,5.0,350.0,362.0,154.57999999999998,0.17464018706618117,160.92582013802132,789.0038941183986,0,Inactive Customers,0.0862530343029376,Medium,720.949914173853,157.80077882367974,4.5687348284853115
2269,2269,17237.0,1.0,11.0,22.0,71.09,0.2596424374540877,90.54419224171637,655.5305702722436,0,Inactive Customers,0.7151346566662353,Low,186.73794096638122,131.10611405444874,1.4243267166688232
2270,2270,17238.0,14.0,369.0,371.0,233.7757142857143,0.40466994805479095,236.9896437524278,2693.5331576923177,2,High-Value Active Customers,0.0088934840639907,High,2669.5782634785505,538.7066315384635,4.955532579680047
2271,2271,17242.0,1.0,72.0,180.0,425.6,0.09812359761215855,519.9435997901744,1427.1361846660673,0,Inactive Customers,0.584618255152492,High,592.8063185216064,285.42723693321346,2.0769087242375397
2272,2272,17243.0,25.0,368.0,369.0,333.468,0.6928651421793129,335.9582251546622,6538.324614677999,2,High-Value Active Customers,0.0074270127189366,High,6489.764394604249,1307.6649229355999,4.962864936405317
2273,2273,17250.0,1.0,258.0,261.0,221.87,0.08486737517109844,273.1761142471788,649.0683131983377,0,Inactive Customers,0.313383404270309,Medium,445.66107560425553,129.81366263966754,3.4330829786484554
2274,2274,17252.0,1.0,70.0,186.0,11.9,0.09468013542916236,18.850443312791285,49.92847039176724,0,Inactive Customers,0.5742549875872087,Low,21.256797246694624,9.985694078353449,2.128725062063956
2275,2275,17254.0,1.0,11.0,15.0,102.13,0.27910411935916973,128.14131957325606,997.029331195538,0,Inactive Customers,0.6418658345046817,Low,357.0702675020693,199.4058662391076,1.7906708274765915
2276,2276,17255.0,1.0,259.0,299.0,185.95,0.07559004544211621,229.66809834031974,486.19422746729254,0,Inactive Customers,0.2941126609601059,Low,343.19834948344413,97.23884549345851,3.5294366951994705
2277,2277,17256.0,1.0,205.0,312.0,112.1,0.070328451302433,140.217458732259,276.19807957831773,0,Inactive Customers,0.423017337487191,Low,159.36150333602245,55.23961591566355,2.8849133125640445
2278,2278,17259.0,1.0,220.0,368.0,221.73000000000002,0.06041921083462031,273.0065395749361,462.1693162701796,1,Inactive Customers,0.3058943099931723,Medium,320.79435216969677,92.43386325403593,3.470528450034138
2279,2279,17262.0,3.0,314.0,366.0,328.1666666666667,0.12042962022918065,349.7184963636439,1181.9629596646419,0,Inactive Customers,0.1479317229073931,High,1007.1131426287299,236.39259193292838,4.260341385463034
2280,2280,17265.0,1.0,42.0,180.0,178.81,0.08883495828192553,221.01979005593853,549.225613923378,0,Inactive Customers,0.5758376544056365,Medium,232.9608246622443,109.8451227846756,2.1208117279718173
2281,2281,17266.0,2.0,145.0,147.0,98.79,0.18072031396922034,110.23410590601134,557.9066890486959,0,Inactive Customers,0.4629607687836111,Low,299.6177793771926,111.58133780973918,2.6851961560819446
2282,2282,17272.0,3.0,220.0,262.0,496.98333333333335,0.1558033573337786,528.9550825047787,2311.607405197304,0,Inactive Customers,0.1840409192850615,High,1886.1770533186366,462.3214810394609,4.079795403574692
2283,2283,17277.0,1.0,95.0,322.0,348.33000000000004,0.05512828655265984,426.35049318875457,658.3556660970085,1,Inactive Customers,0.5337529110015712,Medium,306.95641284335176,131.6711332194017,2.331235444992144
2284,2284,17282.0,2.0,169.0,299.0,196.38,0.10872185965977645,217.1471950439641,662.0237011516546,0,Inactive Customers,0.3585678112907248,Medium,424.6433116071209,132.40474023033093,3.2071609435463757
2285,2285,17284.0,5.0,276.0,336.0,187.294,0.18488255507161008,194.8221583731791,1011.1099784107984,0,Inactive Customers,0.0467162056842338,High,963.8747566899783,202.22199568215967,4.766418971578831
2286,2286,17287.0,6.0,346.0,372.0,141.415,0.19669109647520347,146.2773901887696,807.8482230684763,0,Inactive Customers,0.0658798171760652,Medium,754.6273298267159,161.56964461369526,4.670600914119674
2287,2287,17288.0,6.0,349.0,358.0,211.03666666666666,0.20289475133597348,217.98337054735723,1241.7663854047337,0,Inactive Customers,0.0648616548841478,High,1161.223362667876,248.35327708094675,4.67569172557926
2288,2288,17289.0,2.0,149.0,180.0,388.525,0.15838930807921425,427.6484299288082,1897.6220643140327,0,Inactive Customers,0.4126610383396332,Medium,1114.5473728780057,379.52441286280657,2.9366948083018336
2289,2289,17290.0,1.0,13.0,16.0,172.21,0.27686811197647454,213.02555550735084,1644.2673481196307,0,Inactive Customers,0.6370417536228753,Medium,596.8003932486664,328.8534696239262,1.8147912318856234
2290,2290,17293.0,7.0,353.0,361.0,209.13857142857142,0.22806277672531935,215.01903255570846,1376.933813571841,0,Inactive Customers,0.0322009294334259,High,1332.5952650065162,275.3867627143682,4.83899535283287
2291,2291,17295.0,1.0,36.0,64.0,277.59000000000003,0.1866132307283926,340.666833799801,1774.769407773939,0,Inactive Customers,0.6336526433635179,Medium,650.1820811772774,354.9538815547878,1.8317367831824105
2292,2292,17298.0,1.0,23.0,124.0,390.78,0.1168172683052984,477.7679563080799,1559.9499971462237,0,Inactive Customers,0.6727424639151032,Medium,510.50539248171503,311.9899994292448,1.636287680424484
2293,2293,17299.0,3.0,162.0,173.0,172.49333333333334,0.20845925828615666,184.43649328410444,1077.6757391758524,0,Inactive Customers,0.2972468622993335,Medium,757.3400071297153,215.5351478351705,3.513765688503332
2294,2294,17302.0,4.0,291.0,305.0,238.195,0.16943798816966774,250.01152339253332,1188.794909824841,0,Inactive Customers,0.1282594920932056,High,1036.3206784877186,237.7589819649682,4.358702539533971
2295,2295,17306.0,12.0,312.0,322.0,357.2241666666667,0.39452222464657793,362.8022805491563,4019.225380157522,2,High-Value Active Customers,0.062411814205497,High,3768.3782324811127,803.8450760315045,4.687940928972514
2296,2296,17311.0,1.0,238.0,316.0,633.54,0.0711330044013226,771.8104379770417,1537.7373344610562,0,Inactive Customers,0.3088173848935204,High,1062.85731217966,307.5474668922113,3.4559130755323975
2297,2297,17312.0,2.0,21.0,159.0,249.25,0.15906713117983598,275.06803757622725,1225.5188163889236,0,Inactive Customers,0.6931827137989699,Medium,376.01035743274804,245.10376327778474,1.5340864310051505
2298,2298,17314.0,7.0,288.0,312.0,324.0628571428571,0.25561342678615157,332.8798199396061,2388.7414129626163,0,Inactive Customers,0.0673891921938162,High,2227.7660587831506,477.7482825925233,4.663054039030919
2299,2299,17315.0,34.0,356.0,357.0,175.9079411764706,0.952001564210952,176.92320957468147,4731.008660140338,2,High-Value Active Customers,0.009388067769477,High,4686.593630220958,946.2017320280677,4.953059661152615
2300,2300,17317.0,1.0,43.0,89.0,38.16,0.15756296443464532,50.65780683489929,222.9508309591655,0,Inactive Customers,0.7460959611821509,High,56.60811643832766,44.590166191833106,1.269520194089245
2301,2301,17320.0,2.0,268.0,368.0,374.85,0.0932467123273747,412.66701283728753,1079.4377703282046,0,Inactive Customers,0.2218737300776456,High,839.9388858387888,215.88755406564093,3.890631349611771
2302,2302,17321.0,1.0,59.0,67.0,41.25,0.18744348810921754,54.400562100828985,284.6913156054449,0,Inactive Customers,0.5635210952455183,Medium,124.26175362857708,56.93826312108899,2.1823945237724085
2303,2303,17323.0,6.0,277.0,292.0,129.89666666666668,0.23773202409196634,134.4142242620179,896.9278463048548,0,Inactive Customers,0.082571354121061,Medium,822.8672994865761,179.38556926097098,4.5871432293946945
2304,2304,17324.0,3.0,349.0,366.0,279.3933333333333,0.12059971449845465,297.93471260577866,1008.3686461291527,0,Inactive Customers,0.1550409833563355,Medium,852.0301796475921,201.67372922583056,4.224795083218322
2305,2305,17329.0,1.0,301.0,315.0,279.75,0.07336437224688662,343.2831287429751,705.3989812698082,0,Inactive Customers,0.2767604343798597,Medium,510.17245280246556,141.07979625396166,3.616197828100701
2306,2306,17330.0,1.0,45.0,67.0,99.0,0.18471158955861844,124.3501144009713,641.2698324914413,0,Inactive Customers,0.701230685963345,Low,191.59174796586856,128.25396649828826,1.4938465701832748
2307,2307,17334.0,1.0,6.0,308.0,10.5,0.027400046311895767,17.154696590363592,13.164634980932776,1,Inactive Customers,0.7087892308097032,Low,3.8336834789069214,2.6329269961865553,1.4560538459514838
2308,2308,17337.0,3.0,159.0,310.0,333.71666666666664,0.13478717815285837,355.61106060345014,1344.811353177096,1,Inactive Customers,0.0867283815876101,High,1228.1780409754024,268.9622706354192,4.566358092061949
2309,2309,17338.0,7.0,344.0,361.0,839.4757142857143,0.22801751254276562,861.46231051662,5515.517147369381,0,Inactive Customers,0.0047659968834294,High,5489.230209834517,1103.1034294738763,4.976170015582853
2310,2310,17339.0,1.0,271.0,365.0,183.36,0.0632729509258254,226.53096690382856,401.59707109965353,0,Inactive Customers,0.3329817220458486,Low,267.8725867963218,80.3194142199307,3.335091389770757
2311,2311,17340.0,7.0,337.0,366.0,1373.8742857142856,0.2254544070044795,1409.5156311349283,8923.148404944144,2,High-Value Active Customers,0.0057570798024725,High,8871.777127487576,1784.629680988829,4.971214600987637
2312,2312,17341.0,1.0,210.0,366.0,267.76,0.060154228386261714,328.7602693130408,554.1062881520129,1,Inactive Customers,0.2795412200600746,Medium,399.2107403190399,110.82125763040258,3.6022938996996268
2313,2313,17345.0,2.0,181.0,196.0,204.70499999999998,0.1498288665456627,226.26750928797944,949.9099056679242,0,Inactive Customers,0.3598333657531165,Medium,608.1006271492097,189.98198113358487,3.200833171234417
2314,2314,17346.0,13.0,370.0,373.0,193.30769230769232,0.37710709577363366,196.2219166711137,2078.258363636861,0,Inactive Customers,0.0110361533731404,High,2055.3223855867527,415.6516727273722,4.9448192331342975
2315,2315,17348.0,4.0,283.0,297.0,245.605,0.17292215463536104,257.7593378030806,1250.7881615918132,0,Inactive Customers,0.0444936470702721,High,1195.1360345702724,250.15763231836263,4.777531764648639
2316,2316,17350.0,2.0,43.0,51.0,564.915,0.30184519739454346,620.8895385776809,5240.1936678438715,0,Inactive Customers,0.5879444731311657,High,2159.2507626981355,1048.0387335687744,2.060277634344171
2317,2317,17351.0,2.0,237.0,273.0,194.27499999999998,0.11807356884360228,214.8410975684503,711.2138625626872,0,Inactive Customers,0.3195744462896885,Medium,483.9280862406657,142.24277251253744,3.4021277685515567
2318,2318,17358.0,1.0,52.0,355.0,119.15,0.036773725137974965,148.7567547273413,153.2609450565798,1,Inactive Customers,0.6203348179400306,Medium,58.18784460758933,30.65218901131596,1.8983259102998467
2319,2319,17360.0,1.0,167.0,184.0,254.84,0.10778636832725122,313.110949560351,944.102859292086,0,Inactive Customers,0.3815642513376434,Medium,583.8669586005727,188.82057185841722,3.092178743311783
2320,2320,17361.0,2.0,242.0,291.0,221.6,0.11242266876507238,244.7765434204286,771.6220801201722,0,Inactive Customers,0.3038864754999298,Medium,537.1365657745287,154.32441602403446,3.4805676225003506
2321,2321,17362.0,1.0,70.0,309.0,126.28,0.05208818479403023,157.39295053513376,229.6160578815091,1,Inactive Customers,0.6123978891602608,Low,88.99966871757266,45.923211576301824,1.9380105541986958
2322,2322,17364.0,9.0,331.0,331.0,447.22222222222223,0.3010511378290085,456.47492726507585,3858.6341450590025,0,Inactive Customers,0.0190246962595381,High,3785.2248024725727,771.7268290118005,4.904876518702309
2323,2323,17365.0,6.0,320.0,332.0,662.525,0.21532252855812156,682.9882334319688,4128.613639902238,0,Inactive Customers,0.0103704296697099,High,4085.7981425162266,825.7227279804476,4.94814785165145
2324,2324,17368.0,7.0,314.0,337.0,192.78857142857143,0.240731466750324,198.25126356980832,1339.9588384066853,0,Inactive Customers,0.0566153154641599,High,1264.0966460613017,267.9917676813371,4.7169234226792005
2325,2325,17370.0,3.0,97.0,169.0,111.82666666666667,0.20992853821151874,120.02528057270838,706.2322945784425,0,Inactive Customers,0.4351028264783005,Medium,398.9486270571064,141.24645891568852,2.824485867608497
2326,2326,17371.0,1.0,344.0,361.0,326.26,0.06588584218209931,399.61825735734084,737.6856214839124,0,Inactive Customers,0.1949585552445309,Medium,593.867498494745,147.53712429678248,4.025207223777345
2327,2327,17372.0,7.0,322.0,362.0,167.13857142857142,0.22734956193246594,171.9458645185338,1097.663363117066,0,Inactive Customers,0.0534245367094519,High,1039.0212064795978,219.5326726234132,4.732877316452741
2328,2328,17373.0,3.0,272.0,312.0,167.22333333333333,0.136575320730063,178.8412115645046,685.3017711988434,0,Inactive Customers,0.1158884731351402,Medium,605.8831952978023,137.06035423976869,4.420557634324299
2329,2329,17374.0,1.0,63.0,281.0,303.82,0.057364054263922395,372.4378598921427,598.2398573319612,1,Inactive Customers,0.6411897691965852,Medium,214.6545812850829,119.64797146639224,1.7940511540170738
2330,2330,17375.0,2.0,162.0,361.0,145.195,0.0921760321986561,161.0723260253545,416.474607043508,1,Inactive Customers,0.3835709939121454,Medium,256.7270280806594,83.29492140870161,3.082145030439272
2331,2331,17376.0,1.0,241.0,311.0,97.35,0.0723130170015345,122.35155576382436,247.80510353408678,0,Inactive Customers,0.3651106410102626,Low,157.32882333714187,49.56102070681736,3.174446794948687
2332,2332,17377.0,19.0,350.0,373.0,204.0536842105263,0.5317271929985952,206.13865502986454,3078.709196051116,2,High-Value Active Customers,0.0090891846883214,High,3050.726239566574,615.7418392102232,4.954554076558392
2333,2333,17381.0,11.0,284.0,308.0,302.72999999999996,0.3781599469387061,307.9454602131027,3269.7528660738076,2,High-Value Active Customers,0.1033576689839816,High,2931.798831682726,653.9505732147616,4.483211655080091
2334,2334,17384.0,1.0,200.0,219.0,108.75,0.09566008600337865,136.1597790750213,364.51012532149775,0,Inactive Customers,0.4423417803195096,Low,203.2720675422989,72.90202506429955,2.7882910984024525
2335,2335,17386.0,3.0,158.0,165.0,337.78000000000003,0.21499534450241273,359.9251962240652,2168.8404636702726,0,Inactive Customers,0.3242371858113838,High,1465.6217352559668,433.76809273405456,3.378814070943081
2336,2336,17387.0,1.0,14.0,33.0,437.67,0.23433692106896983,534.5633590328189,3494.201319134619,0,Inactive Customers,0.6445780110200301,Medium,1241.9159827432609,698.8402638269239,1.7771099448998493
2337,2337,17388.0,1.0,54.0,131.0,1.25,0.12327505481865923,5.950655745752054,20.505763161888243,0,Inactive Customers,0.6652488738697468,Low,6.86432731060235,4.101152632377649,1.6737556306512658
2338,2338,17389.0,30.0,331.0,331.0,860.8213333333333,0.897034757127067,865.977789861072,21817.466103207433,2,High-Value Active Customers,0.0095746397533115,High,21608.571724939135,4363.493220641487,4.952126801233441
2339,2339,17392.0,1.0,52.0,358.0,145.5,0.03622381265348748,180.67313053874824,183.3636749828828,1,Inactive Customers,0.6141684206557121,Medium,70.74749631301836,36.67273499657656,1.9291578967214396
2340,2340,17396.0,3.0,332.0,371.0,1738.7,0.11920261100907573,1847.3145826798172,6179.989684207363,0,Inactive Customers,0.07850638914617,High,5694.821009139663,1235.9979368414727,4.607468054269149
2341,2341,17398.0,2.0,141.0,255.0,173.85,0.1225651100983263,192.46483108989017,661.2929317560073,0,Inactive Customers,0.4545679285472938,Medium,360.69037360471214,132.25858635120147,2.727160357263531
2342,2342,17400.0,4.0,227.0,353.0,422.21000000000004,0.14978876730386717,442.4155812544568,1860.1156533431479,0,Inactive Customers,0.1081520795713923,High,1658.9402771907874,372.0231306686296,4.459239602143038
2343,2343,17402.0,10.0,365.0,369.0,213.888,0.3022525426487164,218.05731190268867,1850.9355435042876,0,Inactive Customers,0.0512197302443843,High,1756.131124266255,370.18710870085755,4.743901348778078
2344,2344,17404.0,9.0,353.0,357.0,1144.5511111111111,0.2835941780432055,1167.5839240428752,9298.296260510804,2,High-Value Active Customers,0.0177903970629451,High,9132.87587802742,1859.659252102161,4.911048014685274
2345,2345,17405.0,2.0,149.0,150.0,319.05,0.17849255397383598,351.53625790442794,1757.293947258525,0,Inactive Customers,0.3913672066239794,Medium,1069.5467239027294,351.458789451705,3.0431639668801025
2346,2346,17406.0,1.0,33.0,366.0,885.52,0.028505933543907132,1077.020623060849,860.2147369136435,1,Inactive Customers,0.5770883079710463,High,363.79486989639025,172.0429473827287,2.1145584601447687
2347,2347,17409.0,1.0,64.0,248.0,511.29999999999995,0.06786910188926806,623.7475241559266,1185.048611710765,1,Inactive Customers,0.6761688624760713,Medium,383.7556399514495,237.00972234215303,1.6191556876196431
2348,2348,17410.0,4.0,199.0,215.0,219.605,0.21908249850976586,230.57402408186212,1416.8394822589753,0,Inactive Customers,0.2129921051089819,High,1115.063858331116,283.36789645179505,3.9350394744550905
2349,2349,17411.0,2.0,249.0,261.0,246.68,0.12227874522246153,272.25251714293967,933.2911110298468,0,Inactive Customers,0.3064044811835841,Medium,647.3265323614958,186.65822220596937,3.467977594082079
2350,2350,17412.0,6.0,370.0,372.0,176.79333333333332,0.19679882463564227,182.71487002195704,1009.634687646335,0,Inactive Customers,0.0839799449438576,High,924.8456221643869,201.926937529267,4.580100275280712
2351,2351,17416.0,6.0,252.0,281.0,796.4516666666667,0.24461665978038707,820.9243586251479,5636.251637965965,0,Inactive Customers,0.0386203087729545,High,5418.5778593856485,1127.2503275931929,4.806898456135228
2352,2352,17418.0,1.0,281.0,323.0,296.07,0.07123110894016689,363.0506905358465,724.3682540435921,0,Inactive Customers,0.2933759607336228,Medium,511.8560215886163,144.87365080871842,3.5331201963318857
2353,2353,17419.0,10.0,356.0,367.0,376.73,0.3035304922276189,383.78976896972597,3271.474260171931,0,Inactive Customers,0.034915716664869,High,3157.2483918273556,654.2948520343862,4.825421416675654
2354,2354,17420.0,2.0,323.0,373.0,218.04000000000002,0.09265173822264501,240.8764450770419,626.0695145320653,0,Inactive Customers,0.2084282656185847,Medium,495.5789314614776,125.21390290641307,3.957858671907076
2355,2355,17422.0,5.0,280.0,296.0,320.392,0.20432279145046575,332.73054091346836,1908.0736866176435,0,Inactive Customers,0.0786063530846364,High,1758.086972695873,381.61473732352874,4.606968234576818
2356,2356,17423.0,1.0,171.0,217.0,248.99,0.09482345011098535,306.025150755921,812.0703858354922,0,Inactive Customers,0.4488062707765946,Medium,447.6081043605547,162.41407716709844,2.7559686461170276
2357,2357,17425.0,1.0,41.0,60.0,70.2,0.19371837329654087,89.46618182531591,483.7903964646432,0,Inactive Customers,0.6384595386347823,Medium,174.9098031418887,96.75807929292864,1.8077023068260885
2358,2358,17426.0,3.0,274.0,282.0,1178.6266666666668,0.14772735426474662,1252.6716825592575,5191.214990967892,0,Inactive Customers,0.0457606691780329,High,4953.661519134165,1038.2429981935784,4.771196654109835
2359,2359,17428.0,20.0,368.0,368.0,790.1245,0.5639013156159134,797.2599480001137,12627.58607605439,2,High-Value Active Customers,0.0026396791892276,High,12594.253299879249,2525.517215210878,4.986801604053862
2360,2360,17429.0,2.0,90.0,218.0,169.03,0.13549532096704417,187.18436086092274,710.7939849718684,0,Inactive Customers,0.5257603558944447,Medium,337.08668646542833,142.1587969943737,2.3711982205277766
2361,2361,17430.0,1.0,333.0,365.0,153.16,0.0650077651939595,189.95128760574545,345.9810773232191,0,Inactive Customers,0.244809302790216,Low,261.281691005114,69.19621546464383,3.7759534860489192
2362,2362,17432.0,1.0,19.0,37.0,189.87,0.22764149655867952,234.4161891631173,1488.6709847100196,0,Inactive Customers,0.6754503580135941,Medium,483.14763512318723,297.73419694200396,1.6227482099320294
2363,2363,17434.0,6.0,83.0,85.0,312.37666666666667,0.5161114131164994,322.35725869816184,4661.817046670549,0,Inactive Customers,0.354907332661305,High,3007.303993281702,932.3634093341097,3.225463336693475
2364,2364,17436.0,1.0,225.0,226.0,93.9,0.09427078636709721,118.172751340699,311.78559719021246,0,Inactive Customers,0.4055799392979493,Low,185.3316136078312,62.357119438042496,2.972100303510253
2365,2365,17440.0,1.0,91.0,247.0,61.800000000000004,0.07495573193031642,79.29170149074976,166.37333873290166,1,Inactive Customers,0.5482664352669009,Low,75.15642138236106,33.274667746580334,2.2586678236654953
2366,2366,17442.0,5.0,254.0,290.0,355.166,0.20736871029636894,368.7613309663318,2146.156614420393,0,Inactive Customers,0.0990301488053604,High,1933.622405534733,429.2313228840786,4.504849255973197
2367,2367,17444.0,1.0,21.0,172.0,1217.64,0.08300979625338875,1479.300195527053,3434.607974043905,1,Inactive Customers,0.5146465628365724,High,1666.9987855111258,686.921594808781,2.426767185817138
2368,2368,17446.0,1.0,134.0,310.0,52.8,0.06444747957085736,68.39047256085745,123.44757426969211,1,Inactive Customers,0.5243223239921854,Low,58.72125523740924,24.689514853938423,2.3783883800390733
2369,2369,17447.0,1.0,31.0,71.0,169.05,0.1754542325244923,209.19801290529978,1024.8540089094636,0,Inactive Customers,0.6537997685751822,Medium,354.8046950611086,204.97080178189273,1.7310011571240889
2370,2370,17449.0,5.0,357.0,359.0,363.99,0.17584010302614386,377.90424496605766,1865.5372760604237,0,Inactive Customers,0.0378326326802295,High,1794.9590895439537,373.10745521208474,4.8108368365988525
2371,2371,17450.0,23.0,359.0,367.0,1135.5426086956522,0.6435036289074834,1144.379493367151,20684.548751248985,2,High-Value Active Customers,0.0029866110196367,High,20622.772050012292,4136.909750249797,4.985066944901816
2372,2372,17451.0,4.0,104.0,105.0,343.8475,0.3416826626791946,360.48061408218837,3450.92691308535,0,Inactive Customers,0.3767785054426014,High,2150.691828381402,690.18538261707,3.1161074727869935
2373,2373,17453.0,1.0,47.0,64.0,144.72,0.18929699815015744,179.72835736482423,949.7952216963041,0,Inactive Customers,0.6636790434422885,Medium,319.4360374948447,189.95904433926083,1.6816047827885576
2374,2374,17454.0,3.0,167.0,359.0,117.22666666666667,0.11890433383356779,125.75858631954694,419.6373834478351,1,Inactive Customers,0.3397225753235447,Medium,277.0770908409027,83.92747668956702,3.3013871233822765
2375,2375,17457.0,3.0,213.0,339.0,328.23333333333335,0.12694357848947763,349.789277916074,1245.9965394216044,0,Inactive Customers,0.3095940211917238,High,860.2434603910976,249.1993078843209,3.4520298940413805
2376,2376,17459.0,1.0,17.0,60.0,356.91,0.18578715122120273,436.74299810191854,2265.0049367912034,0,Inactive Customers,0.61724459184806,Medium,866.9428890476761,453.0009873582407,1.9137770407597
2377,2377,17460.0,5.0,279.0,373.0,120.506,0.16978009498078458,125.62032924651417,598.7889942754647,0,Inactive Customers,0.1914740955552012,Medium,484.13641316816154,119.75779885509294,4.042629522223994
2378,2378,17461.0,1.0,7.0,29.0,374.9,0.24049520379271125,458.53334348511436,3075.6148783846947,0,Inactive Customers,0.6183606121315175,Medium,1173.7757795059322,615.122975676939,1.9081969393424125
2379,2379,17462.0,1.0,224.0,284.0,212.28,0.07774865549710401,261.5602491985491,569.4519267802652,0,Inactive Customers,0.3864410659620498,Medium,349.3923171811564,113.89038535605306,3.0677946701897505
2380,2380,17463.0,4.0,297.0,313.0,292.5625,0.16608118982691755,306.857582767085,1430.2445821950828,0,Inactive Customers,0.07640670784254,High,1320.9643022599273,286.0489164390166,4.617966460787299
2381,2381,17466.0,1.0,68.0,78.0,302.87,0.17509620290718447,371.2871746162096,1815.494539925337,0,Inactive Customers,0.6077614577777747,Medium,712.1069317527238,363.0989079850674,1.9611927111111265
2382,2382,17468.0,1.0,4.0,14.0,30.0,0.2793537238950316,40.774025938463595,317.5229523649343,0,Inactive Customers,0.7282062055221888,Low,86.30076805706278,63.50459047298687,1.3589689723890557
2383,2383,17469.0,4.0,188.0,204.0,391.40250000000003,0.22722141970879114,410.20359846728616,2614.061315010129,0,Inactive Customers,0.2624372525797088,High,1928.03424542397,522.8122630020258,3.687813737101456
2384,2384,17470.0,4.0,323.0,367.0,236.6675,0.14640809084821396,248.4143862114117,1020.9316316937424,0,Inactive Customers,0.0668817619863827,High,952.6499252984321,204.18632633874847,4.665591190068086
2385,2385,17472.0,2.0,108.0,299.0,228.89,0.10522487246876193,252.7629807584312,745.8205028793886,1,Inactive Customers,0.3850533862527593,Medium,458.63979270894424,149.16410057587774,3.0747330687362036
2386,2386,17481.0,3.0,90.0,93.0,331.65333333333336,0.29876832628951955,353.4203715557385,2956.826182406113,0,Inactive Customers,0.407686064787214,High,1751.3693518411635,591.3652364812226,2.9615696760639296
2387,2387,17483.0,2.0,118.0,183.0,129.47,0.1558322966877723,143.84506578665886,628.0041711353374,0,Inactive Customers,0.5257348862024637,Medium,297.84046968882825,125.60083422706748,2.3713255689876815
2388,2388,17489.0,1.0,154.0,212.0,168.07999999999998,0.09548254175283018,208.02310267618913,555.8185320025005,0,Inactive Customers,0.4701786983952491,Medium,294.4844980816067,111.16370640050012,2.6491065080237544
2389,2389,17490.0,5.0,176.0,176.0,357.42400000000004,0.29598010099858163,371.1009388325355,3080.3911446003067,0,Inactive Customers,0.2201909377427706,High,2402.1169298562386,616.0782289200614,3.8990453112861463
2390,2390,17491.0,9.0,366.0,367.0,334.55888888888893,0.27742791480547657,341.58522282738267,2661.2284929509074,0,Inactive Customers,0.0282530082538962,High,2586.0407823740616,532.2456985901815,4.858734958730518
2391,2391,17495.0,1.0,31.0,38.0,154.97,0.22916984111228095,192.1436458683127,1228.4453477218779,0,Inactive Customers,0.6755016827084376,Medium,398.6284482203977,245.68906954437557,1.6224915864578122
2392,2392,17502.0,3.0,20.0,29.0,154.16666666666666,0.4565470472370431,164.9786445210684,2106.466974768983,0,Inactive Customers,0.6712524784019418,Medium,692.4957972834626,421.2933949537967,1.6437376079902908
2393,2393,17503.0,1.0,36.0,38.0,218.53,0.23034409580165133,269.1305470665299,1729.467591928042,0,Inactive Customers,0.6439028536496091,Medium,615.8584741910581,345.89351838560844,1.7804857317519542
2394,2394,17504.0,5.0,116.0,322.0,504.396,0.1704644463391235,523.384750750907,2504.337601014677,1,Inactive Customers,0.2529199344840501,High,1870.940699040102,500.86752020293545,3.7354003275797494
2395,2395,17505.0,1.0,44.0,205.0,658.85,0.07758571017028489,802.4671162232167,1742.0996090235315,1,Inactive Customers,0.6193728758288081,High,663.0903642023846,348.4199218047063,1.9031356208559598
2396,2396,17507.0,1.0,48.0,309.0,265.02,0.04506657306494248,325.44145072771806,410.77609186087085,1,Inactive Customers,0.5972761765855954,Medium,165.4293182814366,82.15521837217418,2.013619117072023
2397,2397,17509.0,2.0,6.0,63.0,898.14,0.2731525087577231,985.9486033178624,7532.203622481208,0,Inactive Customers,0.2639327834404097,High,5544.208154959806,1506.4407244962417,3.680336082797951
2398,2398,17511.0,26.0,371.0,373.0,2746.065,0.712708031508466,2764.7515132381764,55348.72688972854,3,High-Value Active Customers,5.319355033425628e-08,High,55348.723945533246,11069.745377945708,4.999999734032248
2399,2399,17512.0,8.0,273.0,301.0,207.33,0.2932563156250201,212.41871493395905,1748.8112750408093,0,Inactive Customers,0.1150796528110579,High,1547.5586806770493,349.7622550081619,4.42460173594471
2400,2400,17515.0,3.0,287.0,318.0,135.84666666666666,0.13463806792452976,145.5278739132754,549.755228210855,0,Inactive Customers,0.1566469826282821,Medium,463.6377305275019,109.951045642171,4.216765086858589
2401,2401,17516.0,3.0,270.0,285.0,140.1,0.1465135940645611,150.04373695831615,616.7002533484999,0,Inactive Customers,0.1781719026041875,Medium,506.82159587291324,123.34005066969999,4.109140486979062
2402,2402,17519.0,5.0,351.0,368.0,301.744,0.17234147444195044,313.4085712549362,1516.4208223105697,0,Inactive Customers,0.0505110464016671,High,1439.8248197903863,303.28416446211395,4.747444767991664
2403,2403,17521.0,2.0,170.0,199.0,281.825,0.1481061111153765,310.7550329514584,1289.6385535726847,0,Inactive Customers,0.4163311683300996,Medium,752.7218278402291,257.92771071453694,2.918344158349502
2404,2404,17522.0,4.0,217.0,218.0,230.8175,0.21708660450161302,242.29769062413757,1475.3472830486426,0,Inactive Customers,0.2371526969348152,Medium,1125.4646959582049,295.06945660972855,3.814236515325924
2405,2405,17523.0,1.0,8.0,19.0,108.6,0.266548235133983,135.97809192618976,1010.5494816962346,0,Inactive Customers,0.7087261944760567,Low,294.34659320391074,202.10989633924692,1.4563690276197165
2406,2406,17526.0,3.0,361.0,365.0,323.0333333333333,0.1209097571924785,344.26831682652573,1168.176590919293,0,Inactive Customers,0.1461844136706666,High,997.407380911958,233.6353181838586,4.269077931646667
2407,2407,17527.0,3.0,165.0,218.0,215.75333333333333,0.17766109887800158,230.36664265599993,1147.6204762673174,0,Inactive Customers,0.2868202931811691,Medium,818.4596348036125,229.52409525346349,3.5658985340941545
2408,2408,17528.0,6.0,70.0,71.0,358.6033333333333,0.5605016757998939,369.9678461883058,5809.253630651345,0,Inactive Customers,0.2991139890791303,High,4071.6246036148,1161.850726130269,3.504430054604348
2409,2409,17530.0,8.0,364.0,365.0,255.4325,0.25236990737609205,261.5932506010564,1853.8543090902876,0,Inactive Customers,0.0185287755873313,High,1819.5046586255464,370.77086181805754,4.907356122063343
2410,2410,17537.0,1.0,274.0,303.0,266.92,0.07517463023254811,327.74282127958423,690.0212075516096,0,Inactive Customers,0.2544745739043338,Medium,514.4283547749599,138.00424151032192,3.727627130478331
2411,2411,17540.0,1.0,292.0,316.0,310.1,0.07293722752922181,380.0444951898898,776.3973710727352,0,Inactive Customers,0.2934048944685215,Medium,548.5985823475017,155.27947421454704,3.5329755276573924
2412,2412,17549.0,1.0,28.0,51.0,120.66,0.20444036528049617,150.58573869224546,859.1691985217333,0,Inactive Customers,0.6822575633569455,Low,272.9945146269557,171.83383970434667,1.5887121832152722
2413,2413,17550.0,1.0,46.0,243.0,110.94,0.06340179934409675,138.81241144796175,246.35678853053764,1,Inactive Customers,0.6505941866777593,Low,86.07849406396778,49.27135770610753,1.7470290666112038
2414,2414,17552.0,2.0,312.0,372.0,315.945,0.09278839693419137,348.13462718638976,906.1779597605828,0,Inactive Customers,0.2230958347240354,Medium,704.0134314192723,181.23559195211658,3.884520826379823
2415,2415,17554.0,4.0,147.0,148.0,261.005,0.28043447977949776,273.86140823795614,2152.8488068549113,0,Inactive Customers,0.3395285543514632,High,1421.8951637261907,430.5697613709823,3.3023572282426836
2416,2416,17555.0,1.0,315.0,334.0,287.81,0.06999520494490111,353.04578487352313,692.2379957656663,0,Inactive Customers,0.2070989628470374,Medium,548.8762247992848,138.44759915313327,3.964505185764812
2417,2417,17557.0,2.0,67.0,81.0,126.55000000000001,0.24931713207509787,140.64610871848774,981.0578149328,0,Inactive Customers,0.6022986136155389,Medium,390.1680531220846,196.21156298656,1.9885069319223052
2418,2418,17560.0,3.0,216.0,310.0,230.95000000000002,0.13662737506093175,246.5012975324425,944.9187341252715,0,Inactive Customers,0.2229413326339421,Medium,734.2572923086059,188.9837468250543,3.8852933368302893
2419,2419,17562.0,6.0,159.0,173.0,137.04666666666665,0.3444834059042424,141.7782789322197,1369.8595332606048,0,Inactive Customers,0.309438991680514,High,945.9715805445037,273.971906652121,3.4528050415974296
2420,2420,17564.0,2.0,56.0,80.0,167.445,0.25032638478120156,185.44794067152162,1298.7796181458104,0,Inactive Customers,0.6200239971580885,Medium,493.50508787558914,259.7559236291621,1.899880014209557
2421,2421,17566.0,1.0,17.0,25.0,486.95,0.2541106171086001,594.2536436622736,4211.085281755391,0,Inactive Customers,0.5858113486071148,Medium,1744.1837337506936,842.2170563510783,2.070943256964426
2422,2422,17567.0,7.0,365.0,372.0,511.6471428571428,0.22265966974453935,525.2571880278158,3284.068164348023,0,Inactive Customers,0.031155712247898,High,3181.750681617113,656.8136328696046,4.84422143876051
2423,2423,17571.0,3.0,248.0,298.0,399.17,0.14138374306686763,425.10438877932785,1686.1836959636155,0,Inactive Customers,0.1268949025002995,High,1472.215580266718,337.2367391927231,4.365525487498503
2424,2424,17572.0,3.0,302.0,373.0,51.98333333333334,0.11849410961242975,56.488220033824135,187.85354846325356,0,Inactive Customers,0.1522963825529192,Low,159.24413258257056,37.570709692650716,4.238518087235404
2425,2425,17573.0,2.0,64.0,93.0,102.94500000000001,0.2325789293086577,114.78604652870008,747.0767680841078,0,Inactive Customers,0.5985452682726667,Medium,299.91750351092867,149.41535361682156,2.007273658636666
2426,2426,17576.0,17.0,357.0,365.0,204.0664705882353,0.4887371919185895,206.39940717931793,2833.2495424904328,2,High-Value Active Customers,0.0159473263347462,High,2788.0667874485675,566.6499084980866,4.920263368326269
2427,2427,17579.0,2.0,175.0,179.0,142.245,0.15935318343515503,157.84050295990764,704.6472549315796,0,Inactive Customers,0.377390523659769,Medium,438.72005839753206,140.9294509863159,3.1130473817011555
2428,2428,17580.0,2.0,106.0,358.0,84.435,0.0881065854597411,94.50772620957407,233.57096253839646,1,Inactive Customers,0.5312665135001875,Low,109.48253161573967,46.71419250767929,2.3436674324990627
2429,2429,17581.0,9.0,372.0,372.0,1092.7066666666667,0.2744417947532539,1114.7149672782493,8591.209411054659,2,High-Value Active Customers,0.0037475059766625,High,8559.013802439971,1718.2418822109319,4.981262470116686
2430,2430,17584.0,1.0,120.0,127.0,492.85,0.13640999089211103,601.4000048496475,2293.0713824055056,0,Inactive Customers,0.5281443150616164,High,1081.998767757556,458.6142764811011,2.359278424691918
2431,2431,17585.0,3.0,229.0,338.0,238.42,0.12758706217760182,254.4323704822358,910.9123152100626,0,Inactive Customers,0.1231768998096569,High,798.7089602240501,182.18246304201253,4.384115500951715
2432,2432,17588.0,2.0,132.0,232.0,395.4,0.13153336831058748,435.1802209711632,1604.3714411276292,0,Inactive Customers,0.4946908319397162,High,810.7035981758809,320.87428822552585,2.5265458403014187
2433,2433,17589.0,3.0,180.0,240.0,592.4833333333333,0.16582778658146838,630.3496563609049,2931.5305297923655,0,Inactive Customers,0.1508830925159888,High,2489.2121376522587,586.3061059584732,4.245584537420056
2434,2434,17590.0,2.0,38.0,40.0,548.945,0.32729667288114195,603.3938726945669,5520.474506409092,0,Inactive Customers,0.4939059177803409,High,2793.8794787381353,1104.0949012818185,2.5304704110982956
2435,2435,17591.0,6.0,294.0,367.0,303.22833333333335,0.19837528873580842,312.9350451585959,1743.0179413080016,0,Inactive Customers,0.0904188727112716,High,1585.4162239394107,348.60358826160035,4.547905636443641
2436,2436,17593.0,4.0,349.0,352.0,816.11,0.15154538798046016,854.273084130916,3633.8578473299513,0,Inactive Customers,0.0196685920163925,High,3562.384979885252,726.7715694659903,4.901657039918037
2437,2437,17594.0,1.0,169.0,254.0,678.1800000000001,0.08263152015562801,825.8805334693077,1910.4794662833353,0,Inactive Customers,0.4263491421093904,Medium,1095.9481848158293,382.09589325666707,2.868254289453048
2438,2438,17595.0,1.0,25.0,37.0,230.89,0.2295642468033396,284.10156813024867,1819.4393005545046,0,Inactive Customers,0.6426199406993753,Medium,650.2313251260559,363.88786011090093,1.7869002965031233
2439,2439,17596.0,6.0,345.0,368.0,359.01,0.19841735825613588,370.38668752619145,2063.4629885743984,0,Inactive Customers,0.0197269395110735,High,2022.7571790154523,412.6925977148797,4.901365302444632
2440,2440,17602.0,5.0,322.0,324.0,867.184,0.19063833036641506,899.284510965384,4812.260740007259,0,Inactive Customers,0.0066908424522091,High,4780.06266155692,962.4521480014519,4.966545787738955
2441,2441,17604.0,1.0,95.0,312.0,173.12,0.05746551369298348,214.12779087692886,344.6417116908531,1,Inactive Customers,0.5550572367903797,Low,153.3458355170215,68.92834233817062,2.2247138160481015
2442,2442,17609.0,3.0,287.0,327.0,216.09333333333333,0.13169434485157766,230.72762857339347,852.5923591495085,0,Inactive Customers,0.1367549140404501,Medium,735.996164362473,170.51847182990173,4.31622542979775
2443,2443,17611.0,13.0,354.0,361.0,287.6946153846154,0.3870727207638211,291.89233202910253,3173.114111038735,2,High-Value Active Customers,0.0071259664270015,High,3150.502606414428,634.622822207747,4.964370167864992
2444,2444,17612.0,5.0,244.0,297.0,348.598,0.20344610913463293,361.9559525494914,2066.773513017505,0,Inactive Customers,0.090261580577516,High,1880.2232690367998,413.35470260350104,4.54869209711242
2445,2445,17613.0,10.0,283.0,305.0,397.235,0.3508218664741285,404.6587341762427,3985.863161076584,2,High-Value Active Customers,0.0381970403330857,High,3833.6149851507816,797.1726322153169,4.809014798334571
2446,2446,17615.0,2.0,92.0,222.0,87.925,0.1337391078008375,98.33113722598411,368.5648851689374,0,Inactive Customers,0.575306156871975,Low,156.52723752443526,73.71297703378748,2.1234692156401254
2447,2447,17616.0,1.0,81.0,254.0,163.2,0.07045481693128412,202.11221410086975,398.6416325014,1,Inactive Customers,0.6820354844450166,Low,126.75389355835537,79.72832650028,1.5898225777749169
2448,2448,17618.0,2.0,357.0,362.0,265.725,0.09511164861695232,293.1169477468162,782.0352927935133,0,Inactive Customers,0.1249204389975629,Medium,684.34310070616,156.4070585587027,4.375397805012185
2449,2449,17621.0,2.0,333.0,354.0,570.25,0.09674816478683868,626.7342084265484,1700.828946994455,0,Inactive Customers,0.1535016646929308,High,1439.7488722728815,340.16578939889104,4.2324916765353455
2450,2450,17624.0,1.0,204.0,218.0,443.18,0.09618597620222595,541.2373336332307,1456.8837796309085,0,Inactive Customers,0.3737305318933648,Medium,912.4018297626334,291.3767559261817,3.1313473405331758
2451,2451,17625.0,3.0,239.0,257.0,499.10666666666674,0.15824374961065096,531.2094749496775,2357.7462926696962,0,Inactive Customers,0.0785109224477222,High,2172.637456334501,471.5492585339393,4.607445387761389
2452,2452,17629.0,7.0,354.0,359.0,220.50285714285715,0.2290876357323947,226.67369417937257,1458.0801366303263,0,Inactive Customers,0.0377750925720772,High,1403.0010244916086,291.61602732606525,4.811124537139614
2453,2453,17630.0,1.0,63.0,232.0,136.2,0.07323095470280774,169.40852731119284,347.2305251614332,1,Inactive Customers,0.6387705055633075,Medium,125.42990705705175,69.44610503228664,1.8061474721834625
2454,2454,17631.0,2.0,231.0,232.0,112.89,0.13330565013096993,125.68112462560488,469.58957629430324,0,Inactive Customers,0.3022346105491519,Medium,327.66335358505324,93.91791525886066,3.48882694725424
2455,2455,17633.0,3.0,89.0,120.0,330.65000000000003,0.26003395620247965,352.3551091916654,2566.7043485327504,0,Inactive Customers,0.4911143551313892,High,1306.158997590156,513.34086970655,2.544428224343054
2456,2456,17634.0,8.0,301.0,337.0,197.04,0.2685809483412323,201.8993869985205,1522.5701954885787,0,Inactive Customers,0.046586456798755,High,1451.6390448533782,304.51403909771574,4.767067716006226
2457,2457,17637.0,1.0,84.0,115.0,208.11,0.14153877709091994,256.5093464610324,1014.6097351598398,0,Inactive Customers,0.589129450053339,Medium,416.87325986635943,202.921947031968,2.0543527497333045
2458,2458,17642.0,1.0,57.0,176.0,316.99,0.0961759785484736,388.3899915595518,1044.836807882537,0,Inactive Customers,0.6139017722383449,Medium,403.4096398235925,208.96736157650741,1.9304911388082757
2459,2459,17644.0,7.0,259.0,260.0,350.45285714285717,0.29356288921307117,359.9441271896309,2965.6912723637574,0,Inactive Customers,0.0823052790740515,High,2721.5992245443795,593.1382544727516,4.588473604629742
2460,2460,17646.0,2.0,146.0,365.0,378.69500000000005,0.09032154897753075,416.87933815479374,1056.2331631928623,1,Inactive Customers,0.4512108269744385,Medium,579.6493241507839,211.24663263857246,2.7439458651278077
2461,2461,17648.0,2.0,189.0,249.0,606.815,0.12604743402752827,666.7923814394519,2356.0320799189153,0,Inactive Customers,0.2487687775058666,High,1769.9248596328825,471.2064159837831,3.756156112470667
2462,2462,17651.0,8.0,166.0,177.0,448.0125,0.42868242977892695,458.465181971975,5513.508693158557,0,Inactive Customers,0.1083149155250296,High,4916.313464812572,1102.7017386317116,4.4584254223748525
2463,2463,17652.0,11.0,256.0,281.0,416.6790909090909,0.4054966134968834,423.7303201718266,4823.822884003484,0,Inactive Customers,0.0529730484225235,High,4568.290280787491,964.7645768006969,4.735134757887383
2464,2464,17653.0,2.0,82.0,120.0,310.76000000000005,0.20275686594052886,342.454287323901,1943.8557332792109,0,Inactive Customers,0.5589895423155724,Medium,857.2607066059634,388.7711466558422,2.205052288422138
2465,2465,17655.0,6.0,356.0,366.0,314.49,0.19934618077381838,324.53386040487885,1816.4625382075756,0,Inactive Customers,0.071614792553322,High,1686.3769503529593,363.29250764151516,4.6419260372333895
2466,2466,17656.0,4.0,55.0,128.0,333.27750000000003,0.30143638236714715,349.4287384655238,2951.959965732682,0,Inactive Customers,0.4961553671371818,High,1487.3291851603208,590.3919931465365,2.519223164314091
2467,2467,17658.0,1.0,186.0,211.0,277.82,0.09786704344869526,340.9454207613427,933.7144706142336,0,Inactive Customers,0.4162768670483908,Medium,545.0307360691937,186.74289412284674,2.918615664758046
2468,2468,17659.0,11.0,355.0,372.0,241.92363636363635,0.3260858019456425,246.1594798067078,2254.320060644974,0,Inactive Customers,0.0320463722241724,High,2182.0772808691263,450.86401212899483,4.839768138879138
2469,2469,17663.0,6.0,262.0,287.0,225.76999999999998,0.24078618867467041,233.15778623140946,1575.7799997340958,0,Inactive Customers,0.143966337410806,High,1348.9207246071771,315.1559999468192,4.280168312945969
2470,2470,17664.0,1.0,194.0,212.0,278.45,0.09789017383142304,341.7085067864351,936.0356122588965,0,Inactive Customers,0.3888781832136304,Medium,572.0317839403988,187.20712245177933,3.055609083931848
2471,2471,17666.0,1.0,62.0,65.0,319.08000000000004,0.19062115946524003,390.9214991666046,2080.370360502512,0,Inactive Customers,0.6168055322997597,Medium,797.1864129121172,416.07407210050246,1.9159723385012015
2472,2472,17667.0,3.0,232.0,298.0,375.82,0.1412148082503491,400.31315004068335,1585.951562536512,0,Inactive Customers,0.1425686942944188,High,1359.8445190514883,317.19031250730245,4.287156528527905
2473,2473,17668.0,1.0,37.0,38.0,185.89999999999998,0.23056077187606464,229.6075359573759,1476.8755632264817,0,Inactive Customers,0.6893673431870636,Low,458.76577998714384,295.3751126452964,1.5531632840646818
2474,2474,17669.0,6.0,207.0,249.0,488.5366666666667,0.2673353119166426,503.7910867684771,3779.4924003555766,0,Inactive Customers,0.20460963799649,High,3006.171828508337,755.8984800711154,3.9769518100175496
2475,2475,17671.0,3.0,350.0,365.0,315.51,0.1208711469389603,336.28061863478837,1140.7082295121768,0,Inactive Customers,0.0690874871778527,High,1061.8995643320832,228.14164590243536,4.654562564110736
2476,2476,17672.0,1.0,259.0,309.0,1949.48,0.07341089489467645,2365.7396821995403,4864.130627577275,0,Inactive Customers,0.2067072064140898,High,3858.679773917563,972.826125515455,3.966463967929551
2477,2477,17673.0,5.0,319.0,320.0,245.34,0.19249386762523746,254.96603711616268,1377.6325205344117,0,Inactive Customers,0.0446916028118754,High,1316.0639151059652,275.5265041068823,4.776541985940624
2478,2478,17674.0,1.0,294.0,368.0,250.38,0.0635312105059168,307.7087850017599,547.7470359200041,0,Inactive Customers,0.262436121054568,Medium,403.9984284940211,109.54940718400083,3.6878193947271596
2479,2479,17675.0,28.0,366.0,367.0,701.4449999999999,0.7743418810111155,705.9731458733417,15355.2447670104,2,High-Value Active Customers,0.0006914153887297,High,15344.627914480776,3071.04895340208,4.996542923056351
2480,2480,17676.0,5.0,362.0,366.0,217.39600000000002,0.17314502281981423,226.0120945948187,1098.6452969419656,0,Inactive Customers,0.0359692531456239,High,1059.127846139011,219.72905938839313,4.82015373427188
2481,2481,17677.0,17.0,367.0,368.0,899.7958823529412,0.4856055394935136,909.3403733884447,12402.670914667042,2,High-Value Active Customers,0.0018978772629035,High,12379.13216753882,2480.5341829334084,4.990510613685482
2482,2482,17679.0,1.0,33.0,85.0,308.96000000000004,0.15888173435423664,378.6636728587701,1680.352993030879,0,Inactive Customers,0.6617503557469787,High,568.3788021121943,336.0705986061758,1.6912482212651063
2483,2483,17682.0,5.0,358.0,368.0,413.37600000000003,0.17237009219307145,429.07513694140465,2076.4158201655446,0,Inactive Customers,0.040299661171851,High,1992.7369661610019,415.28316403310896,4.798501694140744
2484,2484,17685.0,6.0,356.0,372.0,456.5016666666667,0.196742050392268,470.79703203282463,2600.751028668825,0,Inactive Customers,0.0551780689712996,High,2457.246609031758,520.150205733765,4.724109655143502
2485,2485,17686.0,4.0,295.0,302.0,1028.2375,0.17076333091631313,1076.071262453907,5156.622158107209,0,Inactive Customers,0.0352083717377258,High,4975.065888253576,1031.3244316214418,4.823958141311371
2486,2486,17690.0,13.0,343.0,373.0,292.03076923076924,0.37684590675557644,296.28744976357507,3135.915685144484,2,High-Value Active Customers,0.0332019238911938,High,3031.797251237116,627.1831370288969,4.83399038054403
2487,2487,17691.0,1.0,10.0,368.0,147.9,0.01995389535028578,183.58012492005284,102.6375700599938,1,Inactive Customers,0.7133696886629257,Low,29.4190386611768,20.52751401199876,1.4331515566853714
2488,2488,17692.0,3.0,232.0,359.0,132.56,0.12141454770080419,142.0383433784712,483.96634774258297,0,Inactive Customers,0.23140658416044,Medium,371.97334836286814,96.7932695485166,3.8429670791977992
2489,2489,17695.0,1.0,40.0,171.0,411.74,0.09289289298065259,503.1557072381402,1307.286451475517,0,Inactive Customers,0.6224016142655149,Medium,493.6292537697185,261.4572902951034,1.8879919286724254
2490,2490,17696.0,6.0,326.0,364.0,351.685,0.20006066206946763,362.84239375567,2038.1449731909872,0,Inactive Customers,0.0461550666517845,High,1944.0742561073578,407.62899463819747,4.769224666741078
2491,2491,17700.0,3.0,265.0,281.0,644.0100000000001,0.1480784220191124,685.0567182341335,2845.683684289602,0,Inactive Customers,0.1298169663851308,High,2476.2656611034636,569.1367368579204,4.350915168074346
2492,2492,17702.0,3.0,176.0,206.0,461.5233333333333,0.18516891594523766,491.3063747672055,2550.7388960359876,0,Inactive Customers,0.271369993410913,High,1858.544898625742,510.1477792071976,3.6431500329454343
2493,2493,17703.0,2.0,103.0,138.0,284.8,0.1870849588779359,314.01424434796843,1645.0478265154168,0,Inactive Customers,0.4894970970749634,Medium,839.8016908866422,329.0095653030834,2.5525145146251824
2494,2494,17704.0,1.0,71.0,239.0,497.9,0.07298397805505465,607.5168055269759,1241.0912844451534,1,Inactive Customers,0.6119473594993395,Medium,481.60875003129803,248.2182568890307,1.9402632025033022
2495,2495,17705.0,8.0,298.0,301.0,210.9025,0.29347019989272966,216.07083340328404,1780.1760277514043,0,Inactive Customers,0.0787488351568901,High,1639.9892391917615,356.03520555028086,4.606255824215549
2496,2496,17706.0,11.0,362.0,366.0,876.550909090909,0.33044457394443155,891.0108718843942,8268.756648699155,2,High-Value Active Customers,0.0069233577498827,High,8211.50908827349,1653.751329739831,4.965383211250587
2497,2497,17707.0,1.0,151.0,336.0,68.7,0.0608029258018145,87.64931033700053,149.2915023221001,1,Inactive Customers,0.5103968909931222,Low,73.09358368520772,29.85830046442002,2.448015545034389
2498,2498,17708.0,1.0,137.0,324.0,156.48,0.06166812057930244,193.97262983321684,335.0631869893271,1,Inactive Customers,0.5151636761849417,Low,162.4508038256628,67.01263739786542,2.4241816190752914
2499,2499,17711.0,1.0,279.0,289.0,164.57,0.07845532848938015,203.77162339353114,447.68882581721044,0,Inactive Customers,0.3030716776873378,Medium,312.0070222949141,89.53776516344209,3.484641611563311
2500,2500,17716.0,8.0,245.0,267.0,621.6975,0.3210888479101443,636.0210102000258,5732.308991853245,0,Inactive Customers,0.040208072657535,High,5501.8238954133685,1146.4617983706491,4.798959636712325
2501,2501,17719.0,14.0,218.0,255.0,342.23285714285714,0.5389467661418066,346.814935249183,5247.285283216638,2,High-Value Active Customers,0.0718165731830128,High,4870.443235662365,1049.4570566433276,4.640917134084936
2502,2502,17720.0,3.0,341.0,367.0,338.36333333333334,0.12030064232972226,360.54453480782854,1217.2524520683705,0,Inactive Customers,0.0867817093010203,High,1111.617203627019,243.45049041367412,4.566091453494899
2503,2503,17722.0,3.0,270.0,366.0,498.98333333333335,0.12005700904294096,531.0785290776819,1789.3620033173768,0,Inactive Customers,0.1423742117465693,High,1534.602998565803,357.8724006634754,4.288128941267153
2504,2504,17723.0,3.0,42.0,214.0,289.86666666666673,0.16224579916963291,309.0544944925483,1405.9877005099331,1,Inactive Customers,0.7361427240350581,High,370.9800846967635,281.19754010198665,1.3192863798247094
2505,2505,17724.0,2.0,67.0,138.0,329.95000000000005,0.18531406972264972,363.47757024794356,1886.150386440883,0,Inactive Customers,0.6098849396938016,Medium,735.8156717529445,377.23007728817663,1.9505753015309917
2506,2506,17725.0,10.0,251.0,267.0,308.47200000000004,0.3880259256738329,314.32018462120516,3423.769912103185,0,Inactive Customers,0.0847054485541772,High,3133.757945952189,684.753982420637,4.576472757229114
2507,2507,17728.0,2.0,83.0,86.0,1231.59,0.24265308605263433,1351.254163037612,9174.37458063829,0,Inactive Customers,0.3886224092310616,High,5609.007027922427,1834.8749161276583,3.056887953844692
2508,2508,17730.0,12.0,323.0,326.0,415.5833333333333,0.39080119189483165,422.022133802579,4631.254415051269,2,High-Value Active Customers,0.0241365897776113,High,4519.471727079424,926.2508830102538,4.879317051111943
2509,2509,17731.0,2.0,104.0,183.0,280.295,0.155272566116632,309.0788670903962,1344.5412470544532,0,Inactive Customers,0.5028439209918818,Medium,668.4468544502774,268.9082494108906,2.485780395040591
2510,2510,17733.0,1.0,223.0,261.0,475.24,0.08365171604944523,580.0699335768248,1358.5077632256566,0,Inactive Customers,0.3626249313705796,Medium,865.8789788195533,271.70155264513136,3.1868753431471015
2511,2511,17734.0,2.0,180.0,233.0,293.82500000000005,0.13232477738051976,323.9014318617509,1201.3161746889882,0,Inactive Customers,0.3866621135096736,Medium,736.8127235903878,240.26323493779765,3.066689432451632
2512,2512,17735.0,17.0,365.0,367.0,744.4364705882354,0.4866567436655282,752.3705900662787,10283.910826511295,2,High-Value Active Customers,0.0010036110526311,High,10273.589779941536,2056.7821653022593,4.994981944736844
2513,2513,17736.0,1.0,104.0,113.0,30.0,0.14549595746372873,40.774025938463595,165.78290258273282,0,Inactive Customers,0.5661459024468707,Low,71.9255915897699,33.15658051654656,2.1692704877656466
2514,2514,17737.0,1.0,49.0,58.0,80.85000000000001,0.19842108776156323,102.36596939235515,566.9561128296732,0,Inactive Customers,0.6670405044675183,Low,188.77342131682477,113.39122256593464,1.6647974776624086
2515,2515,17738.0,2.0,263.0,282.0,524.14,0.11536946076765861,576.21917061375,1863.9513177316248,0,Inactive Customers,0.1037164997902722,High,1670.628811277035,372.790263546325,4.481417501048639
2516,2516,17739.0,6.0,349.0,360.0,405.215,0.20198816836625957,417.97495969915303,2370.419162688123,0,Inactive Customers,0.0762484562688237,High,2189.678360823116,474.08383253762463,4.618757718655881
2517,2517,17742.0,1.0,219.0,332.0,52.54,0.06697289983173094,68.07554816954944,127.71453622931347,0,Inactive Customers,0.4136747164198122,Low,74.88226167196439,25.542907245862693,2.931626417900939
2518,2518,17744.0,5.0,355.0,358.0,385.37600000000003,0.17622740450275975,400.06317048715215,1979.2678561615228,0,Inactive Customers,0.0473916842645926,High,1885.4670188472587,395.8535712323046,4.763041578677036
2519,2519,17749.0,1.0,78.0,256.0,273.61,0.0690803738013566,335.84606811747085,649.5046797453375,1,Inactive Customers,0.5962466303472872,Medium,262.2397030523861,129.9009359490675,2.018766848263564
2520,2520,17750.0,8.0,159.0,164.0,184.32125,0.45056076569415493,188.89718076150797,2387.3648762184926,0,Inactive Customers,0.1336683221817837,High,2068.249818778645,477.47297524369856,4.331658389091081
2521,2521,17754.0,4.0,260.0,260.0,377.005,0.19118096116749486,395.1497309941614,2119.5168513716067,0,Inactive Customers,0.107561669962747,High,1891.5380793238933,423.90337027432133,4.4621916501862655
2522,2522,17757.0,29.0,371.0,372.0,179.6496551724138,0.7918655283064169,180.86366762624874,4022.97066714765,2,High-Value Active Customers,0.0036653072077038,High,4008.225243764973,804.5941334295301,4.981673463961481
2523,2523,17758.0,5.0,231.0,250.0,571.392,0.23177316272108311,592.8020973426605,3855.239529683134,0,Inactive Customers,0.0655538385688693,High,3602.5137799099625,771.0479059366269,4.672230807155653
2524,2524,17759.0,1.0,152.0,169.0,667.84,0.11392336726070836,813.3562326765203,2591.6008585844847,0,Inactive Customers,0.3439805257460924,Medium,1700.1406327245693,518.320171716897,3.280097371269538
2525,2525,17760.0,1.0,352.0,373.0,115.05,0.06411874349210807,143.7906393259459,258.3342763747423,0,Inactive Customers,0.2138185918528508,Low,203.0976051729697,51.66685527494846,3.930907040735746
2526,2526,17764.0,1.0,161.0,211.0,539.9,0.09637081906463457,658.3892071998067,1775.5013721250034,0,Inactive Customers,0.4295278059629916,Medium,1012.8741632718695,355.1002744250007,2.8523609701850416
2527,2527,17765.0,2.0,98.0,256.0,125.315,0.11953711486173506,139.29312516397013,466.77890835128784,1,Inactive Customers,0.5329995923145154,Medium,217.98594049903684,93.35578167025757,2.335002038427423
2528,2528,17768.0,2.0,158.0,166.0,930.925,0.16733317014889743,1021.8656606740236,4789.707090624753,0,Inactive Customers,0.3546134458729053,High,3091.212554496421,957.9414181249506,3.2269327706354733
2529,2529,17769.0,9.0,308.0,320.0,398.7077777777778,0.30901562853958475,407.00177554596183,3531.2975645747138,0,Inactive Customers,0.0192209581972474,High,3463.4226417039813,706.2595129149428,4.903895209013762
2530,2530,17770.0,3.0,84.0,282.0,180.03333333333333,0.1367677188432816,192.44188686394938,738.3360013655499,1,Inactive Customers,0.5769927906997588,High,312.3214514635403,147.66720027310998,2.115036046501206
2531,2531,17771.0,1.0,267.0,323.0,130.01,0.07079580199278963,161.91090430274468,321.0746667035475,0,Inactive Customers,0.2955122634702593,Low,226.19316520302309,64.2149333407095,3.522438682648703
2532,2532,17774.0,3.0,209.0,305.0,329.8233333333333,0.1382891615265556,351.477417941532,1363.6775966512505,0,Inactive Customers,0.2186017250874787,High,1065.5753215601403,272.7355193302501,3.906991374562607
2533,2533,17777.0,2.0,76.0,100.0,235.57999999999998,0.2243450731263248,260.0920981509192,1633.0489714730754,0,Inactive Customers,0.4605449114801785,Medium,880.9565774632114,326.6097942946151,2.6972754425991075
2534,2534,17779.0,2.0,122.0,143.0,167.74,0.18346806267531046,185.77112297806633,954.4564672425835,0,Inactive Customers,0.4538009306320645,Medium,521.3232341601065,190.8912934485167,2.7309953468396775
2535,2535,17781.0,1.0,94.0,253.0,86.02000000000001,0.07360490108718856,108.62811978874885,223.83315061500846,1,Inactive Customers,0.6107738514099182,Low,87.12171514066344,44.7666301230017,1.9461307429504087
2536,2536,17783.0,1.0,175.0,247.0,171.06,0.08515085251621711,211.6326206996424,504.45537718433894,0,Inactive Customers,0.413627301853416,Low,295.79886061413356,100.8910754368678,2.93186349073292
2537,2537,17786.0,1.0,232.0,317.0,163.89,0.07066042456928323,202.94797498549482,401.66548018358816,0,Inactive Customers,0.3364554610388754,Low,266.5229358650177,80.33309603671763,3.3177226948056227
2538,2538,17787.0,3.0,219.0,371.0,376.30333333333334,0.11776776889423032,400.82631629580163,1324.780107338236,1,Inactive Customers,0.1806024170491451,High,1085.5216178943244,264.9560214676472,4.096987914754274
2539,2539,17788.0,1.0,56.0,129.0,1101.2,0.12528784549944466,1338.2625181274238,4686.7551713693865,0,Inactive Customers,0.7771477038361381,High,1044.454151497522,937.3510342738773,1.1142614808193096
2540,2540,17790.0,11.0,338.0,364.0,165.4318181818182,0.33172034966900676,168.43534541027094,1569.1376466560805,0,Inactive Customers,0.0532579889894161,High,1485.5685311475927,313.8275293312161,4.733710055052919
2541,2541,17795.0,1.0,85.0,264.0,170.19,0.06824919005871416,210.57883523641945,402.3747372064959,1,Inactive Customers,0.5715129869609201,Low,172.41234926799615,80.4749474412992,2.142435065195399
2542,2542,17796.0,3.0,329.0,369.0,194.41666666666666,0.11971399346397693,207.71300680074464,697.8564266483148,0,Inactive Customers,0.1184275037105532,Medium,615.2110320919882,139.57128532966297,4.407862481447234
2543,2543,17797.0,1.0,160.0,182.0,508.02,0.10826594104073069,619.7746318348104,1877.0341256785985,0,Inactive Customers,0.396223118480347,Medium,1133.3098109081925,375.4068251357197,3.0188844075982644
2544,2544,17799.0,8.0,339.0,361.0,345.70625,0.2544843064788287,353.8788852183348,2528.8384387663777,0,Inactive Customers,0.0232870342682682,High,2469.9492913839113,505.7676877532756,4.883564828658659
2545,2545,17800.0,8.0,297.0,334.0,132.87,0.27045798640107627,136.2992632262085,1035.035891183618,0,Inactive Customers,0.0738566138877414,High,958.5916450085152,207.00717823672363,4.6307169305612925
2546,2546,17802.0,2.0,290.0,372.0,592.4200000000001,0.09262320174043424,651.0221804133137,1691.562993344783,0,Inactive Customers,0.1719722405148787,High,1400.661115407226,338.31259866895664,4.140138797425606
2547,2547,17809.0,9.0,357.0,373.0,580.4966666666667,0.27376924140542,592.3830446471284,4554.376570684079,0,Inactive Customers,0.0483573003525788,High,4334.139214936761,910.8753141368157,4.758213498237106
2548,2548,17811.0,37.0,329.0,333.0,206.80432432432434,1.0904570562573446,207.88320822657954,6366.908076272606,2,High-Value Active Customers,0.0027930671467746,High,6349.124874498235,1273.3816152545214,4.986034664266126
2549,2549,17812.0,3.0,356.0,368.0,144.60333333333335,0.12009392245877305,154.8250308249698,521.8165405390666,0,Inactive Customers,0.025931255484861,Medium,508.2851825101218,104.36330810781334,4.8703437225756945
2550,2550,17813.0,4.0,57.0,71.0,338.205,0.4125608837332616,354.5808782101893,4096.452870324712,0,Inactive Customers,0.3248814971742382,High,2765.5911287099143,819.2905740649426,3.3755925141288086
2551,2551,17816.0,3.0,329.0,365.0,6.783333333333334,0.12078055596263713,8.498327486212556,28.80584245139399,0,Inactive Customers,0.1559802610230398,Low,24.31269962683699,5.7611684902787985,4.2200986948848005
2552,2552,17817.0,1.0,273.0,277.0,117.98,0.08116366293875481,147.3395949664553,334.8484361450825,0,Inactive Customers,0.3147658478969057,Low,229.4495842249227,66.9696872290165,3.426170760515471
2553,2553,17819.0,6.0,300.0,371.0,516.2416666666667,0.19669985119496838,532.325511193364,2940.002056500141,0,Inactive Customers,0.1327835805193685,High,2549.618056703746,588.0004113000282,4.336082097403158
2554,2554,17827.0,2.0,359.0,364.0,361.83,0.09469447691905789,398.40317001962023,1058.2868034559594,0,Inactive Customers,0.0547799284884248,High,1000.3139280423983,211.6573606911919,4.7261003575578755
2555,2555,17828.0,3.0,162.0,184.0,163.97666666666666,0.20001921191072974,175.39414996115843,983.4471809134619,0,Inactive Customers,0.3654730472786857,High,624.0237428673861,196.6894361826924,3.1726347636065713
2556,2556,17830.0,2.0,287.0,288.0,105.1,0.11365587053586253,117.14692066634007,373.332229233673,0,Inactive Customers,0.215094580699886,Medium,293.0304899249024,74.6664458467346,3.9245270965005696
2557,2557,17835.0,2.0,21.0,23.0,120.4,0.3757117340176241,133.90857927696288,1405.7103093922212,0,Inactive Customers,0.6549801318540798,Low,484.9979855978649,281.1420618784443,1.725099340729601
2558,2558,17837.0,7.0,121.0,163.0,208.09,0.40397113562261533,213.94366842852185,2424.1158535998256,0,Inactive Customers,0.2901864997988604,High,1720.6701589367656,484.82317071996516,3.549067501005698
2559,2559,17838.0,4.0,346.0,372.0,470.365,0.14492508238850668,492.7659190331212,2004.6914839771755,0,Inactive Customers,0.0819214349386952,High,1840.464281000383,400.9382967954351,4.590392825306524
2560,2560,17841.0,111.0,372.0,373.0,349.91162162162163,2.9069316994192267,350.49532406967586,28621.877443560265,3,High-Value Active Customers,1.2289245898320211e-14,High,28621.87744355991,5724.375488712053,4.999999999999938
2561,2561,17848.0,8.0,277.0,358.0,100.4875,0.25518633524334305,103.19507111062653,739.4642608745129,0,Inactive Customers,0.1538962250956636,Medium,625.6635025327704,147.89285217490257,4.230518874521683
2562,2562,17849.0,3.0,115.0,333.0,62.76666666666667,0.12172694992547967,67.9371361393937,232.04983618858478,1,Inactive Customers,0.5056675189171683,Low,114.70977125796777,46.409967237716955,2.4716624054141585
2563,2563,17850.0,1.0,1.0,373.0,3427.12,0.016184223140404217,4155.527672862437,1884.449275242465,2,High-Value Active Customers,0.4349640233546691,High,1064.7816366752122,376.889855048493,2.8251798832266544
2564,2564,17854.0,1.0,42.0,227.0,199.5,0.06767191507727295,246.08050411810208,466.07057543500304,1,Inactive Customers,0.6818790091821454,Low,148.26683324843083,93.21411508700061,1.5906049540892733
2565,2565,17856.0,3.0,280.0,281.0,162.1,0.1481585114863875,173.40164926025096,720.6894196688999,0,Inactive Customers,0.2140372231318364,Medium,566.4350575424738,144.13788393378,3.9298138843408172
2566,2566,17857.0,6.0,256.0,365.0,100.25999999999999,0.19835929249763798,103.8903034821743,578.608083753198,0,Inactive Customers,0.1909102035250215,Medium,468.14589672265225,115.72161675063961,4.045448982374892
2567,2567,17858.0,9.0,364.0,369.0,360.8233333333333,0.27620567716343153,368.3686861793377,2857.26926447453,0,Inactive Customers,0.0314061599406697,High,2767.533408960883,571.4538528949059,4.842969200296652
2568,2568,17861.0,6.0,316.0,319.0,293.04,0.22217934101163264,302.4416963942734,1886.3538628846877,0,Inactive Customers,0.0372165870985786,High,1816.1502100478997,377.2707725769376,4.813917064507107
2569,2569,17863.0,5.0,310.0,369.0,536.336,0.1716987522852062,556.4791153419363,2682.4812465947202,0,Inactive Customers,0.0585014709959341,High,2525.5521477499224,536.496249318944,4.707492645020331
2570,2570,17864.0,2.0,263.0,275.0,194.54500000000002,0.11761588799126234,215.13689154393194,709.4419451092255,0,Inactive Customers,0.2238236725480053,Medium,550.6520434952782,141.8883890218451,3.8808816372599737
2571,2571,17865.0,15.0,334.0,364.0,650.1946666666666,0.43687032122137004,658.0904737729195,8074.710054584413,2,High-Value Active Customers,0.0050521481151309,High,8033.915423401916,1614.9420109168827,4.974739259424346
2572,2572,17867.0,3.0,258.0,288.0,203.33333333333334,0.14526178861394412,217.18003943827128,885.0280530966199,0,Inactive Customers,0.1276460495926089,Medium,772.0577183401988,177.005610619324,4.361769752036956
2573,2573,17869.0,3.0,261.0,368.0,53.336666666666666,0.11940361250490066,57.925085548155266,194.1063693969497,0,Inactive Customers,0.1653806283513422,Low,162.00493605908443,38.82127387938994,4.173096858243289
2574,2574,17870.0,7.0,133.0,135.0,197.29857142857142,0.45529067921932975,202.87650137570492,2590.058829439517,0,Inactive Customers,0.2444075416302319,High,1957.0289182585284,518.0117658879034,3.7779622918488402
2575,2575,17873.0,4.0,293.0,373.0,378.6575,0.14423694221874442,396.8775667989428,1606.9340927859294,0,Inactive Customers,0.1210541850065675,High,1412.4079958244608,321.3868185571859,4.394729074967162
2576,2576,17874.0,2.0,70.0,255.0,292.2,0.116201838548087,322.12119034264873,1049.3199575477367,1,Inactive Customers,0.5493834150663873,Medium,472.84097577284456,209.86399150954736,2.253082924668063
2577,2577,17883.0,3.0,243.0,246.0,184.14000000000001,0.16349352155769842,196.80203049364388,902.4090867833953,0,Inactive Customers,0.1234952488824688,Medium,790.9658520172785,180.48181735667907,4.3825237555876555
2578,2578,17884.0,3.0,368.0,371.0,176.64666666666668,0.11934582179537148,188.84618400050002,632.5233408380542,0,Inactive Customers,0.0837386275395372,Medium,579.5567043895526,126.50466816761084,4.581306862302314
2579,2579,17886.0,2.0,218.0,249.0,321.26,0.1264133314203202,353.95738637040677,1254.2970983868934,0,Inactive Customers,0.2521163227972794,Medium,938.0683262462925,250.8594196773787,3.739418386013603
2580,2580,17888.0,6.0,319.0,357.0,104.10333333333334,0.20317604433760822,107.84869743776532,615.2215003225851,0,Inactive Customers,0.0820137423727241,Medium,564.7648826929678,123.04430006451703,4.58993128813638
2581,2581,17889.0,1.0,110.0,322.0,102.02,0.058025977568235576,128.0080823307796,208.05548560501205,1,Inactive Customers,0.5714470759079942,Low,89.16278672941014,41.611097121002416,2.142764620460029
2582,2582,17890.0,1.0,39.0,361.0,125.13,0.03139952391462301,156.0000157274253,137.24028165485248,1,Inactive Customers,0.6032719872785403,Medium,54.447064206263036,27.4480563309705,1.9836400636072986
2583,2583,17892.0,2.0,99.0,155.0,51.0,0.17360317873714146,57.87857224577194,281.4200657143156,0,Inactive Customers,0.5795411256819348,Low,118.32556404075707,56.28401314286313,2.1022943715903257
2584,2584,17894.0,7.0,295.0,366.0,140.16285714285715,0.22495470645847232,144.28087703397702,911.3671027739339,0,Inactive Customers,0.1203464063470997,Medium,801.6873470921231,182.27342055478678,4.398267968264501
2585,2585,17897.0,2.0,201.0,373.0,160.405,0.09098310771981101,177.73538664415008,453.6378910343212,1,Inactive Customers,0.2759726066857537,Medium,328.4462597541517,90.72757820686425,3.620136966571231
2586,2586,17898.0,1.0,122.0,207.0,52.22,0.09437967043857066,67.68794891870883,178.75717316357833,0,Inactive Customers,0.5361610456348131,Low,82.9145402854708,35.751434632715664,2.3191947718259343
2587,2587,17905.0,2.0,217.0,373.0,208.62,0.09138525624027953,230.55652193246235,591.0554120281014,1,Inactive Customers,0.30696555112725,Medium,409.6217617281514,118.21108240562029,3.4651722443637496
2588,2588,17912.0,3.0,54.0,364.0,68.62,0.0813916010822035,74.15175644275698,169.37498447276076,1,Inactive Customers,0.6153348343546771,Low,65.15265645838852,33.874996894552154,1.9233258282266146
2589,2589,17913.0,1.0,297.0,355.0,193.55,0.06579232898205387,238.8735805477844,440.312036852658,0,Inactive Customers,0.255232577124032,Medium,327.93006094802234,88.06240737053162,3.7238371143798394
2590,2590,17917.0,2.0,317.0,362.0,106.71000000000001,0.0949201504492074,118.91072918680432,316.61477233367333,0,Inactive Customers,0.1598054113178066,Low,266.018018411597,63.32295446673467,4.200972943410967
2591,2591,17920.0,16.0,369.0,373.0,215.1725,0.45454635502745855,217.7752453251807,2780.3122002442074,2,High-Value Active Customers,0.004165910246191,High,2768.7296691616,556.0624400488415,4.979170448769045
2592,2592,17921.0,3.0,202.0,266.0,181.98333333333335,0.15379112930390745,194.51224727252998,839.0880305712049,0,Inactive Customers,0.1778857327310538,Medium,689.8262414271892,167.817606114241,4.11057133634473
2593,2593,17924.0,4.0,362.0,373.0,670.875,0.14467316552917275,702.4169672731791,2852.6466782539956,0,Inactive Customers,0.0352068528830108,High,2752.2139663254975,570.5293356507991,4.823965735584945
2594,2594,17926.0,1.0,70.0,203.0,185.56,0.08686238376452134,229.19571175335778,557.0478189320405,0,Inactive Customers,0.61620891931312,Medium,213.78998442219725,111.40956378640811,1.9189554034343996
2595,2595,17928.0,1.0,201.0,246.0,134.28,0.08695762487702283,167.08293180614916,406.71182762670344,0,Inactive Customers,0.4222494310919317,Low,234.97798979296812,81.3423655253407,2.888752844540341
2596,2596,17929.0,3.0,297.0,308.0,215.6,0.13811075599886397,230.20384508541068,892.0168757714713,0,Inactive Customers,0.2977696715934198,Medium,626.401303617212,178.40337515429428,3.5111516420329005
2597,2597,17930.0,4.0,204.0,239.0,251.07000000000002,0.20300728183242434,263.4734816294829,1500.453588527345,0,Inactive Customers,0.2592318748273633,High,1111.488191681956,300.090717705469,3.703840625863183
2598,2598,17931.0,1.0,121.0,255.0,111.16000000000001,0.07744491865158876,139.0788859329147,301.534846766224,0,Inactive Customers,0.5062933753739655,Medium,148.869751404081,60.3069693532448,2.4685331231301726
2599,2599,17932.0,2.0,182.0,211.0,371.28,0.1422541401338085,408.75595916147546,1629.4938660833157,0,Inactive Customers,0.3040604358237634,High,1134.0292509898736,325.89877321666313,3.4796978208811833
2600,2600,17934.0,1.0,7.0,58.0,65.8,0.18376713464206124,84.13669212625744,431.5779917021897,0,Inactive Customers,0.700288255626303,Medium,129.3489927263602,86.31559834043794,1.4985587218684848
2601,2601,17935.0,1.0,3.0,141.0,11.22,0.09034208589597521,18.02679490475498,45.531488416647484,0,Inactive Customers,0.7153426756785601,Low,12.960871665055505,9.106297683329498,1.423286621607199
2602,2602,17937.0,6.0,354.0,362.0,484.60999999999996,0.20111114722729384,499.7468646698767,2821.878970820654,0,Inactive Customers,0.0794407498938745,High,2597.7067892689065,564.3757941641309,4.602796250530627
2603,2603,17946.0,1.0,26.0,259.0,82.13,0.04930385799816134,103.9163663957176,143.4379218124588,1,Inactive Customers,0.6914771287683206,Low,44.25387948108493,28.687584362491762,1.5426143561583971
2604,2604,17949.0,11.0,364.0,371.0,695.2609090909091,0.3268584012616543,706.8002117163069,6488.167200524964,2,High-Value Active Customers,0.1060240619221649,High,5800.265359495146,1297.6334401049928,4.469879690389176
2605,2605,17950.0,1.0,293.0,365.0,219.03,0.0639937896555975,269.73617089596837,483.63963647727365,0,Inactive Customers,0.163290075110334,Medium,404.666083910565,96.72792729545473,4.18354962444833
2606,2606,17951.0,2.0,334.0,373.0,356.52000000000004,0.09271259018219537,392.58588850181593,1021.0524499995834,0,Inactive Customers,0.1428139373088592,Medium,875.2319294162858,204.2104899999167,4.285930313455704
2607,2607,17954.0,11.0,366.0,371.0,191.18,0.3268697840525986,194.59834155377152,1786.40374661603,0,Inactive Customers,0.016044407745603,High,1757.7419565070495,357.280749323206,4.9197779612719845
2608,2608,17955.0,1.0,1.0,219.0,123.75,0.04791492336238612,154.32849395817516,206.94117347446837,1,Inactive Customers,0.7337456143775886,Medium,55.09899500342544,41.388234694893676,1.331271928112057
2609,2609,17961.0,34.0,351.0,372.0,29.735,0.9205955929343509,29.9965996709713,775.6969317314198,2,High-Value Active Customers,0.0364191371160686,High,747.4467188141796,155.13938634628397,4.817904314419657
2610,2610,17964.0,1.0,341.0,372.0,192.99,0.06405776516814793,238.19528185881333,427.5320610803956,0,Inactive Customers,0.1845388497036482,Medium,348.6357863171895,85.50641221607913,4.0773057514817586
2611,2611,17965.0,12.0,332.0,369.0,213.35166666666666,0.35398962362353203,216.80793512150754,2155.4541792034584,0,Inactive Customers,0.0216309999233428,High,2108.8295500183394,431.0908358406917,4.891845000383286
2612,2612,17966.0,2.0,110.0,261.0,223.715,0.11861391975015542,247.09359622836763,821.6585908535601,1,Inactive Customers,0.3643710545367022,Medium,522.2699836351076,164.33171817071204,3.178144727316488
2613,2613,17969.0,1.0,195.0,361.0,103.0,0.06000820037395557,129.195105036479,217.21537243863938,1,Inactive Customers,0.4388419611238818,Low,121.89215241141248,43.44307448772788,2.8057901943805907
2614,2614,17974.0,2.0,195.0,219.0,284.01,0.13866165351607104,313.14877308637415,1216.9161240624805,0,Inactive Customers,0.2935820181944662,Medium,859.6514323868302,243.3832248124961,3.532089909027669
2615,2615,17975.0,12.0,351.0,366.0,343.655,0.3565780267676441,349.0329945111805,3495.3438219908226,0,Inactive Customers,0.0257986292399502,High,3405.1687426611306,699.0687643981646,4.871006853800248
2616,2616,17979.0,2.0,224.0,259.0,258.02,0.12278075417332998,284.6758641131659,979.8713103368614,0,Inactive Customers,0.2411936439162957,Medium,743.5325784276783,195.97426206737228,3.7940317804185213
2617,2617,17980.0,2.0,194.0,359.0,258.125,0.09386197831019716,284.790895103631,749.827073494452,1,Inactive Customers,0.3803634315249674,Medium,464.62027476977835,149.96541469889038,3.0981828423751634
2618,2618,17988.0,4.0,315.0,326.0,34.0325,0.16094023320708833,36.54146136913879,165.0554649237499,0,Inactive Customers,0.0790871313949695,Low,152.0017016818675,33.01109298474998,4.604564343025152
2619,2619,17990.0,2.0,125.0,361.0,231.42000000000002,0.089572635697383,255.5346798620179,642.0587804272516,1,Inactive Customers,0.4705129959971118,Medium,339.96178004217364,128.41175608545032,2.6474350200144405
2620,2620,17991.0,1.0,1.0,226.0,87.45,0.045428300037752695,110.36020394094284,140.31385358117618,1,Inactive Customers,0.7441352394993073,Low,35.90137054147691,28.062770716235235,1.2793238025034637
2621,2621,17994.0,3.0,169.0,290.0,112.44666666666667,0.14291800461321977,120.68354901030837,483.8666060457907,0,Inactive Customers,0.3563208961366842,Medium,311.45482336893866,96.77332120915815,3.2183955193165787
2622,2622,17997.0,7.0,90.0,164.0,221.86285714285714,0.39740775004829787,228.06844438248106,2542.195115289022,0,Inactive Customers,0.339218677806023,High,1679.8350495557497,508.43902305780443,3.303906610969885
2623,2623,17999.0,1.0,329.0,366.0,191.72,0.06475828012862363,236.65699733203962,429.4002044068651,0,Inactive Customers,0.2036679644616147,Medium,341.9451388359176,85.88004088137302,3.9816601776919263
2624,2624,18001.0,1.0,74.0,86.0,148.05,0.16701161957247743,183.7618120688844,857.2033521465881,0,Inactive Customers,0.5786784996631065,Medium,361.158202420215,171.44067042931763,2.1066075016844676
2625,2625,18005.0,1.0,44.0,47.0,109.75,0.2152535026222422,137.37102673389822,825.1392955622626,0,Inactive Customers,0.6397462333141661,Low,297.2595392668007,165.02785911245255,1.801268833429169
2626,2626,18008.0,4.0,248.0,318.0,60.72,0.1635989509982431,64.44561752048558,295.8947100735515,0,Inactive Customers,0.2278334774472114,Low,228.47998931925986,59.1789420147103,3.860832612763943
2627,2627,18016.0,4.0,332.0,364.0,323.2525,0.14743706691903125,338.94670884801553,1402.7742365458676,0,Inactive Customers,0.0986145227282128,High,1264.4403247134637,280.5548473091735,4.506927386358936
2628,2628,18017.0,2.0,229.0,310.0,179.0,0.1067910250630665,198.10682728889066,593.2874452276105,0,Inactive Customers,0.4040430228449923,Medium,353.573792441864,118.65748904552211,2.9797848857750386
2629,2629,18018.0,1.0,91.0,199.0,84.69,0.0931741489671653,107.01716040244253,278.9866014121303,0,Inactive Customers,0.5924374445779867,Low,113.70449220003049,55.797320282426064,2.0378127771100663
2630,2630,18030.0,1.0,38.0,42.0,34.7,0.22305316171365866,46.466889935185144,289.1838127041823,0,Inactive Customers,0.6899252056961273,Low,89.66861124025898,57.83676254083646,1.5503739715193636
2631,2631,18035.0,1.0,8.0,43.0,222.61,0.2109258555559763,274.0724375147478,1612.9813262292007,0,Inactive Customers,0.6655525767879329,Medium,539.4574482465388,322.5962652458402,1.6722371160603353
2632,2632,18036.0,2.0,213.0,245.0,147.41,0.12790011386738157,163.49893215754597,586.1778842872221,0,Inactive Customers,0.3153355591598726,Medium,401.33515337835985,117.23557685744443,3.423322204200637
2633,2633,18037.0,5.0,208.0,362.0,7.744,0.17141503276742223,8.782923485284822,42.26659213298552,1,Inactive Customers,0.2529994833739843,Low,31.573166159361275,8.453318426597106,3.7350025831300777
2634,2634,18040.0,1.0,226.0,245.0,118.2,0.08833840655235355,147.60606945140822,365.00322998181656,0,Inactive Customers,0.389999842984684,Low,222.6520276000056,73.00064599636332,3.0500007850765796
2635,2635,18041.0,19.0,361.0,372.0,197.60263157894735,0.5330655094248101,199.62783823715466,2988.964204009944,2,High-Value Active Customers,0.0095569976454399,High,2960.3986801499163,597.7928408019887,4.9522150117728
2636,2636,18043.0,2.0,342.0,366.0,113.05000000000001,0.09420161552670543,125.8564099444088,332.57824755606276,0,Inactive Customers,0.1331400673825286,Medium,288.29875726648527,66.51564951121256,4.334299663087356
2637,2637,18044.0,9.0,356.0,360.0,212.51666666666668,0.2817114770848386,217.13129069894347,1717.708496025102,0,Inactive Customers,0.0430237315562971,High,1643.8062668001471,343.54169920502045,4.7848813422185135
2638,2638,18055.0,9.0,362.0,369.0,696.9933333333333,0.276195801306172,711.1818339720475,5516.118539582552,0,Inactive Customers,0.0210764071426797,High,5399.858579395027,1103.2237079165104,4.894617964286602
2639,2639,18059.0,2.0,44.0,67.0,91.19,0.2707586333457992,101.90805326282616,771.7719991886148,0,Inactive Customers,0.6503459360661302,Low,269.8532159466664,154.35439983772298,1.7482703196693485
2640,2640,18061.0,9.0,345.0,366.0,169.99222222222224,0.2779184868746047,173.76650901665116,1356.1726193747043,0,Inactive Customers,0.0742138909355455,High,1255.525772510657,271.23452387494086,4.628930545322272
2641,2641,18062.0,2.0,164.0,337.0,275.36,0.09808305637770971,303.67241053853843,835.4023387772887,1,Inactive Customers,0.4444054156439014,Medium,464.1450151830804,167.08046775545776,2.7779729217804925
2642,2642,18064.0,1.0,102.0,235.0,406.0,0.08109241390157429,496.2031456761867,1126.265082025467,0,Inactive Customers,0.6186468545020374,Medium,429.5047316949328,225.25301640509343,1.906765727489813
2643,2643,18065.0,5.0,359.0,364.0,402.90200000000004,0.17390101057711221,418.2225892041961,2041.8419480165273,0,Inactive Customers,0.0433341509922557,High,1953.3604607388577,408.3683896033055,4.783329245038721
2644,2644,18069.0,4.0,301.0,327.0,434.7525,0.1604804520218776,455.5298811524715,2051.7306935971324,0,Inactive Customers,0.0319353076481553,High,1986.2080426859447,410.3461387194265,4.840323461759223
2645,2645,18071.0,1.0,108.0,365.0,194.05,0.048792910529553216,239.47920437722286,327.39300788729446,1,Inactive Customers,0.5599232141410488,Medium,144.07806262373478,65.47860157745889,2.200383929294756
2646,2646,18073.0,9.0,83.0,197.0,224.95555555555558,0.38765371653633407,229.8159878909706,2499.764542553183,0,Inactive Customers,0.4377707114735243,High,1405.4408402433871,499.9529085106367,2.8111464426323782
2647,2647,18075.0,9.0,337.0,360.0,265.65000000000003,0.28159094255315326,271.3146064401438,2145.4300807817917,0,Inactive Customers,0.0590979610838091,High,2018.6395373597159,429.08601615635837,4.704510194580954
2648,2648,18077.0,10.0,358.0,366.0,242.814,0.3042111759008966,247.49675045736817,2114.418751435971,0,Inactive Customers,0.0245687642790196,High,2062.470095544802,422.88375028719423,4.877156178604903
2649,2649,18078.0,1.0,42.0,259.0,138.19,0.05648480527439957,171.81891015235792,271.7075608897722,1,Inactive Customers,0.6628854309283373,Low,91.59657730286811,54.34151217795444,1.6855728453583134
2650,2650,18079.0,2.0,193.0,238.0,827.9200000000001,0.13044752808863583,909.0202590278016,3323.760634263568,0,Inactive Customers,0.1321196359361564,High,2884.6265893257373,664.7521268527137,4.3394018203192175
2651,2651,18081.0,2.0,97.0,133.0,115.10000000000001,0.19118738703249238,128.10225309158375,685.7698581738421,0,Inactive Customers,0.5552833563816848,Low,304.9732696216791,137.15397163476842,2.223583218091576
2652,2652,18085.0,1.0,43.0,373.0,386.05,0.03076254908483105,472.03875488159207,406.8800453226427,1,Inactive Customers,0.657571156818753,Medium,139.32746323336588,81.37600906452855,1.7121442159062348
2653,2653,18092.0,9.0,363.0,365.0,709.5711111111111,0.2786379018064008,724.0081646744813,5665.178985702213,2,High-Value Active Customers,0.0393124373513,High,5442.466991742894,1133.0357971404426,4.8034378132435
2654,2654,18093.0,3.0,209.0,302.0,391.4666666666667,0.13938612585062732,416.92558039602915,1630.4117111707458,0,Inactive Customers,0.3312874332763148,High,1090.276800193345,326.08234223414917,3.3435628336184258
2655,2655,18094.0,3.0,210.0,291.0,626.5266666666666,0.143562210863421,666.4942561093383,2684.2911111119606,0,Inactive Customers,0.143140341624814,High,2300.060764446943,536.8582222223921,4.284298291875929
2656,2656,18095.0,1.0,20.0,332.0,205.3,0.029260430137164853,253.10574053958825,207.45923933776987,1,Inactive Customers,0.6835214369486476,Medium,65.656401957344,41.49184786755398,1.5823928152567617
2657,2657,18096.0,2.0,52.0,63.0,381.245,0.27836067656107455,419.6729479232308,3267.2430379348625,0,Inactive Customers,0.4499129296429082,Medium,1797.2681508821931,653.4486075869726,2.750435351785459
2658,2658,18097.0,4.0,347.0,354.0,628.82,0.15085146188902518,658.4447223291083,2788.0523539279966,0,Inactive Customers,0.0494058431646643,High,2650.3062765949567,557.6104707855993,4.752970784176678
2659,2659,18101.0,1.0,132.0,143.0,113.42,0.12686488896353207,141.81630564197653,503.0184028532584,0,Inactive Customers,0.5176740370112505,Low,242.6188355572606,100.60368057065169,2.411629814943747
2660,2660,18102.0,15.0,366.0,367.0,4383.118,0.43435718136517476,4434.927088700198,54103.63741538381,3,High-Value Active Customers,7.471822443985692e-05,High,54099.594887660394,10820.727483076764,4.9996264088778
2661,2661,18109.0,24.0,368.0,369.0,285.01458333333335,0.6668262638949523,287.2546450222522,5380.342571684801,2,High-Value Active Customers,0.0101250289885706,High,5325.866447178052,1076.0685143369603,4.949374855057147
2662,2662,18112.0,1.0,154.0,166.0,156.05,0.11555655379855131,193.45179333989978,625.2080961262545,0,Inactive Customers,0.4847043278150917,Low,322.1670261488251,125.04161922525091,2.576478360924541
2663,2663,18116.0,7.0,297.0,364.0,182.62142857142857,0.22600876603689016,187.82433374257798,1191.9651373542567,0,Inactive Customers,0.052479528088713,High,1129.4113694477073,238.39302747085137,4.737602359556434
2664,2664,18118.0,25.0,359.0,369.0,205.0844,0.692751120306077,206.67270345148876,4021.5441873797718,2,High-Value Active Customers,0.0008713345751262,High,4018.04007688391,804.3088374759544,4.995643327124369
2665,2665,18121.0,1.0,5.0,154.0,23.25,0.08306221994736278,32.59810424104437,75.71493853160734,1,Inactive Customers,0.6941328933359563,Medium,23.158709179908655,15.14298770632147,1.5293355333202183
2666,2666,18122.0,5.0,142.0,150.0,333.41400000000004,0.327689543972152,346.223177598014,3181.0252849329836,0,Inactive Customers,0.1356538774100469,High,2749.5068708924255,636.2050569865968,4.321730612949765
2667,2667,18123.0,1.0,7.0,31.0,265.96,0.23582124124346224,326.58002352706234,2148.0979150832673,0,Inactive Customers,0.6780201203525739,Medium,691.6443081693974,429.61958301665345,1.6098993982371306
2668,2668,18125.0,3.0,287.0,316.0,195.51,0.1353093257931393,208.87382426059835,792.9807845288352,0,Inactive Customers,0.1224306878387961,High,695.8956016360218,158.59615690576706,4.387846560806019
2669,2669,18127.0,1.0,114.0,133.0,184.13,0.13176529659257985,227.46362760116378,837.8430244226709,0,Inactive Customers,0.5366243232204343,Low,388.2360784768933,167.56860488453418,2.316878383897828
2670,2670,18130.0,2.0,42.0,57.0,364.44,0.289350911373655,401.26251178260884,3246.836859942333,0,Inactive Customers,0.5888500941747443,Medium,1334.9366691952591,649.3673719884666,2.0557495291262784
2671,2671,18135.0,4.0,161.0,190.0,143.0225,0.23831140092702582,150.50020531050788,1005.7749677765585,0,Inactive Customers,0.3266778752606361,Medium,677.2105383129776,201.1549935553117,3.3666106236968196
2672,2672,18136.0,2.0,256.0,319.0,247.67000000000002,0.1046685852206901,273.3370950530388,802.358370933499,0,Inactive Customers,0.2641268298448141,Medium,590.4339980193845,160.47167418669983,3.679365850775929
2673,2673,18139.0,1.0,1.0,18.0,1825.74,0.26617347561880667,2215.8598968901097,16443.90747601148,0,Inactive Customers,0.3462585384969188,High,10750.06410618919,3288.7814952022964,3.268707307515406
2674,2674,18142.0,1.0,58.0,215.0,160.8,0.07831420977072265,199.20521971956518,436.56892064760734,1,Inactive Customers,0.6366886070501347,Medium,158.6104626791014,87.31378412952148,1.8165569647493258
2675,2675,18143.0,1.0,25.0,141.0,519.98,0.1048818855765305,634.2611538349785,1859.823863942528,0,Inactive Customers,0.638450876695444,Medium,672.4176875093129,371.9647727885056,1.80774561652278
2676,2676,18144.0,9.0,343.0,373.0,173.74444444444444,0.2736634811151897,177.59287993379945,1364.8472896162068,0,Inactive Customers,0.0766505489799981,High,1260.2309955932622,272.96945792324135,4.61674725510001
2677,2677,18145.0,3.0,300.0,312.0,740.8633333333333,0.13673873780450596,787.8881576045908,3022.7216834619103,0,Inactive Customers,0.0523996576807223,High,2864.3321019844097,604.5443366923821,4.738001711596389
2678,2678,18146.0,1.0,80.0,220.0,83.7,0.08228189207035112,105.81802522015438,243.6679901638645,0,Inactive Customers,0.6170665600252603,Low,93.30862168517967,48.7335980327729,1.9146671998736984
2679,2679,18147.0,1.0,63.0,108.0,80.46000000000001,0.14385069542725842,101.89358280539315,409.56733620690926,0,Inactive Customers,0.6378346593891602,Low,148.33109382044964,81.91346724138185,1.8108267030541991
2680,2680,18149.0,2.0,223.0,273.0,192.14999999999998,0.11793262163266806,212.51308942808603,702.6673890710017,0,Inactive Customers,0.3268062296211382,Medium,473.0313089709782,140.53347781420035,3.3659688518943085
2681,2681,18150.0,2.0,169.0,201.0,169.5,0.14705398377867357,187.6992614849092,773.4356909973823,0,Inactive Customers,0.4022679406850742,Medium,462.3073083275279,154.68713819947646,2.9886602965746287
2682,2682,18151.0,1.0,155.0,289.0,340.8,0.0719130346189562,417.22979831741134,840.2200441621352,0,Inactive Customers,0.4695345876215531,Medium,445.7076722151039,168.04400883242704,2.6523270618922345
2683,2683,18154.0,1.0,40.0,43.0,178.7,0.2216173730062166,220.88655281346206,1365.8633065262284,0,Inactive Customers,0.6642275315434188,Medium,458.61929400657965,273.1726613052457,1.6788623422829057
2684,2684,18155.0,2.0,216.0,291.0,128.845,0.1121209332771995,143.16035751008113,450.08074804723435,0,Inactive Customers,0.3499918619390052,Medium,292.55614901528253,90.01614960944687,3.250040690304974
2685,2685,18156.0,1.0,357.0,369.0,528.71,0.06484007990773463,644.835345896974,1171.5156211240858,0,Inactive Customers,0.1538198554644112,Medium,991.3132576084789,234.30312422481717,4.230900722677943
2686,2686,18158.0,1.0,79.0,88.0,109.6,0.16557254971018706,137.18933958506668,634.4661254020469,0,Inactive Customers,0.5893230171527158,Medium,260.56063409891925,126.8932250804094,2.0533849142364207
2687,2687,18160.0,1.0,143.0,200.0,319.51,0.09929929566686135,391.4423356599216,1087.5604917816117,0,Inactive Customers,0.4917702264565651,Medium,552.7306224529552,217.51209835632235,2.5411488677171743
2688,2688,18161.0,4.0,304.0,319.0,329.29,0.16366210060548583,345.25945237077923,1585.8387687402349,0,Inactive Customers,0.1284657874941726,High,1382.1127424752315,317.167753748047,4.357671062529136
2689,2689,18167.0,2.0,82.0,105.0,443.19000000000005,0.21870484170048857,487.53575463140265,2984.3828617801732,0,Inactive Customers,0.5877852945126119,High,1230.2065024303226,596.8765723560347,2.0610735274369407
2690,2690,18168.0,5.0,196.0,372.0,181.328,0.16601421427791999,188.6405372351051,879.236706652752,1,Inactive Customers,0.215092809444532,High,690.1192132520537,175.84734133055042,3.9245359527773394
2691,2691,18170.0,2.0,184.0,217.0,338.05,0.1394468126438189,372.3513895123909,1455.150015065501,0,Inactive Customers,0.3927251796982428,Medium,883.6759639110015,291.0300030131002,3.036374101508786
2692,2692,18171.0,4.0,275.0,333.0,231.01500000000001,0.15798222705578313,242.50419444951993,1075.2774468885054,0,Inactive Customers,0.157870798513221,High,905.5225377249594,215.0554893777011,4.210646007433895
2693,2693,18172.0,10.0,275.0,289.0,395.13,0.3656454406852171,402.5163702767197,4131.999666792564,2,High-Value Active Customers,0.0464388954096938,High,3940.1141664334946,826.399933358513,4.76780552295153
2694,2694,18173.0,3.0,188.0,274.0,417.7866666666667,0.15006148342447848,444.87013729543486,1872.633927168018,0,Inactive Customers,0.3092851468954867,High,1293.4560679223855,374.52678543360366,3.4535742655225663
2695,2695,18177.0,5.0,224.0,255.0,234.47400000000002,0.2283129505333538,243.70732184859457,1561.3141628365427,0,Inactive Customers,0.2326081186634825,High,1198.1398127764842,312.2628325673086,3.8369594066825865
2696,2696,18178.0,3.0,236.0,364.0,430.05333333333334,0.12009092304573589,457.89394294257426,1543.2039121536907,0,Inactive Customers,0.1900138336194273,High,1249.9738207488701,308.64078243073817,4.049930831902864
2697,2697,18179.0,5.0,327.0,336.0,279.37800000000004,0.18526284257958361,290.23422690794297,1509.3885865010288,0,Inactive Customers,0.0792537494320335,High,1389.763881670905,301.8777173002058,4.6037312528398315
2698,2698,18180.0,5.0,138.0,142.0,308.62,0.33895600508599966,320.5330813027733,3045.998594352588,0,Inactive Customers,0.262499749692803,High,2246.424725770404,609.1997188705176,3.6875012515359855
2699,2699,18183.0,1.0,47.0,274.0,319.27000000000004,0.05389810764541637,391.1516362217912,590.3027479785522,1,Inactive Customers,0.6358879751608292,Medium,214.93632883459742,118.06054959571046,1.820560124195854
2700,2700,18188.0,2.0,275.0,290.0,787.22,0.11298079753721756,864.4320560570599,2738.50618937982,0,Inactive Customers,0.2150322464126002,High,2149.639051662668,547.701237875964,3.924838767936999
2701,2701,18189.0,1.0,190.0,267.0,457.14,0.08036088661997878,558.1463509511525,1255.806528209414,0,Inactive Customers,0.3787864642069529,Medium,780.1240136609609,251.1613056418828,3.1060676789652355
2702,2702,18190.0,1.0,138.0,330.0,113.0,0.060499028054953226,141.30758162524822,239.47372436461433,1,Inactive Customers,0.5299247035327038,Low,112.57068197682365,47.89474487292287,2.3503764823364808
2703,2703,18196.0,1.0,195.0,290.0,238.35,0.07477230402272683,293.1374756654705,613.7983362887356,0,Inactive Customers,0.3274169992267829,Medium,412.830326890686,122.75966725774714,3.362915003866085
2704,2704,18198.0,16.0,332.0,336.0,218.55375,0.49385140746591405,221.19375818557228,3067.768680053096,2,High-Value Active Customers,0.0407151887733815,High,2942.8638991316666,613.5537360106192,4.796424056133092
2705,2705,18202.0,1.0,112.0,311.0,877.36,0.06092293991605528,1067.1368421644133,1820.8963929520328,1,Inactive Customers,0.502168975652126,High,906.4987165346593,364.17927859040657,2.4891551217393695
2706,2706,18204.0,2.0,121.0,192.0,722.135,0.1507629720483267,793.1292749673615,3350.3250848945995,0,Inactive Customers,0.3324701473951059,High,2236.442010098171,670.06501697892,3.3376492630244696
2707,2707,18205.0,1.0,38.0,74.0,291.6,0.1737191350171582,357.6364135006667,1734.8398034799895,0,Inactive Customers,0.6640493782158071,Medium,582.8205106750695,346.96796069599793,1.6797531089209643
2708,2708,18210.0,5.0,266.0,267.0,492.40600000000006,0.22092179539933665,510.9614122585324,3167.7229782645863,0,Inactive Customers,0.0570733854243528,High,2986.9303038085127,633.5445956529173,4.714633072878235
2709,2709,18211.0,4.0,253.0,278.0,115.5425,0.1817253264389378,121.76741988515857,620.9000046701816,0,Inactive Customers,0.1571265672902722,Medium,523.340118305842,124.18000093403633,4.214367163548639
2710,2710,18217.0,1.0,41.0,70.0,303.85,0.17971827670855622,372.474197321909,1869.0422099281752,0,Inactive Customers,0.6409420022327548,Medium,671.0945536392778,373.80844198563506,1.7952899888362261
2711,2711,18218.0,1.0,70.0,281.0,352.7,0.05943138974143224,431.64364545804665,718.3282086942528,1,Inactive Customers,0.5994165920578349,Medium,287.75036185973454,143.66564173885055,2.0029170397108254
2712,2712,18219.0,8.0,366.0,368.0,223.0725,0.25071943221103166,228.51205993139743,1608.8409626972343,0,Inactive Customers,0.0469528206472712,High,1533.3013415257278,321.7681925394469,4.7652358967636435
2713,2713,18221.0,4.0,189.0,211.0,201.785,0.221908002059766,211.94162829293472,1319.104210404965,0,Inactive Customers,0.3018979250547973,Medium,920.8693863526593,263.82084208099303,3.490510374726013
2714,2714,18223.0,12.0,354.0,358.0,498.5708333333334,0.3629976720236645,506.2335414112395,5160.740758974408,2,High-Value Active Customers,0.018129349527442,High,5067.179885934444,1032.1481517948816,4.90935325236279
2715,2715,18225.0,11.0,362.0,365.0,498.10181818181815,0.331173248759715,506.4648027334418,4710.441985937079,2,High-Value Active Customers,0.0128938818270996,High,4649.706103616998,942.0883971874159,4.935530590864501
2716,2716,18226.0,10.0,293.0,337.0,481.075,0.3243415810754815,489.98690013158836,4462.610167275327,0,Inactive Customers,0.0302007134822364,High,4327.836156230529,892.5220334550654,4.848996432588817
2717,2717,18228.0,1.0,23.0,79.0,359.51,0.16214398151022172,439.89224201499854,1991.887569759876,0,Inactive Customers,0.6890425954965522,Medium,619.3921887552114,398.37751395197523,1.5547870225172389
2718,2718,18229.0,19.0,362.0,373.0,364.87894736842105,0.5319190643829288,368.4538435519143,5504.894585876101,2,High-Value Active Customers,0.0213665290521799,High,5387.2740957777905,1100.9789171752202,4.8931673547390995
2719,2719,18230.0,6.0,293.0,302.0,390.8966666666667,0.23173589909151338,403.22796816728743,2622.9434851095166,0,Inactive Customers,0.0972615133870736,High,2367.8320322189998,524.5886970219034,4.513692433064631
2720,2720,18231.0,4.0,96.0,288.0,448.0675,0.16265339211164992,469.45189854470317,2142.6571963186707,1,Inactive Customers,0.4144996314026127,High,1254.5265782224262,428.53143926373417,2.9275018429869366
2721,2721,18232.0,3.0,116.0,197.0,161.70666666666668,0.1895201334711735,172.98403810091335,919.1252776361093,0,Inactive Customers,0.4995850310708602,Medium,459.94404725026055,183.82505552722188,2.502074844645698
2722,2722,18235.0,2.0,146.0,217.0,649.11,0.1387337248755458,713.1279599320198,2772.6541994766726,0,Inactive Customers,0.3436145959655053,High,1819.9297469714343,554.5308398953346,3.2819270201724735
2723,2723,18236.0,5.0,211.0,240.0,151.808,0.2386406755813844,158.05363545905033,1058.28152081969,0,Inactive Customers,0.2356072117239299,Medium,808.9427624804028,211.65630416393802,3.8219639413803503
2724,2724,18237.0,4.0,132.0,134.0,165.93,0.297802145300126,174.45203508238524,1456.095270961344,0,Inactive Customers,0.4153048582769289,Medium,851.3718308170367,291.21905419226886,2.923475708615355
2725,2725,18239.0,4.0,154.0,372.0,280.8775,0.13686720094141924,294.63987542737584,1132.0203500749897,1,Inactive Customers,0.3041220345420744,High,787.7480180671524,226.40407001499796,3.4793898272896273
2726,2726,18241.0,16.0,208.0,217.0,106.70375,0.6840033986555744,108.11112204958653,2075.6033680792316,2,High-Value Active Customers,0.1706872718266112,High,1721.3242917876619,415.12067361584633,4.146563640866943
2727,2727,18242.0,2.0,141.0,213.0,935.19,0.1405016539134624,1026.5381099533904,4041.9207378386964,0,Inactive Customers,0.3989733680900087,High,2429.3020075103386,808.3841475677393,3.005133159549956
2728,2728,18245.0,4.0,348.0,355.0,550.3325,0.15051394830632064,576.3790565331802,2435.111254252959,0,Inactive Customers,0.035017134726842,High,2349.840635387934,487.02225085059183,4.82491432636579
2729,2729,18246.0,1.0,210.0,233.0,363.2,0.09140668954624179,444.36174587625436,1136.8598028699125,0,Inactive Customers,0.5104216318045739,Medium,556.5819671560256,227.3719605739825,2.4478918409771304
2730,2730,18248.0,1.0,64.0,186.0,307.56,0.09311637120240975,376.9679261363424,981.9701039653914,0,Inactive Customers,0.5962105065916733,Medium,396.5092108223073,196.3940207930783,2.018947467041633
2731,2731,18252.0,1.0,121.0,171.0,456.77,0.11038980795009161,557.698189317368,1721.92440303978,0,Inactive Customers,0.482237956880165,Medium,891.5470970157786,344.384880607956,2.5888102155991746
2732,2732,18257.0,6.0,257.0,296.0,334.87166666666667,0.23506010993068713,345.5257076221045,2279.775798257129,0,Inactive Customers,0.1129888588116623,High,2022.1865324656094,455.9551596514258,4.435055705941688
2733,2733,18259.0,2.0,342.0,366.0,981.1500000000001,0.09420161552670543,1076.88881777981,2845.7016689743928,0,Inactive Customers,0.1899215033878361,High,2305.241729809502,569.1403337948785,4.05039248306082
2734,2734,18260.0,5.0,186.0,358.0,482.5,0.1710182706039373,500.6973929836814,2403.922126373328,1,Inactive Customers,0.1780774741687407,High,1975.8377460104173,480.78442527466564,4.109612629156296
2735,2735,18261.0,1.0,52.0,95.0,99.44,0.1536370962097709,124.88306337087714,535.9941532359626,0,Inactive Customers,0.654244238080323,Low,185.32306683659237,107.19883064719252,1.7287788095983851
2736,2736,18263.0,2.0,227.0,252.0,452.78,0.12536967343252325,498.0419184272112,1750.348596625478,0,Inactive Customers,0.2391985414829313,High,1331.667765225968,350.0697193250956,3.8040072925853434
2737,2737,18265.0,1.0,86.0,158.0,297.96,0.11272585604779689,365.3399486111239,1151.6770688758595,0,Inactive Customers,0.5781524068407445,Medium,485.83219960198744,230.3354137751719,2.1092379657962774
2738,2738,18270.0,1.0,228.0,266.0,171.20000000000002,0.08250471303169347,211.80219537188518,489.25507875243113,0,Inactive Customers,0.4005645098339738,Low,293.27685794818126,97.85101575048623,2.9971774508301303
2739,2739,18272.0,5.0,244.0,246.0,487.75200000000007,0.2346463987703048,506.139208977172,3332.360742330594,0,Inactive Customers,0.0940294733967866,High,3019.0206165611235,666.4721484661188,4.529852633016067
2740,2740,18273.0,2.0,255.0,257.0,76.5,0.12374770690598488,85.81466993014324,297.701203150298,0,Inactive Customers,0.3504765553719901,Low,193.3639109400845,59.5402406300596,3.2476172231400495
2741,2741,18282.0,1.0,119.0,126.0,77.84,0.13703331198813157,98.72011393913562,378.1226475306219,0,Inactive Customers,0.5633963012208175,Low,165.08974650404664,75.62452950612439,2.1830184938959123
2742,2742,18283.0,13.0,334.0,337.0,151.57538461538462,0.4087611218946113,153.92212470187405,1766.871760842643,2,High-Value Active Customers,0.0066882896362361,High,1755.0544107560409,353.3743521685286,4.966558551818819
2743,2743,18287.0,2.0,159.0,201.0,536.0,0.14689073497916655,589.2121948700889,2425.2191100194786,0,Inactive Customers,0.3608571484233582,High,1550.061457676015,485.04382200389574,3.1957142578832087
