Customer ID,NumberOfTransactions,TotalSpend,FirstPurchaseDate,LastPurchaseDate,CustomerLifetimeDays,AverageOrderValue
12347.0,7,4060.4,2010-12-07 14:57:00,2011-12-07 15:52:00,365,580.0571428571428
12348.0,4,1186.68,2010-12-16 19:09:00,2011-09-25 13:13:00,282,296.67
12349.0,1,1353.8,2011-11-21 09:51:00,2011-11-21 09:51:00,0,1353.8
12350.0,1,294.40000000000003,2011-02-02 16:01:00,2011-02-02 16:01:00,0,294.40000000000003
12352.0,7,1385.74,2011-02-16 12:33:00,2011-11-03 14:37:00,260,197.96285714285713
12353.0,1,89.0,2011-05-19 17:47:00,2011-05-19 17:47:00,0,89.0
12354.0,1,1028.55,2011-04-21 13:11:00,2011-04-21 13:11:00,0,1028.55
12355.0,1,459.40000000000003,2011-05-09 13:49:00,2011-05-09 13:49:00,0,459.40000000000003
12356.0,3,2487.43,2011-01-18 09:50:00,2011-11-17 08:40:00,302,829.1433333333333
12357.0,1,6182.67,2011-11-06 16:07:00,2011-11-06 16:07:00,0,6182.67
12358.0,2,928.0600000000001,2011-07-12 10:04:00,2011-12-08 10:26:00,149,464.03000000000003
12359.0,4,4817.33,2011-01-12 12:43:00,2011-10-13 12:47:00,274,1204.3325
12360.0,3,2200.36,2011-05-23 09:43:00,2011-10-18 15:22:00,148,733.4533333333334
12361.0,1,174.9,2011-02-25 13:51:00,2011-02-25 13:51:00,0,174.9
12362.0,10,4524.78,2011-02-17 10:30:00,2011-12-06 15:40:00,292,452.47799999999995
12363.0,2,552.0,2011-04-11 13:29:00,2011-08-22 10:18:00,132,276.0
12364.0,3,1143.3,2011-08-19 15:24:00,2011-12-02 10:22:00,104,381.09999999999997
12365.0,1,320.69,2011-02-21 13:51:00,2011-02-21 13:51:00,0,320.69
12367.0,1,150.9,2011-12-05 16:48:00,2011-12-05 16:48:00,0,150.9
12370.0,4,3304.73,2010-12-14 12:58:00,2011-10-19 14:51:00,309,826.1825
12371.0,1,1527.96,2011-10-11 10:43:00,2011-10-11 10:43:00,0,1527.96
12372.0,3,1196.04,2011-02-16 12:46:00,2011-09-29 12:12:00,224,398.68
12373.0,1,324.6,2011-02-01 13:10:00,2011-02-01 13:10:00,0,324.6
12374.0,1,589.03,2011-11-14 15:37:00,2011-11-14 15:37:00,0,589.03
12375.0,2,377.5,2011-09-02 14:23:00,2011-11-29 10:36:00,87,188.75
12377.0,2,1548.1200000000001,2010-12-20 09:37:00,2011-01-28 15:45:00,39,774.0600000000001
12378.0,1,3899.29,2011-08-02 10:34:00,2011-08-02 10:34:00,0,3899.29
12379.0,2,777.24,2011-06-22 16:32:00,2011-09-19 10:09:00,88,388.62
12380.0,4,2278.11,2011-06-07 09:49:00,2011-11-18 11:27:00,164,569.5275
12381.0,5,1485.31,2011-08-12 09:57:00,2011-12-05 12:44:00,115,297.062
12383.0,5,1576.72,2010-12-22 14:28:00,2011-06-08 08:02:00,167,315.344
12384.0,2,425.27000000000004,2011-08-10 11:23:00,2011-11-11 08:39:00,92,212.63500000000002
12386.0,2,401.9,2010-12-08 09:53:00,2011-01-06 12:37:00,29,200.95
12388.0,6,2780.6600000000003,2011-01-17 11:12:00,2011-11-24 12:30:00,311,463.4433333333334
12390.0,1,470.94,2011-09-21 09:33:00,2011-09-21 09:33:00,0,470.94
12391.0,1,443.94,2011-11-18 12:07:00,2011-11-18 12:07:00,0,443.94
12393.0,4,1582.6000000000001,2011-01-11 09:47:00,2011-09-28 15:41:00,260,395.65000000000003
12394.0,2,629.9200000000001,2011-05-06 14:01:00,2011-10-07 08:08:00,153,314.96000000000004
12395.0,12,2642.68,2010-12-03 16:35:00,2011-11-20 15:21:00,351,220.22333333333333
12397.0,2,2096.25,2011-07-27 14:21:00,2011-11-04 09:52:00,99,1048.125
12398.0,1,1435.66,2011-10-25 10:27:00,2011-10-25 10:27:00,0,1435.66
12399.0,4,1033.65,2011-03-23 09:42:00,2011-08-12 13:15:00,142,258.4125
12401.0,1,69.3,2011-02-09 13:50:00,2011-02-09 13:50:00,0,69.3
12402.0,1,195.6,2011-01-20 13:49:00,2011-01-20 13:49:00,0,195.6
12403.0,1,391.7,2011-10-21 10:51:00,2011-10-21 10:51:00,0,391.7
12405.0,1,1390.39,2011-07-14 08:52:00,2011-07-14 08:52:00,0,1390.39
12406.0,2,3415.3,2011-06-09 10:23:00,2011-11-17 19:22:00,161,1707.65
12407.0,5,1420.08,2011-03-20 13:21:00,2011-10-21 10:11:00,214,284.01599999999996
12408.0,5,2516.85,2011-03-24 14:46:00,2011-11-07 12:27:00,227,503.37
12409.0,3,10950.27,2011-06-10 12:19:00,2011-09-22 10:38:00,103,3650.09
12410.0,2,533.33,2011-02-04 10:38:00,2011-02-04 10:39:00,0,266.665
12412.0,3,1142.88,2011-06-23 13:51:00,2011-09-26 10:16:00,94,380.96000000000004
12413.0,3,656.15,2011-01-06 16:12:00,2011-10-04 09:00:00,270,218.71666666666667
12414.0,3,442.41,2011-02-02 14:51:00,2011-05-06 14:51:00,93,147.47
12415.0,15,67004.37,2011-01-06 11:12:00,2011-11-15 10:32:00,312,4466.958
12417.0,9,3074.5,2010-12-17 11:51:00,2011-12-06 14:52:00,354,341.6111111111111
12418.0,1,668.58,2011-08-19 11:08:00,2011-08-19 11:08:00,0,668.58
12420.0,1,566.49,2011-10-07 08:55:00,2011-10-07 08:55:00,0,566.49
12421.0,4,639.04,2011-01-24 15:09:00,2011-11-24 09:07:00,303,159.76
12422.0,3,683.5600000000001,2011-01-19 09:13:00,2011-09-05 09:48:00,229,227.85333333333335
12423.0,8,1600.41,2010-12-21 10:54:00,2011-12-09 10:10:00,352,200.05125
12424.0,2,1608.32,2011-06-30 12:06:00,2011-06-30 12:06:00,0,804.16
12425.0,1,777.2,2011-09-22 17:31:00,2011-09-22 17:31:00,0,777.2
12426.0,1,493.78000000000003,2011-05-29 12:26:00,2011-05-29 12:26:00,0,493.78000000000003
12427.0,3,639.32,2010-12-03 10:44:00,2011-11-18 08:56:00,349,213.10666666666668
12428.0,8,6371.36,2011-03-01 09:33:00,2011-11-14 08:22:00,257,796.42
12429.0,4,3388.4,2010-12-09 12:05:00,2011-11-30 17:22:00,356,847.1
12430.0,1,216.4,2011-10-27 15:09:00,2011-10-27 15:09:00,0,216.4
12431.0,14,5137.66,2010-12-01 10:03:00,2011-10-10 14:49:00,313,366.9757142857143
12432.0,4,4089.52,2011-06-20 13:27:00,2011-10-28 11:43:00,129,1022.38
12433.0,7,12856.51,2010-12-01 13:24:00,2011-12-09 10:02:00,372,1836.6442857142858
12434.0,2,806.14,2011-03-24 13:05:00,2011-09-16 12:38:00,175,403.07
12435.0,2,7120.450000000001,2011-03-17 07:40:00,2011-09-21 09:06:00,188,3560.2250000000004
12436.0,1,429.01,2011-09-01 12:09:00,2011-09-01 12:09:00,0,429.01
12437.0,18,4447.41,2011-01-12 14:13:00,2011-12-08 11:35:00,329,247.07833333333332
12438.0,2,2466.85,2011-07-22 13:29:00,2011-11-25 13:28:00,125,1233.425
12441.0,1,155.55,2010-12-08 10:45:00,2010-12-08 10:45:00,0,155.55
12442.0,1,144.06,2011-12-06 14:22:00,2011-12-06 14:22:00,0,144.06
12444.0,5,3647.61,2011-06-21 14:00:00,2011-11-18 13:23:00,149,729.522
12445.0,1,77.4,2011-11-17 18:43:00,2011-11-17 18:43:00,0,77.4
12446.0,1,1002.3100000000001,2011-10-13 12:50:00,2011-10-13 12:50:00,0,1002.3100000000001
12447.0,1,431.49,2011-04-10 13:25:00,2011-04-10 13:25:00,0,431.49
12448.0,1,300.45,2011-10-26 13:46:00,2011-10-26 13:46:00,0,300.45
12449.0,4,3596.29,2011-06-05 15:37:00,2011-11-17 13:46:00,164,899.0725
12450.0,2,197.88,2011-06-19 14:36:00,2011-07-06 14:41:00,17,98.94
12451.0,5,8775.17,2011-01-19 09:05:00,2011-11-29 08:40:00,313,1755.034
12452.0,1,350.57,2011-11-23 08:05:00,2011-11-23 08:05:00,0,350.57
12453.0,1,707.09,2011-07-28 14:08:00,2011-07-28 14:08:00,0,707.09
12454.0,1,2500.84,2011-10-14 17:13:00,2011-10-14 17:13:00,0,2500.84
12455.0,5,2181.46,2011-02-16 09:56:00,2011-09-27 15:31:00,223,436.29200000000003
12456.0,3,2581.04,2011-03-30 09:12:00,2011-10-26 14:41:00,210,860.3466666666667
12457.0,6,1907.63,2011-04-14 18:57:00,2011-10-04 13:13:00,172,317.93833333333333
12458.0,2,787.4,2011-02-28 10:55:00,2011-09-29 15:25:00,213,393.7
12461.0,1,626.88,2011-07-08 10:23:00,2011-07-08 10:23:00,0,626.88
12462.0,2,937.59,2011-02-09 14:44:00,2011-11-21 09:11:00,284,468.795
12463.0,4,1200.78,2011-04-12 12:47:00,2011-10-17 13:44:00,188,300.195
12464.0,8,855.35,2011-02-03 13:30:00,2011-11-29 13:33:00,299,106.91875
12465.0,2,682.19,2011-06-23 13:37:00,2011-11-22 16:34:00,152,341.095
12468.0,2,657.5400000000001,2011-01-27 13:29:00,2011-06-05 11:36:00,128,328.77000000000004
12471.0,27,17407.1,2010-12-10 09:35:00,2011-12-07 15:43:00,362,644.7074074074073
12472.0,7,6000.31,2010-12-05 14:19:00,2011-11-07 14:01:00,336,857.1871428571429
12473.0,3,2545.38,2011-06-01 10:15:00,2011-10-17 11:27:00,138,848.46
12474.0,18,6642.04,2011-01-14 10:06:00,2011-11-22 14:39:00,312,369.0022222222222
12475.0,1,669.38,2011-10-17 10:10:00,2011-10-17 10:10:00,0,669.38
12476.0,11,5814.67,2010-12-13 14:39:00,2011-11-24 12:40:00,345,528.6063636363637
12477.0,6,13168.89,2011-02-11 12:45:00,2011-11-17 09:51:00,278,2194.815
12478.0,1,545.99,2011-12-06 09:56:00,2011-12-06 09:56:00,0,545.99
12479.0,1,473.2,2011-11-28 13:26:00,2011-11-28 13:26:00,0,473.2
12480.0,4,2568.83,2011-01-07 15:27:00,2011-11-11 14:52:00,307,642.2075
12481.0,10,4952.52,2010-12-09 10:13:00,2011-11-17 08:29:00,342,495.25200000000007
12483.0,8,1910.98,2011-01-04 14:20:00,2011-11-22 17:02:00,322,238.8725
12484.0,4,3953.7200000000003,2011-01-07 14:04:00,2011-11-04 15:18:00,301,988.4300000000001
12488.0,3,1075.16,2011-09-25 10:34:00,2011-11-30 08:50:00,65,358.3866666666667
12489.0,1,267.03000000000003,2011-01-07 13:13:00,2011-01-07 13:13:00,0,267.03000000000003
12490.0,10,4859.93,2011-01-14 09:13:00,2011-12-04 16:07:00,324,485.99300000000005
12491.0,1,424.40000000000003,2011-11-01 12:18:00,2011-11-01 12:18:00,0,424.40000000000003
12492.0,2,227.21,2011-08-26 14:51:00,2011-10-07 15:15:00,42,113.605
12493.0,2,362.79,2011-05-26 14:53:00,2011-06-27 10:17:00,31,181.395
12494.0,7,1084.1,2010-12-09 11:31:00,2011-11-24 09:34:00,349,154.87142857142857
12497.0,1,690.6,2011-09-19 12:29:00,2011-09-19 12:29:00,0,690.6
12498.0,3,349.70000000000005,2011-10-13 09:30:00,2011-11-18 12:53:00,36,116.56666666666668
12500.0,9,2076.59,2011-01-10 09:48:00,2011-10-21 10:13:00,284,230.73222222222225
12501.0,1,2008.44,2011-01-07 12:28:00,2011-01-07 12:28:00,0,2008.44
12502.0,5,2875.2200000000003,2011-02-03 10:41:00,2011-09-05 11:52:00,214,575.0440000000001
12504.0,2,428.04999999999995,2011-11-09 14:56:00,2011-11-21 16:02:00,12,214.02499999999998
12506.0,1,73.5,2011-04-21 08:54:00,2011-04-21 08:54:00,0,73.5
12507.0,3,434.41,2011-02-14 09:24:00,2011-07-28 17:09:00,164,144.80333333333334
12508.0,2,398.27,2011-11-10 16:27:00,2011-11-13 15:37:00,2,199.135
12509.0,1,158.5,2011-02-28 14:45:00,2011-02-28 14:45:00,0,158.5
12510.0,2,814.5699999999999,2011-01-18 14:04:00,2011-07-20 10:15:00,182,407.28499999999997
12512.0,2,138.03,2011-10-04 14:53:00,2011-10-04 14:55:00,0,69.015
12513.0,1,558.29,2011-08-19 10:51:00,2011-08-19 10:51:00,0,558.29
12514.0,1,1017.6800000000001,2011-03-17 16:38:00,2011-03-17 16:38:00,0,1017.6800000000001
12515.0,1,278.7,2010-12-21 15:43:00,2010-12-21 15:43:00,0,278.7
12516.0,2,1082.38,2011-06-12 11:37:00,2011-09-23 09:13:00,102,541.19
12517.0,4,2322.84,2011-06-02 15:13:00,2011-11-11 13:57:00,161,580.71
12518.0,5,1840.89,2011-08-21 13:18:00,2011-12-09 10:13:00,109,368.178
12519.0,1,286.84000000000003,2011-10-07 09:26:00,2011-10-07 09:26:00,0,286.84000000000003
12520.0,5,2329.31,2011-03-11 11:35:00,2011-09-21 15:23:00,194,465.86199999999997
12521.0,1,545.68,2011-07-20 10:51:00,2011-07-20 10:51:00,0,545.68
12522.0,2,156.72,2011-10-19 14:41:00,2011-10-31 15:30:00,12,78.36
12523.0,11,1657.82,2011-01-12 09:43:00,2011-11-20 12:55:00,312,150.7109090909091
12524.0,8,3654.84,2011-01-10 10:35:00,2011-11-30 15:31:00,324,456.855
12526.0,3,1172.66,2011-09-06 14:19:00,2011-12-09 12:09:00,93,390.8866666666667
12527.0,3,330.71000000000004,2011-01-18 12:05:00,2011-09-19 11:55:00,243,110.23666666666668
12528.0,6,1628.53,2011-01-31 09:05:00,2011-11-30 14:40:00,303,271.4216666666667
12530.0,4,1360.48,2011-01-07 10:04:00,2011-10-11 12:34:00,277,340.12
12531.0,1,95.27,2011-11-25 11:12:00,2011-11-25 11:12:00,0,95.27
12532.0,1,313.83000000000004,2011-11-09 13:47:00,2011-11-09 13:47:00,0,313.83000000000004
12534.0,1,962.23,2011-08-01 10:26:00,2011-08-01 10:26:00,0,962.23
12535.0,2,716.35,2011-06-06 12:47:00,2011-09-09 08:48:00,94,358.175
12536.0,1,4095.26,2011-10-11 14:52:00,2011-10-11 14:52:00,0,4095.26
12538.0,1,363.95,2011-11-10 17:16:00,2011-11-10 17:16:00,0,363.95
12539.0,4,5449.7,2011-01-10 09:11:00,2011-11-17 13:30:00,311,1362.425
12540.0,17,11414.69,2010-12-13 09:39:00,2011-11-20 11:31:00,342,671.4523529411765
12541.0,3,841.18,2011-03-04 09:32:00,2011-11-10 10:40:00,251,280.3933333333333
12544.0,1,316.7,2011-11-03 16:15:00,2011-11-03 16:15:00,0,316.7
12545.0,2,832.39,2011-03-25 12:04:00,2011-09-25 13:39:00,184,416.195
12546.0,2,1021.5,2011-09-23 09:44:00,2011-10-24 12:09:00,31,510.75
12547.0,2,151.8,2011-03-04 12:46:00,2011-05-26 12:38:00,82,75.9
12548.0,1,67.19999999999999,2011-06-26 15:35:00,2011-06-26 15:35:00,0,67.19999999999999
12550.0,1,824.83,2011-09-21 14:35:00,2011-09-21 14:35:00,0,824.83
12551.0,1,168.0,2010-12-17 11:23:00,2010-12-17 11:23:00,0,168.0
12552.0,1,317.82,2011-10-31 12:11:00,2011-10-31 12:11:00,0,317.82
12553.0,10,3278.28,2011-01-14 10:42:00,2011-12-01 16:38:00,321,327.82800000000003
12556.0,2,603.71,2011-07-11 13:35:00,2011-10-20 13:06:00,100,301.855
12557.0,4,2501.34,2010-12-03 12:20:00,2011-11-23 16:59:00,355,625.335
12558.0,1,269.96,2011-12-02 10:41:00,2011-12-02 10:41:00,0,269.96
12559.0,2,525.71,2011-01-24 10:12:00,2011-02-02 09:49:00,8,262.855
12560.0,2,1901.06,2011-07-19 15:55:00,2011-12-04 13:54:00,137,950.53
12561.0,1,238.85,2011-02-10 11:39:00,2011-02-10 11:39:00,0,238.85
12562.0,7,3250.14,2011-05-25 12:44:00,2011-12-01 17:20:00,190,464.30571428571426
12564.0,1,352.05,2011-03-23 14:55:00,2011-03-23 14:55:00,0,352.05
12565.0,1,145.92000000000002,2011-02-24 10:34:00,2011-02-24 10:34:00,0,145.92000000000002
12566.0,1,297.65,2011-09-14 14:30:00,2011-09-14 14:30:00,0,297.65
12567.0,10,8217.130000000001,2010-12-05 11:57:00,2011-11-17 11:02:00,346,821.7130000000001
12569.0,32,3152.69,2011-04-01 13:47:00,2011-12-07 16:24:00,250,98.5215625
12571.0,2,519.61,2011-08-10 12:35:00,2011-10-31 10:19:00,81,259.805
12572.0,2,878.52,2011-10-19 08:20:00,2011-12-01 09:20:00,43,439.26
12573.0,1,160.54000000000002,2011-04-26 15:52:00,2011-04-26 15:52:00,0,160.54000000000002
12574.0,1,182.45000000000002,2011-01-28 09:20:00,2011-01-28 09:20:00,0,182.45000000000002
12576.0,5,1268.93,2011-02-08 11:31:00,2011-11-04 10:11:00,268,253.786
12577.0,3,657.8,2010-12-15 16:21:00,2011-11-04 13:24:00,323,219.26666666666665
12578.0,2,2402.51,2011-01-13 15:34:00,2011-11-18 13:30:00,308,1201.255
12579.0,1,386.42,2011-09-22 17:15:00,2011-09-22 17:15:00,0,386.42
12580.0,1,379.7,2011-04-07 10:24:00,2011-04-07 10:24:00,0,379.7
12581.0,1,179.71,2011-10-31 08:56:00,2011-10-31 08:56:00,0,179.71
12582.0,2,351.36,2011-02-24 11:42:00,2011-04-15 08:45:00,49,175.68
12583.0,15,6503.33,2010-12-01 08:45:00,2011-12-07 08:07:00,370,433.55533333333335
12584.0,9,2033.8,2011-03-04 15:15:00,2011-12-06 09:35:00,276,225.97777777777776
12585.0,2,1653.96,2010-12-23 12:58:00,2011-04-19 13:39:00,117,826.98
12586.0,1,196.94000000000003,2011-11-22 16:24:00,2011-11-22 16:24:00,0,196.94000000000003
12587.0,1,104.0,2011-12-02 12:47:00,2011-12-02 12:47:00,0,104.0
12588.0,1,174.89999999999998,2011-10-31 15:01:00,2011-10-31 15:01:00,0,174.89999999999998
12589.0,2,574.68,2011-07-18 12:05:00,2011-11-11 10:19:00,115,287.34
12590.0,1,8951.26,2011-05-12 14:46:00,2011-05-12 14:46:00,0,8951.26
12591.0,1,368.85,2011-01-26 14:35:00,2011-01-26 14:35:00,0,368.85
12592.0,2,401.6,2011-05-10 13:44:00,2011-09-08 15:04:00,121,200.8
12593.0,3,382.1,2011-05-05 09:29:00,2011-08-23 12:43:00,110,127.36666666666667
12594.0,9,3208.2200000000003,2011-01-21 09:52:00,2011-11-02 12:20:00,285,356.4688888888889
12596.0,2,450.27,2011-04-11 13:22:00,2011-10-19 13:02:00,190,225.135
12597.0,4,3127.72,2011-03-16 14:00:00,2011-11-20 13:33:00,248,781.93
12598.0,7,2807.08,2011-02-28 11:58:00,2011-11-30 12:18:00,275,401.01142857142855
12599.0,7,888.58,2011-02-08 13:28:00,2011-11-10 13:34:00,275,126.94000000000001
12600.0,10,2311.04,2010-12-03 12:57:00,2011-11-11 10:29:00,342,231.10399999999998
12601.0,5,447.11,2011-01-11 10:38:00,2011-06-03 10:17:00,142,89.422
12602.0,1,153.12,2011-10-12 11:22:00,2011-10-12 11:22:00,0,153.12
12603.0,1,613.1999999999999,2011-11-18 10:42:00,2011-11-18 10:42:00,0,613.1999999999999
12604.0,2,236.18,2011-03-23 12:06:00,2011-09-21 14:08:00,182,118.09
12607.0,1,1562.56,2011-10-10 16:06:00,2011-10-10 16:06:00,0,1562.56
12609.0,3,964.85,2011-01-25 15:13:00,2011-09-22 16:34:00,240,321.6166666666667
12610.0,4,1679.74,2011-08-05 13:52:00,2011-11-17 09:34:00,103,419.935
12611.0,1,1049.32,2011-10-18 13:12:00,2011-10-18 13:12:00,0,1049.32
12612.0,1,668.04,2011-09-26 15:35:00,2011-09-26 15:35:00,0,668.04
12613.0,4,3092.38,2011-03-22 15:42:00,2011-10-13 14:59:00,204,773.095
12614.0,1,315.6,2011-03-07 10:22:00,2011-03-07 10:22:00,0,315.6
12615.0,4,2093.19,2011-06-24 13:35:00,2011-12-07 15:02:00,166,523.2975
12616.0,2,641.3,2011-02-15 14:17:00,2011-09-05 15:17:00,202,320.65
12617.0,1,355.53000000000003,2011-11-10 14:39:00,2011-11-10 14:39:00,0,355.53000000000003
12618.0,1,137.31,2011-11-18 11:10:00,2011-11-18 11:10:00,0,137.31
12619.0,8,1971.4799999999998,2011-03-31 13:10:00,2011-11-23 14:52:00,237,246.43499999999997
12620.0,3,1303.41,2011-05-19 12:10:00,2011-11-25 10:20:00,189,434.47
12621.0,20,11797.57,2010-12-09 10:16:00,2011-12-08 11:25:00,364,589.8785
12622.0,1,162.1,2011-04-21 16:39:00,2011-04-21 16:39:00,0,162.1
12623.0,1,269.1,2011-03-08 13:50:00,2011-03-08 13:50:00,0,269.1
12624.0,2,569.13,2011-06-15 12:34:00,2011-08-25 15:04:00,71,284.565
12625.0,2,2413.82,2011-01-24 13:27:00,2011-05-12 09:54:00,107,1206.91
12626.0,9,5954.4800000000005,2011-01-17 11:01:00,2011-11-16 16:06:00,303,661.6088888888889
12627.0,6,4057.58,2011-07-22 13:59:00,2011-11-29 12:07:00,129,676.2633333333333
12628.0,3,732.46,2011-10-06 09:28:00,2011-12-05 13:15:00,60,244.15333333333334
12630.0,2,1013.9300000000001,2011-10-27 10:41:00,2011-11-30 10:48:00,34,506.96500000000003
12631.0,1,480.5,2011-10-13 13:53:00,2011-10-13 13:53:00,0,480.5
12633.0,4,1717.98,2011-02-25 08:44:00,2011-10-12 11:40:00,229,429.495
12635.0,2,1509.18,2011-07-08 08:43:00,2011-09-11 11:04:00,65,754.59
12637.0,8,5734.05,2011-01-20 10:47:00,2011-10-03 13:46:00,256,716.75625
12638.0,1,511.69,2011-11-06 13:11:00,2011-11-06 13:11:00,0,511.69
12639.0,1,366.1,2011-04-15 12:48:00,2011-04-15 12:48:00,0,366.1
12640.0,3,960.6800000000001,2011-09-19 12:01:00,2011-11-16 11:52:00,57,320.2266666666667
12641.0,1,145.9,2011-08-16 13:26:00,2011-08-16 13:26:00,0,145.9
12642.0,3,888.31,2011-08-24 09:23:00,2011-11-14 15:03:00,82,296.1033333333333
12643.0,5,1627.4,2011-05-03 12:02:00,2011-08-03 12:56:00,92,325.48
12644.0,1,477.90999999999997,2011-08-02 10:33:00,2011-08-02 10:33:00,0,477.90999999999997
12645.0,4,1631.18,2011-01-27 13:08:00,2011-11-06 12:38:00,282,407.795
12646.0,2,1346.97,2011-10-21 12:52:00,2011-12-05 10:14:00,44,673.485
12647.0,12,3064.02,2010-12-05 14:02:00,2011-11-17 12:56:00,346,255.335
12648.0,1,300.05,2011-07-08 11:55:00,2011-07-08 11:55:00,0,300.05
12649.0,3,569.51,2011-05-11 14:37:00,2011-08-24 14:41:00,105,189.83666666666667
12650.0,1,242.44,2011-12-06 16:34:00,2011-12-06 16:34:00,0,242.44
12651.0,1,114.0,2011-01-09 12:46:00,2011-01-09 12:46:00,0,114.0
12652.0,1,793.98,2011-01-12 15:00:00,2011-01-12 15:00:00,0,793.98
12653.0,2,2209.85,2011-02-16 10:53:00,2011-07-14 10:41:00,147,1104.925
12654.0,5,529.98,2011-02-17 13:16:00,2011-11-29 10:10:00,284,105.99600000000001
12656.0,5,3534.42,2011-04-20 09:20:00,2011-11-22 13:42:00,216,706.884
12657.0,4,1217.18,2011-09-22 11:40:00,2011-11-28 15:47:00,67,304.295
12658.0,1,632.05,2011-11-21 10:22:00,2011-11-21 10:22:00,0,632.05
12659.0,1,73.67999999999999,2011-11-10 11:53:00,2011-11-10 11:53:00,0,73.67999999999999
12660.0,1,227.10000000000002,2011-11-28 13:26:00,2011-11-28 13:26:00,0,227.10000000000002
12662.0,11,3513.83,2010-12-01 13:04:00,2011-12-09 11:59:00,372,319.4390909090909
12664.0,9,4391.88,2011-01-21 11:42:00,2011-12-01 17:07:00,314,487.9866666666667
12665.0,1,45.0,2011-01-19 08:34:00,2011-01-19 08:34:00,0,45.0
12667.0,1,460.13,2011-10-12 17:00:00,2011-10-12 17:00:00,0,460.13
12668.0,4,3177.15,2010-12-19 12:46:00,2011-11-28 10:56:00,343,794.2875
12669.0,2,1410.78,2011-03-28 10:15:00,2011-07-12 09:54:00,105,705.39
12670.0,5,2744.05,2011-04-21 10:16:00,2011-11-29 15:23:00,222,548.8100000000001
12672.0,1,225.9,2011-01-14 09:20:00,2011-01-14 09:20:00,0,225.9
12673.0,2,574.52,2011-01-17 11:46:00,2011-12-04 13:55:00,321,287.26
12674.0,4,1844.6,2011-05-16 09:10:00,2011-11-01 12:12:00,169,461.15
12676.0,6,1091.39,2011-02-01 15:41:00,2011-11-15 12:25:00,286,181.89833333333334
12678.0,9,11797.86,2010-12-21 14:26:00,2011-10-28 13:04:00,310,1310.8733333333334
12679.0,4,951.02,2011-03-01 12:26:00,2011-10-12 12:30:00,225,237.755
12680.0,4,790.81,2011-08-18 15:44:00,2011-12-09 12:50:00,112,197.7025
12681.0,22,12365.54,2010-12-07 10:08:00,2011-11-25 11:33:00,353,562.07
12682.0,31,10641.58,2010-12-03 13:59:00,2011-12-06 10:00:00,367,343.27677419354836
12683.0,14,7617.57,2010-12-09 10:37:00,2011-12-05 16:28:00,361,544.1121428571429
12684.0,6,2021.79,2011-05-10 12:55:00,2011-12-02 09:53:00,205,336.965
12685.0,6,2575.08,2011-09-07 10:28:00,2011-11-11 13:46:00,65,429.18
12686.0,1,71.14,2010-12-03 09:51:00,2010-12-03 09:51:00,0,71.14
12688.0,1,4565.91,2011-08-18 08:49:00,2011-08-18 08:49:00,0,4565.91
12689.0,2,1139.6100000000001,2011-08-04 10:04:00,2011-11-14 08:31:00,101,569.8050000000001
12690.0,1,335.01,2011-05-18 09:09:00,2011-05-18 09:09:00,0,335.01
12691.0,5,927.8,2010-12-17 14:46:00,2011-11-11 16:49:00,329,185.56
12693.0,4,711.91,2011-01-24 12:58:00,2011-08-04 17:51:00,192,177.9775
12694.0,2,761.67,2011-06-09 17:48:00,2011-09-30 13:06:00,112,380.835
12695.0,4,582.1,2011-05-13 13:15:00,2011-12-02 13:22:00,203,145.525
12697.0,3,757.59,2011-06-23 15:44:00,2011-11-11 08:47:00,140,252.53
12700.0,4,4525.99,2011-05-08 16:10:00,2011-12-02 10:47:00,207,1131.4975
12701.0,2,691.8100000000001,2011-04-11 13:02:00,2011-09-21 10:47:00,162,345.90500000000003
12702.0,1,201.0,2011-11-20 10:36:00,2011-11-20 10:36:00,0,201.0
12703.0,1,265.55,2011-09-29 17:52:00,2011-09-29 17:52:00,0,265.55
12704.0,8,1715.89,2011-06-23 10:20:00,2011-12-02 13:15:00,162,214.48625
12705.0,8,6382.29,2010-12-17 15:58:00,2011-11-24 13:17:00,341,797.78625
12707.0,1,603.42,2011-02-21 08:38:00,2011-02-21 08:38:00,0,603.42
12708.0,10,2379.11,2010-12-06 10:43:00,2011-11-10 09:52:00,338,237.911
12709.0,15,9430.52,2010-12-08 09:49:00,2011-11-24 15:38:00,351,628.7013333333333
12710.0,3,1023.02,2011-05-22 14:05:00,2011-09-04 12:00:00,104,341.00666666666666
12712.0,13,3903.13,2010-12-03 14:30:00,2011-11-11 08:19:00,342,300.2407692307692
12713.0,1,794.55,2011-12-09 12:16:00,2011-12-09 12:16:00,0,794.55
12714.0,5,4294.86,2011-02-18 10:53:00,2011-11-30 15:43:00,285,858.972
12715.0,1,273.86,2011-08-25 15:22:00,2011-08-25 15:22:00,0,273.86
12716.0,2,963.49,2011-07-29 13:28:00,2011-12-06 08:55:00,129,481.745
12717.0,2,791.03,2011-04-08 10:32:00,2011-07-11 14:47:00,94,395.515
12718.0,1,202.25,2011-09-29 16:38:00,2011-09-29 16:38:00,0,202.25
12719.0,2,572.95,2011-10-05 14:50:00,2011-12-04 13:45:00,59,286.475
12720.0,25,5059.57,2010-12-05 15:21:00,2011-12-07 08:03:00,366,202.38279999999997
12721.0,6,2335.28,2010-12-20 11:38:00,2011-11-08 12:13:00,323,389.21333333333337
12722.0,4,911.83,2011-07-12 11:55:00,2011-09-15 14:50:00,65,227.9575
12723.0,4,622.32,2011-10-05 15:52:00,2011-12-06 10:19:00,61,155.58
12724.0,4,923.41,2011-01-11 15:00:00,2011-12-04 16:02:00,327,230.8525
12725.0,1,371.8,2010-12-03 15:45:00,2010-12-03 15:45:00,0,371.8
12726.0,7,2374.62,2010-12-17 12:56:00,2011-11-11 13:35:00,329,339.2314285714286
12727.0,7,3440.7000000000003,2011-01-23 15:17:00,2011-11-29 11:46:00,309,491.52857142857147
12728.0,4,728.33,2011-01-11 13:31:00,2011-09-29 15:31:00,261,182.0825
12729.0,1,417.01,2011-08-18 11:40:00,2011-08-18 11:40:00,0,417.01
12731.0,12,17163.45,2010-12-10 10:56:00,2011-11-16 11:59:00,341,1430.2875000000001
12732.0,1,218.26000000000002,2011-06-13 11:33:00,2011-06-13 11:33:00,0,218.26000000000002
12733.0,1,383.95,2011-04-19 16:19:00,2011-04-19 16:19:00,0,383.95
12734.0,1,110.39999999999999,2010-12-22 12:47:00,2010-12-22 12:47:00,0,110.39999999999999
12735.0,2,673.62,2011-01-06 14:26:00,2011-01-28 13:37:00,21,336.81
12736.0,1,144.0,2011-01-11 07:57:00,2011-01-11 07:57:00,0,144.0
12738.0,1,137.35,2010-12-02 18:27:00,2010-12-02 18:27:00,0,137.35
12739.0,1,975.54,2011-09-01 17:45:00,2011-09-01 17:45:00,0,975.54
12740.0,1,427.6,2011-10-07 10:44:00,2011-10-07 10:44:00,0,427.6
12743.0,2,529.48,2011-07-28 16:06:00,2011-07-28 16:21:00,0,264.74
12744.0,4,8646.99,2011-01-25 13:26:00,2011-10-14 14:54:00,262,2161.7475
12747.0,11,4180.06,2010-12-05 15:38:00,2011-12-07 14:34:00,366,380.0054545454546
12748.0,205,29411.98,2010-12-01 12:48:00,2011-12-09 12:20:00,372,143.4730731707317
12749.0,5,4040.88,2011-05-10 15:25:00,2011-12-06 09:56:00,209,808.176
12750.0,1,275.88,2011-08-03 09:13:00,2011-08-03 09:13:00,0,275.88
12752.0,1,4366.78,2011-09-19 13:32:00,2011-09-19 13:32:00,0,4366.78
12753.0,6,20649.87,2010-12-12 11:44:00,2011-11-17 10:52:00,339,3441.645
12754.0,3,427.38,2011-02-04 10:31:00,2011-04-18 09:00:00,72,142.46
12755.0,1,17.549999999999997,2011-03-04 12:42:00,2011-03-04 12:42:00,0,17.549999999999997
12756.0,1,112.08,2011-09-14 09:31:00,2011-09-14 09:31:00,0,112.08
12757.0,8,4022.0,2011-05-12 19:01:00,2011-11-24 12:30:00,195,502.75
12758.0,2,2791.59,2011-03-08 12:05:00,2011-08-15 10:22:00,159,1395.795
12759.0,3,1343.64,2011-03-09 08:09:00,2011-10-18 14:49:00,223,447.88000000000005
12762.0,2,1702.52,2011-11-14 14:23:00,2011-12-02 10:23:00,17,851.26
12763.0,2,494.08,2010-12-05 15:46:00,2011-07-24 14:12:00,230,247.04
12764.0,1,1693.88,2011-01-27 10:19:00,2011-01-27 10:19:00,0,1693.88
12766.0,7,6457.63,2010-12-08 13:53:00,2011-12-06 08:46:00,362,922.5185714285715
12769.0,1,1143.6,2011-04-15 10:25:00,2011-04-15 10:25:00,0,1143.6
12770.0,1,1351.45,2011-05-13 09:33:00,2011-05-13 09:33:00,0,1351.45
12772.0,1,752.47,2011-10-11 09:19:00,2011-10-11 09:19:00,0,752.47
12775.0,5,1264.09,2011-02-01 13:45:00,2011-11-22 16:33:00,294,252.81799999999998
12778.0,6,693.23,2011-01-31 14:35:00,2011-11-20 11:30:00,292,115.53833333333334
12779.0,8,3981.36,2010-12-03 13:40:00,2011-11-02 11:43:00,333,497.67
12781.0,2,786.74,2011-02-28 08:43:00,2011-10-07 10:37:00,221,393.37
12782.0,5,1938.92,2010-12-17 11:30:00,2011-12-05 09:16:00,352,387.784
12783.0,4,1295.8700000000001,2011-09-25 15:35:00,2011-12-07 15:56:00,73,323.96750000000003
12784.0,1,518.42,2011-11-24 12:53:00,2011-11-24 12:53:00,0,518.42
12785.0,1,239.0,2010-12-10 13:48:00,2010-12-10 13:48:00,0,239.0
12787.0,3,418.66,2011-05-31 09:36:00,2011-11-30 08:44:00,182,139.55333333333334
12790.0,1,294.92,2011-05-31 14:14:00,2011-05-31 14:14:00,0,294.92
12791.0,1,177.60000000000002,2010-12-01 11:27:00,2010-12-01 11:27:00,0,177.60000000000002
12792.0,1,344.54,2011-03-28 11:36:00,2011-03-28 11:36:00,0,344.54
12793.0,2,461.48,2010-12-03 15:14:00,2011-01-09 12:12:00,36,230.74
12794.0,2,860.41,2011-09-02 12:01:00,2011-10-17 14:54:00,45,430.205
12795.0,1,318.48,2011-11-21 10:27:00,2011-11-21 10:27:00,0,318.48
12797.0,1,226.03,2010-12-09 10:55:00,2010-12-09 10:55:00,0,226.03
12798.0,1,69.12,2011-06-22 10:11:00,2011-06-22 10:11:00,0,69.12
12802.0,1,397.58,2011-06-06 09:36:00,2011-06-06 09:36:00,0,397.58
12808.0,3,455.65000000000003,2010-12-06 10:27:00,2011-11-03 10:05:00,331,151.88333333333335
12809.0,1,405.31,2011-06-15 10:51:00,2011-06-15 10:51:00,0,405.31
12811.0,2,459.85,2011-02-28 15:39:00,2011-03-23 10:55:00,22,229.925
12812.0,1,229.64000000000001,2011-10-26 09:54:00,2011-10-26 09:54:00,0,229.64000000000001
12814.0,1,85.92,2011-08-30 12:11:00,2011-08-30 12:11:00,0,85.92
12815.0,2,863.46,2011-05-25 13:34:00,2011-07-15 10:21:00,50,431.73
12816.0,2,395.3,2011-06-16 13:24:00,2011-09-05 12:41:00,80,197.65
12817.0,1,126.04,2011-03-03 16:28:00,2011-03-03 16:28:00,0,126.04
12818.0,1,387.2,2011-03-23 12:06:00,2011-03-23 12:06:00,0,387.2
12820.0,4,942.34,2011-01-17 12:34:00,2011-12-06 15:12:00,323,235.585
12821.0,1,92.72,2011-05-09 15:51:00,2011-05-09 15:51:00,0,92.72
12822.0,2,948.88,2011-09-13 13:46:00,2011-09-30 10:04:00,16,474.44
12823.0,5,1759.5,2011-02-16 12:15:00,2011-09-26 07:35:00,221,351.9
12824.0,1,397.12,2011-10-11 12:49:00,2011-10-11 12:49:00,0,397.12
12826.0,7,1474.72,2010-12-09 15:21:00,2011-12-07 10:25:00,362,210.67428571428573
12827.0,3,430.15,2011-10-26 15:44:00,2011-12-04 12:17:00,38,143.38333333333333
12828.0,6,1001.76,2011-08-01 16:16:00,2011-12-07 08:45:00,127,166.96
12829.0,2,132.3,2010-12-14 14:54:00,2011-01-07 11:13:00,23,66.15
12830.0,4,1961.12,2011-06-21 10:53:00,2011-09-09 15:02:00,80,490.28
12831.0,1,215.05,2011-03-22 13:02:00,2011-03-22 13:02:00,0,215.05
12832.0,2,383.03000000000003,2011-09-02 13:48:00,2011-11-07 13:30:00,65,191.51500000000001
12833.0,1,417.38,2011-07-17 13:46:00,2011-07-17 13:46:00,0,417.38
12834.0,1,312.38,2011-03-02 09:49:00,2011-03-02 09:49:00,0,312.38
12836.0,4,2443.36,2011-02-01 11:19:00,2011-10-11 15:10:00,252,610.84
12837.0,1,117.15,2011-06-19 16:07:00,2011-06-19 16:07:00,0,117.15
12838.0,2,666.1800000000001,2010-12-01 11:57:00,2011-11-06 12:20:00,340,333.09000000000003
12839.0,14,5591.42,2010-12-07 15:48:00,2011-12-07 12:33:00,364,399.38714285714286
12840.0,4,2726.77,2011-04-27 12:21:00,2011-07-19 09:29:00,82,681.6925
12841.0,25,3937.6,2010-12-03 10:43:00,2011-12-05 11:13:00,367,157.504
12842.0,2,1053.99,2011-02-04 12:36:00,2011-09-30 15:33:00,238,526.995
12843.0,8,1702.26,2011-03-20 14:38:00,2011-10-05 12:09:00,198,212.7825
12844.0,2,325.96000000000004,2011-08-01 13:11:00,2011-11-10 13:31:00,101,162.98000000000002
12845.0,3,145.29000000000002,2011-02-22 14:10:00,2011-03-17 13:34:00,22,48.43000000000001
12847.0,1,871.54,2011-11-17 13:16:00,2011-11-17 13:16:00,0,871.54
12849.0,2,1050.89,2011-03-16 12:26:00,2011-11-08 13:41:00,237,525.445
12851.0,1,118.23,2011-09-04 12:41:00,2011-09-04 12:41:00,0,118.23
12852.0,1,311.55,2011-02-18 08:47:00,2011-02-18 08:47:00,0,311.55
12853.0,6,1957.1000000000001,2011-01-28 10:28:00,2011-07-28 11:29:00,181,326.18333333333334
12854.0,3,1324.5,2011-01-25 13:35:00,2011-09-22 12:15:00,239,441.5
12855.0,1,38.1,2010-12-02 09:37:00,2010-12-02 09:37:00,0,38.1
12856.0,6,2179.93,2011-10-07 12:38:00,2011-12-02 10:52:00,55,363.32166666666666
12857.0,2,1106.4,2011-02-10 12:32:00,2011-05-13 10:20:00,91,553.2
12863.0,1,521.2,2011-10-18 14:15:00,2011-10-18 14:15:00,0,521.2
12864.0,1,27.599999999999998,2011-07-24 13:03:00,2011-07-24 13:03:00,0,27.599999999999998
12865.0,2,1449.58,2011-08-08 10:11:00,2011-11-13 14:31:00,97,724.79
12866.0,1,499.12,2011-03-01 14:11:00,2011-03-01 14:11:00,0,499.12
12867.0,7,4036.82,2010-12-14 16:39:00,2011-11-13 15:30:00,333,576.6885714285714
12868.0,6,1607.0600000000002,2010-12-01 12:50:00,2011-06-07 10:42:00,187,267.84333333333336
12871.0,2,380.64,2011-05-16 13:32:00,2011-09-16 15:07:00,123,190.32
12872.0,2,599.97,2010-12-09 14:44:00,2011-01-17 10:52:00,38,299.985
12873.0,1,374.0,2011-03-02 14:58:00,2011-03-02 14:58:00,0,374.0
12876.0,2,2053.02,2011-05-27 13:34:00,2011-10-13 12:26:00,138,1026.51
12877.0,12,1535.77,2010-12-16 12:23:00,2011-12-06 10:30:00,354,127.98083333333334
12878.0,2,854.99,2011-03-18 14:02:00,2011-04-17 13:07:00,29,427.495
12879.0,3,573.22,2011-09-09 12:11:00,2011-10-26 12:24:00,47,191.07333333333335
12881.0,1,103.0,2011-03-09 11:44:00,2011-03-09 11:44:00,0,103.0
12882.0,2,1463.04,2011-11-06 11:22:00,2011-11-30 16:18:00,24,731.52
12883.0,4,686.52,2011-09-11 15:18:00,2011-11-15 09:32:00,64,171.63
12884.0,1,139.05,2011-09-12 13:10:00,2011-09-12 13:10:00,0,139.05
12885.0,3,1124.37,2011-08-08 11:45:00,2011-10-07 13:40:00,60,374.78999999999996
12886.0,2,1378.4,2011-05-04 11:21:00,2011-10-03 10:09:00,151,689.2
12888.0,2,354.12,2011-03-29 14:31:00,2011-05-09 16:02:00,41,177.06
12890.0,1,380.46999999999997,2011-11-15 17:26:00,2011-11-15 17:26:00,0,380.46999999999997
12891.0,1,42.0,2011-02-20 11:28:00,2011-02-20 11:28:00,0,42.0
12893.0,1,188.14,2011-11-09 12:34:00,2011-11-09 12:34:00,0,188.14
12895.0,2,372.8,2011-09-14 08:35:00,2011-10-28 13:51:00,44,186.4
12897.0,2,216.5,2011-02-11 11:40:00,2011-05-19 12:13:00,97,108.25
12901.0,18,3568.92,2011-03-14 10:41:00,2011-11-29 14:08:00,260,198.27333333333334
12902.0,1,104.78,2011-03-20 12:06:00,2011-03-20 12:06:00,0,104.78
12904.0,2,509.58,2011-06-20 13:18:00,2011-11-21 14:34:00,154,254.79
12906.0,5,2784.13,2011-09-22 15:03:00,2011-11-28 09:55:00,66,556.826
12909.0,5,1706.72,2011-03-31 12:51:00,2011-10-31 12:43:00,213,341.344
12910.0,8,3075.04,2011-04-12 10:01:00,2011-11-16 14:28:00,218,384.38
12912.0,5,1662.3,2011-10-30 11:35:00,2011-12-07 08:55:00,37,332.46
12913.0,5,2453.63,2010-12-06 16:36:00,2011-12-05 12:11:00,363,490.726
12915.0,2,363.65,2010-12-02 12:33:00,2011-07-14 11:34:00,223,181.825
12916.0,4,3006.15,2011-01-23 10:43:00,2011-07-24 10:35:00,181,751.5375
12917.0,1,594.0,2011-08-03 16:42:00,2011-08-03 16:42:00,0,594.0
12919.0,6,1335.19,2011-06-23 09:22:00,2011-12-01 13:47:00,161,222.53166666666667
12920.0,1,130.33,2011-11-22 15:05:00,2011-11-22 15:05:00,0,130.33
12921.0,37,16587.09,2010-12-01 15:06:00,2011-11-30 16:22:00,364,448.29972972972973
12922.0,1,405.38,2011-07-01 15:35:00,2011-07-01 15:35:00,0,405.38
12923.0,1,176.97,2011-10-06 16:20:00,2011-10-06 16:20:00,0,176.97
12924.0,4,781.0600000000001,2011-01-16 11:49:00,2011-09-12 13:55:00,239,195.26500000000001
12925.0,2,679.05,2011-09-26 11:05:00,2011-12-05 11:11:00,70,339.525
12928.0,5,2028.14,2010-12-15 15:45:00,2011-11-04 14:24:00,323,405.62800000000004
12929.0,1,117.85,2011-02-01 12:08:00,2011-02-01 12:08:00,0,117.85
12930.0,2,415.8,2011-06-21 13:25:00,2011-09-22 15:18:00,93,207.9
12931.0,9,2661.26,2010-12-17 18:07:00,2011-11-09 13:56:00,326,295.6955555555556
12933.0,3,607.53,2011-03-01 11:30:00,2011-11-15 16:38:00,259,202.51
12935.0,7,2160.7,2011-01-24 13:58:00,2011-12-07 17:25:00,317,308.6714285714285
12936.0,4,1063.9,2011-09-22 13:51:00,2011-11-22 17:32:00,61,265.975
12937.0,4,1504.27,2011-03-17 14:19:00,2011-11-24 15:05:00,252,376.0675
12938.0,1,114.14,2011-11-14 11:21:00,2011-11-14 11:21:00,0,114.14
12939.0,8,5921.52,2011-01-09 11:20:00,2011-10-06 14:33:00,270,740.19
12940.0,2,893.59,2011-09-13 10:16:00,2011-10-16 12:09:00,33,446.795
12942.0,3,666.95,2010-12-09 09:34:00,2011-07-31 14:39:00,234,222.3166666666667
12944.0,2,604.51,2010-12-20 10:41:00,2011-11-04 11:04:00,319,302.255
12945.0,1,462.95,2011-02-24 14:15:00,2011-02-24 14:15:00,0,462.95
12947.0,6,1440.09,2010-12-01 16:21:00,2011-07-19 10:06:00,229,240.015
12948.0,7,2064.95,2011-03-20 10:17:00,2011-11-23 17:10:00,248,294.99285714285713
12949.0,8,4167.22,2011-04-01 13:20:00,2011-11-09 11:25:00,221,520.9025
12950.0,3,1699.0,2011-11-15 13:48:00,2011-12-07 13:17:00,21,566.3333333333334
12951.0,6,1047.1200000000001,2011-01-13 10:33:00,2011-12-01 12:14:00,322,174.52
12952.0,4,1319.99,2011-09-22 16:37:00,2011-12-04 10:35:00,72,329.9975
12953.0,1,304.85,2011-11-30 09:24:00,2011-11-30 09:24:00,0,304.85
12955.0,11,4757.16,2011-03-17 09:03:00,2011-12-08 16:29:00,266,432.4690909090909
12956.0,1,91.12,2011-02-06 16:08:00,2011-02-06 16:08:00,0,91.12
12957.0,8,4000.59,2011-01-04 12:18:00,2011-11-30 09:53:00,329,500.07375
12962.0,2,266.39,2011-08-18 13:38:00,2011-12-02 15:55:00,106,133.195
12963.0,8,1856.63,2010-12-09 09:14:00,2011-12-01 12:55:00,357,232.07875
12965.0,1,771.91,2011-09-11 15:31:00,2011-09-11 15:31:00,0,771.91
12966.0,1,160.18,2011-11-30 12:38:00,2011-11-30 12:38:00,0,160.18
12967.0,2,1301.5,2010-12-03 09:49:00,2010-12-16 19:10:00,13,650.75
12968.0,1,135.95,2011-08-19 15:44:00,2011-08-19 15:44:00,0,135.95
12970.0,4,452.24,2011-01-21 14:04:00,2011-12-02 14:30:00,315,113.06
12971.0,86,10330.64,2010-12-02 16:42:00,2011-12-06 12:20:00,368,120.12372093023255
12974.0,1,124.85000000000001,2011-05-26 09:33:00,2011-05-26 09:33:00,0,124.85000000000001
12976.0,1,738.6,2011-05-12 09:55:00,2011-05-12 09:55:00,0,738.6
12977.0,1,19.24,2011-07-06 16:40:00,2011-07-06 16:40:00,0,19.24
12980.0,7,1435.68,2010-12-16 11:36:00,2011-06-16 10:09:00,181,205.09714285714287
12981.0,2,372.21999999999997,2011-07-29 14:14:00,2011-11-10 12:00:00,103,186.10999999999999
12982.0,1,390.54,2011-04-11 11:51:00,2011-04-11 11:51:00,0,390.54
12984.0,1,97.5,2011-11-21 12:37:00,2011-11-21 12:37:00,0,97.5
12985.0,2,1205.18,2011-11-11 12:44:00,2011-12-09 10:46:00,27,602.59
12987.0,2,508.75,2011-05-26 12:00:00,2011-09-27 12:03:00,124,254.375
12988.0,1,535.32,2011-02-20 14:31:00,2011-02-20 14:31:00,0,535.32
12989.0,14,4731.71,2010-12-10 13:24:00,2011-12-06 15:28:00,361,337.9792857142857
12990.0,3,409.5,2011-02-02 15:39:00,2011-11-08 13:01:00,278,136.5
12991.0,2,503.76,2011-08-19 14:39:00,2011-11-16 15:34:00,89,251.88
12993.0,4,414.76,2011-02-14 14:29:00,2011-11-16 15:49:00,275,103.69
12994.0,3,974.42,2011-03-16 08:31:00,2011-12-05 15:43:00,264,324.8066666666667
12995.0,1,211.32,2011-09-15 15:44:00,2011-09-15 15:44:00,0,211.32
12997.0,4,1143.69,2011-01-26 15:49:00,2011-11-17 15:47:00,294,285.9225
12999.0,3,455.88,2011-04-08 10:26:00,2011-05-27 13:24:00,49,151.96
13000.0,3,534.85,2010-12-10 10:26:00,2011-08-25 10:43:00,258,178.28333333333333
13001.0,13,8726.7,2011-01-17 12:45:00,2011-12-05 14:51:00,322,671.2846153846154
13002.0,1,120.95,2011-01-25 15:18:00,2011-01-25 15:18:00,0,120.95
13003.0,3,149.05,2011-05-09 08:23:00,2011-08-26 10:50:00,109,49.68333333333334
13004.0,18,5655.91,2010-12-17 08:20:00,2011-11-28 11:27:00,346,314.21722222222223
13005.0,2,513.7,2011-04-07 13:32:00,2011-06-19 10:53:00,72,256.85
13006.0,1,81.57,2011-10-14 13:49:00,2011-10-14 13:49:00,0,81.57
13008.0,1,229.47,2011-01-20 14:24:00,2011-01-20 14:24:00,0,229.47
13011.0,1,50.550000000000004,2010-12-02 17:22:00,2010-12-02 17:22:00,0,50.550000000000004
13012.0,8,1661.8400000000001,2011-02-18 09:43:00,2011-11-30 13:05:00,285,207.73000000000002
13013.0,13,4810.9400000000005,2010-12-03 12:28:00,2011-12-08 15:01:00,370,370.07230769230773
13014.0,10,3466.28,2011-03-03 18:28:00,2011-11-29 12:27:00,270,346.62800000000004
13015.0,5,3034.33,2011-04-04 14:28:00,2011-10-17 13:19:00,195,606.866
13016.0,3,722.09,2011-08-08 15:00:00,2011-09-27 14:08:00,49,240.6966666666667
13017.0,1,204.0,2011-12-02 15:53:00,2011-12-02 15:53:00,0,204.0
13018.0,28,7244.4,2011-02-17 11:05:00,2011-11-23 13:28:00,279,258.7285714285714
13021.0,9,2556.48,2010-12-16 10:12:00,2011-12-05 16:37:00,354,284.05333333333334
13023.0,2,599.9,2011-08-02 09:34:00,2011-10-06 16:27:00,65,299.95
13026.0,4,816.0,2011-03-09 11:35:00,2011-12-08 16:58:00,274,204.0
13028.0,2,661.3199999999999,2011-10-25 14:09:00,2011-11-17 11:10:00,22,330.65999999999997
13029.0,3,499.0,2010-12-21 13:53:00,2011-11-09 09:13:00,322,166.33333333333334
13030.0,2,742.9300000000001,2010-12-06 14:31:00,2011-11-28 14:30:00,356,371.46500000000003
13032.0,2,1010.1800000000001,2011-09-13 16:40:00,2011-10-18 15:54:00,34,505.09000000000003
13033.0,1,190.55,2010-12-17 14:23:00,2010-12-17 14:23:00,0,190.55
13034.0,2,642.77,2010-12-05 14:52:00,2011-10-16 12:21:00,314,321.385
13035.0,2,921.88,2011-03-24 09:21:00,2011-09-27 08:57:00,186,460.94
13037.0,3,881.07,2011-03-28 15:42:00,2011-07-24 15:46:00,118,293.69
13038.0,3,908.46,2011-02-22 11:43:00,2011-09-20 14:37:00,210,302.82
13040.0,2,676.99,2011-11-06 13:53:00,2011-12-01 10:38:00,24,338.495
13043.0,1,516.42,2011-03-11 14:52:00,2011-03-11 14:52:00,0,516.42
13044.0,1,560.47,2011-02-21 15:20:00,2011-02-21 15:20:00,0,560.47
13045.0,1,305.28000000000003,2011-09-01 15:04:00,2011-09-01 15:04:00,0,305.28000000000003
13046.0,2,544.31,2011-03-18 15:43:00,2011-11-09 08:36:00,235,272.155
13047.0,10,3237.54,2010-12-01 08:34:00,2011-11-08 12:06:00,342,323.754
13048.0,4,1835.91,2011-01-16 14:36:00,2011-11-25 13:23:00,312,458.9775
13049.0,2,656.6800000000001,2011-01-25 16:33:00,2011-10-06 15:31:00,253,328.34000000000003
13050.0,17,5796.91,2010-12-08 09:30:00,2011-11-25 09:18:00,351,340.99470588235295
13052.0,1,348.15000000000003,2011-05-11 14:12:00,2011-05-11 14:12:00,0,348.15000000000003
13055.0,3,1214.41,2011-05-10 08:58:00,2011-09-22 14:26:00,135,404.80333333333334
13058.0,3,271.40000000000003,2011-07-11 12:01:00,2011-11-15 12:43:00,127,90.46666666666668
13059.0,1,183.4,2011-04-04 10:40:00,2011-04-04 10:40:00,0,183.4
13060.0,1,307.53000000000003,2011-03-31 11:37:00,2011-03-31 11:37:00,0,307.53000000000003
13061.0,1,248.61,2011-09-28 16:04:00,2011-09-28 16:04:00,0,248.61
13062.0,1,271.5,2011-06-01 15:12:00,2011-06-01 15:12:00,0,271.5
13064.0,4,1099.54,2011-01-16 13:41:00,2011-11-27 12:31:00,314,274.885
13065.0,1,205.86,2010-12-01 16:52:00,2010-12-01 16:52:00,0,205.86
13066.0,2,430.90000000000003,2011-11-07 17:06:00,2011-11-15 12:57:00,7,215.45000000000002
13067.0,1,115.46000000000001,2011-09-18 13:38:00,2011-09-18 13:38:00,0,115.46000000000001
13068.0,2,344.0,2011-01-24 08:20:00,2011-11-29 15:00:00,309,172.0
13069.0,24,4070.36,2010-12-05 11:02:00,2011-12-09 08:39:00,368,169.59833333333333
13070.0,1,228.8,2011-05-31 13:45:00,2011-05-31 13:45:00,0,228.8
13072.0,1,177.15,2011-03-18 08:12:00,2011-03-18 08:12:00,0,177.15
13075.0,1,919.61,2011-08-02 10:19:00,2011-08-02 10:19:00,0,919.61
13077.0,4,729.27,2010-12-08 14:59:00,2011-12-08 19:24:00,365,182.3175
13078.0,26,11515.94,2010-12-08 09:07:00,2011-12-06 15:36:00,363,442.9207692307692
13079.0,5,220.10000000000002,2011-07-22 14:41:00,2011-12-05 16:53:00,136,44.02
13080.0,1,58.08,2011-06-13 14:59:00,2011-06-13 14:59:00,0,58.08
13081.0,11,28214.76,2010-12-03 17:20:00,2011-11-28 10:54:00,359,2564.978181818182
13082.0,9,1963.96,2011-01-05 15:42:00,2011-08-05 16:16:00,212,218.21777777777777
13083.0,2,286.8,2011-09-25 10:46:00,2011-12-05 15:01:00,71,143.4
13085.0,2,416.08,2011-02-17 13:57:00,2011-07-05 12:11:00,137,208.04
13089.0,94,55414.66,2010-12-05 10:27:00,2011-12-07 09:02:00,366,589.5176595744681
13090.0,13,8744.27,2010-12-02 07:48:00,2011-12-01 12:39:00,364,672.6361538461539
13091.0,1,345.82,2011-11-11 15:54:00,2011-11-11 15:54:00,0,345.82
13092.0,5,477.83,2010-12-15 12:27:00,2011-09-30 11:18:00,288,95.566
13093.0,8,7832.47,2010-12-01 15:00:00,2011-03-09 12:14:00,97,979.05875
13094.0,12,1622.0400000000002,2010-12-06 10:34:00,2011-11-18 14:07:00,347,135.17000000000002
13095.0,1,74.39999999999999,2011-09-30 12:03:00,2011-09-30 12:03:00,0,74.39999999999999
13097.0,10,5722.27,2010-12-14 15:13:00,2011-11-07 10:43:00,327,572.2270000000001
13098.0,28,27245.4,2011-01-26 13:46:00,2011-12-08 14:14:00,316,973.0500000000001
13101.0,1,101.19,2011-04-19 14:37:00,2011-04-19 14:37:00,0,101.19
13102.0,24,6166.33,2010-12-09 13:38:00,2011-12-08 12:52:00,363,256.93041666666664
13103.0,1,243.94,2011-10-31 09:38:00,2011-10-31 09:38:00,0,243.94
13104.0,6,1098.48,2010-12-20 11:58:00,2011-12-06 13:10:00,351,183.08
13106.0,1,76.5,2011-07-29 15:12:00,2011-07-29 15:12:00,0,76.5
13107.0,4,1531.6200000000001,2011-01-10 12:28:00,2011-10-26 14:52:00,289,382.90500000000003
13108.0,1,350.06,2010-12-02 10:35:00,2010-12-02 10:35:00,0,350.06
13109.0,2,786.54,2011-07-05 14:56:00,2011-10-11 10:16:00,97,393.27
13110.0,7,1454.77,2011-02-01 15:24:00,2011-11-08 14:30:00,279,207.8242857142857
13113.0,24,10545.960000000001,2010-12-08 13:21:00,2011-12-09 12:49:00,365,439.415
13115.0,4,2214.88,2011-06-08 16:15:00,2011-11-28 12:38:00,172,553.72
13116.0,1,469.24,2011-07-24 14:33:00,2011-07-24 14:33:00,0,469.24
13117.0,8,948.96,2010-12-02 13:11:00,2011-11-18 12:02:00,350,118.62
13118.0,5,1172.81,2011-02-24 12:32:00,2011-11-20 12:46:00,269,234.56199999999998
13120.0,1,30.6,2011-04-15 10:19:00,2011-04-15 10:19:00,0,30.6
13121.0,1,283.73,2011-03-15 16:47:00,2011-03-15 16:47:00,0,283.73
13122.0,2,922.39,2011-04-13 14:12:00,2011-09-06 15:53:00,146,461.195
13124.0,3,3796.48,2010-12-15 15:00:00,2011-09-11 12:45:00,269,1265.4933333333333
13126.0,8,2062.74,2010-12-08 11:42:00,2011-12-05 10:00:00,361,257.8425
13127.0,1,259.17,2011-09-23 10:26:00,2011-09-23 10:26:00,0,259.17
13130.0,1,64.0,2011-09-06 15:30:00,2011-09-06 15:30:00,0,64.0
13131.0,3,1073.3,2011-06-05 10:54:00,2011-11-16 13:21:00,164,357.76666666666665
13132.0,1,77.3,2011-03-23 12:44:00,2011-03-23 12:44:00,0,77.3
13133.0,2,109.8,2011-02-08 15:48:00,2011-03-11 10:31:00,30,54.9
13134.0,4,1793.58,2011-04-13 12:57:00,2011-09-15 10:35:00,154,448.395
13136.0,5,2607.61,2011-05-11 12:47:00,2011-10-14 13:41:00,156,521.522
13137.0,8,3650.41,2011-02-04 11:54:00,2011-11-29 12:09:00,298,456.30125
13138.0,6,962.39,2010-12-02 15:03:00,2011-11-17 16:51:00,350,160.39833333333334
13139.0,7,5064.9400000000005,2011-03-25 11:57:00,2011-11-23 13:54:00,243,723.5628571428572
13140.0,3,423.72,2010-12-08 15:12:00,2011-08-23 15:33:00,258,141.24
13141.0,5,2388.75,2011-01-28 13:04:00,2011-09-16 09:54:00,230,477.75
13142.0,1,307.09000000000003,2011-11-20 16:07:00,2011-11-20 16:07:00,0,307.09000000000003
13144.0,1,110.95,2011-01-11 11:15:00,2011-01-11 11:15:00,0,110.95
13145.0,3,323.52,2011-08-04 19:06:00,2011-10-31 12:45:00,87,107.83999999999999
13146.0,1,228.91,2011-11-13 15:29:00,2011-11-13 15:29:00,0,228.91
13147.0,4,712.8,2011-09-01 12:28:00,2011-11-29 13:59:00,89,178.2
13148.0,12,3602.42,2010-12-10 13:06:00,2011-11-10 15:23:00,335,300.20166666666665
13149.0,4,1676.06,2011-02-23 13:57:00,2011-11-25 13:09:00,274,419.015
13151.0,1,1118.27,2011-02-17 12:29:00,2011-02-17 12:29:00,0,1118.27
13153.0,1,486.22,2011-12-04 12:14:00,2011-12-04 12:14:00,0,486.22
13155.0,4,971.76,2010-12-06 12:44:00,2011-11-06 15:41:00,335,242.94
13157.0,4,1741.22,2011-02-14 14:03:00,2011-10-21 13:50:00,248,435.305
13158.0,4,1201.06,2011-01-25 09:58:00,2011-09-06 11:58:00,224,300.265
13159.0,4,1437.85,2011-08-16 11:44:00,2011-12-01 11:20:00,106,359.4625
13160.0,1,91.8,2011-11-17 13:07:00,2011-11-17 13:07:00,0,91.8
13161.0,1,112.75,2011-01-30 14:03:00,2011-01-30 14:03:00,0,112.75
13162.0,4,1688.29,2011-01-09 10:43:00,2011-08-09 15:59:00,212,422.0725
13165.0,2,1021.48,2010-12-23 14:06:00,2011-10-24 15:05:00,305,510.74
13166.0,1,417.2,2011-03-01 15:16:00,2011-03-01 15:16:00,0,417.2
13167.0,4,749.5699999999999,2011-07-19 12:13:00,2011-11-21 12:24:00,125,187.39249999999998
13168.0,4,1319.19,2011-01-25 13:55:00,2011-11-03 12:56:00,281,329.7975
13169.0,2,712.88,2011-04-01 14:24:00,2011-10-07 12:11:00,188,356.44
13170.0,1,116.00999999999999,2011-11-13 12:19:00,2011-11-13 12:19:00,0,116.00999999999999
13171.0,3,335.21,2011-02-13 14:16:00,2011-11-18 10:27:00,277,111.73666666666666
13173.0,2,353.65000000000003,2010-12-07 14:30:00,2011-12-05 15:51:00,363,176.82500000000002
13174.0,3,2715.13,2010-12-05 16:24:00,2011-11-23 14:35:00,352,905.0433333333334
13176.0,1,459.94,2011-10-24 15:43:00,2011-10-24 15:43:00,0,459.94
13177.0,1,282.45,2011-10-06 09:56:00,2011-10-06 09:56:00,0,282.45
13178.0,11,5725.47,2010-12-14 12:22:00,2011-11-13 16:14:00,334,520.4972727272727
13182.0,1,121.18,2011-10-25 13:46:00,2011-10-25 13:46:00,0,121.18
13183.0,9,3957.78,2011-01-09 10:50:00,2011-12-02 10:30:00,326,439.75333333333333
13184.0,10,1681.13,2011-02-22 17:25:00,2011-11-25 12:02:00,275,168.113
13185.0,1,71.4,2011-03-17 11:56:00,2011-03-17 11:56:00,0,71.4
13186.0,3,1575.89,2011-08-03 09:09:00,2011-10-31 11:40:00,89,525.2966666666667
13187.0,1,236.02,2011-01-06 18:57:00,2011-01-06 18:57:00,0,236.02
13188.0,1,99.6,2011-11-28 15:28:00,2011-11-28 15:28:00,0,99.6
13189.0,2,260.68,2011-08-16 13:12:00,2011-11-21 10:39:00,96,130.34
13192.0,2,911.94,2011-05-18 14:57:00,2011-09-05 14:13:00,109,455.97
13193.0,1,100.92999999999999,2011-10-09 14:30:00,2011-10-09 14:30:00,0,100.92999999999999
13194.0,1,60.7,2011-07-27 09:01:00,2011-07-27 09:01:00,0,60.7
13196.0,4,1723.93,2011-03-22 14:24:00,2011-11-28 13:54:00,250,430.9825
13198.0,6,3321.34,2010-12-13 09:29:00,2011-11-29 15:17:00,351,553.5566666666667
13199.0,35,7404.04,2010-12-08 10:51:00,2011-12-06 12:30:00,363,211.544
13200.0,4,870.09,2011-08-05 14:50:00,2011-11-20 15:35:00,107,217.5225
13203.0,4,829.51,2011-04-11 14:40:00,2011-11-30 10:45:00,232,207.3775
13207.0,2,250.26000000000002,2011-07-12 11:35:00,2011-11-24 14:52:00,135,125.13000000000001
13208.0,6,1223.9,2011-02-03 19:32:00,2011-10-12 09:54:00,250,203.98333333333335
13209.0,8,5857.71,2010-12-13 10:31:00,2011-11-09 13:54:00,331,732.21375
13210.0,1,353.48,2011-09-07 08:18:00,2011-09-07 08:18:00,0,353.48
13211.0,3,1197.42,2010-12-13 16:17:00,2011-11-29 14:43:00,350,399.14000000000004
13212.0,3,738.08,2011-10-09 14:48:00,2011-11-20 12:40:00,41,246.02666666666667
13213.0,5,1470.68,2011-05-24 12:22:00,2011-10-14 11:42:00,142,294.136
13216.0,1,333.74,2011-03-17 12:18:00,2011-03-17 12:18:00,0,333.74
13217.0,3,533.98,2011-07-06 12:08:00,2011-08-09 15:32:00,34,177.99333333333334
13218.0,1,62.64,2011-08-04 16:59:00,2011-08-04 16:59:00,0,62.64
13220.0,4,819.2900000000001,2011-04-17 10:59:00,2011-09-22 13:38:00,158,204.82250000000002
13221.0,2,847.41,2010-12-15 13:24:00,2011-04-13 16:58:00,119,423.705
13223.0,2,163.2,2011-04-21 15:16:00,2011-05-23 13:03:00,31,81.6
13224.0,2,2100.27,2011-07-11 14:10:00,2011-10-10 14:55:00,91,1050.135
13225.0,6,4066.32,2011-01-05 16:28:00,2011-12-06 13:29:00,334,677.72
13226.0,1,108.21000000000001,2011-03-11 14:35:00,2011-03-11 14:35:00,0,108.21000000000001
13227.0,1,257.7,2011-05-22 11:47:00,2011-05-22 11:47:00,0,257.7
13228.0,1,358.0,2011-09-19 14:28:00,2011-09-19 14:28:00,0,358.0
13229.0,1,160.95,2011-04-28 12:07:00,2011-04-28 12:07:00,0,160.95
13230.0,14,2683.61,2010-12-09 19:28:00,2011-12-05 16:03:00,360,191.6864285714286
13232.0,7,1272.85,2011-04-10 13:48:00,2011-11-27 10:39:00,230,181.83571428571426
13233.0,2,605.12,2011-01-07 14:49:00,2011-09-26 13:25:00,261,302.56
13235.0,1,997.1700000000001,2011-05-11 17:13:00,2011-05-11 17:13:00,0,997.1700000000001
13236.0,2,712.95,2011-08-25 08:58:00,2011-11-15 12:50:00,82,356.475
13238.0,4,675.73,2010-12-14 14:37:00,2011-11-22 15:37:00,343,168.9325
13239.0,1,329.56,2011-03-23 10:25:00,2011-03-23 10:25:00,0,329.56
13240.0,4,663.65,2010-12-09 12:49:00,2011-09-04 14:08:00,269,165.9125
13242.0,3,270.40000000000003,2011-05-10 12:26:00,2011-08-19 12:53:00,101,90.13333333333334
13243.0,1,600.07,2011-05-20 13:14:00,2011-05-20 13:14:00,0,600.07
13244.0,1,121.74000000000001,2011-09-08 11:46:00,2011-09-08 11:46:00,0,121.74000000000001
13245.0,1,430.5,2011-10-20 11:40:00,2011-10-20 11:40:00,0,430.5
13246.0,6,1987.3,2011-01-13 13:36:00,2011-11-21 16:50:00,312,331.21666666666664
13247.0,4,501.12,2011-09-18 11:31:00,2011-11-22 10:59:00,64,125.28
13248.0,2,465.68,2011-06-03 13:05:00,2011-08-07 12:40:00,64,232.84
13249.0,3,406.13,2011-03-23 15:26:00,2011-09-08 13:26:00,168,135.37666666666667
13253.0,2,762.56,2011-01-04 15:43:00,2011-07-06 10:09:00,182,381.28
13255.0,2,399.51,2010-12-01 11:58:00,2011-11-30 13:14:00,364,199.755
13258.0,3,698.5799999999999,2011-05-18 13:11:00,2011-11-28 09:31:00,193,232.85999999999999
13259.0,1,292.32,2011-10-09 10:48:00,2011-10-09 10:48:00,0,292.32
13260.0,1,557.62,2011-10-09 13:21:00,2011-10-09 13:21:00,0,557.62
13261.0,2,944.1,2011-02-27 10:41:00,2011-03-16 12:22:00,17,472.05
13262.0,1,200.29,2011-03-21 15:06:00,2011-03-21 15:06:00,0,200.29
13263.0,34,7388.52,2011-01-18 16:31:00,2011-12-08 13:59:00,323,217.30941176470589
13265.0,5,1841.76,2011-03-11 09:54:00,2011-10-17 15:02:00,220,368.352
13266.0,12,3511.0,2011-03-28 10:14:00,2011-11-28 14:39:00,245,292.5833333333333
13267.0,19,4521.49,2010-12-08 09:20:00,2011-12-07 11:12:00,364,237.97315789473683
13268.0,11,3174.74,2011-03-17 13:20:00,2011-11-22 11:51:00,249,288.6127272727272
13269.0,15,5346.2300000000005,2010-12-05 11:51:00,2011-12-08 14:53:00,368,356.41533333333336
13271.0,1,217.38,2011-11-02 14:31:00,2011-11-02 14:31:00,0,217.38
13272.0,2,276.56,2011-09-11 12:06:00,2011-11-08 14:00:00,58,138.28
13273.0,1,138.98,2011-08-18 14:02:00,2011-08-18 14:02:00,0,138.98
13276.0,2,590.9300000000001,2011-09-01 10:03:00,2011-10-07 12:44:00,36,295.46500000000003
13277.0,4,258.4,2011-07-29 10:06:00,2011-11-24 09:21:00,117,64.6
13278.0,1,542.73,2011-10-30 11:49:00,2011-10-30 11:49:00,0,542.73
13279.0,1,137.75,2011-09-22 17:24:00,2011-09-22 17:24:00,0,137.75
13280.0,3,814.86,2011-01-06 17:10:00,2011-08-09 13:14:00,214,271.62
13282.0,3,1132.14,2011-05-03 12:03:00,2011-11-21 15:33:00,202,377.38000000000005
13283.0,2,93.66,2011-06-07 12:39:00,2011-10-11 09:50:00,125,46.83
13284.0,1,201.19,2011-01-13 09:23:00,2011-01-13 09:23:00,0,201.19
13285.0,4,2658.27,2011-02-22 17:13:00,2011-11-16 13:19:00,266,664.5675
13291.0,1,361.11,2011-07-07 10:36:00,2011-07-07 10:36:00,0,361.11
13292.0,2,578.94,2011-02-28 15:00:00,2011-11-01 10:04:00,245,289.47
13294.0,2,873.74,2011-04-04 12:37:00,2011-06-03 08:54:00,59,436.87
13295.0,1,201.20000000000002,2010-12-15 11:21:00,2010-12-15 11:21:00,0,201.20000000000002
13296.0,1,87.4,2011-07-25 13:46:00,2011-07-25 13:46:00,0,87.4
13297.0,4,2089.85,2011-10-03 15:08:00,2011-12-02 09:32:00,59,522.4625
13298.0,1,360.0,2011-12-08 13:11:00,2011-12-08 13:11:00,0,360.0
13299.0,1,142.5,2011-03-16 12:55:00,2011-03-16 12:55:00,0,142.5
13300.0,1,371.89,2011-06-23 13:09:00,2011-06-23 13:09:00,0,371.89
13301.0,4,618.09,2011-02-20 13:13:00,2011-08-28 11:25:00,188,154.5225
13302.0,1,63.75,2011-07-07 17:56:00,2011-07-07 17:56:00,0,63.75
13304.0,1,300.42,2010-12-23 14:35:00,2010-12-23 14:35:00,0,300.42
13305.0,10,2000.86,2010-12-02 12:10:00,2011-12-05 15:15:00,368,200.08599999999998
13307.0,1,15.0,2011-08-11 17:14:00,2011-08-11 17:14:00,0,15.0
13308.0,3,1325.03,2011-05-20 13:13:00,2011-11-17 09:31:00,180,441.6766666666667
13309.0,5,1456.79,2011-02-04 12:29:00,2011-12-02 16:34:00,301,291.358
13310.0,3,1132.03,2011-01-19 14:50:00,2011-11-11 17:23:00,296,377.3433333333333
13311.0,2,581.62,2011-07-12 14:26:00,2011-12-05 12:55:00,145,290.81
13313.0,5,1555.3200000000002,2011-01-04 10:00:00,2011-11-17 16:48:00,317,311.064
13314.0,3,775.94,2011-09-27 10:20:00,2011-12-08 12:29:00,72,258.6466666666667
13316.0,4,4275.41,2011-03-30 13:01:00,2011-11-02 13:40:00,217,1068.8525
13317.0,6,2253.73,2010-12-16 09:22:00,2011-10-04 13:35:00,292,375.62166666666667
13318.0,3,640.76,2011-11-02 13:26:00,2011-12-08 18:51:00,36,213.58666666666667
13319.0,26,10709.95,2010-12-09 10:04:00,2011-12-04 13:34:00,360,411.92115384615386
13320.0,4,1548.7,2011-05-10 10:29:00,2011-09-22 18:07:00,135,387.175
13321.0,2,335.36,2011-09-14 15:18:00,2011-09-28 15:24:00,14,167.68
13322.0,1,199.48000000000002,2011-11-22 14:21:00,2011-11-22 14:21:00,0,199.48000000000002
13323.0,5,787.85,2011-09-16 13:23:00,2011-12-06 17:12:00,81,157.57
13324.0,10,5597.31,2010-12-14 09:50:00,2011-11-03 16:28:00,324,559.731
13325.0,1,675.3,2011-09-19 10:36:00,2011-09-19 10:36:00,0,675.3
13327.0,8,3627.77,2010-12-09 15:32:00,2011-11-01 10:21:00,326,453.47125
13328.0,1,1042.08,2011-01-27 15:22:00,2011-01-27 15:22:00,0,1042.08
13329.0,2,789.0,2010-12-08 10:11:00,2011-11-08 10:29:00,335,394.5
13330.0,3,1140.93,2011-01-28 10:08:00,2011-09-08 12:27:00,223,380.31
13332.0,1,350.90000000000003,2011-11-25 13:30:00,2011-11-25 13:30:00,0,350.90000000000003
13334.0,3,3536.82,2011-02-07 11:42:00,2011-09-18 15:21:00,223,1178.94
13336.0,1,795.12,2011-09-23 14:05:00,2011-09-23 14:05:00,0,795.12
13338.0,1,422.02,2011-07-05 09:06:00,2011-07-05 09:06:00,0,422.02
13339.0,1,826.22,2011-05-23 08:31:00,2011-05-23 08:31:00,0,826.22
13340.0,7,9522.24,2011-03-08 11:39:00,2011-10-25 13:15:00,231,1360.32
13341.0,1,758.9,2011-03-24 09:50:00,2011-03-24 09:50:00,0,758.9
13343.0,1,303.43,2011-06-15 12:24:00,2011-06-15 12:24:00,0,303.43
13344.0,3,2088.02,2011-03-07 10:28:00,2011-10-03 09:45:00,209,696.0066666666667
13345.0,1,339.5,2011-02-25 09:01:00,2011-02-25 09:01:00,0,339.5
13347.0,1,291.36,2011-09-30 13:28:00,2011-09-30 13:28:00,0,291.36
13348.0,1,233.76000000000002,2011-10-06 17:28:00,2011-10-06 17:28:00,0,233.76000000000002
13349.0,1,197.32,2011-11-29 08:07:00,2011-11-29 08:07:00,0,197.32
13350.0,2,829.1700000000001,2011-09-21 13:33:00,2011-11-23 16:33:00,63,414.58500000000004
13351.0,1,323.94,2011-10-04 12:55:00,2011-10-04 12:55:00,0,323.94
13352.0,1,347.98,2011-10-10 13:55:00,2011-10-10 13:55:00,0,347.98
13354.0,1,743.53,2011-09-29 13:17:00,2011-09-29 13:17:00,0,743.53
13355.0,1,674.7,2011-08-09 14:48:00,2011-08-09 14:48:00,0,674.7
13356.0,1,751.29,2011-09-20 14:33:00,2011-09-20 14:33:00,0,751.29
13357.0,1,594.0,2011-03-27 13:56:00,2011-03-27 13:56:00,0,594.0
13358.0,1,389.03000000000003,2011-03-16 11:52:00,2011-03-16 11:52:00,0,389.03000000000003
13359.0,1,389.56,2011-10-07 09:30:00,2011-10-07 09:30:00,0,389.56
13362.0,4,3090.7400000000002,2011-02-25 11:33:00,2011-11-30 14:41:00,278,772.6850000000001
13363.0,2,892.5,2011-10-27 10:46:00,2011-11-22 12:40:00,26,446.25
13364.0,1,134.96,2011-09-29 18:13:00,2011-09-29 18:13:00,0,134.96
13365.0,2,2157.57,2011-05-06 12:00:00,2011-11-06 12:36:00,184,1078.785
13368.0,2,539.5,2011-01-06 12:32:00,2011-03-28 09:59:00,80,269.75
13369.0,1,258.28000000000003,2010-12-09 11:30:00,2010-12-09 11:30:00,0,258.28000000000003
13370.0,1,754.87,2010-12-03 10:26:00,2010-12-03 10:26:00,0,754.87
13372.0,1,328.64,2011-09-11 12:46:00,2011-09-11 12:46:00,0,328.64
13373.0,3,3312.25,2011-03-08 14:35:00,2011-10-10 10:51:00,215,1104.0833333333333
13375.0,1,778.65,2011-09-12 10:19:00,2011-09-12 10:19:00,0,778.65
13376.0,3,869.76,2011-04-19 13:03:00,2011-09-01 16:16:00,135,289.92
13379.0,3,572.56,2011-07-26 12:26:00,2011-11-13 13:45:00,110,190.85333333333332
13381.0,6,3639.31,2011-02-14 10:10:00,2011-11-08 11:58:00,267,606.5516666666666
13382.0,1,222.99,2011-03-04 10:03:00,2011-03-04 10:03:00,0,222.99
13384.0,7,3686.35,2011-06-14 12:47:00,2011-11-09 11:04:00,147,526.6214285714285
13385.0,1,484.67,2011-01-14 09:52:00,2011-01-14 09:52:00,0,484.67
13388.0,2,627.15,2011-07-31 12:52:00,2011-07-31 12:52:00,0,313.575
13389.0,3,782.96,2011-04-21 12:12:00,2011-11-28 14:01:00,221,260.9866666666667
13390.0,1,544.08,2011-09-26 08:38:00,2011-09-26 08:38:00,0,544.08
13391.0,1,59.8,2011-05-20 10:50:00,2011-05-20 10:50:00,0,59.8
13394.0,8,2520.02,2011-02-03 10:39:00,2011-12-08 11:36:00,308,315.0025
13395.0,1,275.82,2011-06-07 15:04:00,2011-06-07 15:04:00,0,275.82
13396.0,2,1335.99,2011-01-24 13:37:00,2011-11-10 16:59:00,290,667.995
13397.0,5,1416.53,2011-01-04 13:50:00,2011-09-28 10:56:00,266,283.306
13398.0,1,457.34000000000003,2011-05-31 13:17:00,2011-05-31 13:17:00,0,457.34000000000003
13402.0,2,621.23,2010-12-02 17:12:00,2011-08-04 15:51:00,244,310.615
13403.0,1,75.0,2011-11-22 08:28:00,2011-11-22 08:28:00,0,75.0
13404.0,2,252.49,2011-05-11 11:57:00,2011-12-08 15:37:00,211,126.245
13405.0,3,557.451,2011-01-26 09:27:00,2011-09-26 17:01:00,243,185.817
13408.0,62,26409.08,2010-12-01 10:39:00,2011-12-08 09:05:00,371,425.9529032258065
13410.0,5,1003.06,2011-02-21 14:38:00,2011-11-15 15:33:00,267,200.612
13411.0,1,213.55,2011-08-24 13:57:00,2011-08-24 13:57:00,0,213.55
13414.0,2,568.5,2011-07-05 12:52:00,2011-07-29 11:45:00,23,284.25
13416.0,2,712.5,2011-09-19 14:43:00,2011-10-27 08:56:00,37,356.25
13417.0,2,640.83,2011-05-18 16:26:00,2011-12-05 08:49:00,200,320.415
13418.0,18,5860.48,2010-12-02 10:45:00,2011-11-28 10:23:00,360,325.5822222222222
13419.0,1,221.06,2011-10-07 12:49:00,2011-10-07 12:49:00,0,221.06
13420.0,2,159.85,2011-06-22 11:35:00,2011-07-13 08:48:00,20,79.925
13421.0,2,1851.08,2011-02-22 15:46:00,2011-10-30 14:21:00,249,925.54
13422.0,1,2594.4,2011-10-06 13:42:00,2011-10-06 13:42:00,0,2594.4
13425.0,3,1609.21,2011-02-18 08:34:00,2011-08-23 17:13:00,186,536.4033333333333
13426.0,10,3641.32,2010-12-15 12:43:00,2011-12-09 08:59:00,358,364.132
13427.0,3,582.6,2011-05-08 15:58:00,2011-11-20 13:02:00,195,194.20000000000002
13428.0,1,218.47,2011-11-29 14:20:00,2011-11-29 14:20:00,0,218.47
13429.0,4,1006.8,2011-09-25 15:59:00,2011-11-29 09:10:00,64,251.7
13430.0,2,679.45,2011-09-14 14:26:00,2011-11-21 08:19:00,67,339.725
13431.0,2,1269.1,2011-09-12 11:25:00,2011-10-03 13:49:00,21,634.55
13434.0,2,534.24,2011-09-04 10:35:00,2011-09-26 14:30:00,22,267.12
13435.0,7,3775.33,2011-06-03 17:07:00,2011-12-04 14:45:00,183,539.3328571428572
13436.0,1,179.94,2011-12-08 10:33:00,2011-12-08 10:33:00,0,179.94
13437.0,7,3190.61,2011-06-02 14:30:00,2011-11-25 14:00:00,175,455.8014285714286
13439.0,1,283.71,2011-03-29 14:20:00,2011-03-29 14:20:00,0,283.71
13441.0,1,296.64,2011-09-09 09:38:00,2011-09-09 09:38:00,0,296.64
13447.0,3,1112.49,2011-11-04 10:10:00,2011-11-16 13:38:00,12,370.83
13448.0,6,3522.42,2010-12-01 10:52:00,2011-11-23 12:33:00,357,587.07
13449.0,1,291.88,2011-11-16 08:28:00,2011-11-16 08:28:00,0,291.88
13450.0,6,1940.04,2011-05-05 19:48:00,2011-11-13 11:54:00,191,323.34
13451.0,5,2976.15,2011-01-09 15:35:00,2011-11-13 15:58:00,308,595.23
13453.0,2,356.98,2011-02-23 09:44:00,2011-06-27 09:34:00,123,178.49
13455.0,2,1058.34,2010-12-08 13:11:00,2011-11-15 11:21:00,341,529.17
13456.0,6,1717.8200000000002,2011-05-16 15:34:00,2011-11-22 09:18:00,189,286.30333333333334
13458.0,14,9646.57,2010-12-15 12:05:00,2011-12-02 15:29:00,352,689.0407142857142
13460.0,2,183.44,2011-10-21 09:50:00,2011-11-10 17:17:00,20,91.72
13461.0,3,1445.0,2011-06-29 10:23:00,2011-11-01 09:01:00,124,481.6666666666667
13462.0,1,151.5,2011-04-01 11:20:00,2011-04-01 11:20:00,0,151.5
13464.0,1,657.73,2011-10-12 15:01:00,2011-10-12 15:01:00,0,657.73
13466.0,1,307.90000000000003,2011-06-08 16:39:00,2011-06-08 16:39:00,0,307.90000000000003
13467.0,2,1083.71,2011-11-03 16:56:00,2011-11-29 10:01:00,25,541.855
13468.0,37,5688.02,2010-12-01 15:08:00,2011-12-08 10:39:00,371,153.7302702702703
13470.0,2,165.0,2011-08-16 17:06:00,2011-09-01 14:57:00,15,82.5
13471.0,4,2497.68,2011-10-23 13:10:00,2011-12-08 15:44:00,46,624.42
13473.0,2,422.64,2011-01-11 08:45:00,2011-10-10 11:20:00,272,211.32
13474.0,1,229.59,2011-04-17 13:53:00,2011-04-17 13:53:00,0,229.59
13475.0,4,1406.83,2011-02-14 12:36:00,2011-06-01 13:52:00,107,351.7075
13476.0,2,971.52,2011-03-03 14:43:00,2011-06-14 12:00:00,102,485.76
13477.0,6,1454.58,2011-02-21 12:29:00,2011-11-02 12:04:00,253,242.42999999999998
13479.0,2,300.95,2011-04-19 11:27:00,2011-05-23 10:45:00,33,150.475
13481.0,5,1804.56,2011-03-28 09:07:00,2011-10-25 09:07:00,211,360.912
13482.0,1,184.64000000000001,2011-04-21 17:03:00,2011-04-21 17:03:00,0,184.64000000000001
13483.0,1,140.34,2011-10-05 11:53:00,2011-10-05 11:53:00,0,140.34
13484.0,1,313.8,2011-04-12 16:30:00,2011-04-12 16:30:00,0,313.8
13485.0,1,454.24,2011-04-20 13:58:00,2011-04-20 13:58:00,0,454.24
13486.0,3,1122.41,2011-07-07 17:19:00,2011-09-22 13:13:00,76,374.1366666666667
13487.0,3,575.4,2010-12-21 14:54:00,2011-10-13 12:07:00,295,191.79999999999998
13488.0,13,8826.16,2010-12-07 13:01:00,2011-11-22 14:41:00,350,678.9353846153846
13489.0,3,291.12,2011-02-18 10:42:00,2011-08-26 13:16:00,189,97.04
13491.0,10,1181.92,2010-12-02 14:30:00,2011-10-19 08:32:00,320,118.19200000000001
13492.0,3,1269.84,2011-05-09 10:06:00,2011-07-26 14:25:00,78,423.28
13493.0,2,394.95,2011-02-25 16:42:00,2011-03-09 15:35:00,11,197.475
13494.0,1,316.26000000000005,2011-02-01 11:58:00,2011-02-01 11:58:00,0,316.26000000000005
13495.0,5,2044.8700000000001,2010-12-06 15:14:00,2011-12-02 11:21:00,360,408.97400000000005
13496.0,2,653.33,2010-12-15 10:17:00,2011-11-29 10:58:00,349,326.665
13497.0,2,348.05,2010-12-06 11:37:00,2011-03-02 09:04:00,85,174.025
13499.0,5,1047.75,2011-03-15 08:52:00,2011-11-22 11:21:00,252,209.55
13500.0,3,1166.77,2011-08-09 12:20:00,2011-11-16 15:35:00,99,388.92333333333335
13501.0,1,1340.32,2011-02-24 18:59:00,2011-02-24 18:59:00,0,1340.32
13502.0,3,292.0,2011-01-20 09:03:00,2011-11-23 10:39:00,307,97.33333333333333
13503.0,1,216.85,2011-09-29 13:23:00,2011-09-29 13:23:00,0,216.85
13504.0,1,295.93,2011-10-06 13:20:00,2011-10-06 13:20:00,0,295.93
13505.0,4,3633.63,2011-04-21 12:07:00,2011-09-28 11:56:00,159,908.4075
13506.0,2,458.52,2010-12-05 12:15:00,2011-01-27 13:53:00,53,229.26
13507.0,4,2479.16,2011-07-17 11:50:00,2011-12-06 13:13:00,142,619.79
13508.0,1,110.97,2011-04-10 11:58:00,2011-04-10 11:58:00,0,110.97
13509.0,6,964.72,2011-02-28 13:27:00,2011-12-01 10:10:00,275,160.78666666666666
13510.0,4,1791.56,2011-06-09 09:32:00,2011-12-08 13:46:00,182,447.89
13512.0,1,251.21,2011-03-24 10:03:00,2011-03-24 10:03:00,0,251.21
13513.0,1,205.1,2011-08-05 11:50:00,2011-08-05 11:50:00,0,205.1
13514.0,1,152.20000000000002,2011-09-27 09:39:00,2011-09-27 09:39:00,0,152.20000000000002
13515.0,4,891.12,2011-04-06 10:33:00,2011-09-28 11:26:00,175,222.78
13516.0,3,770.4100000000001,2011-04-15 11:06:00,2011-11-18 13:15:00,217,256.80333333333334
13517.0,3,2128.42,2011-06-13 08:44:00,2011-10-11 11:43:00,120,709.4733333333334
13518.0,1,659.44,2011-09-15 10:29:00,2011-09-15 10:29:00,0,659.44
13519.0,1,122.75,2011-09-22 18:24:00,2011-09-22 18:24:00,0,122.75
13520.0,6,2984.35,2010-12-03 10:36:00,2011-10-12 10:20:00,312,497.39166666666665
13521.0,3,1093.65,2011-11-29 15:09:00,2011-12-08 13:50:00,8,364.55
13522.0,1,125.80000000000001,2011-11-09 15:11:00,2011-11-09 15:11:00,0,125.80000000000001
13523.0,5,3452.43,2010-12-08 14:22:00,2011-11-06 15:11:00,333,690.486
13524.0,5,650.1800000000001,2011-05-04 12:26:00,2011-10-30 12:34:00,179,130.036
13525.0,2,164.78,2011-04-05 15:36:00,2011-11-25 12:01:00,233,82.39
13527.0,7,2287.51,2011-01-17 11:17:00,2011-11-06 12:04:00,293,326.7871428571429
13529.0,2,206.06,2011-05-19 11:50:00,2011-09-22 09:15:00,125,103.03
13531.0,2,483.8,2010-12-08 15:03:00,2011-05-18 16:56:00,161,241.9
13532.0,1,210.31,2011-11-06 12:25:00,2011-11-06 12:25:00,0,210.31
13533.0,3,270.79,2011-03-17 12:47:00,2011-06-10 11:54:00,84,90.26333333333334
13534.0,25,5870.08,2010-12-16 15:23:00,2011-12-07 14:52:00,355,234.8032
13536.0,7,3448.29,2011-09-25 13:30:00,2011-12-08 16:38:00,74,492.61285714285714
13538.0,7,1280.85,2011-01-28 10:40:00,2011-10-27 16:34:00,272,182.97857142857143
13539.0,3,597.44,2011-02-03 15:23:00,2011-09-15 10:18:00,223,199.14666666666668
13544.0,2,291.41,2011-04-13 12:09:00,2011-10-31 11:57:00,200,145.705
13546.0,3,626.99,2011-05-23 12:14:00,2011-11-27 14:50:00,188,208.99666666666667
13548.0,2,682.41,2011-04-10 11:35:00,2011-09-04 14:50:00,147,341.205
13549.0,7,918.2,2011-04-11 13:42:00,2011-11-14 09:20:00,216,131.17142857142858
13551.0,1,91.80000000000001,2011-01-24 14:46:00,2011-01-24 14:46:00,0,91.80000000000001
13552.0,12,3740.07,2011-01-28 10:10:00,2011-10-04 15:19:00,249,311.6725
13555.0,4,4149.28,2011-05-22 11:06:00,2011-09-27 12:36:00,128,1037.32
13557.0,2,584.0600000000001,2011-03-04 12:14:00,2011-11-11 15:24:00,252,292.03000000000003
13558.0,4,605.06,2011-10-02 13:01:00,2011-12-04 11:24:00,62,151.265
13560.0,1,174.37,2011-12-02 13:11:00,2011-12-02 13:11:00,0,174.37
13561.0,1,141.85999999999999,2011-05-08 12:39:00,2011-05-08 12:39:00,0,141.85999999999999
13562.0,3,1799.3300000000002,2011-04-08 12:42:00,2011-09-19 10:51:00,163,599.7766666666668
13563.0,2,527.53,2011-07-22 17:21:00,2011-09-16 14:45:00,55,263.765
13564.0,2,1198.38,2010-12-06 17:26:00,2010-12-20 16:50:00,13,599.19
13565.0,2,240.22,2011-01-09 14:28:00,2011-11-20 14:33:00,315,120.11
13566.0,2,874.71,2011-09-18 12:40:00,2011-10-30 11:59:00,41,437.355
13568.0,1,192.85,2011-06-19 14:42:00,2011-06-19 14:42:00,0,192.85
13569.0,2,356.8,2010-12-07 12:29:00,2011-11-22 13:07:00,350,178.4
13570.0,1,239.49,2011-04-10 13:36:00,2011-04-10 13:36:00,0,239.49
13571.0,12,2072.37,2011-03-31 12:43:00,2011-11-27 10:47:00,240,172.6975
13572.0,1,1384.25,2011-05-18 11:59:00,2011-05-18 11:59:00,0,1384.25
13573.0,2,271.36,2011-03-31 14:47:00,2011-10-20 14:33:00,202,135.68
13575.0,5,732.07,2011-06-16 14:24:00,2011-11-16 13:14:00,152,146.41400000000002
13576.0,18,6683.4400000000005,2010-12-01 17:24:00,2011-11-29 15:34:00,362,371.30222222222227
13577.0,4,1687.6000000000001,2011-04-12 10:33:00,2011-11-14 15:19:00,216,421.90000000000003
13579.0,2,467.04,2010-12-05 16:10:00,2011-11-25 08:41:00,354,233.52
13581.0,1,118.0,2011-02-03 14:41:00,2011-02-03 14:41:00,0,118.0
13583.0,1,781.03,2011-07-07 10:40:00,2011-07-07 10:40:00,0,781.03
13584.0,1,142.4,2011-02-06 12:49:00,2011-02-06 12:49:00,0,142.4
13587.0,1,413.0,2011-10-07 12:31:00,2011-10-07 12:31:00,0,413.0
13588.0,9,2445.05,2011-03-29 15:53:00,2011-11-24 10:42:00,239,271.6722222222222
13589.0,2,354.65,2011-06-13 12:44:00,2011-11-25 12:10:00,164,177.325
13590.0,6,1720.32,2011-02-09 13:25:00,2011-11-28 12:54:00,291,286.71999999999997
13591.0,3,1117.13,2011-03-18 12:18:00,2011-10-06 12:26:00,202,372.3766666666667
13592.0,4,231.01,2011-03-20 14:01:00,2011-11-04 09:49:00,228,57.7525
13593.0,5,2037.0800000000002,2011-01-07 16:32:00,2011-08-23 13:35:00,227,407.41600000000005
13594.0,1,396.97,2011-10-18 10:19:00,2011-10-18 10:19:00,0,396.97
13596.0,2,697.04,2011-11-27 11:57:00,2011-12-04 12:01:00,7,348.52
13598.0,1,180.17000000000002,2011-10-23 14:28:00,2011-10-23 14:28:00,0,180.17000000000002
13599.0,21,5033.82,2010-12-08 10:11:00,2011-12-08 16:10:00,365,239.70571428571427
13600.0,1,219.52,2011-01-31 15:27:00,2011-01-31 15:27:00,0,219.52
13601.0,2,693.32,2011-05-12 16:52:00,2011-10-25 17:31:00,166,346.66
13602.0,1,428.89,2011-10-06 11:47:00,2011-10-06 11:47:00,0,428.89
13603.0,1,164.34,2011-11-13 15:57:00,2011-11-13 15:57:00,0,164.34
13606.0,3,280.54,2011-02-01 11:42:00,2011-11-10 17:46:00,282,93.51333333333334
13607.0,1,678.01,2011-10-30 16:17:00,2011-10-30 16:17:00,0,678.01
13610.0,7,1106.93,2011-02-27 14:44:00,2011-11-27 15:38:00,273,158.13285714285715
13611.0,3,1171.8,2010-12-15 10:31:00,2011-09-11 14:51:00,270,390.59999999999997
13614.0,4,1407.06,2011-01-13 12:37:00,2011-11-15 14:47:00,306,351.765
13615.0,1,417.69,2011-01-25 08:21:00,2011-01-25 08:21:00,0,417.69
13617.0,3,544.18,2011-06-12 12:55:00,2011-10-30 13:50:00,140,181.39333333333332
13618.0,1,177.34,2011-06-19 11:09:00,2011-06-19 11:09:00,0,177.34
13621.0,1,213.85,2011-08-15 08:26:00,2011-08-15 08:26:00,0,213.85
13623.0,5,747.78,2011-02-15 13:08:00,2011-11-09 12:00:00,266,149.55599999999998
13626.0,1,257.23,2011-04-01 10:05:00,2011-04-01 10:05:00,0,257.23
13627.0,5,1434.95,2010-12-17 09:52:00,2011-10-11 14:20:00,298,286.99
13629.0,11,5715.36,2011-01-05 12:09:00,2011-11-16 13:21:00,315,519.5781818181817
13630.0,7,1879.1399999999999,2011-02-27 12:49:00,2011-12-04 15:16:00,280,268.4485714285714
13631.0,11,3070.42,2011-03-17 17:13:00,2011-09-01 09:57:00,167,279.1290909090909
13632.0,5,2121.27,2011-04-10 15:07:00,2011-11-15 10:51:00,218,424.254
13634.0,5,1575.16,2011-01-16 15:30:00,2011-11-06 13:40:00,293,315.03200000000004
13635.0,1,1071.03,2011-10-03 10:55:00,2011-10-03 10:55:00,0,1071.03
13636.0,5,932.47,2011-02-27 14:29:00,2011-11-03 10:30:00,248,186.494
13637.0,3,810.5,2011-04-27 13:06:00,2011-10-18 13:32:00,174,270.1666666666667
13638.0,1,122.64,2011-11-24 10:38:00,2011-11-24 10:38:00,0,122.64
13639.0,1,795.74,2011-09-26 13:36:00,2011-09-26 13:36:00,0,795.74
13642.0,1,321.9,2011-05-08 12:34:00,2011-05-08 12:34:00,0,321.9
13643.0,3,519.44,2011-06-07 11:40:00,2011-11-08 15:37:00,154,173.14666666666668
13644.0,4,2548.71,2011-08-26 11:53:00,2011-11-23 14:07:00,89,637.1775
13645.0,1,252.1,2011-08-11 16:11:00,2011-08-11 16:11:00,0,252.1
13647.0,4,1678.1200000000001,2011-04-19 09:49:00,2011-11-30 12:00:00,225,419.53000000000003
13649.0,2,346.6,2010-12-08 14:46:00,2011-03-28 11:51:00,109,173.3
13650.0,6,1836.3400000000001,2011-03-17 12:37:00,2011-11-23 12:22:00,250,306.0566666666667
13651.0,1,79.2,2011-10-31 12:11:00,2011-10-31 12:11:00,0,79.2
13652.0,3,1095.08,2010-12-06 09:21:00,2011-10-25 08:51:00,322,365.02666666666664
13654.0,6,2605.63,2011-03-11 12:54:00,2011-10-27 16:24:00,230,434.2716666666667
13655.0,2,932.97,2011-04-12 09:53:00,2011-08-17 14:25:00,127,466.485
13656.0,2,379.65,2011-01-06 15:42:00,2011-06-28 10:31:00,172,189.825
13657.0,2,367.14,2011-05-22 12:35:00,2011-11-29 12:32:00,190,183.57
13658.0,5,2472.17,2011-05-19 17:15:00,2011-11-30 10:13:00,194,494.434
13659.0,2,1442.3,2011-01-23 12:08:00,2011-05-18 12:37:00,115,721.15
13662.0,3,829.96,2011-03-25 13:23:00,2011-09-15 12:04:00,173,276.65333333333336
13663.0,1,189.47,2011-06-13 15:44:00,2011-06-13 15:44:00,0,189.47
13666.0,3,84.65,2011-02-25 13:05:00,2011-10-10 15:39:00,227,28.21666666666667
13667.0,1,305.02,2011-07-13 15:42:00,2011-07-13 15:42:00,0,305.02
13668.0,21,6109.52,2010-12-12 12:35:00,2011-12-07 12:11:00,359,290.92952380952386
13669.0,2,218.55,2011-07-13 11:44:00,2011-10-20 09:32:00,98,109.275
13670.0,1,349.7,2011-09-25 15:25:00,2011-09-25 15:25:00,0,349.7
13672.0,2,186.39000000000001,2011-01-11 13:54:00,2011-02-11 13:53:00,30,93.19500000000001
13673.0,2,366.97,2011-11-07 15:40:00,2011-11-21 12:11:00,13,183.485
13675.0,2,486.82000000000005,2011-02-28 12:14:00,2011-07-11 12:57:00,133,243.41000000000003
13678.0,1,215.32,2011-07-11 10:14:00,2011-07-11 10:14:00,0,215.32
13680.0,4,3722.42,2011-01-04 14:12:00,2011-12-08 13:47:00,337,930.605
13681.0,4,827.83,2011-07-07 15:21:00,2011-11-22 11:13:00,137,206.9575
13682.0,1,59.5,2011-06-05 14:06:00,2011-06-05 14:06:00,0,59.5
13684.0,1,67.23,2011-02-27 10:13:00,2011-02-27 10:13:00,0,67.23
13685.0,4,20.92,2011-10-17 10:17:00,2011-12-06 13:45:00,50,5.23
13686.0,1,72.0,2011-06-10 09:10:00,2011-06-10 09:10:00,0,72.0
13689.0,1,910.0,2011-10-07 13:21:00,2011-10-07 13:21:00,0,910.0
13690.0,1,172.25,2011-10-11 15:03:00,2011-10-11 15:03:00,0,172.25
13692.0,3,1452.3700000000001,2011-04-17 12:57:00,2011-11-15 11:17:00,211,484.1233333333334
13694.0,48,40786.66,2010-12-01 12:12:00,2011-12-06 09:32:00,369,849.7220833333334
13695.0,15,2444.13,2011-03-25 11:31:00,2011-11-08 14:26:00,228,162.942
13697.0,1,151.3,2011-11-01 09:14:00,2011-11-01 09:14:00,0,151.3
13699.0,1,308.58000000000004,2011-07-07 16:51:00,2011-07-07 16:51:00,0,308.58000000000004
13700.0,10,2265.12,2011-01-16 13:18:00,2011-11-13 13:00:00,300,226.512
13703.0,1,99.5,2011-01-25 13:10:00,2011-01-25 13:10:00,0,99.5
13704.0,9,2291.11,2011-09-12 14:40:00,2011-12-04 15:13:00,83,254.5677777777778
13705.0,3,546.86,2010-12-01 10:29:00,2011-12-02 12:32:00,366,182.28666666666666
13706.0,1,290.89000000000004,2011-02-10 09:21:00,2011-02-10 09:21:00,0,290.89000000000004
13707.0,2,770.46,2011-01-28 13:27:00,2011-03-17 18:03:00,48,385.23
13708.0,1,296.88,2011-03-13 13:46:00,2011-03-13 13:46:00,0,296.88
13709.0,13,6253.05,2011-01-28 14:57:00,2011-12-06 10:28:00,311,481.00384615384615
13710.0,1,180.48,2011-11-08 08:16:00,2011-11-08 08:16:00,0,180.48
13711.0,2,252.06,2011-05-05 10:29:00,2011-05-05 10:31:00,0,126.03
13712.0,1,228.84,2011-04-07 12:33:00,2011-04-07 12:33:00,0,228.84
13715.0,5,1079.34,2010-12-02 08:52:00,2011-03-03 19:21:00,91,215.868
13716.0,1,138.28,2011-03-15 13:49:00,2011-03-15 13:49:00,0,138.28
13717.0,6,1380.87,2011-02-14 13:21:00,2011-11-07 14:13:00,266,230.14499999999998
13718.0,2,306.55,2011-02-17 11:58:00,2011-04-07 13:24:00,49,153.275
13719.0,5,1016.68,2011-04-19 13:56:00,2011-11-24 15:26:00,219,203.33599999999998
13720.0,4,705.7,2011-03-30 09:17:00,2011-08-15 12:46:00,138,176.425
13721.0,1,524.14,2011-11-03 14:05:00,2011-11-03 14:05:00,0,524.14
13722.0,3,2314.93,2011-03-02 11:43:00,2011-07-31 12:44:00,151,771.6433333333333
13723.0,1,199.85000000000002,2011-05-06 17:04:00,2011-05-06 17:04:00,0,199.85000000000002
13725.0,8,1980.56,2011-02-04 12:18:00,2011-10-21 10:03:00,258,247.57
13726.0,2,1079.66,2011-08-31 11:06:00,2011-11-01 10:49:00,61,539.83
13727.0,2,333.48,2011-11-06 12:16:00,2011-11-11 09:46:00,4,166.74
13728.0,6,1016.14,2011-02-02 12:09:00,2011-11-03 10:49:00,273,169.35666666666665
13730.0,2,752.6,2011-07-01 12:47:00,2011-07-27 08:35:00,25,376.3
13731.0,2,610.59,2011-04-07 10:10:00,2011-05-04 14:33:00,27,305.295
13732.0,1,491.86,2011-11-11 15:49:00,2011-11-11 15:49:00,0,491.86
13735.0,4,2820.44,2011-04-19 13:49:00,2011-11-15 11:14:00,209,705.11
13736.0,2,664.1,2011-03-24 13:04:00,2011-12-04 15:19:00,255,332.05
13737.0,1,339.6,2011-05-23 16:32:00,2011-05-23 16:32:00,0,339.6
13739.0,1,216.9,2011-11-21 13:35:00,2011-11-21 13:35:00,0,216.9
13740.0,1,350.75,2011-04-13 10:32:00,2011-04-13 10:32:00,0,350.75
13741.0,3,668.4300000000001,2011-05-06 13:43:00,2011-09-29 09:19:00,145,222.81000000000003
13742.0,12,2997.42,2011-01-23 14:59:00,2011-11-23 11:07:00,303,249.785
13743.0,7,1202.4,2011-03-25 14:46:00,2011-12-07 10:09:00,256,171.77142857142857
13744.0,2,1114.6,2011-02-20 14:08:00,2011-09-05 15:19:00,197,557.3
13745.0,1,300.04,2011-06-30 16:43:00,2011-06-30 16:43:00,0,300.04
13747.0,1,79.6,2010-12-01 10:37:00,2010-12-01 10:37:00,0,79.6
13748.0,5,948.25,2010-12-01 09:00:00,2011-09-05 09:45:00,278,189.65
13750.0,5,1647.26,2011-01-07 11:49:00,2011-10-17 12:16:00,283,329.452
13751.0,1,296.25,2011-02-24 15:56:00,2011-02-24 15:56:00,0,296.25
13752.0,6,1140.33,2011-04-07 12:04:00,2011-08-07 14:16:00,122,190.05499999999998
13753.0,1,741.26,2011-02-25 12:48:00,2011-02-25 12:48:00,0,741.26
13754.0,2,282.6,2011-01-26 14:58:00,2011-07-11 11:51:00,165,141.3
13755.0,9,2098.45,2011-10-07 15:45:00,2011-12-06 12:26:00,59,233.1611111111111
13756.0,14,4834.320000000001,2010-12-07 11:41:00,2011-12-07 16:44:00,365,345.3085714285715
13758.0,7,3079.82,2010-12-01 12:08:00,2011-11-28 11:11:00,361,439.9742857142857
13759.0,2,659.4100000000001,2011-09-29 15:40:00,2011-11-06 14:47:00,37,329.70500000000004
13760.0,2,286.79,2011-03-28 12:52:00,2011-10-16 16:13:00,202,143.395
13761.0,2,1070.65,2011-06-13 08:43:00,2011-10-20 14:01:00,129,535.325
13762.0,1,306.72,2011-05-05 09:15:00,2011-05-05 09:15:00,0,306.72
13763.0,1,1714.96,2011-10-07 15:13:00,2011-10-07 15:13:00,0,1714.96
13764.0,3,1521.76,2011-01-06 14:53:00,2011-09-30 12:03:00,266,507.25333333333333
13767.0,37,15389.960000000001,2010-12-01 10:47:00,2011-12-07 15:00:00,371,415.9448648648649
13769.0,10,2728.71,2010-12-07 13:28:00,2011-12-07 15:08:00,365,272.871
13771.0,4,2634.45,2011-04-06 15:47:00,2011-10-06 14:18:00,182,658.6125
13772.0,3,1115.18,2011-04-14 12:31:00,2011-11-06 11:43:00,205,371.7266666666667
13774.0,1,345.0,2011-09-19 12:06:00,2011-09-19 12:06:00,0,345.0
13777.0,29,12627.52,2010-12-01 16:01:00,2011-12-09 12:25:00,372,435.43172413793104
13778.0,1,178.7,2011-08-28 15:25:00,2011-08-28 15:25:00,0,178.7
13780.0,2,257.26,2011-06-22 11:43:00,2011-12-02 13:49:00,163,128.63
13781.0,1,127.84,2011-04-03 12:08:00,2011-04-03 12:08:00,0,127.84
13782.0,6,912.0,2011-01-16 11:08:00,2011-11-27 11:54:00,315,152.0
13784.0,8,1935.75,2011-01-11 14:38:00,2011-11-30 09:33:00,322,241.96875
13786.0,1,230.4,2010-12-07 13:53:00,2010-12-07 13:53:00,0,230.4
13787.0,2,309.04,2010-12-10 14:45:00,2011-09-25 12:06:00,288,154.52
13790.0,1,348.79999999999995,2011-12-05 15:48:00,2011-12-05 15:48:00,0,348.79999999999995
13791.0,2,1226.0,2011-06-24 16:38:00,2011-08-04 11:44:00,40,613.0
13792.0,2,195.55,2011-02-25 14:03:00,2011-10-04 14:31:00,221,97.775
13798.0,55,31591.87,2010-12-10 15:31:00,2011-12-08 15:51:00,363,574.3976363636364
13799.0,2,688.86,2011-02-18 14:18:00,2011-08-15 12:07:00,177,344.43
13800.0,1,526.4200000000001,2011-02-03 12:27:00,2011-02-03 12:27:00,0,526.4200000000001
13801.0,1,324.8,2011-10-04 10:15:00,2011-10-04 10:15:00,0,324.8
13802.0,3,4057.42,2011-02-01 12:03:00,2011-07-24 10:54:00,172,1352.4733333333334
13803.0,1,277.07,2011-03-29 12:57:00,2011-03-29 12:57:00,0,277.07
13804.0,7,2601.89,2011-02-23 09:09:00,2011-11-09 12:32:00,259,371.6985714285714
13805.0,2,563.0,2011-08-02 15:29:00,2011-10-18 14:50:00,76,281.5
13806.0,1,256.38,2011-10-07 11:43:00,2011-10-07 11:43:00,0,256.38
13807.0,1,112.6,2010-12-07 15:48:00,2010-12-07 15:48:00,0,112.6
13808.0,5,1687.76,2011-09-04 12:07:00,2011-12-04 12:18:00,91,337.552
13809.0,1,155.05,2011-02-07 13:15:00,2011-02-07 13:15:00,0,155.05
13810.0,2,725.8100000000001,2011-10-14 12:57:00,2011-11-11 08:33:00,27,362.90500000000003
13811.0,2,519.75,2011-04-14 18:40:00,2011-06-09 09:54:00,55,259.875
13812.0,3,485.0,2011-08-26 12:54:00,2011-10-28 14:27:00,63,161.66666666666666
13813.0,4,1168.8600000000001,2011-07-28 10:33:00,2011-10-31 10:38:00,95,292.21500000000003
13814.0,2,1477.42,2011-07-25 13:54:00,2011-09-08 13:48:00,44,738.71
13815.0,4,3487.08,2011-01-25 12:16:00,2011-11-17 14:19:00,296,871.77
13816.0,2,459.72,2011-10-06 14:37:00,2011-11-16 08:38:00,40,229.86
13817.0,2,328.98,2010-12-23 11:46:00,2011-11-10 17:49:00,322,164.49
13819.0,3,1140.35,2011-01-24 10:38:00,2011-02-11 10:38:00,18,380.1166666666666
13821.0,2,385.64,2011-03-23 11:30:00,2011-07-18 09:49:00,116,192.82
13822.0,2,615.35,2011-10-30 15:55:00,2011-12-04 12:13:00,34,307.675
13823.0,2,957.66,2011-09-09 10:42:00,2011-11-21 10:22:00,72,478.83
13824.0,5,1698.94,2011-02-02 13:07:00,2011-11-07 12:41:00,277,339.788
13826.0,1,189.5,2011-06-16 13:48:00,2011-06-16 13:48:00,0,189.5
13827.0,3,378.15,2011-07-19 15:38:00,2011-10-13 12:38:00,85,126.05
13828.0,1,209.49,2011-11-17 16:02:00,2011-11-17 16:02:00,0,209.49
13831.0,6,1876.59,2010-12-05 12:13:00,2011-11-23 15:41:00,353,312.765
13832.0,1,52.2,2011-11-20 15:36:00,2011-11-20 15:36:00,0,52.2
13833.0,1,384.8,2011-07-03 13:27:00,2011-07-03 13:27:00,0,384.8
13835.0,4,817.62,2011-05-08 15:22:00,2011-11-14 15:37:00,190,204.405
13837.0,2,271.24,2011-01-26 12:15:00,2011-05-12 12:10:00,105,135.62
13838.0,4,691.73,2010-12-05 10:45:00,2011-12-04 11:00:00,364,172.9325
13841.0,1,85.0,2011-04-01 12:10:00,2011-04-01 12:10:00,0,85.0
13842.0,9,3228.07,2010-12-08 10:39:00,2011-10-12 10:51:00,308,358.6744444444445
13844.0,1,361.62,2011-11-28 13:21:00,2011-11-28 13:21:00,0,361.62
13845.0,1,312.98,2011-10-06 08:25:00,2011-10-06 08:25:00,0,312.98
13846.0,3,848.4100000000001,2010-12-14 16:07:00,2011-11-15 12:07:00,335,282.80333333333334
13848.0,1,135.0,2011-02-15 10:17:00,2011-02-15 10:17:00,0,135.0
13849.0,2,1537.95,2011-06-22 10:11:00,2011-10-19 10:59:00,119,768.975
13850.0,1,1595.48,2011-08-02 14:04:00,2011-08-02 14:04:00,0,1595.48
13851.0,3,1763.46,2011-02-24 17:18:00,2011-09-05 12:36:00,192,587.82
13853.0,1,1090.1399999999999,2011-10-13 14:18:00,2011-10-13 14:18:00,0,1090.1399999999999
13854.0,25,8109.5199999999995,2010-12-09 10:48:00,2011-12-01 09:06:00,356,324.38079999999997
13856.0,3,294.9,2011-05-20 13:13:00,2011-06-24 10:03:00,34,98.3
13858.0,1,216.17000000000002,2011-10-13 16:17:00,2011-10-13 16:17:00,0,216.17000000000002
13859.0,1,201.16,2011-01-17 16:14:00,2011-01-17 16:14:00,0,201.16
13860.0,5,1245.9,2011-09-14 09:27:00,2011-12-08 12:57:00,85,249.18
13862.0,8,2209.36,2011-01-11 15:13:00,2011-11-21 16:24:00,314,276.17
13863.0,1,305.78,2011-04-06 10:20:00,2011-04-06 10:20:00,0,305.78
13865.0,4,501.56,2011-02-23 12:04:00,2011-10-12 13:31:00,231,125.39
13866.0,1,145.67,2011-09-26 14:54:00,2011-09-26 14:54:00,0,145.67
13867.0,3,1015.29,2011-05-05 17:28:00,2011-11-08 15:48:00,186,338.43
13868.0,1,507.54,2011-11-01 12:45:00,2011-11-01 12:45:00,0,507.54
13869.0,4,3104.9500000000003,2010-12-17 15:14:00,2011-08-08 13:53:00,233,776.2375000000001
13870.0,8,2737.04,2011-02-25 09:09:00,2011-12-07 13:23:00,285,342.13
13871.0,13,6403.25,2011-02-04 09:30:00,2011-11-17 10:49:00,286,492.5576923076923
13873.0,3,389.6,2011-02-03 09:37:00,2011-08-12 10:08:00,190,129.86666666666667
13874.0,1,361.7,2010-12-16 18:20:00,2010-12-16 18:20:00,0,361.7
13875.0,5,1786.79,2011-02-11 15:39:00,2011-10-17 09:36:00,247,357.358
13876.0,1,122.7,2011-10-07 10:22:00,2011-10-07 10:22:00,0,122.7
13877.0,1,117.24,2011-09-14 15:49:00,2011-09-14 15:49:00,0,117.24
13878.0,1,1247.63,2011-10-16 12:19:00,2011-10-16 12:19:00,0,1247.63
13880.0,13,3185.87,2010-12-07 14:00:00,2011-11-18 13:44:00,345,245.06692307692308
13881.0,19,12198.880000000001,2011-02-01 10:14:00,2011-12-06 12:50:00,308,642.0463157894737
13882.0,5,1081.28,2011-10-06 15:28:00,2011-12-07 11:16:00,61,216.256
13883.0,5,2640.58,2011-03-31 17:17:00,2011-11-29 10:45:00,242,528.116
13884.0,5,787.6,2011-03-01 13:40:00,2011-12-02 16:30:00,276,157.52
13885.0,2,506.8,2011-05-23 08:52:00,2011-06-03 15:07:00,11,253.4
13886.0,1,243.56,2011-09-29 13:17:00,2011-09-29 13:17:00,0,243.56
13887.0,1,349.55,2011-05-19 17:22:00,2011-05-19 17:22:00,0,349.55
13888.0,2,605.63,2011-05-05 14:41:00,2011-08-12 10:13:00,98,302.815
13889.0,1,416.90000000000003,2011-09-08 09:13:00,2011-09-08 09:13:00,0,416.90000000000003
13890.0,10,1883.81,2010-12-16 09:31:00,2011-12-08 15:36:00,357,188.381
13892.0,4,518.13,2011-04-07 12:04:00,2011-11-13 11:50:00,219,129.5325
13893.0,1,821.1,2011-02-15 11:30:00,2011-02-15 11:30:00,0,821.1
13894.0,3,564.62,2011-02-02 12:54:00,2011-11-16 09:44:00,286,188.20666666666668
13895.0,4,2593.07,2011-06-28 10:17:00,2011-11-11 16:57:00,136,648.2675
13897.0,1,311.16,2011-10-20 14:30:00,2011-10-20 14:30:00,0,311.16
13898.0,1,155.93,2011-01-18 10:28:00,2011-01-18 10:28:00,0,155.93
13899.0,2,388.52,2011-03-10 09:30:00,2011-11-23 13:40:00,258,194.26
13900.0,3,740.95,2011-03-22 10:13:00,2011-06-09 19:26:00,79,246.98333333333335
13901.0,5,2762.35,2011-01-25 09:01:00,2011-09-28 14:48:00,246,552.47
13904.0,2,332.64,2011-02-18 11:18:00,2011-11-02 13:41:00,257,166.32
13908.0,4,2319.55,2011-03-08 12:04:00,2011-09-21 11:49:00,196,579.8875
13911.0,9,2288.11,2011-02-04 14:46:00,2011-10-13 15:43:00,251,254.23444444444445
13914.0,2,626.45,2011-11-03 16:28:00,2011-11-28 10:35:00,24,313.225
13917.0,2,272.04,2011-06-01 12:46:00,2011-10-21 09:56:00,141,136.02
13918.0,2,828.84,2011-03-31 18:05:00,2011-10-21 12:25:00,203,414.42
13919.0,2,331.86,2011-08-10 10:15:00,2011-10-11 14:24:00,62,165.93
13922.0,1,172.25,2010-12-23 10:38:00,2010-12-23 10:38:00,0,172.25
13923.0,1,351.13,2011-10-17 12:33:00,2011-10-17 12:33:00,0,351.13
13924.0,6,1804.95,2011-09-28 15:07:00,2011-12-08 09:39:00,70,300.825
13925.0,4,593.5,2011-07-28 12:09:00,2011-09-08 12:47:00,42,148.375
13926.0,1,183.9,2011-11-16 13:16:00,2011-11-16 13:16:00,0,183.9
13927.0,1,348.99,2011-09-26 12:00:00,2011-09-26 12:00:00,0,348.99
13928.0,4,464.57,2011-07-29 15:59:00,2011-11-29 10:33:00,122,116.1425
13929.0,2,842.65,2011-01-17 15:11:00,2011-06-23 15:26:00,157,421.325
13930.0,2,337.34,2011-07-26 11:00:00,2011-10-13 09:45:00,78,168.67
13931.0,2,1237.53,2011-03-04 08:43:00,2011-09-05 10:12:00,185,618.765
13932.0,1,307.4,2011-02-18 12:02:00,2011-02-18 12:02:00,0,307.4
13933.0,2,608.79,2011-07-14 13:35:00,2011-08-22 14:03:00,39,304.395
13934.0,1,922.1,2011-03-21 08:39:00,2011-03-21 08:39:00,0,922.1
13936.0,1,376.58,2011-06-13 08:47:00,2011-06-13 08:47:00,0,376.58
13937.0,1,158.85,2011-06-23 16:35:00,2011-06-23 16:35:00,0,158.85
13938.0,1,71.66,2011-11-04 14:37:00,2011-11-04 14:37:00,0,71.66
13939.0,3,568.55,2011-02-01 11:30:00,2011-11-16 13:33:00,288,189.51666666666665
13940.0,4,839.14,2011-07-18 16:05:00,2011-11-22 15:15:00,126,209.785
13941.0,5,4187.08,2010-12-02 10:17:00,2011-11-18 09:43:00,350,837.4159999999999
13946.0,3,496.05,2011-03-17 10:02:00,2011-09-21 13:33:00,188,165.35
13947.0,1,90.60000000000001,2011-10-05 14:42:00,2011-10-05 14:42:00,0,90.60000000000001
13948.0,1,102.0,2010-12-14 10:18:00,2010-12-14 10:18:00,0,102.0
13949.0,6,2427.32,2011-09-06 11:55:00,2011-12-07 09:35:00,91,404.55333333333334
13950.0,4,628.36,2011-04-07 11:29:00,2011-11-28 14:44:00,235,157.09
13951.0,3,674.45,2011-02-18 15:21:00,2011-06-16 16:43:00,118,224.8166666666667
13952.0,2,3217.1710000000003,2011-04-15 09:27:00,2011-05-06 09:00:00,20,1608.5855000000001
13953.0,2,265.68,2011-08-16 10:03:00,2011-12-02 16:04:00,108,132.84
13954.0,2,340.22,2011-09-30 10:52:00,2011-12-08 12:50:00,69,170.11
13955.0,2,322.96,2011-02-07 12:24:00,2011-07-08 17:19:00,151,161.48
13956.0,5,996.47,2011-03-13 12:51:00,2011-12-04 13:20:00,266,199.294
13959.0,3,598.2,2010-12-12 13:56:00,2011-09-21 15:06:00,283,199.4
13960.0,2,230.22,2011-09-29 12:39:00,2011-11-18 15:27:00,50,115.11
13962.0,2,147.6,2011-04-08 11:21:00,2011-11-18 08:47:00,223,73.8
13963.0,4,664.54,2010-12-07 09:21:00,2011-02-04 14:43:00,59,166.135
13967.0,1,80.7,2011-07-17 12:02:00,2011-07-17 12:02:00,0,80.7
13969.0,18,8758.99,2010-12-09 19:32:00,2011-12-02 15:11:00,357,486.61055555555555
13971.0,8,2758.26,2011-02-27 12:27:00,2011-11-21 12:06:00,266,344.7825
13972.0,2,190.25,2011-05-22 11:34:00,2011-09-30 11:54:00,131,95.125
13973.0,1,264.7,2011-02-25 15:21:00,2011-02-25 15:21:00,0,264.7
13974.0,1,413.59000000000003,2011-10-21 14:41:00,2011-10-21 14:41:00,0,413.59000000000003
13975.0,6,2526.28,2011-03-08 12:19:00,2011-11-08 13:19:00,245,421.0466666666667
13976.0,1,357.98,2011-05-17 09:13:00,2011-05-17 09:13:00,0,357.98
13978.0,2,196.79,2011-10-25 15:04:00,2011-11-25 11:36:00,30,98.395
13979.0,1,869.87,2011-09-27 13:32:00,2011-09-27 13:32:00,0,869.87
13980.0,1,200.14,2011-10-10 13:34:00,2011-10-10 13:34:00,0,200.14
13982.0,4,1871.81,2010-12-09 13:57:00,2011-10-31 16:24:00,326,467.9525
13983.0,10,1733.43,2010-12-08 10:38:00,2011-11-10 11:06:00,337,173.34300000000002
13984.0,4,488.03,2010-12-08 15:58:00,2011-11-13 12:38:00,339,122.0075
13985.0,15,7028.2300000000005,2011-03-20 13:48:00,2011-12-05 17:06:00,260,468.5486666666667
13986.0,1,239.82,2011-11-22 15:00:00,2011-11-22 15:00:00,0,239.82
13988.0,6,4051.06,2011-03-30 11:48:00,2011-11-20 10:15:00,234,675.1766666666666
13989.0,2,1029.92,2011-04-14 15:39:00,2011-10-05 09:47:00,173,514.96
13990.0,1,311.3,2011-05-10 15:19:00,2011-05-10 15:19:00,0,311.3
13991.0,6,855.97,2011-07-19 12:58:00,2011-11-27 16:18:00,131,142.66166666666666
13992.0,1,76.8,2011-11-09 15:23:00,2011-11-09 15:23:00,0,76.8
13993.0,9,3277.66,2011-01-13 10:43:00,2011-10-28 09:06:00,287,364.1844444444444
13994.0,6,2313.14,2011-07-14 18:28:00,2011-12-06 11:05:00,144,385.5233333333333
13995.0,5,1393.69,2011-04-08 08:20:00,2011-11-24 14:22:00,230,278.738
13999.0,12,3901.81,2010-12-13 11:23:00,2011-11-29 13:40:00,351,325.1508333333333
14000.0,1,500.3,2011-05-12 16:50:00,2011-05-12 16:50:00,0,500.3
14001.0,3,2043.0800000000002,2010-12-01 12:58:00,2011-10-25 10:31:00,327,681.0266666666668
14002.0,2,512.78,2011-07-06 14:59:00,2011-07-28 15:55:00,22,256.39
14004.0,7,4582.64,2011-02-24 09:28:00,2011-10-27 14:40:00,245,654.6628571428572
14005.0,5,2773.92,2011-05-08 10:33:00,2011-11-30 12:41:00,206,554.784
14006.0,3,946.24,2011-01-31 15:11:00,2011-08-16 09:39:00,196,315.41333333333336
14009.0,2,695.61,2011-05-18 13:00:00,2011-05-25 15:47:00,7,347.805
14012.0,1,328.8,2011-03-07 12:26:00,2011-03-07 12:26:00,0,328.8
14013.0,3,473.02,2011-03-09 08:59:00,2011-08-21 15:01:00,165,157.67333333333332
14014.0,1,505.18,2011-09-23 13:18:00,2011-09-23 13:18:00,0,505.18
14015.0,1,917.34,2011-10-18 10:02:00,2011-10-18 10:02:00,0,917.34
14016.0,4,4226.21,2010-12-17 14:21:00,2011-07-01 11:29:00,195,1056.5525
14019.0,3,1369.77,2011-07-24 15:39:00,2011-10-24 10:13:00,91,456.59
14020.0,2,642.8,2011-09-12 15:32:00,2011-11-23 09:22:00,71,321.4
14021.0,3,631.9,2011-03-28 15:10:00,2011-07-07 15:46:00,101,210.63333333333333
14022.0,1,440.0,2011-04-28 14:39:00,2011-04-28 14:39:00,0,440.0
14023.0,2,584.07,2011-04-03 15:50:00,2011-12-02 13:58:00,242,292.035
14024.0,2,327.7,2011-08-07 13:31:00,2011-08-10 11:30:00,2,163.85
14027.0,1,104.82,2011-10-10 09:01:00,2011-10-10 09:01:00,0,104.82
14029.0,2,467.66,2011-07-18 16:57:00,2011-10-07 14:46:00,80,233.83
14030.0,8,1783.44,2010-12-08 16:11:00,2011-11-21 16:48:00,348,222.93
14031.0,17,12308.78,2010-12-02 16:34:00,2011-12-02 17:13:00,365,724.0458823529412
14032.0,11,2975.59,2010-12-08 10:53:00,2011-12-07 15:23:00,364,270.5081818181818
14034.0,3,564.02,2011-07-05 13:06:00,2011-11-17 14:02:00,135,188.00666666666666
14035.0,5,1413.02,2011-02-15 12:48:00,2011-11-11 10:03:00,268,282.604
14036.0,1,626.65,2011-02-28 09:26:00,2011-02-28 09:26:00,0,626.65
14037.0,2,147.20000000000002,2010-12-10 11:39:00,2011-06-16 13:57:00,188,73.60000000000001
14038.0,3,1560.38,2011-05-16 14:05:00,2011-09-22 13:37:00,128,520.1266666666667
14039.0,1,152.2,2011-11-06 13:48:00,2011-11-06 13:48:00,0,152.2
14040.0,12,3614.92,2011-01-12 14:57:00,2011-10-30 12:42:00,290,301.24333333333334
14041.0,1,141.41,2011-03-18 13:25:00,2011-03-18 13:25:00,0,141.41
14044.0,4,602.87,2011-02-03 11:39:00,2011-11-13 12:05:00,283,150.7175
14045.0,2,1090.8,2011-01-06 08:52:00,2011-08-22 15:27:00,228,545.4
14046.0,1,154.99,2011-02-28 14:48:00,2011-02-28 14:48:00,0,154.99
14047.0,5,1308.6100000000001,2010-12-02 10:09:00,2011-12-01 11:43:00,364,261.72200000000004
14048.0,1,409.93,2011-02-07 14:53:00,2011-02-07 14:53:00,0,409.93
14049.0,4,5514.97,2011-01-26 11:27:00,2011-11-23 12:20:00,301,1378.7425
14050.0,2,746.36,2011-08-25 13:46:00,2011-11-08 10:00:00,74,373.18
14051.0,23,15595.390000000001,2010-12-08 12:49:00,2011-12-09 10:20:00,365,678.0604347826087
14052.0,1,225.35999999999999,2011-11-20 12:30:00,2011-11-20 12:30:00,0,225.35999999999999
14053.0,2,260.25,2011-07-03 12:21:00,2011-08-07 14:27:00,35,130.125
14054.0,1,92.46000000000001,2011-10-05 15:49:00,2011-10-05 15:49:00,0,92.46000000000001
14055.0,1,725.6400000000001,2011-08-25 15:04:00,2011-08-25 15:04:00,0,725.6400000000001
14056.0,23,8214.65,2011-02-28 15:19:00,2011-12-08 13:36:00,282,357.1586956521739
14057.0,16,5831.32,2010-12-14 12:11:00,2011-11-16 10:32:00,336,364.4575
14059.0,1,183.6,2011-03-18 10:06:00,2011-03-18 10:06:00,0,183.6
14060.0,19,5895.62,2010-12-02 12:11:00,2011-12-05 12:29:00,368,310.2957894736842
14062.0,12,10139.65,2010-12-10 15:56:00,2011-11-30 10:04:00,354,844.9708333333333
14064.0,5,1042.7,2011-03-10 12:59:00,2011-11-10 13:14:00,245,208.54000000000002
14066.0,1,152.55,2011-03-18 12:21:00,2011-03-18 12:21:00,0,152.55
14067.0,2,355.75,2011-09-04 12:00:00,2011-10-07 10:21:00,32,177.875
14068.0,1,265.85,2011-01-23 16:02:00,2011-01-23 16:02:00,0,265.85
14071.0,8,1421.8700000000001,2011-03-20 11:33:00,2011-12-06 12:27:00,261,177.73375000000001
14073.0,1,151.04,2011-11-07 15:49:00,2011-11-07 15:49:00,0,151.04
14075.0,3,942.26,2011-03-23 16:35:00,2011-12-05 08:38:00,256,314.08666666666664
14076.0,1,105.52,2011-08-02 15:19:00,2011-08-02 15:19:00,0,105.52
14077.0,5,499.42,2011-03-10 15:52:00,2011-10-30 12:35:00,233,99.884
14078.0,6,1049.37,2010-12-01 12:54:00,2011-08-30 12:16:00,271,174.89499999999998
14079.0,1,343.2,2011-08-07 12:10:00,2011-08-07 12:10:00,0,343.2
14080.0,1,45.599999999999994,2011-11-07 11:09:00,2011-11-07 11:09:00,0,45.599999999999994
14081.0,2,934.52,2010-12-05 15:47:00,2011-02-10 16:17:00,67,467.26
14082.0,1,182.25,2010-12-10 11:02:00,2010-12-10 11:02:00,0,182.25
14083.0,9,1001.48,2010-12-03 12:24:00,2011-12-05 13:14:00,367,111.27555555555556
14085.0,18,4398.69,2010-12-06 12:39:00,2011-12-07 13:46:00,366,244.37166666666664
14087.0,1,194.42,2011-12-07 12:41:00,2011-12-07 12:41:00,0,194.42
14088.0,13,49368.61,2011-01-21 13:07:00,2011-11-29 16:16:00,312,3797.5853846153846
14089.0,1,161.0,2011-10-14 10:38:00,2011-10-14 10:38:00,0,161.0
14090.0,1,76.32000000000001,2011-01-19 10:51:00,2011-01-19 10:51:00,0,76.32000000000001
14092.0,14,4076.9100000000003,2010-12-16 15:47:00,2011-12-02 12:13:00,350,291.20785714285716
14093.0,1,442.85,2011-11-27 16:27:00,2011-11-27 16:27:00,0,442.85
14096.0,17,47835.37,2011-08-30 10:49:00,2011-12-05 17:17:00,97,2813.8452941176474
14098.0,1,147.35,2011-11-03 10:13:00,2011-11-03 10:13:00,0,147.35
14099.0,11,3087.2200000000003,2010-12-20 11:14:00,2011-11-23 13:53:00,338,280.65636363636366
14100.0,1,194.9,2011-07-25 11:01:00,2011-07-25 11:01:00,0,194.9
14101.0,6,2885.99,2011-01-17 13:09:00,2011-09-27 12:28:00,252,480.9983333333333
14102.0,5,1360.28,2011-10-26 12:46:00,2011-12-04 15:38:00,39,272.056
14104.0,1,77.36,2011-06-27 12:49:00,2011-06-27 12:49:00,0,77.36
14105.0,1,1266.23,2011-04-14 17:58:00,2011-04-14 17:58:00,0,1266.23
14107.0,7,2703.23,2010-12-10 13:29:00,2011-10-19 12:12:00,312,386.17571428571426
14108.0,2,581.26,2011-08-30 11:32:00,2011-11-09 10:41:00,70,290.63
14109.0,1,144.2,2011-09-28 10:18:00,2011-09-28 10:18:00,0,144.2
14110.0,12,5683.15,2011-03-18 09:59:00,2011-12-06 12:26:00,263,473.5958333333333
14111.0,4,598.65,2011-04-12 11:36:00,2011-11-25 13:44:00,227,149.6625
14112.0,7,2915.15,2011-03-09 11:28:00,2011-11-17 12:30:00,253,416.45
14113.0,4,1840.42,2010-12-20 12:14:00,2011-12-06 12:18:00,351,460.105
14114.0,2,284.83,2011-01-13 11:05:00,2011-03-11 09:42:00,56,142.415
14116.0,5,1382.74,2011-08-10 12:44:00,2011-11-20 10:29:00,101,276.548
14117.0,1,90.0,2011-07-19 09:49:00,2011-07-19 09:49:00,0,90.0
14121.0,4,2713.5,2011-10-11 10:39:00,2011-12-06 12:19:00,56,678.375
14124.0,1,118.08,2011-09-16 13:32:00,2011-09-16 13:32:00,0,118.08
14125.0,3,2681.53,2011-09-22 15:40:00,2011-11-29 12:47:00,67,893.8433333333334
14126.0,3,385.85,2011-11-29 12:21:00,2011-12-02 11:45:00,2,128.61666666666667
14127.0,3,709.71,2011-02-02 12:26:00,2011-08-09 10:49:00,187,236.57000000000002
14128.0,2,637.5,2011-03-29 10:49:00,2011-10-10 12:00:00,195,318.75
14129.0,5,1123.8600000000001,2011-03-24 08:44:00,2011-12-08 11:02:00,259,224.77200000000002
14130.0,1,483.86,2011-01-24 16:05:00,2011-01-24 16:05:00,0,483.86
14132.0,11,3586.03,2011-06-09 12:04:00,2011-12-07 13:35:00,181,326.00272727272727
14133.0,3,569.69,2011-01-28 11:27:00,2011-08-02 11:34:00,186,189.89666666666668
14135.0,15,4478.31,2010-12-02 10:27:00,2011-12-08 11:38:00,371,298.55400000000003
14138.0,2,982.38,2011-10-07 09:38:00,2011-12-08 12:44:00,62,491.19
14139.0,1,415.82,2011-10-24 13:34:00,2011-10-24 13:34:00,0,415.82
14140.0,2,935.05,2011-11-08 11:20:00,2011-12-06 09:05:00,27,467.525
14141.0,4,915.13,2011-08-26 14:40:00,2011-12-07 09:53:00,102,228.7825
14142.0,1,311.81,2010-12-01 16:33:00,2010-12-01 16:33:00,0,311.81
14143.0,1,115.8,2011-07-29 09:48:00,2011-07-29 09:48:00,0,115.8
14145.0,4,3742.2,2011-05-06 13:01:00,2011-10-24 12:10:00,170,935.55
14146.0,5,4089.3,2010-12-17 15:52:00,2011-12-01 10:18:00,348,817.86
14147.0,2,483.4,2011-02-27 11:42:00,2011-09-22 18:10:00,207,241.7
14148.0,1,157.2,2011-04-20 12:02:00,2011-04-20 12:02:00,0,157.2
14149.0,1,446.62,2011-05-03 09:44:00,2011-05-03 09:44:00,0,446.62
14150.0,2,658.64,2010-12-15 10:04:00,2011-11-04 10:05:00,324,329.32
14152.0,2,621.29,2011-04-19 15:46:00,2011-09-25 12:54:00,158,310.645
14154.0,2,1150.62,2011-04-14 15:58:00,2011-04-14 16:26:00,0,575.31
14155.0,1,118.75,2011-03-18 14:13:00,2011-03-18 14:13:00,0,118.75
14156.0,51,70571.29,2010-12-03 11:48:00,2011-11-30 10:54:00,361,1383.7507843137253
14157.0,2,432.88,2011-02-27 13:04:00,2011-11-20 11:32:00,265,216.44
14158.0,1,507.65999999999997,2011-10-30 15:08:00,2011-10-30 15:08:00,0,507.65999999999997
14159.0,11,4676.06,2010-12-12 11:17:00,2011-11-20 12:36:00,343,425.09636363636366
14161.0,3,1110.52,2010-12-05 13:18:00,2011-05-08 11:41:00,153,370.17333333333335
14162.0,2,289.36,2011-02-20 12:32:00,2011-06-19 11:36:00,118,144.68
14163.0,4,2314.11,2011-04-14 17:33:00,2011-09-13 15:18:00,151,578.5275
14164.0,1,1273.77,2011-09-20 12:18:00,2011-09-20 12:18:00,0,1273.77
14165.0,1,122.53999999999999,2011-03-09 12:39:00,2011-03-09 12:39:00,0,122.53999999999999
14167.0,4,574.84,2011-01-12 15:44:00,2011-10-31 14:29:00,291,143.71
14171.0,1,363.79,2011-09-02 16:43:00,2011-09-02 16:43:00,0,363.79
14173.0,4,433.89,2011-05-04 14:03:00,2011-11-29 11:54:00,208,108.4725
14174.0,1,134.46,2011-11-06 13:17:00,2011-11-06 13:17:00,0,134.46
14175.0,3,3069.75,2011-01-14 12:22:00,2011-10-11 11:55:00,269,1023.25
14176.0,4,576.9000000000001,2010-12-07 11:45:00,2011-02-15 13:12:00,70,144.22500000000002
14177.0,4,559.41,2011-06-13 11:10:00,2011-09-14 15:11:00,93,139.8525
14178.0,7,1620.93,2011-06-10 12:51:00,2011-12-01 12:01:00,173,231.5614285714286
14179.0,2,719.78,2011-10-18 14:00:00,2011-10-30 12:07:00,11,359.89
14180.0,25,4170.67,2010-12-02 13:08:00,2011-11-29 10:56:00,361,166.8268
14184.0,1,452.89,2011-10-04 12:43:00,2011-10-04 12:43:00,0,452.89
14185.0,1,32.65,2011-01-12 13:52:00,2011-01-12 13:52:00,0,32.65
14188.0,6,2054.36,2011-02-02 13:46:00,2011-11-09 12:45:00,279,342.3933333333334
14189.0,15,4636.8,2010-12-06 11:42:00,2011-12-07 15:55:00,366,309.12
14191.0,13,4684.76,2011-05-03 10:30:00,2011-12-08 09:23:00,218,360.36615384615385
14193.0,2,853.39,2011-03-15 11:38:00,2011-10-03 09:34:00,201,426.695
14194.0,21,11246.37,2011-02-04 14:51:00,2011-12-05 10:38:00,303,535.5414285714286
14195.0,2,375.2,2011-04-01 16:50:00,2011-05-22 10:29:00,50,187.6
14196.0,1,335.52,2011-08-25 10:25:00,2011-08-25 10:25:00,0,335.52
14198.0,4,681.45,2011-04-14 14:54:00,2011-11-21 16:35:00,221,170.3625
14199.0,1,185.39999999999998,2011-05-05 13:44:00,2011-05-05 13:44:00,0,185.39999999999998
14201.0,7,747.44,2010-12-15 13:25:00,2011-10-10 13:27:00,299,106.77714285714286
14204.0,1,161.03,2011-12-07 13:38:00,2011-12-07 13:38:00,0,161.03
14205.0,2,466.7,2011-03-20 15:07:00,2011-11-23 10:55:00,247,233.35
14206.0,1,328.15999999999997,2011-04-14 16:38:00,2011-04-14 16:38:00,0,328.15999999999997
14208.0,1,151.74,2011-09-06 12:48:00,2011-09-06 12:48:00,0,151.74
14209.0,6,2033.53,2011-01-11 12:56:00,2011-11-29 10:18:00,321,338.9216666666667
14210.0,6,1905.8400000000001,2010-12-03 12:43:00,2011-08-26 12:36:00,265,317.64000000000004
14211.0,9,2241.1,2011-02-17 15:50:00,2011-10-17 13:23:00,241,249.0111111111111
14212.0,1,678.8,2011-09-11 12:45:00,2011-09-11 12:45:00,0,678.8
14214.0,5,970.48,2011-03-07 12:26:00,2011-11-09 10:31:00,246,194.096
14215.0,6,1789.72,2010-12-06 15:34:00,2011-11-28 12:19:00,356,298.2866666666667
14216.0,4,1799.3,2011-11-02 10:51:00,2011-12-06 14:56:00,34,449.825
14217.0,17,1969.0800000000002,2010-12-08 13:28:00,2011-12-08 11:53:00,364,115.82823529411766
14218.0,1,169.48000000000002,2011-10-28 10:00:00,2011-10-28 10:00:00,0,169.48000000000002
14219.0,1,89.94,2011-12-05 16:23:00,2011-12-05 16:23:00,0,89.94
14220.0,2,632.4000000000001,2010-12-16 18:18:00,2011-04-06 13:23:00,110,316.20000000000005
14221.0,9,3354.3,2011-01-04 15:33:00,2011-10-28 13:42:00,296,372.70000000000005
14222.0,1,683.17,2011-06-15 16:42:00,2011-06-15 16:42:00,0,683.17
14223.0,3,991.13,2011-03-20 16:02:00,2011-09-08 13:38:00,171,330.37666666666667
14224.0,4,959.37,2011-01-23 13:58:00,2011-08-21 13:24:00,209,239.8425
14226.0,4,1872.69,2011-03-15 15:36:00,2011-11-10 12:12:00,239,468.1725
14227.0,10,3350.96,2011-02-28 12:27:00,2011-11-13 15:48:00,258,335.096
14229.0,3,1547.2,2011-01-10 12:03:00,2011-10-19 10:04:00,281,515.7333333333333
14231.0,3,845.8100000000001,2011-02-24 11:55:00,2011-06-09 11:05:00,104,281.93666666666667
14232.0,5,2048.07,2011-03-20 12:44:00,2011-10-28 11:09:00,221,409.61400000000003
14233.0,4,1230.72,2011-01-26 12:43:00,2011-10-21 15:54:00,268,307.68
14234.0,4,775.46,2011-10-13 13:58:00,2011-11-17 17:53:00,35,193.865
14235.0,5,3144.86,2011-03-24 13:23:00,2011-09-25 14:37:00,185,628.972
14236.0,2,490.86,2010-12-02 18:49:00,2011-09-20 09:13:00,291,245.43
14237.0,1,127.10000000000001,2010-12-01 13:20:00,2010-12-01 13:20:00,0,127.10000000000001
14238.0,1,146.85,2011-01-17 14:40:00,2011-01-17 14:40:00,0,146.85
14239.0,11,2346.9500000000003,2011-01-27 14:45:00,2011-10-27 14:40:00,272,213.35909090909092
14240.0,2,890.34,2011-04-28 11:40:00,2011-11-09 13:45:00,195,445.17
14241.0,1,213.70000000000002,2011-06-09 11:46:00,2011-06-09 11:46:00,0,213.70000000000002
14242.0,2,280.55,2011-01-18 08:53:00,2011-04-19 11:46:00,91,140.275
14243.0,10,2588.77,2010-12-09 08:34:00,2011-12-01 11:12:00,357,258.877
14245.0,2,1693.45,2011-03-21 10:41:00,2011-05-04 08:40:00,43,846.725
14246.0,3,1474.06,2011-04-08 08:25:00,2011-08-21 11:50:00,135,491.3533333333333
14247.0,1,136.77,2011-03-06 15:21:00,2011-03-06 15:21:00,0,136.77
14248.0,1,302.58,2011-01-25 14:45:00,2011-01-25 14:45:00,0,302.58
14250.0,3,1904.05,2011-09-11 13:44:00,2011-12-02 14:30:00,82,634.6833333333333
14251.0,5,2879.7000000000003,2011-10-13 12:46:00,2011-12-08 08:32:00,55,575.94
14256.0,2,969.0600000000001,2010-12-10 11:44:00,2011-03-24 13:17:00,104,484.53000000000003
14257.0,5,2814.17,2011-01-25 10:49:00,2011-10-06 16:54:00,254,562.8340000000001
14258.0,9,11206.220000000001,2011-01-06 12:18:00,2011-11-30 15:27:00,328,1245.1355555555556
14259.0,1,120.0,2011-07-21 10:44:00,2011-07-21 10:44:00,0,120.0
14261.0,2,1163.45,2011-09-22 10:47:00,2011-10-20 10:04:00,27,581.725
14262.0,8,2618.23,2011-04-13 12:23:00,2011-12-01 14:17:00,232,327.27875
14264.0,2,333.97,2011-04-08 12:20:00,2011-07-08 10:20:00,90,166.985
14265.0,2,496.28,2011-07-14 09:10:00,2011-08-22 13:32:00,39,248.14
14267.0,3,1516.24,2011-03-24 11:38:00,2011-06-30 10:09:00,97,505.41333333333336
14270.0,1,492.65000000000003,2011-01-12 09:33:00,2011-01-12 09:33:00,0,492.65000000000003
14271.0,1,112.32000000000001,2011-04-28 12:47:00,2011-04-28 12:47:00,0,112.32000000000001
14272.0,2,437.96,2011-03-30 13:57:00,2011-09-27 10:08:00,180,218.98
14273.0,4,559.97,2011-04-11 13:24:00,2011-10-19 13:20:00,190,139.9925
14276.0,3,1119.74,2011-02-23 09:38:00,2011-09-02 09:45:00,191,373.24666666666667
14277.0,3,4030.6,2011-05-11 13:20:00,2011-11-24 15:01:00,197,1343.5333333333333
14280.0,1,134.04,2011-05-27 10:37:00,2011-05-27 10:37:00,0,134.04
14282.0,15,3729.34,2010-12-07 12:21:00,2011-12-06 17:04:00,364,248.62266666666667
14284.0,2,595.25,2011-09-14 13:04:00,2011-11-09 08:11:00,55,297.625
14285.0,4,1893.06,2011-06-16 12:36:00,2011-11-18 14:50:00,155,473.265
14286.0,3,4628.75,2011-04-11 08:16:00,2011-11-16 10:34:00,219,1542.9166666666667
14287.0,2,159.35,2011-05-25 11:41:00,2011-12-01 13:25:00,190,79.675
14288.0,1,426.6,2011-05-10 13:22:00,2011-05-10 13:22:00,0,426.6
14289.0,6,911.26,2011-02-23 12:33:00,2011-12-01 11:44:00,280,151.87666666666667
14290.0,5,2274.7,2010-12-13 10:24:00,2011-11-28 14:02:00,350,454.93999999999994
14291.0,11,3851.35,2011-03-09 15:20:00,2011-12-08 10:26:00,273,350.1227272727273
14292.0,9,4838.03,2011-03-02 08:26:00,2011-12-02 11:50:00,275,537.5588888888889
14293.0,4,1046.56,2010-12-06 10:18:00,2011-12-06 15:17:00,365,261.64
14295.0,1,166.20000000000002,2011-10-30 15:50:00,2011-10-30 15:50:00,0,166.20000000000002
14297.0,4,1305.33,2011-03-10 08:31:00,2011-11-22 09:06:00,257,326.3325
14298.0,42,47306.38,2010-12-14 12:59:00,2011-12-01 13:12:00,352,1126.3423809523808
14299.0,9,3814.09,2010-12-09 10:30:00,2011-12-01 16:05:00,357,423.7877777777778
14300.0,1,43.2,2011-11-21 08:57:00,2011-11-21 08:57:00,0,43.2
14301.0,1,575.34,2011-08-14 15:33:00,2011-08-14 15:33:00,0,575.34
14304.0,1,367.5,2011-05-01 11:50:00,2011-05-01 11:50:00,0,367.5
14305.0,3,1843.96,2011-07-27 14:14:00,2011-09-29 15:29:00,64,614.6533333333333
14306.0,2,1885.64,2011-09-15 10:31:00,2011-10-19 13:23:00,34,942.82
14307.0,6,2944.87,2010-12-01 11:41:00,2011-09-12 09:38:00,284,490.81166666666667
14309.0,9,2214.29,2010-12-16 13:05:00,2011-12-01 13:33:00,350,246.03222222222223
14311.0,1,310.26,2011-04-11 10:14:00,2011-04-11 10:14:00,0,310.26
14312.0,6,1586.64,2011-01-06 16:35:00,2011-10-24 09:46:00,290,264.44
14314.0,1,120.0,2011-08-25 10:39:00,2011-08-25 10:39:00,0,120.0
14315.0,6,2394.33,2011-03-18 12:59:00,2011-10-26 12:06:00,221,399.055
14317.0,1,508.58,2011-10-06 10:44:00,2011-10-06 10:44:00,0,508.58
14320.0,2,477.79,2011-01-11 09:12:00,2011-05-17 09:24:00,126,238.895
14321.0,5,1530.75,2011-01-10 11:35:00,2011-11-29 09:47:00,322,306.15
14323.0,2,605.0600000000001,2011-04-15 11:44:00,2011-08-17 11:37:00,123,302.53000000000003
14326.0,1,183.85,2011-04-11 15:04:00,2011-04-11 15:04:00,0,183.85
14327.0,1,311.65000000000003,2011-06-29 13:58:00,2011-06-29 13:58:00,0,311.65000000000003
14329.0,7,4874.56,2011-01-14 13:42:00,2011-11-22 15:50:00,312,696.3657142857144
14331.0,2,462.66,2011-07-27 15:14:00,2011-08-07 13:17:00,10,231.33
14332.0,3,866.3100000000001,2011-07-15 10:33:00,2011-11-17 11:54:00,125,288.77000000000004
14333.0,1,415.2,2011-10-03 10:38:00,2011-10-03 10:38:00,0,415.2
14334.0,8,2552.21,2010-12-16 17:37:00,2011-11-23 10:01:00,341,319.02625
14335.0,2,468.26,2011-09-04 13:07:00,2011-11-23 13:41:00,80,234.13
14336.0,4,1614.91,2011-03-08 16:48:00,2011-11-23 11:40:00,259,403.7275
14338.0,2,588.22,2011-05-27 13:30:00,2011-07-01 14:08:00,35,294.11
14339.0,1,309.52000000000004,2011-04-11 11:06:00,2011-04-11 11:06:00,0,309.52000000000004
14340.0,1,134.7,2011-05-05 09:44:00,2011-05-05 09:44:00,0,134.7
14341.0,8,2182.28,2011-01-25 13:55:00,2011-10-25 15:48:00,273,272.785
14342.0,4,668.5600000000001,2011-05-13 13:50:00,2011-11-18 13:21:00,188,167.14000000000001
14344.0,8,849.98,2010-12-06 11:58:00,2011-08-04 13:51:00,241,106.2475
14345.0,1,108.98,2011-11-01 09:51:00,2011-11-01 09:51:00,0,108.98
14346.0,2,936.58,2011-02-15 13:52:00,2011-08-11 09:47:00,176,468.29
14348.0,1,409.57,2011-03-24 16:23:00,2011-03-24 16:23:00,0,409.57
14349.0,1,133.5,2011-11-29 15:39:00,2011-11-29 15:39:00,0,133.5
14350.0,1,282.93,2011-03-10 14:14:00,2011-03-10 14:14:00,0,282.93
14351.0,1,51.0,2011-06-28 11:56:00,2011-06-28 11:56:00,0,51.0
14352.0,4,1047.06,2011-03-11 14:58:00,2011-07-05 15:41:00,116,261.765
14353.0,1,90.6,2011-05-08 16:06:00,2011-05-08 16:06:00,0,90.6
14354.0,2,163.62,2011-11-09 15:36:00,2011-12-04 11:32:00,24,81.81
14355.0,1,174.4,2010-12-09 12:16:00,2010-12-09 12:16:00,0,174.4
14356.0,2,701.23,2011-09-19 14:43:00,2011-09-21 09:18:00,1,350.615
14357.0,1,225.77,2011-10-27 16:23:00,2011-10-27 16:23:00,0,225.77
14359.0,3,895.23,2011-09-13 09:03:00,2011-11-20 13:17:00,68,298.41
14360.0,4,2009.88,2011-09-06 11:58:00,2011-11-08 09:12:00,62,502.47
14362.0,1,161.2,2011-11-17 15:08:00,2011-11-17 15:08:00,0,161.2
14364.0,8,3717.35,2011-05-12 12:56:00,2011-08-23 11:01:00,102,464.66875
14367.0,16,9261.52,2011-03-08 14:12:00,2011-12-01 13:19:00,267,578.845
14368.0,1,155.0,2011-01-24 09:52:00,2011-01-24 09:52:00,0,155.0
14371.0,1,100.5,2011-02-17 16:35:00,2011-02-17 16:35:00,0,100.5
14373.0,1,51.6,2010-12-16 15:40:00,2010-12-16 15:40:00,0,51.6
14375.0,1,257.68,2011-06-07 13:44:00,2011-06-07 13:44:00,0,257.68
14377.0,2,561.15,2011-03-22 13:38:00,2011-06-01 13:32:00,70,280.575
14379.0,2,348.1,2011-02-17 15:03:00,2011-10-26 16:43:00,251,174.05
14381.0,1,202.68,2011-10-18 17:10:00,2011-10-18 17:10:00,0,202.68
14382.0,1,602.12,2011-11-13 16:18:00,2011-11-13 16:18:00,0,602.12
14383.0,3,1247.69,2011-06-29 10:18:00,2011-11-01 15:53:00,125,415.8966666666667
14385.0,3,202.10999999999999,2011-11-16 11:55:00,2011-11-30 15:36:00,14,67.36999999999999
14386.0,1,142.4,2011-02-16 09:45:00,2011-02-16 09:45:00,0,142.4
14387.0,3,1687.3600000000001,2011-08-22 14:13:00,2011-11-07 12:29:00,76,562.4533333333334
14388.0,8,3212.84,2010-12-02 11:02:00,2011-11-29 13:32:00,362,401.605
14389.0,2,1043.46,2011-06-02 12:04:00,2011-10-05 15:17:00,125,521.73
14390.0,9,4612.87,2010-12-02 11:57:00,2011-11-29 13:49:00,362,512.5411111111111
14393.0,1,67.95,2011-05-05 18:16:00,2011-05-05 18:16:00,0,67.95
14395.0,9,3507.71,2010-12-02 18:15:00,2011-12-07 14:34:00,369,389.74555555555554
14396.0,2,487.99,2010-12-03 15:19:00,2011-10-05 16:09:00,306,243.995
14397.0,19,2509.28,2011-05-10 12:25:00,2011-12-07 09:22:00,210,132.06736842105263
14400.0,1,574.7,2011-07-13 15:50:00,2011-07-13 15:50:00,0,574.7
14401.0,13,3995.3199999999997,2010-12-15 09:07:00,2011-12-05 13:30:00,355,307.33230769230767
14403.0,4,1475.81,2011-04-06 14:23:00,2011-08-01 12:57:00,116,368.9525
14404.0,6,1457.3700000000001,2010-12-05 16:00:00,2011-11-06 12:30:00,335,242.895
14406.0,1,156.75,2011-08-12 16:54:00,2011-08-12 16:54:00,0,156.75
14407.0,5,1988.38,2011-03-08 11:59:00,2011-08-24 14:02:00,169,397.67600000000004
14408.0,7,2606.53,2011-03-20 14:41:00,2011-11-29 11:41:00,253,372.3614285714286
14409.0,6,1901.1000000000001,2010-12-06 15:03:00,2011-09-29 18:18:00,297,316.85
14410.0,9,1105.07,2011-02-07 09:36:00,2011-09-08 15:08:00,213,122.78555555555555
14411.0,1,1063.0,2011-02-02 10:56:00,2011-02-02 10:56:00,0,1063.0
14412.0,2,770.03,2011-09-28 08:48:00,2011-10-28 10:45:00,30,385.015
14413.0,1,122.7,2010-12-12 13:37:00,2010-12-12 13:37:00,0,122.7
14414.0,7,1441.3,2010-12-16 11:11:00,2011-09-09 12:09:00,267,205.9
14415.0,13,5883.33,2010-12-14 13:31:00,2011-12-08 14:38:00,359,452.56384615384616
14416.0,2,490.22,2011-10-28 15:10:00,2011-11-17 15:22:00,20,245.11
14418.0,3,1897.3,2011-08-23 17:18:00,2011-12-06 11:39:00,104,632.4333333333333
14419.0,6,1058.06,2010-12-10 10:56:00,2011-11-29 11:22:00,354,176.34333333333333
14420.0,1,387.52,2011-09-01 18:07:00,2011-09-01 18:07:00,0,387.52
14421.0,2,813.11,2011-05-12 10:49:00,2011-10-13 13:24:00,154,406.555
14422.0,6,4263.64,2011-03-17 17:26:00,2011-12-09 11:26:00,266,710.6066666666667
14423.0,1,265.2,2011-05-05 15:12:00,2011-05-05 15:12:00,0,265.2
14424.0,1,322.08,2011-11-22 11:48:00,2011-11-22 11:48:00,0,322.08
14426.0,10,4447.77,2011-01-31 09:51:00,2011-11-16 12:25:00,289,444.77700000000004
14427.0,2,363.34000000000003,2011-10-07 09:10:00,2011-10-20 14:23:00,13,181.67000000000002
14428.0,5,1219.83,2011-01-18 16:39:00,2011-12-02 13:17:00,317,243.96599999999998
14431.0,1,470.36,2011-02-10 10:40:00,2011-02-10 10:40:00,0,470.36
14432.0,6,2255.51,2011-09-11 14:09:00,2011-11-30 08:04:00,79,375.91833333333335
14434.0,6,1372.8,2011-09-28 15:31:00,2011-11-18 08:56:00,50,228.79999999999998
14436.0,1,89.06,2011-09-02 10:13:00,2011-09-02 10:13:00,0,89.06
14437.0,1,63.0,2010-12-09 09:27:00,2010-12-09 09:27:00,0,63.0
14438.0,1,131.9,2011-02-06 14:56:00,2011-02-06 14:56:00,0,131.9
14439.0,1,2661.24,2011-01-24 11:39:00,2011-01-24 11:39:00,0,2661.24
14440.0,5,2357.68,2010-12-09 12:49:00,2011-12-01 15:42:00,357,471.53599999999994
14441.0,4,1696.24,2011-03-29 12:01:00,2011-12-09 09:07:00,254,424.06
14442.0,2,1500.02,2011-01-27 09:33:00,2011-05-19 11:36:00,112,750.01
14443.0,4,1384.25,2010-12-06 11:03:00,2011-10-17 10:10:00,314,346.0625
14446.0,4,1039.58,2011-04-07 12:10:00,2011-12-09 11:34:00,245,259.895
14447.0,5,1163.23,2011-03-04 10:49:00,2011-11-21 08:28:00,261,232.64600000000002
14448.0,2,375.35,2010-12-10 17:26:00,2011-11-30 13:50:00,354,187.675
14449.0,4,907.1,2010-12-02 14:09:00,2011-11-21 12:06:00,353,226.775
14450.0,3,483.25,2011-01-23 11:53:00,2011-06-12 10:46:00,139,161.08333333333334
14451.0,2,662.59,2011-05-29 12:35:00,2011-10-10 13:38:00,134,331.295
14452.0,2,247.49,2011-09-07 11:32:00,2011-11-29 12:06:00,83,123.745
14453.0,1,119.93,2011-06-02 14:15:00,2011-06-02 14:15:00,0,119.93
14456.0,9,3062.4,2011-07-20 13:06:00,2011-12-04 13:59:00,137,340.26666666666665
14457.0,1,113.64,2011-02-02 09:39:00,2011-02-02 09:39:00,0,113.64
14459.0,1,1837.92,2011-07-07 13:35:00,2011-07-07 13:35:00,0,1837.92
14460.0,3,392.58,2011-02-02 11:55:00,2011-08-21 14:19:00,200,130.85999999999999
14461.0,3,2086.11,2011-03-23 12:15:00,2011-07-14 17:11:00,113,695.37
14462.0,11,1987.07,2011-01-04 12:45:00,2011-10-04 15:55:00,273,180.64272727272726
14463.0,3,514.62,2011-05-18 14:42:00,2011-09-02 15:20:00,107,171.54
14465.0,3,1058.6200000000001,2011-02-10 12:13:00,2011-04-07 12:38:00,56,352.8733333333334
14466.0,7,2272.4,2010-12-02 13:36:00,2011-11-10 14:07:00,343,324.62857142857143
14467.0,4,598.76,2011-01-31 12:35:00,2011-11-22 12:48:00,295,149.69
14470.0,2,411.19,2011-02-25 11:56:00,2011-11-28 10:31:00,275,205.595
14472.0,8,1869.99,2010-12-19 14:03:00,2011-08-28 11:01:00,251,233.74875
14473.0,2,234.34,2011-03-02 13:56:00,2011-09-26 15:10:00,208,117.17
14474.0,1,514.36,2011-10-24 13:26:00,2011-10-24 13:26:00,0,514.36
14475.0,3,925.85,2011-02-08 10:12:00,2011-09-29 10:46:00,233,308.6166666666667
14476.0,1,215.7,2011-03-27 15:39:00,2011-03-27 15:39:00,0,215.7
14477.0,4,1309.6,2011-02-15 15:44:00,2011-11-20 11:11:00,277,327.4
14479.0,2,316.25,2010-12-09 12:59:00,2011-03-31 09:07:00,111,158.125
14480.0,1,279.05,2011-11-28 16:35:00,2011-11-28 16:35:00,0,279.05
14481.0,2,636.51,2011-02-25 13:53:00,2011-06-28 10:38:00,122,318.255
14482.0,6,1907.5,2011-04-14 16:41:00,2011-11-21 13:14:00,220,317.9166666666667
14483.0,1,137.1,2011-03-03 10:26:00,2011-03-03 10:26:00,0,137.1
14484.0,1,321.92,2011-10-20 14:11:00,2011-10-20 14:11:00,0,321.92
14485.0,1,165.75,2011-11-01 12:25:00,2011-11-01 12:25:00,0,165.75
14487.0,6,1134.48,2010-12-06 13:22:00,2011-11-13 12:17:00,341,189.08
14488.0,1,1064.28,2011-10-03 09:30:00,2011-10-03 09:30:00,0,1064.28
14489.0,1,463.38,2011-05-16 14:51:00,2011-05-16 14:51:00,0,463.38
14491.0,2,340.93,2010-12-02 12:10:00,2011-06-17 15:22:00,197,170.465
14493.0,5,2343.29,2011-07-07 16:59:00,2011-12-02 16:14:00,147,468.658
14494.0,1,139.56,2011-11-14 09:21:00,2011-11-14 09:21:00,0,139.56
14495.0,2,123.80000000000001,2011-08-10 14:13:00,2011-10-20 12:28:00,70,61.900000000000006
14496.0,2,538.8100000000001,2010-12-01 15:35:00,2011-02-01 09:01:00,61,269.40500000000003
14497.0,1,475.37,2011-02-03 17:01:00,2011-02-03 17:01:00,0,475.37
14498.0,5,1787.32,2010-12-13 11:29:00,2011-10-28 12:09:00,319,357.464
14499.0,3,815.32,2011-03-06 11:55:00,2011-11-13 13:01:00,252,271.77333333333337
14500.0,3,356.85,2011-06-03 10:08:00,2011-09-12 16:45:00,101,118.95
14501.0,2,251.21,2011-01-24 10:43:00,2011-06-09 12:02:00,136,125.605
14502.0,11,2436.77,2011-01-30 15:52:00,2011-11-20 11:50:00,293,221.52454545454546
14503.0,6,3511.36,2011-06-14 10:00:00,2011-12-06 13:30:00,175,585.2266666666667
14504.0,4,673.26,2011-03-06 14:38:00,2011-10-23 16:00:00,231,168.315
14505.0,8,5818.79,2010-12-12 16:14:00,2011-11-22 15:45:00,344,727.34875
14506.0,5,2012.17,2010-12-05 14:25:00,2011-11-22 13:02:00,351,402.434
14507.0,6,1366.23,2011-03-08 17:23:00,2011-11-16 12:21:00,252,227.705
14508.0,2,276.42,2011-09-11 11:29:00,2011-11-17 19:48:00,67,138.21
14511.0,5,1289.81,2011-07-29 12:13:00,2011-11-28 17:05:00,122,257.962
14512.0,2,225.38,2011-04-21 19:05:00,2011-06-05 12:39:00,44,112.69
14513.0,2,317.35,2011-02-24 09:36:00,2011-05-17 12:21:00,82,158.675
14514.0,3,1055.35,2011-01-12 15:22:00,2011-10-09 16:05:00,270,351.7833333333333
14515.0,6,2082.14,2011-05-05 12:13:00,2011-11-22 11:37:00,200,347.0233333333333
14517.0,2,330.45,2011-07-21 11:42:00,2011-11-06 14:20:00,108,165.225
14518.0,1,157.42,2011-10-06 14:43:00,2011-10-06 14:43:00,0,157.42
14520.0,2,270.6,2011-02-22 09:15:00,2011-12-08 09:46:00,289,135.3
14522.0,4,974.54,2011-05-25 16:01:00,2011-11-15 13:24:00,173,243.635
14523.0,1,241.09,2011-08-23 13:13:00,2011-08-23 13:13:00,0,241.09
14524.0,9,1711.88,2010-12-14 11:01:00,2011-11-08 12:29:00,329,190.2088888888889
14525.0,9,4225.45,2010-12-13 17:40:00,2011-11-20 11:37:00,341,469.4944444444444
14527.0,55,8069.12,2010-12-05 13:17:00,2011-12-07 12:19:00,366,146.71127272727273
14528.0,1,364.21999999999997,2011-11-02 17:09:00,2011-11-02 17:09:00,0,364.21999999999997
14529.0,3,620.04,2011-08-21 14:10:00,2011-10-10 15:27:00,50,206.67999999999998
14530.0,6,2777.21,2011-02-16 10:47:00,2011-11-14 10:38:00,270,462.86833333333334
14532.0,4,915.9,2010-12-22 13:48:00,2011-04-17 13:05:00,115,228.975
14533.0,7,1745.72,2010-12-22 11:07:00,2011-11-15 12:05:00,328,249.38857142857142
14534.0,18,4380.25,2011-01-25 12:33:00,2011-12-07 12:19:00,315,243.34722222222223
14535.0,3,2864.19,2011-04-05 12:50:00,2011-10-10 15:39:00,188,954.73
14536.0,1,171.8,2011-03-25 12:21:00,2011-03-25 12:21:00,0,171.8
14537.0,1,355.56,2011-10-13 10:54:00,2011-10-13 10:54:00,0,355.56
14538.0,2,388.25,2011-03-28 14:57:00,2011-10-06 10:31:00,191,194.125
14539.0,2,537.48,2011-10-26 12:03:00,2011-11-24 09:50:00,28,268.74
14540.0,3,996.26,2011-02-03 15:02:00,2011-11-30 10:15:00,299,332.08666666666664
14541.0,8,1461.65,2011-01-24 14:16:00,2011-10-12 10:08:00,260,182.70625
14542.0,1,103.25,2011-06-07 08:19:00,2011-06-07 08:19:00,0,103.25
14543.0,16,3562.53,2010-12-10 11:51:00,2011-11-11 12:45:00,336,222.658125
14544.0,2,1903.82,2010-12-13 12:50:00,2011-11-15 15:06:00,337,951.91
14546.0,5,2578.09,2011-04-05 12:37:00,2011-12-04 13:00:00,243,515.618
14547.0,8,3895.69,2011-10-16 14:35:00,2011-12-06 11:06:00,50,486.96125
14548.0,2,652.8,2011-01-26 08:38:00,2011-07-12 12:19:00,167,326.4
14549.0,1,289.24,2011-02-01 13:47:00,2011-02-01 13:47:00,0,289.24
14550.0,2,765.62,2011-10-26 12:14:00,2011-11-29 12:12:00,33,382.81
14551.0,2,186.23,2011-05-19 18:21:00,2011-11-21 13:36:00,185,93.115
14552.0,1,165.07,2011-07-11 12:49:00,2011-07-11 12:49:00,0,165.07
14553.0,5,694.27,2011-01-04 15:40:00,2011-11-20 13:20:00,319,138.85399999999998
14554.0,4,2356.09,2011-10-18 13:04:00,2011-11-29 16:44:00,42,589.0225
14555.0,2,324.14,2011-02-10 17:19:00,2011-10-13 16:24:00,244,162.07
14557.0,1,788.38,2011-09-15 15:48:00,2011-09-15 15:48:00,0,788.38
14560.0,21,2136.97,2010-12-17 09:22:00,2011-12-02 15:22:00,350,101.76047619047618
14561.0,3,1080.76,2011-06-08 13:26:00,2011-09-25 12:39:00,108,360.25333333333333
14562.0,18,4994.87,2011-02-08 14:45:00,2011-12-06 11:05:00,300,277.49277777777775
14565.0,4,2949.12,2010-12-13 13:25:00,2011-09-05 09:07:00,265,737.28
14567.0,2,1530.3600000000001,2011-08-01 13:48:00,2011-10-14 10:21:00,73,765.1800000000001
14569.0,1,227.39,2011-12-08 14:58:00,2011-12-08 14:58:00,0,227.39
14570.0,2,218.06,2011-03-04 10:39:00,2011-03-04 10:58:00,0,109.03
14572.0,7,2792.94,2011-01-19 17:23:00,2011-12-06 14:40:00,320,398.99142857142857
14573.0,9,1602.57,2010-12-02 19:59:00,2011-06-13 11:15:00,192,178.06333333333333
14576.0,1,35.400000000000006,2010-12-02 17:51:00,2010-12-02 17:51:00,0,35.400000000000006
14577.0,4,859.71,2010-12-12 11:26:00,2011-11-27 12:47:00,350,214.9275
14578.0,1,168.63,2011-12-06 17:18:00,2011-12-06 17:18:00,0,168.63
14581.0,1,138.6,2011-11-23 12:39:00,2011-11-23 12:39:00,0,138.6
14582.0,1,114.11,2011-10-30 11:56:00,2011-10-30 11:56:00,0,114.11
14583.0,5,1052.55,2011-05-18 11:28:00,2011-12-04 12:32:00,200,210.51
14584.0,4,978.46,2011-05-25 17:31:00,2011-06-23 18:33:00,29,244.615
14585.0,1,157.05,2011-10-20 14:33:00,2011-10-20 14:33:00,0,157.05
14586.0,1,237.35999999999999,2011-03-08 10:04:00,2011-03-08 10:04:00,0,237.35999999999999
14587.0,9,1601.14,2011-01-12 13:16:00,2011-11-21 11:34:00,312,177.90444444444447
14589.0,1,39.75,2010-12-03 11:42:00,2010-12-03 11:42:00,0,39.75
14591.0,4,1413.24,2011-05-10 14:09:00,2011-11-24 13:57:00,197,353.31
14592.0,3,570.46,2011-10-06 18:08:00,2011-11-04 16:35:00,28,190.15333333333334
14593.0,3,617.99,2011-05-25 11:14:00,2011-11-18 12:48:00,177,205.99666666666667
14594.0,2,379.83,2010-12-01 13:54:00,2011-12-02 13:28:00,365,189.915
14595.0,6,1740.6000000000001,2011-01-30 13:36:00,2011-11-20 12:12:00,293,290.1
14597.0,2,883.15,2011-06-01 12:33:00,2011-11-28 13:13:00,180,441.575
14598.0,1,221.97,2011-10-26 13:19:00,2011-10-26 13:19:00,0,221.97
14600.0,1,393.33000000000004,2011-02-07 09:48:00,2011-02-07 09:48:00,0,393.33000000000004
14601.0,1,213.96,2011-11-29 09:48:00,2011-11-29 09:48:00,0,213.96
14606.0,90,11493.7,2010-12-01 16:57:00,2011-12-08 19:28:00,372,127.70777777777779
14607.0,12,9756.54,2011-03-23 15:22:00,2011-11-24 10:35:00,245,813.0450000000001
14608.0,4,1785.15,2010-12-12 14:49:00,2011-12-05 16:52:00,358,446.2875
14616.0,3,406.08000000000004,2011-01-26 12:42:00,2011-04-11 09:54:00,74,135.36
14618.0,3,523.44,2011-01-06 11:59:00,2011-11-30 13:45:00,328,174.48000000000002
14619.0,1,394.44,2011-04-08 07:37:00,2011-04-08 07:37:00,0,394.44
14620.0,2,412.78000000000003,2011-03-01 08:30:00,2011-05-18 11:58:00,78,206.39000000000001
14621.0,5,1737.51,2010-12-16 13:00:00,2011-12-08 16:22:00,357,347.502
14622.0,1,320.58000000000004,2011-06-08 12:42:00,2011-06-08 12:42:00,0,320.58000000000004
14623.0,5,889.25,2011-04-18 13:54:00,2011-11-07 13:56:00,203,177.85
14624.0,2,225.85,2011-10-11 14:39:00,2011-10-13 13:44:00,1,112.925
14625.0,2,865.73,2010-12-13 15:36:00,2011-05-27 15:32:00,164,432.865
14626.0,4,2751.32,2011-04-20 13:18:00,2011-11-16 10:37:00,209,687.83
14628.0,2,655.01,2011-04-11 14:43:00,2011-09-09 14:58:00,151,327.505
14629.0,2,925.71,2011-10-23 16:13:00,2011-12-05 16:55:00,43,462.855
14631.0,3,1006.98,2011-02-14 09:31:00,2011-10-20 11:17:00,248,335.66
14632.0,1,114.56,2011-03-22 08:49:00,2011-03-22 08:49:00,0,114.56
14633.0,1,344.90000000000003,2011-03-18 17:07:00,2011-03-18 17:07:00,0,344.90000000000003
14636.0,2,609.85,2011-03-16 09:52:00,2011-11-03 16:12:00,232,304.925
14638.0,1,443.6,2011-10-20 10:10:00,2011-10-20 10:10:00,0,443.6
14639.0,6,2848.89,2010-12-13 13:50:00,2011-10-18 15:06:00,309,474.815
14640.0,6,2091.78,2011-04-26 12:31:00,2011-11-15 13:07:00,203,348.63000000000005
14641.0,1,110.46000000000001,2011-11-18 10:42:00,2011-11-18 10:42:00,0,110.46000000000001
14642.0,1,96.12,2011-10-12 11:08:00,2011-10-12 11:08:00,0,96.12
14643.0,2,693.8100000000001,2010-12-16 17:53:00,2011-06-22 14:41:00,187,346.90500000000003
14644.0,2,830.76,2011-02-14 14:14:00,2011-10-03 08:30:00,230,415.38
14645.0,2,557.14,2011-03-09 09:52:00,2011-07-06 09:15:00,118,278.57
14646.0,63,158967.8,2010-12-20 10:09:00,2011-12-07 15:19:00,352,2523.2984126984124
14647.0,1,243.22,2011-05-22 13:40:00,2011-05-22 13:40:00,0,243.22
14649.0,4,1387.05,2011-05-11 14:37:00,2011-12-05 12:30:00,207,346.7625
14651.0,2,603.75,2011-05-12 16:29:00,2011-10-03 15:52:00,143,301.875
14652.0,1,114.18,2011-09-23 14:21:00,2011-09-23 14:21:00,0,114.18
14653.0,7,1947.55,2011-01-05 13:40:00,2011-12-08 13:45:00,337,278.2214285714286
14655.0,4,1932.23,2011-05-01 14:59:00,2011-12-01 16:28:00,214,483.0575
14656.0,2,291.05,2011-03-01 13:19:00,2011-06-23 13:51:00,114,145.525
14657.0,4,848.22,2011-01-17 15:19:00,2011-11-22 12:47:00,308,212.055
14658.0,2,207.2,2011-08-14 15:42:00,2011-12-04 15:35:00,111,103.6
14659.0,9,2529.93,2011-01-28 12:43:00,2011-12-01 12:17:00,306,281.1033333333333
14660.0,2,285.74,2011-08-31 10:40:00,2011-09-14 11:34:00,14,142.87
14661.0,1,107.95,2011-11-13 11:51:00,2011-11-13 11:51:00,0,107.95
14662.0,4,771.17,2011-01-27 17:41:00,2011-11-11 12:13:00,287,192.7925
14664.0,2,637.89,2011-11-06 14:56:00,2011-11-20 10:59:00,13,318.945
14665.0,5,1717.05,2011-02-02 09:08:00,2011-10-10 09:14:00,250,343.40999999999997
14666.0,1,195.25,2011-11-15 12:57:00,2011-11-15 12:57:00,0,195.25
14667.0,25,9160.77,2010-12-06 13:13:00,2011-11-29 11:30:00,357,366.43080000000003
14669.0,3,1236.09,2011-01-11 12:30:00,2011-04-12 11:43:00,90,412.03
14670.0,2,411.53,2011-03-04 13:58:00,2011-03-04 14:13:00,0,205.765
14672.0,2,765.5500000000001,2011-01-07 15:48:00,2011-04-19 10:19:00,101,382.77500000000003
14673.0,5,1736.4,2010-12-07 12:49:00,2011-12-06 14:31:00,364,347.28000000000003
14675.0,1,604.75,2011-11-23 12:58:00,2011-11-23 12:58:00,0,604.75
14676.0,6,2290.7200000000003,2011-03-01 14:26:00,2011-11-08 13:29:00,251,381.7866666666667
14680.0,16,25618.61,2010-12-03 12:05:00,2011-11-14 16:59:00,346,1601.163125
14681.0,3,498.95,2011-05-12 10:45:00,2011-09-29 15:52:00,140,166.31666666666666
14682.0,2,52.0,2011-05-22 12:51:00,2011-06-05 12:12:00,13,26.0
14684.0,5,1236.28,2010-12-12 12:44:00,2011-11-14 11:33:00,336,247.256
14687.0,1,549.1800000000001,2011-08-25 11:59:00,2011-08-25 11:59:00,0,549.1800000000001
14688.0,21,5605.87,2010-12-01 09:37:00,2011-12-02 12:26:00,366,266.94619047619045
14689.0,1,112.80000000000001,2011-05-15 11:22:00,2011-05-15 11:22:00,0,112.80000000000001
14690.0,2,371.7,2011-07-11 11:58:00,2011-10-26 15:39:00,107,185.85
14691.0,5,2114.33,2011-05-11 09:55:00,2011-11-09 12:30:00,182,422.866
14692.0,4,591.55,2011-01-21 13:47:00,2011-07-25 15:08:00,185,147.8875
14693.0,1,172.9,2011-03-20 12:50:00,2011-03-20 12:50:00,0,172.9
14696.0,7,2078.95,2010-12-01 15:37:00,2011-12-05 13:43:00,368,296.99285714285713
14697.0,2,188.61,2011-05-05 15:29:00,2011-05-05 15:39:00,0,94.305
14698.0,5,1250.76,2011-10-19 12:54:00,2011-12-08 12:26:00,49,250.152
14699.0,1,109.13000000000001,2011-05-09 14:54:00,2011-05-09 14:54:00,0,109.13000000000001
14700.0,3,2235.3,2011-04-15 13:16:00,2011-11-07 14:40:00,206,745.1
14701.0,9,2128.9700000000003,2011-01-27 12:40:00,2011-11-29 12:38:00,305,236.55222222222224
14702.0,17,3088.7400000000002,2010-12-09 19:23:00,2011-12-08 19:29:00,364,181.69058823529414
14703.0,1,318.17,2011-11-25 09:23:00,2011-11-25 09:23:00,0,318.17
14704.0,7,1516.91,2011-06-12 13:59:00,2011-11-20 12:20:00,160,216.70142857142858
14705.0,1,179.0,2011-05-25 12:39:00,2011-05-25 12:39:00,0,179.0
14708.0,3,988.13,2010-12-06 12:23:00,2011-12-07 08:21:00,365,329.37666666666667
14709.0,13,4921.04,2010-12-16 13:43:00,2011-11-24 15:41:00,343,378.54153846153844
14710.0,4,606.13,2011-10-11 13:49:00,2011-11-25 14:53:00,45,151.5325
14711.0,11,2213.8,2011-03-22 13:32:00,2011-11-29 14:58:00,252,201.25454545454548
14712.0,3,917.07,2011-08-19 13:33:00,2011-11-10 12:59:00,82,305.69
14713.0,11,2666.36,2010-12-09 18:58:00,2011-11-30 16:26:00,355,242.39636363636365
14714.0,1,79.55,2011-11-15 13:07:00,2011-11-15 13:07:00,0,79.55
14715.0,4,850.4300000000001,2011-01-12 13:27:00,2011-11-15 12:10:00,306,212.60750000000002
14716.0,2,329.68,2011-07-14 12:42:00,2011-10-27 17:29:00,105,164.84
14719.0,5,1602.13,2011-04-04 14:17:00,2011-12-08 12:43:00,247,320.42600000000004
14720.0,3,612.96,2011-08-05 12:06:00,2011-12-04 12:02:00,120,204.32000000000002
14722.0,1,187.92,2011-07-15 14:58:00,2011-07-15 14:58:00,0,187.92
14723.0,6,1141.35,2010-12-03 14:18:00,2011-11-29 15:23:00,361,190.225
14725.0,1,718.08,2011-11-15 12:42:00,2011-11-15 12:42:00,0,718.08
14727.0,1,116.03,2011-03-10 14:45:00,2011-03-10 14:45:00,0,116.03
14729.0,1,313.49,2010-12-01 12:43:00,2010-12-01 12:43:00,0,313.49
14730.0,8,1895.66,2011-03-08 12:49:00,2011-12-08 14:39:00,275,236.9575
14731.0,3,380.02,2011-05-11 13:06:00,2011-10-23 15:54:00,165,126.67333333333333
14732.0,8,2685.54,2011-01-04 14:40:00,2011-12-01 14:34:00,330,335.6925
14733.0,12,9585.91,2010-12-07 11:30:00,2011-11-23 15:39:00,351,798.8258333333333
14735.0,31,6050.6900000000005,2010-12-16 16:05:00,2011-12-06 12:09:00,354,195.18354838709678
14737.0,3,1164.55,2010-12-21 13:49:00,2011-12-06 10:16:00,349,388.18333333333334
14738.0,7,1294.5,2011-01-27 14:10:00,2011-10-28 08:56:00,273,184.92857142857142
14739.0,7,3132.84,2010-12-07 14:58:00,2011-12-05 16:54:00,363,447.54857142857145
14740.0,3,1380.41,2011-03-01 08:35:00,2011-05-26 18:17:00,86,460.1366666666667
14741.0,6,1306.74,2010-12-02 08:43:00,2011-11-28 08:48:00,361,217.79
14744.0,7,1084.98,2010-12-08 10:21:00,2011-11-23 12:51:00,350,154.99714285714285
14745.0,5,1220.26,2011-02-27 15:25:00,2011-08-19 10:05:00,172,244.052
14747.0,1,294.3,2011-04-04 14:09:00,2011-04-04 14:09:00,0,294.3
14748.0,5,1415.75,2010-12-06 10:19:00,2011-11-10 18:33:00,339,283.15
14752.0,1,180.84,2011-10-27 11:55:00,2011-10-27 11:55:00,0,180.84
14753.0,1,563.15,2011-09-13 14:50:00,2011-09-13 14:50:00,0,563.15
14754.0,2,638.05,2011-02-17 12:21:00,2011-10-26 12:01:00,250,319.025
14755.0,11,4970.33,2011-01-09 14:02:00,2011-11-30 11:24:00,324,451.8481818181818
14756.0,1,705.66,2011-11-24 18:13:00,2011-11-24 18:13:00,0,705.66
14757.0,1,420.5,2011-09-25 14:36:00,2011-09-25 14:36:00,0,420.5
14758.0,4,1400.26,2011-03-25 12:10:00,2011-07-18 08:21:00,114,350.065
14759.0,3,1610.02,2011-04-21 10:55:00,2011-12-05 12:03:00,228,536.6733333333333
14760.0,1,89.2,2011-02-15 16:27:00,2011-02-15 16:27:00,0,89.2
14761.0,2,255.9,2011-01-09 12:03:00,2011-10-12 12:10:00,276,127.95
14762.0,1,300.52,2011-03-21 08:20:00,2011-03-21 08:20:00,0,300.52
14764.0,1,278.3,2011-10-24 11:54:00,2011-10-24 11:54:00,0,278.3
14765.0,3,254.11,2011-06-16 19:49:00,2011-11-10 19:53:00,147,84.70333333333333
14766.0,6,2473.37,2010-12-08 15:33:00,2011-12-01 16:05:00,358,412.2283333333333
14768.0,2,192.60000000000002,2011-08-04 13:25:00,2011-11-22 12:54:00,109,96.30000000000001
14769.0,8,10389.05,2010-12-17 11:40:00,2011-12-07 10:24:00,354,1298.63125
14770.0,2,876.4200000000001,2011-01-20 15:00:00,2011-04-21 14:21:00,90,438.21000000000004
14772.0,1,139.26,2011-08-19 15:04:00,2011-08-19 15:04:00,0,139.26
14775.0,3,1011.9,2010-12-02 16:38:00,2011-10-12 15:27:00,313,337.3
14776.0,11,2538.2999999999997,2011-01-31 13:17:00,2011-10-19 15:34:00,261,230.75454545454542
14778.0,2,730.86,2011-02-04 11:43:00,2011-08-04 15:23:00,181,365.43
14779.0,3,254.4,2011-01-20 12:04:00,2011-03-04 12:42:00,43,84.8
14780.0,2,430.73,2011-09-21 15:15:00,2011-10-16 12:46:00,24,215.365
14782.0,1,200.10000000000002,2011-01-24 11:12:00,2011-01-24 11:12:00,0,200.10000000000002
14784.0,2,250.04000000000002,2011-01-20 09:25:00,2011-11-13 13:30:00,297,125.02000000000001
14785.0,2,77.4,2011-11-24 13:40:00,2011-11-29 13:21:00,4,38.7
14788.0,2,679.44,2011-11-13 15:52:00,2011-12-02 17:06:00,19,339.72
14789.0,1,197.64,2011-11-11 08:59:00,2011-11-11 08:59:00,0,197.64
14790.0,4,745.06,2011-03-31 11:49:00,2011-11-23 09:28:00,236,186.265
14792.0,1,6.2,2011-10-07 09:19:00,2011-10-07 09:19:00,0,6.2
14793.0,1,228.99,2011-11-18 14:50:00,2011-11-18 14:50:00,0,228.99
14794.0,6,1235.16,2011-01-09 16:11:00,2011-12-07 10:11:00,331,205.86
14795.0,1,131.45000000000002,2011-06-26 13:04:00,2011-06-26 13:04:00,0,131.45000000000002
14796.0,17,8022.49,2010-12-08 10:40:00,2011-12-08 15:31:00,365,471.9111764705882
14798.0,3,173.74,2011-02-02 15:26:00,2011-10-18 10:58:00,257,57.913333333333334
14799.0,1,157.7,2011-10-19 16:16:00,2011-10-19 16:16:00,0,157.7
14800.0,12,4238.04,2010-12-05 11:10:00,2011-10-23 12:46:00,322,353.17
14801.0,1,193.14,2011-10-09 15:24:00,2011-10-09 15:24:00,0,193.14
14803.0,3,845.5500000000001,2011-02-20 13:21:00,2011-06-30 13:58:00,130,281.85
14804.0,1,353.27,2011-12-01 11:20:00,2011-12-01 11:20:00,0,353.27
14805.0,4,554.65,2011-01-30 10:43:00,2011-11-24 16:20:00,298,138.6625
14806.0,1,193.39000000000001,2011-09-25 15:32:00,2011-09-25 15:32:00,0,193.39000000000001
14808.0,7,2267.87,2011-06-20 12:53:00,2011-10-31 12:21:00,132,323.9814285714286
14810.0,11,2067.93,2010-12-05 12:08:00,2011-10-30 11:19:00,328,187.99363636363634
14813.0,2,155.43,2010-12-05 11:54:00,2010-12-05 11:57:00,0,77.715
14815.0,2,778.5,2011-10-03 11:36:00,2011-11-03 11:36:00,31,389.25
14816.0,1,21.85,2011-05-26 13:16:00,2011-05-26 13:16:00,0,21.85
14817.0,2,1010.34,2011-03-07 13:51:00,2011-05-23 13:35:00,76,505.17
14818.0,3,657.8,2011-03-31 12:28:00,2011-09-27 11:01:00,179,219.26666666666665
14819.0,2,272.07,2011-05-31 13:50:00,2011-10-06 13:41:00,127,136.035
14820.0,4,507.29,2011-06-19 14:56:00,2011-11-18 15:41:00,152,126.8225
14821.0,1,48.800000000000004,2010-12-08 08:43:00,2010-12-08 08:43:00,0,48.800000000000004
14823.0,3,321.43,2011-05-29 12:48:00,2011-06-12 13:12:00,14,107.14333333333333
14824.0,4,1127.71,2011-09-09 14:12:00,2011-11-29 14:20:00,81,281.9275
14825.0,12,2226.9100000000003,2010-12-06 12:30:00,2011-12-06 11:38:00,364,185.57583333333335
14828.0,3,1405.1200000000001,2011-01-07 09:50:00,2011-05-27 10:16:00,140,468.3733333333334
14829.0,4,697.55,2010-12-02 16:12:00,2011-11-10 16:16:00,343,174.3875
14830.0,1,197.13,2011-10-17 14:29:00,2011-10-17 14:29:00,0,197.13
14834.0,6,1720.3,2011-04-13 15:00:00,2011-11-22 10:30:00,222,286.71666666666664
14836.0,3,102.45,2011-11-09 13:26:00,2011-11-29 16:45:00,20,34.15
14837.0,4,1649.5,2011-05-22 12:49:00,2011-09-11 10:58:00,111,412.375
14840.0,1,62.85,2011-03-17 12:00:00,2011-03-17 12:00:00,0,62.85
14841.0,6,3295.76,2010-12-16 10:28:00,2011-10-17 15:03:00,305,549.2933333333334
14842.0,4,2529.69,2011-02-04 15:32:00,2011-10-27 12:37:00,264,632.4225
14844.0,4,2831.81,2011-04-12 13:10:00,2011-10-07 10:41:00,177,707.9525
14847.0,1,309.40000000000003,2011-07-14 10:52:00,2011-07-14 10:52:00,0,309.40000000000003
14849.0,25,7851.34,2010-12-01 12:22:00,2011-11-18 10:58:00,351,314.0536
14850.0,1,325.75,2011-02-01 11:21:00,2011-02-01 11:21:00,0,325.75
14851.0,2,511.35,2011-03-28 14:59:00,2011-11-16 14:20:00,232,255.675
14852.0,6,2819.7400000000002,2011-04-01 13:22:00,2011-10-12 13:20:00,193,469.9566666666667
14853.0,2,475.8,2011-05-12 15:17:00,2011-11-15 16:56:00,187,237.9
14854.0,7,2648.03,2011-03-10 12:22:00,2011-09-22 17:00:00,196,378.29
14855.0,2,645.65,2011-07-28 12:06:00,2011-08-12 14:02:00,15,322.825
14856.0,3,1311.38,2011-10-14 09:35:00,2011-11-03 14:53:00,20,437.1266666666667
14857.0,2,1173.1200000000001,2011-07-14 15:03:00,2011-10-11 09:23:00,88,586.5600000000001
14859.0,4,1336.79,2011-05-19 14:42:00,2011-11-27 11:18:00,191,334.1975
14860.0,1,170.32,2011-11-20 14:17:00,2011-11-20 14:17:00,0,170.32
14861.0,1,125.79,2011-10-18 12:54:00,2011-10-18 12:54:00,0,125.79
14862.0,2,841.2,2011-07-14 11:20:00,2011-11-14 10:01:00,122,420.6
14863.0,1,266.76,2011-11-10 15:04:00,2011-11-10 15:04:00,0,266.76
14865.0,2,52.2,2010-12-02 18:23:00,2011-12-02 16:25:00,364,26.1
14866.0,10,9371.48,2011-07-21 14:14:00,2011-11-29 11:45:00,130,937.1479999999999
14867.0,3,710.28,2011-01-07 16:34:00,2011-06-07 11:39:00,150,236.76
14868.0,8,2937.64,2011-04-20 13:36:00,2011-12-06 14:49:00,230,367.205
14869.0,2,708.75,2011-08-28 16:09:00,2011-12-01 12:36:00,94,354.375
14870.0,1,327.25,2011-03-23 10:51:00,2011-03-23 10:51:00,0,327.25
14871.0,4,522.38,2010-12-14 12:18:00,2011-12-06 13:42:00,357,130.595
14873.0,1,519.68,2011-05-13 13:52:00,2011-05-13 13:52:00,0,519.68
14875.0,2,1308.57,2011-03-22 11:53:00,2011-08-24 12:20:00,155,654.285
14878.0,9,1485.54,2010-12-16 12:11:00,2011-11-27 11:15:00,345,165.06
14880.0,3,691.19,2011-02-24 12:27:00,2011-09-23 13:42:00,211,230.39666666666668
14881.0,1,255.4,2011-11-20 11:06:00,2011-11-20 11:06:00,0,255.4
14882.0,2,589.7,2011-11-06 10:15:00,2011-11-13 12:47:00,7,294.85
14883.0,6,761.59,2011-05-12 09:49:00,2011-11-21 10:23:00,193,126.93166666666667
14885.0,1,765.3199999999999,2011-07-31 12:05:00,2011-07-31 12:05:00,0,765.3199999999999
14886.0,1,364.8,2011-04-01 08:56:00,2011-04-01 08:56:00,0,364.8
14887.0,1,72.0,2011-09-21 15:32:00,2011-09-21 15:32:00,0,72.0
14888.0,1,369.2,2011-05-16 14:58:00,2011-05-16 14:58:00,0,369.2
14889.0,1,135.9,2011-01-07 15:19:00,2011-01-07 15:19:00,0,135.9
14890.0,1,125.65,2011-03-31 11:57:00,2011-03-31 11:57:00,0,125.65
14891.0,2,554.38,2011-06-05 10:58:00,2011-07-14 18:08:00,39,277.19
14893.0,2,1212.9,2011-11-28 10:49:00,2011-11-30 12:31:00,2,606.45
14894.0,1,655.75,2011-09-15 13:51:00,2011-09-15 13:51:00,0,655.75
14895.0,20,10723.26,2011-02-22 13:08:00,2011-12-02 09:23:00,282,536.163
14896.0,2,468.77000000000004,2010-12-09 12:24:00,2011-05-19 10:20:00,160,234.38500000000002
14897.0,4,1283.18,2011-02-16 08:37:00,2011-12-02 10:32:00,289,320.795
14898.0,6,1069.18,2010-12-03 15:25:00,2011-11-16 14:54:00,347,178.1966666666667
14901.0,9,1421.29,2010-12-02 11:20:00,2011-11-28 17:09:00,361,157.92111111111112
14902.0,1,332.66,2011-11-14 10:34:00,2011-11-14 10:34:00,0,332.66
14903.0,5,2752.03,2011-03-06 11:50:00,2011-11-18 16:07:00,257,550.4060000000001
14904.0,2,913.12,2011-11-14 09:13:00,2011-12-07 12:55:00,23,456.56
14905.0,2,616.15,2011-04-20 10:48:00,2011-07-05 12:41:00,76,308.075
14907.0,7,3337.6,2010-12-07 10:14:00,2011-12-06 14:14:00,364,476.8
14908.0,1,277.8,2011-09-26 12:56:00,2011-09-26 12:56:00,0,277.8
14910.0,4,434.35,2011-10-16 11:06:00,2011-12-07 10:06:00,51,108.5875
14911.0,198,125132.11,2010-12-01 14:05:00,2011-12-08 15:54:00,372,631.9803535353535
14912.0,2,811.69,2011-04-07 11:06:00,2011-11-23 09:20:00,229,405.845
14913.0,4,1227.43,2010-12-15 14:35:00,2011-11-04 08:29:00,323,306.8575
14915.0,2,307.48,2011-03-07 09:39:00,2011-09-09 13:34:00,186,153.74
14916.0,4,1268.98,2011-01-19 15:30:00,2011-09-30 09:20:00,253,317.245
14918.0,2,1610.15,2011-07-08 12:50:00,2011-08-16 11:50:00,38,805.075
14920.0,2,960.82,2011-05-11 10:31:00,2011-05-11 10:32:00,0,480.41
14921.0,2,1316.07,2011-05-22 12:51:00,2011-11-09 13:17:00,171,658.035
14923.0,1,749.1,2011-10-20 11:51:00,2011-10-20 11:51:00,0,749.1
14924.0,1,185.05,2011-04-08 09:25:00,2011-04-08 09:25:00,0,185.05
14929.0,1,223.88,2011-11-07 17:21:00,2011-11-07 17:21:00,0,223.88
14930.0,3,2271.16,2011-03-10 14:42:00,2011-08-23 10:31:00,165,757.0533333333333
14931.0,4,864.6800000000001,2011-04-13 09:32:00,2011-12-05 10:19:00,236,216.17000000000002
14932.0,1,313.53,2010-12-09 11:48:00,2010-12-09 11:48:00,0,313.53
14934.0,2,1873.99,2011-03-02 11:48:00,2011-09-19 10:10:00,200,936.995
14935.0,1,1520.1599999999999,2011-02-15 14:44:00,2011-02-15 14:44:00,0,1520.1599999999999
14936.0,8,7955.17,2011-03-09 11:53:00,2011-11-06 10:30:00,241,994.39625
14937.0,3,1621.88,2011-08-01 14:16:00,2011-10-14 12:29:00,73,540.6266666666667
14944.0,12,5866.35,2011-02-16 12:47:00,2011-11-10 09:10:00,266,488.8625
14946.0,1,100.9,2011-11-25 13:33:00,2011-11-25 13:33:00,0,100.9
14947.0,2,275.82,2011-08-01 09:31:00,2011-09-28 15:48:00,58,137.91
14948.0,6,1101.97,2011-05-04 14:52:00,2011-11-16 17:16:00,196,183.66166666666666
14950.0,1,371.2,2011-11-20 13:48:00,2011-11-20 13:48:00,0,371.2
14951.0,1,311.69,2011-09-21 15:15:00,2011-09-21 15:15:00,0,311.69
14952.0,11,7785.09,2010-12-10 12:48:00,2011-10-11 10:33:00,304,707.7354545454546
14953.0,1,289.82,2011-11-14 14:59:00,2011-11-14 14:59:00,0,289.82
14954.0,1,296.27,2011-11-27 14:30:00,2011-11-27 14:30:00,0,296.27
14957.0,1,58.49,2011-03-31 17:59:00,2011-03-31 17:59:00,0,58.49
14958.0,3,435.88,2011-04-08 11:28:00,2011-07-15 14:20:00,98,145.29333333333332
14959.0,4,695.42,2011-02-16 13:00:00,2011-10-06 18:23:00,232,173.855
14960.0,2,221.27,2011-06-21 13:38:00,2011-12-01 12:54:00,162,110.635
14961.0,9,7044.68,2010-12-14 11:38:00,2011-11-29 09:42:00,349,782.7422222222223
14962.0,1,126.7,2011-03-14 09:42:00,2011-03-14 09:42:00,0,126.7
14963.0,5,1487.8,2011-06-09 12:30:00,2011-11-30 12:16:00,173,297.56
14964.0,1,206.21,2011-04-06 14:13:00,2011-04-06 14:13:00,0,206.21
14965.0,2,599.0,2011-09-04 13:15:00,2011-09-04 13:20:00,0,299.5
14966.0,1,191.32,2011-11-25 12:20:00,2011-11-25 12:20:00,0,191.32
14967.0,1,463.8,2011-10-21 11:06:00,2011-10-21 11:06:00,0,463.8
14968.0,1,147.59,2011-11-09 13:58:00,2011-11-09 13:58:00,0,147.59
14970.0,4,1592.06,2011-01-27 12:23:00,2011-10-02 13:44:00,248,398.015
14971.0,3,1100.62,2011-10-27 13:33:00,2011-11-04 17:07:00,8,366.8733333333333
14972.0,1,114.77,2011-08-03 14:54:00,2011-08-03 14:54:00,0,114.77
14973.0,3,564.45,2011-04-28 12:22:00,2011-08-24 15:51:00,118,188.15
14974.0,1,114.39,2011-11-02 13:01:00,2011-11-02 13:01:00,0,114.39
14975.0,1,279.94,2011-10-13 14:08:00,2011-10-13 14:08:00,0,279.94
14976.0,6,775.86,2011-01-17 11:09:00,2011-10-13 16:33:00,269,129.31
14978.0,5,1931.42,2011-01-13 12:03:00,2011-09-28 13:07:00,258,386.284
14981.0,1,102.12,2011-04-07 13:45:00,2011-04-07 13:45:00,0,102.12
14984.0,2,213.27,2011-06-12 11:04:00,2011-11-20 14:28:00,161,106.635
14985.0,2,296.75,2010-12-16 19:51:00,2011-05-25 14:29:00,159,148.375
14987.0,2,326.4,2010-12-09 12:13:00,2011-11-24 09:59:00,349,163.2
14988.0,1,334.54,2011-05-12 12:05:00,2011-05-12 12:05:00,0,334.54
14995.0,2,233.23000000000002,2011-03-04 13:14:00,2011-11-01 11:39:00,241,116.61500000000001
14997.0,3,546.1999999999999,2011-06-14 16:52:00,2011-10-24 13:28:00,131,182.06666666666663
14998.0,2,429.87,2011-04-12 16:28:00,2011-06-22 17:30:00,71,214.935
15000.0,1,490.52,2011-10-23 11:42:00,2011-10-23 11:42:00,0,490.52
15002.0,4,1641.76,2010-12-07 13:16:00,2011-08-16 10:44:00,251,410.44
15004.0,1,1214.42,2011-07-15 14:05:00,2011-07-15 14:05:00,0,1214.42
15005.0,28,6282.67,2010-12-08 14:36:00,2011-11-24 12:25:00,350,224.38107142857143
15006.0,1,502.09,2011-10-19 15:08:00,2011-10-19 15:08:00,0,502.09
15007.0,1,156.91,2011-07-03 16:00:00,2011-07-03 16:00:00,0,156.91
15009.0,3,1245.13,2011-11-14 17:40:00,2011-11-27 13:35:00,12,415.04333333333335
15010.0,1,308.94,2011-11-04 12:42:00,2011-11-04 12:42:00,0,308.94
15012.0,2,423.04,2010-12-01 12:49:00,2011-10-17 12:22:00,319,211.52
15014.0,2,260.17,2011-06-16 19:40:00,2011-10-27 20:07:00,133,130.085
15016.0,1,170.04,2011-06-20 12:06:00,2011-06-20 12:06:00,0,170.04
15017.0,1,125.58,2011-11-06 10:33:00,2011-11-06 10:33:00,0,125.58
15018.0,3,431.26,2010-12-07 10:47:00,2011-11-01 12:47:00,329,143.75333333333333
15019.0,1,266.0,2011-03-18 12:35:00,2011-03-18 12:35:00,0,266.0
15021.0,9,1894.8700000000001,2010-12-08 12:17:00,2011-12-01 11:53:00,357,210.54111111111112
15022.0,3,865.09,2011-10-23 15:47:00,2011-11-28 12:35:00,35,288.36333333333334
15023.0,11,6461.96,2010-12-05 13:49:00,2011-12-06 17:23:00,366,587.4509090909091
15024.0,10,1661.33,2010-12-07 13:20:00,2011-11-30 12:06:00,357,166.13299999999998
15025.0,1,377.01,2011-11-06 15:20:00,2011-11-06 15:20:00,0,377.01
15026.0,3,469.0,2011-03-07 13:45:00,2011-09-20 13:52:00,197,156.33333333333334
15027.0,4,1066.15,2011-04-15 14:14:00,2011-11-09 10:16:00,207,266.5375
15028.0,4,627.13,2010-12-06 12:47:00,2011-12-01 14:06:00,360,156.7825
15030.0,2,518.28,2011-03-16 15:34:00,2011-09-29 10:50:00,196,259.14
15031.0,4,668.14,2011-03-02 14:46:00,2011-12-05 14:19:00,277,167.035
15032.0,3,3639.1,2010-12-08 12:57:00,2011-03-28 15:03:00,110,1213.0333333333333
15033.0,10,2538.82,2011-01-14 13:28:00,2011-12-05 12:40:00,324,253.882
15034.0,8,4190.96,2010-12-21 09:47:00,2011-11-24 12:11:00,338,523.87
15035.0,1,252.73000000000002,2011-09-11 11:08:00,2011-09-11 11:08:00,0,252.73000000000002
15036.0,3,465.55,2011-06-13 12:19:00,2011-09-28 15:42:00,107,155.18333333333334
15038.0,6,705.49,2010-12-05 10:54:00,2011-10-12 11:33:00,311,117.58166666666666
15039.0,47,19406.54,2010-12-06 11:26:00,2011-11-30 11:31:00,359,412.9051063829787
15041.0,1,180.35,2011-06-22 16:16:00,2011-06-22 16:16:00,0,180.35
15042.0,1,135.93,2011-05-24 16:25:00,2011-05-24 16:25:00,0,135.93
15043.0,1,537.0,2011-11-08 14:26:00,2011-11-08 14:26:00,0,537.0
15044.0,17,7643.38,2010-12-12 14:27:00,2011-11-20 13:20:00,342,449.61058823529413
15045.0,2,735.66,2011-03-27 11:44:00,2011-07-11 11:33:00,105,367.83
15046.0,15,4477.59,2011-01-05 15:30:00,2011-11-30 15:50:00,329,298.50600000000003
15047.0,1,343.62,2011-03-15 10:49:00,2011-03-15 10:49:00,0,343.62
15048.0,4,384.05,2010-12-06 12:15:00,2011-10-05 14:55:00,303,96.0125
15049.0,1,121.17000000000002,2011-03-11 12:13:00,2011-03-11 12:13:00,0,121.17000000000002
15050.0,3,1782.09,2011-09-29 13:22:00,2011-11-14 16:17:00,46,594.03
15051.0,3,1305.81,2011-07-12 15:29:00,2011-11-16 15:38:00,127,435.27
15052.0,1,135.88,2011-01-24 15:52:00,2011-01-24 15:52:00,0,135.88
15053.0,3,697.79,2011-03-03 12:06:00,2011-12-05 12:08:00,277,232.59666666666666
15054.0,2,302.1,2011-10-30 14:33:00,2011-11-27 15:02:00,28,151.05
15057.0,2,1489.5,2011-01-28 09:09:00,2011-03-09 15:17:00,40,744.75
15058.0,11,2055.19,2011-01-31 15:35:00,2011-11-14 14:57:00,286,186.83545454545455
15059.0,9,1286.87,2011-01-09 11:54:00,2011-10-30 11:35:00,293,142.98555555555555
15060.0,4,303.09000000000003,2011-11-30 14:03:00,2011-12-01 13:47:00,0,75.77250000000001
15061.0,47,37154.58,2010-12-02 15:19:00,2011-12-06 12:06:00,368,790.5229787234043
15062.0,4,987.86,2010-12-15 15:37:00,2011-09-29 16:51:00,288,246.965
15063.0,1,115.6,2011-05-10 13:25:00,2011-05-10 13:25:00,0,115.6
15065.0,4,2752.53,2011-02-21 12:54:00,2011-11-02 09:45:00,253,688.1325
15066.0,1,893.59,2011-10-17 13:25:00,2011-10-17 13:25:00,0,893.59
15067.0,3,1704.86,2011-03-02 12:10:00,2011-09-22 13:20:00,204,568.2866666666666
15068.0,2,553.36,2011-03-28 14:27:00,2011-10-24 14:47:00,210,276.68
15069.0,1,1092.58,2011-06-13 14:16:00,2011-06-13 14:16:00,0,1092.58
15070.0,1,106.2,2010-12-02 11:23:00,2010-12-02 11:23:00,0,106.2
15071.0,2,982.07,2011-03-09 10:19:00,2011-09-07 11:43:00,182,491.035
15073.0,3,1043.41,2011-06-06 09:59:00,2011-11-30 10:44:00,177,347.80333333333334
15074.0,1,748.87,2011-08-26 14:45:00,2011-08-26 14:45:00,0,748.87
15075.0,1,773.03,2011-09-23 12:27:00,2011-09-23 12:27:00,0,773.03
15076.0,1,844.9,2011-06-20 08:23:00,2011-06-20 08:23:00,0,844.9
15078.0,32,9743.11,2010-12-06 12:38:00,2011-12-02 15:41:00,361,304.4721875
15079.0,3,773.76,2010-12-09 09:25:00,2011-05-11 12:44:00,153,257.92
15081.0,5,488.15000000000003,2010-12-07 16:20:00,2011-11-17 17:08:00,345,97.63000000000001
15083.0,1,88.2,2011-03-28 12:18:00,2011-03-28 12:18:00,0,88.2
15087.0,1,246.46,2011-03-03 10:34:00,2011-03-03 10:34:00,0,246.46
15088.0,2,1075.07,2011-10-03 14:05:00,2011-11-18 13:14:00,45,537.535
15089.0,6,2403.89,2011-08-03 14:14:00,2011-11-29 16:31:00,118,400.6483333333333
15090.0,1,381.32,2011-02-04 14:03:00,2011-02-04 14:03:00,0,381.32
15091.0,1,480.71,2011-10-03 12:47:00,2011-10-03 12:47:00,0,480.71
15092.0,2,457.81,2011-03-01 12:24:00,2011-05-08 14:10:00,68,228.905
15093.0,6,4160.7,2010-12-02 18:25:00,2011-11-21 13:09:00,353,693.4499999999999
15095.0,4,1370.6000000000001,2011-05-20 14:27:00,2011-08-28 12:01:00,99,342.65000000000003
15096.0,1,219.39000000000001,2011-10-28 10:27:00,2011-10-28 10:27:00,0,219.39000000000001
15097.0,1,248.08,2011-12-05 14:03:00,2011-12-05 14:03:00,0,248.08
15098.0,1,297.0,2011-06-10 15:22:00,2011-06-10 15:22:00,0,297.0
15099.0,1,410.48,2011-09-16 13:13:00,2011-09-16 13:13:00,0,410.48
15100.0,3,876.0,2010-12-01 09:09:00,2011-01-10 10:35:00,40,292.0
15101.0,2,317.53000000000003,2010-12-15 12:54:00,2011-12-01 10:18:00,350,158.76500000000001
15103.0,2,593.36,2011-09-14 13:54:00,2011-11-08 14:53:00,55,296.68
15104.0,2,837.99,2011-03-02 14:16:00,2011-05-27 12:29:00,85,418.995
15105.0,7,2298.93,2011-07-28 10:09:00,2011-11-21 16:54:00,116,328.4185714285714
15106.0,5,1405.57,2011-03-15 12:52:00,2011-11-22 09:16:00,251,281.114
15107.0,6,319.5,2010-12-02 13:45:00,2011-02-01 14:46:00,61,53.25
15108.0,3,1159.25,2011-04-26 10:54:00,2011-07-21 10:24:00,85,386.4166666666667
15109.0,1,451.05,2011-04-08 09:58:00,2011-04-08 09:58:00,0,451.05
15110.0,4,756.4,2011-01-25 11:41:00,2011-11-16 11:16:00,294,189.1
15111.0,3,1567.48,2010-12-02 11:45:00,2011-11-10 16:58:00,343,522.4933333333333
15113.0,3,3525.81,2011-10-16 15:27:00,2011-11-30 08:23:00,44,1175.27
15114.0,10,2760.56,2011-02-11 08:45:00,2011-11-09 15:05:00,271,276.056
15115.0,1,306.81,2011-11-21 14:59:00,2011-11-21 14:59:00,0,306.81
15116.0,4,1352.75,2011-05-19 08:50:00,2011-11-22 12:25:00,187,338.1875
15117.0,5,1183.13,2011-05-08 12:38:00,2011-11-25 08:12:00,200,236.62600000000003
15119.0,1,192.55,2011-04-08 09:08:00,2011-04-08 09:08:00,0,192.55
15120.0,1,302.92,2011-07-29 09:48:00,2011-07-29 09:48:00,0,302.92
15121.0,2,416.07,2011-02-24 12:41:00,2011-10-20 14:51:00,238,208.035
15122.0,3,1633.78,2011-02-15 09:59:00,2011-08-17 16:48:00,183,544.5933333333334
15123.0,2,2199.31,2011-05-17 14:57:00,2011-12-02 13:12:00,198,1099.655
15124.0,2,184.19,2011-06-01 09:06:00,2011-11-17 10:09:00,169,92.095
15125.0,15,10756.84,2011-03-14 09:59:00,2011-11-14 13:57:00,245,717.1226666666666
15127.0,1,406.53000000000003,2011-10-05 10:30:00,2011-10-05 10:30:00,0,406.53000000000003
15128.0,4,1471.0,2011-05-04 12:32:00,2011-10-10 13:54:00,159,367.75
15129.0,11,3326.77,2011-02-21 09:09:00,2011-10-20 14:40:00,241,302.43363636363637
15130.0,1,330.11,2011-06-23 10:15:00,2011-06-23 10:15:00,0,330.11
15132.0,5,977.9300000000001,2011-03-22 12:02:00,2011-11-21 17:10:00,244,195.586
15133.0,3,982.42,2011-02-11 10:38:00,2011-08-04 10:44:00,174,327.4733333333333
15134.0,8,1387.99,2011-04-13 11:05:00,2011-11-25 08:55:00,225,173.49875
15135.0,1,139.05,2011-04-14 19:16:00,2011-04-14 19:16:00,0,139.05
15136.0,4,1286.7,2011-09-04 16:05:00,2011-12-07 12:26:00,93,321.675
15139.0,2,178.96,2011-01-07 12:44:00,2011-04-14 11:39:00,96,89.48
15140.0,7,2275.05,2011-03-20 14:37:00,2011-10-18 14:07:00,211,325.00714285714287
15142.0,1,498.74,2011-10-24 12:51:00,2011-10-24 12:51:00,0,498.74
15143.0,1,259.45,2011-04-28 12:03:00,2011-04-28 12:03:00,0,259.45
15144.0,17,6580.4400000000005,2011-01-31 13:17:00,2011-12-01 15:12:00,304,387.084705882353
15145.0,4,1178.78,2011-04-05 15:20:00,2011-12-05 17:21:00,244,294.695
15146.0,2,1327.16,2011-02-21 13:07:00,2011-06-28 12:09:00,126,663.58
15147.0,1,623.5,2011-04-13 15:57:00,2011-04-13 15:57:00,0,623.5
15148.0,1,301.29,2011-11-29 08:21:00,2011-11-29 08:21:00,0,301.29
15149.0,1,520.8000000000001,2011-07-29 10:58:00,2011-07-29 10:58:00,0,520.8000000000001
15150.0,10,5250.62,2011-03-15 14:21:00,2011-11-22 12:52:00,251,525.062
15152.0,13,4745.69,2011-06-05 15:36:00,2011-11-30 12:32:00,177,365.0530769230769
15153.0,1,312.3,2011-11-08 17:09:00,2011-11-08 17:09:00,0,312.3
15154.0,1,296.42,2011-09-25 16:05:00,2011-09-25 16:05:00,0,296.42
15156.0,3,961.49,2011-11-06 12:41:00,2011-12-08 18:22:00,32,320.49666666666667
15157.0,3,1851.07,2010-12-16 13:44:00,2011-12-06 11:28:00,354,617.0233333333333
15158.0,1,401.40000000000003,2011-10-25 13:53:00,2011-10-25 13:53:00,0,401.40000000000003
15159.0,29,18101.11,2010-12-13 15:44:00,2011-12-08 12:05:00,359,624.1762068965518
15160.0,1,158.16,2010-12-17 14:15:00,2010-12-17 14:15:00,0,158.16
15163.0,2,304.47,2011-05-31 15:22:00,2011-11-21 13:10:00,173,152.235
15164.0,3,843.05,2011-01-04 14:21:00,2011-10-02 12:05:00,270,281.01666666666665
15165.0,1,468.8,2010-12-01 14:03:00,2010-12-01 14:03:00,0,468.8
15167.0,1,163.0,2011-01-23 12:41:00,2011-01-23 12:41:00,0,163.0
15168.0,1,106.56,2011-11-14 11:26:00,2011-11-14 11:26:00,0,106.56
15171.0,1,1289.5,2011-01-12 15:36:00,2011-01-12 15:36:00,0,1289.5
15172.0,5,1609.05,2011-04-17 11:56:00,2011-12-01 11:51:00,227,321.81
15174.0,1,135.75,2011-01-21 09:06:00,2011-01-21 09:06:00,0,135.75
15175.0,1,224.14,2011-09-29 11:31:00,2011-09-29 11:31:00,0,224.14
15178.0,1,40.5,2011-03-24 15:12:00,2011-03-24 15:12:00,0,40.5
15179.0,5,2042.79,2011-01-24 13:48:00,2011-11-21 12:53:00,300,408.558
15180.0,1,87.5,2010-12-07 14:57:00,2010-12-07 14:57:00,0,87.5
15181.0,3,689.48,2011-03-15 12:03:00,2011-10-04 13:58:00,203,229.82666666666668
15182.0,2,622.85,2011-03-16 12:42:00,2011-07-08 13:37:00,114,311.425
15184.0,2,406.76,2011-06-02 12:06:00,2011-11-10 13:41:00,161,203.38
15185.0,1,230.72,2011-09-30 14:06:00,2011-09-30 14:06:00,0,230.72
15186.0,2,411.41,2011-06-24 14:54:00,2011-11-25 14:58:00,154,205.705
15187.0,15,4697.38,2011-05-11 13:49:00,2011-12-08 11:56:00,210,313.15866666666665
15189.0,41,15634.95,2011-01-11 12:29:00,2011-12-08 13:22:00,331,381.34024390243906
15192.0,3,1044.32,2010-12-09 14:56:00,2011-08-12 11:41:00,245,348.1066666666666
15193.0,1,499.32,2011-10-10 08:23:00,2011-10-10 08:23:00,0,499.32
15194.0,15,7311.28,2010-12-06 15:00:00,2011-12-06 15:10:00,365,487.41866666666664
15197.0,3,660.21,2010-12-16 18:01:00,2011-11-29 10:00:00,347,220.07000000000002
15198.0,2,193.64,2011-08-07 15:16:00,2011-09-08 14:42:00,31,96.82
15199.0,4,1268.7,2011-02-04 14:04:00,2011-10-11 15:12:00,249,317.175
15201.0,5,1236.54,2011-04-06 14:02:00,2011-09-13 14:53:00,160,247.308
15203.0,6,1827.8,2011-02-01 12:29:00,2011-11-14 08:16:00,285,304.6333333333333
15204.0,1,316.58,2010-12-17 13:49:00,2010-12-17 13:49:00,0,316.58
15205.0,2,619.34,2011-08-04 16:07:00,2011-09-15 19:36:00,42,309.67
15206.0,4,420.3,2011-03-09 08:59:00,2011-11-29 13:41:00,265,105.075
15208.0,5,870.12,2010-12-21 13:03:00,2011-12-08 17:24:00,352,174.024
15210.0,1,245.28,2011-04-28 16:11:00,2011-04-28 16:11:00,0,245.28
15211.0,2,894.4100000000001,2010-12-09 16:08:00,2011-10-10 13:31:00,304,447.20500000000004
15212.0,1,101.8,2011-04-12 13:45:00,2011-04-12 13:45:00,0,101.8
15213.0,2,328.35,2011-01-14 11:05:00,2011-01-25 12:21:00,11,164.175
15214.0,8,1661.44,2011-04-11 09:46:00,2011-12-08 12:07:00,241,207.68
15215.0,3,709.94,2011-09-04 12:24:00,2011-10-24 11:41:00,49,236.64666666666668
15216.0,1,96.6,2011-09-13 11:41:00,2011-09-13 11:41:00,0,96.6
15218.0,11,4708.89,2011-01-25 11:20:00,2011-11-29 11:48:00,308,428.08090909090913
15219.0,1,305.75,2011-06-16 16:57:00,2011-06-16 16:57:00,0,305.75
15220.0,6,1778.96,2011-03-04 10:24:00,2011-10-19 12:39:00,229,296.49333333333334
15221.0,1,264.6,2010-12-08 13:08:00,2010-12-08 13:08:00,0,264.6
15222.0,1,585.0,2011-01-25 08:03:00,2011-01-25 08:03:00,0,585.0
15223.0,2,755.75,2011-04-04 12:17:00,2011-04-28 11:31:00,23,377.875
15224.0,2,322.08,2010-12-12 12:34:00,2010-12-16 15:02:00,4,161.04
15225.0,1,409.40000000000003,2011-04-19 14:51:00,2011-04-19 14:51:00,0,409.40000000000003
15226.0,1,154.41,2011-02-02 11:41:00,2011-02-02 11:41:00,0,154.41
15227.0,5,1083.8,2011-01-26 15:31:00,2011-11-03 11:59:00,280,216.76
15228.0,4,3318.91,2011-02-18 09:04:00,2011-10-04 13:56:00,228,829.7275
15230.0,2,429.6,2011-04-13 11:04:00,2011-04-14 14:39:00,1,214.8
15232.0,2,612.06,2011-07-22 12:21:00,2011-08-18 16:27:00,27,306.03
15234.0,1,197.0,2011-03-08 08:53:00,2011-03-08 08:53:00,0,197.0
15235.0,12,2213.61,2010-12-01 17:22:00,2011-05-06 09:44:00,155,184.4675
15236.0,1,321.05,2011-02-14 10:52:00,2011-02-14 10:52:00,0,321.05
15237.0,4,1395.37,2011-04-26 15:04:00,2011-12-08 09:46:00,225,348.8425
15238.0,3,946.99,2011-06-08 16:00:00,2011-11-10 14:28:00,154,315.66333333333336
15239.0,2,780.59,2011-09-22 09:53:00,2011-11-29 14:14:00,68,390.295
15240.0,5,1706.57,2011-02-01 08:23:00,2011-10-26 09:50:00,267,341.31399999999996
15241.0,8,1741.44,2011-03-01 11:02:00,2011-10-04 09:05:00,216,217.68
15243.0,1,316.68,2011-09-26 14:12:00,2011-09-26 14:12:00,0,316.68
15244.0,2,631.57,2011-04-05 15:12:00,2011-10-05 13:19:00,182,315.785
15245.0,3,2515.84,2011-03-23 13:42:00,2011-07-28 18:56:00,127,838.6133333333333
15246.0,2,514.15,2010-12-16 09:46:00,2011-04-15 14:45:00,120,257.075
15247.0,1,356.0,2011-08-09 12:52:00,2011-08-09 12:52:00,0,356.0
15249.0,13,6663.51,2011-03-28 12:49:00,2011-11-08 11:45:00,224,512.5776923076924
15251.0,10,9152.19,2011-04-12 10:38:00,2011-11-30 15:02:00,232,915.219
15252.0,2,740.78,2011-06-09 14:15:00,2011-11-03 13:30:00,146,370.39
15253.0,5,918.2,2011-06-23 12:19:00,2011-11-23 16:22:00,153,183.64000000000001
15254.0,1,300.36,2011-08-04 15:04:00,2011-08-04 15:04:00,0,300.36
15255.0,1,890.85,2011-10-04 12:43:00,2011-10-04 12:43:00,0,890.85
15256.0,1,98.45,2011-07-14 11:47:00,2011-07-14 11:47:00,0,98.45
15257.0,1,118.25,2011-03-01 12:58:00,2011-03-01 12:58:00,0,118.25
15258.0,2,591.26,2011-05-06 14:16:00,2011-06-24 12:30:00,48,295.63
15260.0,7,1794.8200000000002,2010-12-02 12:09:00,2011-08-31 13:55:00,272,256.40285714285716
15261.0,1,254.82,2011-07-27 15:20:00,2011-07-27 15:20:00,0,254.82
15262.0,1,178.95000000000002,2011-01-20 12:16:00,2011-01-20 12:16:00,0,178.95000000000002
15263.0,1,156.51,2011-08-25 10:26:00,2011-08-25 10:26:00,0,156.51
15264.0,1,393.74,2011-10-06 13:49:00,2011-10-06 13:49:00,0,393.74
15265.0,2,1489.17,2011-04-18 12:16:00,2011-07-11 14:46:00,84,744.585
15266.0,1,119.3,2011-01-05 13:40:00,2011-01-05 13:40:00,0,119.3
15267.0,5,1567.6,2011-06-10 10:24:00,2011-11-17 15:59:00,160,313.52
15269.0,1,118.8,2011-11-16 09:32:00,2011-11-16 09:32:00,0,118.8
15270.0,7,1436.69,2011-02-02 13:25:00,2011-11-24 09:24:00,294,205.24142857142857
15271.0,15,2449.2200000000003,2010-12-09 13:47:00,2011-12-02 14:11:00,358,163.28133333333335
15272.0,2,721.94,2011-09-14 16:36:00,2011-10-13 12:59:00,28,360.97
15274.0,2,716.57,2011-11-21 14:17:00,2011-12-05 16:57:00,14,358.285
15275.0,1,615.14,2011-11-02 11:20:00,2011-11-02 11:20:00,0,615.14
15276.0,1,135.31,2011-10-04 16:39:00,2011-10-04 16:39:00,0,135.31
15277.0,1,255.89999999999998,2011-10-24 10:08:00,2011-10-24 10:08:00,0,255.89999999999998
15279.0,1,270.56,2010-12-20 10:48:00,2010-12-20 10:48:00,0,270.56
15280.0,1,113.12,2011-06-20 17:14:00,2011-06-20 17:14:00,0,113.12
15281.0,9,2332.15,2011-01-10 15:51:00,2011-10-12 09:10:00,274,259.1277777777778
15286.0,1,240.55,2011-10-21 11:08:00,2011-10-21 11:08:00,0,240.55
15287.0,2,414.69,2011-09-30 12:30:00,2011-11-17 15:34:00,48,207.345
15288.0,5,2306.52,2010-12-09 13:59:00,2011-10-27 16:58:00,322,461.304
15289.0,3,939.78,2011-04-04 12:44:00,2011-11-10 13:49:00,220,313.26
15290.0,18,7778.46,2010-12-15 16:03:00,2011-12-05 11:39:00,354,432.13666666666666
15291.0,13,4227.3,2010-12-01 09:32:00,2011-11-14 11:02:00,348,325.1769230769231
15292.0,1,164.99,2011-05-22 15:00:00,2011-05-22 15:00:00,0,164.99
15296.0,6,3672.86,2011-01-17 11:57:00,2011-10-20 11:47:00,275,612.1433333333333
15297.0,3,641.94,2011-10-07 09:42:00,2011-11-29 16:32:00,53,213.98000000000002
15298.0,11,3809.9,2010-12-08 13:55:00,2011-12-07 17:17:00,364,346.3545454545455
15299.0,2,1169.85,2010-12-02 16:51:00,2011-10-03 14:19:00,304,584.925
15300.0,1,496.44,2011-10-06 17:08:00,2011-10-06 17:08:00,0,496.44
15301.0,11,4447.85,2010-12-06 12:21:00,2011-10-20 09:57:00,317,404.35
15303.0,1,542.12,2011-02-22 13:59:00,2011-02-22 13:59:00,0,542.12
15304.0,8,694.4,2010-12-06 11:42:00,2011-10-10 10:23:00,307,86.8
15306.0,3,1174.3500000000001,2011-07-14 15:22:00,2011-10-06 12:56:00,83,391.45000000000005
15307.0,1,205.3,2011-09-05 11:38:00,2011-09-05 11:38:00,0,205.3
15308.0,1,310.47,2011-03-10 13:08:00,2011-03-10 13:08:00,0,310.47
15311.0,91,56591.06,2010-12-01 09:41:00,2011-12-09 12:00:00,373,621.8797802197802
15312.0,4,924.85,2010-12-20 12:51:00,2011-09-25 13:10:00,279,231.2125
15313.0,1,52.0,2011-08-21 16:02:00,2011-08-21 16:02:00,0,52.0
15314.0,1,327.97,2011-05-24 14:39:00,2011-05-24 14:39:00,0,327.97
15315.0,2,570.5,2011-08-15 15:17:00,2011-10-06 12:51:00,51,285.25
15316.0,1,165.0,2011-01-17 11:34:00,2011-01-17 11:34:00,0,165.0
15318.0,1,312.62,2011-12-06 11:30:00,2011-12-06 11:30:00,0,312.62
15319.0,1,204.5,2011-03-01 12:48:00,2011-03-01 12:48:00,0,204.5
15320.0,1,197.53,2011-10-26 13:27:00,2011-10-26 13:27:00,0,197.53
15321.0,3,2748.31,2011-02-21 11:10:00,2011-09-30 09:40:00,220,916.1033333333334
15322.0,1,679.68,2011-09-15 09:34:00,2011-09-15 09:34:00,0,679.68
15325.0,1,162.29,2011-08-28 11:55:00,2011-08-28 11:55:00,0,162.29
15326.0,1,311.71,2011-01-10 11:38:00,2011-01-10 11:38:00,0,311.71
15327.0,1,208.75,2011-10-18 11:55:00,2011-10-18 11:55:00,0,208.75
15329.0,3,1049.7,2011-06-21 10:37:00,2011-10-31 15:36:00,132,349.90000000000003
15330.0,2,297.35999999999996,2011-10-10 12:30:00,2011-11-07 17:50:00,28,148.67999999999998
15332.0,4,1661.06,2010-12-05 12:00:00,2010-12-08 14:43:00,3,415.265
15333.0,1,1028.56,2011-05-15 13:27:00,2011-05-15 13:27:00,0,1028.56
15334.0,3,351.67,2011-06-19 13:51:00,2011-07-06 11:22:00,16,117.22333333333334
15335.0,1,173.97,2011-10-17 12:50:00,2011-10-17 12:50:00,0,173.97
15339.0,2,574.07,2011-01-25 13:15:00,2011-10-04 12:51:00,251,287.035
15341.0,1,2020.52,2011-09-20 09:40:00,2011-09-20 09:40:00,0,2020.52
15342.0,1,406.09000000000003,2011-08-02 10:19:00,2011-08-02 10:19:00,0,406.09000000000003
15343.0,1,364.5,2011-09-13 13:55:00,2011-09-13 13:55:00,0,364.5
15344.0,3,563.94,2011-09-26 14:48:00,2011-12-09 10:45:00,73,187.98000000000002
15345.0,1,373.59000000000003,2011-10-25 11:28:00,2011-10-25 11:28:00,0,373.59000000000003
15346.0,1,252.42000000000002,2011-01-11 11:18:00,2011-01-11 11:18:00,0,252.42000000000002
15347.0,1,201.60000000000002,2010-12-08 15:25:00,2010-12-08 15:25:00,0,201.60000000000002
15348.0,1,158.04,2011-09-28 13:17:00,2011-09-28 13:17:00,0,158.04
15349.0,2,473.81,2011-06-05 15:46:00,2011-07-04 16:06:00,29,236.905
15350.0,1,115.65,2010-12-01 13:33:00,2010-12-01 13:33:00,0,115.65
15351.0,7,1960.11,2010-12-05 11:49:00,2011-11-27 12:52:00,357,280.0157142857143
15353.0,2,777.02,2010-12-07 11:49:00,2011-03-30 12:15:00,113,388.51
15355.0,2,277.05,2011-10-17 15:22:00,2011-11-10 13:44:00,23,138.525
15356.0,10,2766.5,2010-12-06 14:05:00,2011-11-08 13:11:00,336,276.65
15358.0,22,8166.24,2010-12-09 10:04:00,2011-12-05 09:04:00,360,371.19272727272727
15360.0,1,427.93,2011-10-31 09:35:00,2011-10-31 09:35:00,0,427.93
15361.0,1,215.4,2010-12-13 09:52:00,2010-12-13 09:52:00,0,215.4
15363.0,1,326.0,2010-12-02 12:28:00,2010-12-02 12:28:00,0,326.0
15364.0,2,913.19,2011-03-30 13:39:00,2011-09-05 09:46:00,158,456.595
15365.0,7,2314.32,2011-01-28 13:08:00,2011-11-14 08:29:00,289,330.6171428571429
15366.0,2,602.51,2010-12-16 15:59:00,2011-09-25 15:01:00,282,301.255
15367.0,4,1877.5900000000001,2011-03-09 13:53:00,2011-10-13 14:13:00,218,469.39750000000004
15368.0,1,167.70000000000002,2011-11-18 14:42:00,2011-11-18 14:42:00,0,167.70000000000002
15370.0,7,2386.05,2011-01-11 11:32:00,2011-10-30 10:58:00,291,340.86428571428576
15372.0,1,1498.12,2011-07-25 16:39:00,2011-07-25 16:39:00,0,1498.12
15373.0,11,2364.96,2010-12-03 14:40:00,2011-12-01 15:05:00,363,214.99636363636364
15374.0,1,168.0,2011-08-03 09:59:00,2011-08-03 09:59:00,0,168.0
15376.0,3,1211.41,2011-05-01 13:45:00,2011-10-30 15:04:00,182,403.80333333333334
15379.0,7,3703.29,2010-12-16 13:02:00,2011-06-23 13:13:00,189,529.0414285714286
15380.0,5,1690.26,2010-12-09 15:01:00,2011-12-01 12:13:00,356,338.052
15381.0,1,282.3,2011-03-16 13:44:00,2011-03-16 13:44:00,0,282.3
15382.0,6,5846.150000000001,2011-02-17 12:01:00,2011-11-25 10:58:00,280,974.3583333333335
15384.0,2,642.41,2010-12-15 11:34:00,2011-06-23 10:57:00,189,321.205
15385.0,1,316.88,2011-10-30 15:11:00,2011-10-30 15:11:00,0,316.88
15386.0,1,394.14,2011-06-06 13:47:00,2011-06-06 13:47:00,0,394.14
15388.0,1,140.54,2011-03-14 13:53:00,2011-03-14 13:53:00,0,140.54
15392.0,4,1518.58,2010-12-14 15:50:00,2011-12-05 11:01:00,355,379.645
15393.0,2,231.86,2011-03-03 16:58:00,2011-11-23 16:48:00,264,115.93
15394.0,4,2183.54,2010-12-16 12:46:00,2011-11-30 11:49:00,348,545.885
15395.0,1,107.45,2011-01-18 12:40:00,2011-01-18 12:40:00,0,107.45
15396.0,1,288.18,2011-08-19 10:56:00,2011-08-19 10:56:00,0,288.18
15397.0,1,94.0,2011-02-23 09:25:00,2011-02-23 09:25:00,0,94.0
15398.0,2,1345.53,2011-09-22 14:56:00,2011-11-23 16:47:00,62,672.765
15399.0,3,815.77,2011-09-21 15:57:00,2011-12-08 13:04:00,77,271.92333333333335
15400.0,5,716.2,2011-03-06 11:27:00,2011-09-08 13:57:00,186,143.24
15402.0,2,536.0500000000001,2011-05-27 13:32:00,2011-07-14 12:17:00,47,268.02500000000003
15405.0,1,349.1,2011-06-03 14:44:00,2011-06-03 14:44:00,0,349.1
15406.0,2,510.71000000000004,2011-02-11 16:19:00,2011-11-08 13:22:00,269,255.35500000000002
15407.0,4,861.44,2011-02-07 13:18:00,2011-11-06 11:55:00,271,215.36
15408.0,1,234.28,2011-03-20 15:02:00,2011-03-20 15:02:00,0,234.28
15410.0,8,3450.84,2011-03-23 10:15:00,2011-09-16 14:47:00,177,431.355
15411.0,4,1358.88,2011-06-10 12:30:00,2011-11-13 15:19:00,156,339.72
15412.0,1,190.53,2011-06-21 15:24:00,2011-06-21 15:24:00,0,190.53
15414.0,3,759.9000000000001,2011-04-11 13:45:00,2011-11-30 09:50:00,232,253.30000000000004
15415.0,1,572.8100000000001,2011-01-30 14:13:00,2011-01-30 14:13:00,0,572.8100000000001
15416.0,4,3952.42,2011-03-02 08:41:00,2011-10-06 09:38:00,218,988.105
15417.0,1,508.8,2011-09-15 15:26:00,2011-09-15 15:26:00,0,508.8
15419.0,1,135.86,2011-11-15 09:23:00,2011-11-15 09:23:00,0,135.86
15421.0,4,950.36,2011-02-02 14:36:00,2011-10-12 09:20:00,251,237.59
15422.0,2,97.7,2011-01-20 14:17:00,2011-01-20 16:17:00,0,48.85
15423.0,1,43.5,2011-11-01 14:01:00,2011-11-01 14:01:00,0,43.5
15424.0,2,322.86,2011-03-30 13:00:00,2011-03-30 13:02:00,0,161.43
15426.0,5,1422.39,2010-12-05 13:55:00,2011-11-20 15:36:00,350,284.478
15427.0,3,1483.14,2011-10-23 14:47:00,2011-11-06 14:29:00,13,494.38000000000005
15428.0,1,93.78,2011-11-24 16:54:00,2011-11-24 16:54:00,0,93.78
15429.0,2,397.35,2011-09-25 13:42:00,2011-11-13 12:28:00,48,198.675
15432.0,1,171.19000000000003,2011-11-16 16:30:00,2011-11-16 16:30:00,0,171.19000000000003
15433.0,2,533.3,2011-03-17 14:12:00,2011-05-10 10:45:00,53,266.65
15434.0,5,1041.48,2011-05-23 14:18:00,2011-12-01 13:33:00,191,208.296
15435.0,1,149.29,2011-11-17 16:39:00,2011-11-17 16:39:00,0,149.29
15436.0,3,1122.53,2011-04-19 16:52:00,2011-11-27 16:05:00,221,374.1766666666667
15437.0,1,200.16,2011-03-22 13:11:00,2011-03-22 13:11:00,0,200.16
15438.0,1,156.57999999999998,2011-07-31 14:19:00,2011-07-31 14:19:00,0,156.57999999999998
15440.0,3,383.68,2011-05-15 11:30:00,2011-10-16 12:16:00,154,127.89333333333333
15442.0,1,594.0,2011-04-05 12:24:00,2011-04-05 12:24:00,0,594.0
15443.0,7,3152.16,2011-01-23 13:25:00,2011-12-08 10:40:00,318,450.3085714285714
15444.0,2,1418.26,2011-10-30 16:12:00,2011-11-30 17:37:00,31,709.13
15445.0,1,113.5,2011-03-20 15:06:00,2011-03-20 15:06:00,0,113.5
15447.0,1,155.17000000000002,2011-01-13 11:26:00,2011-01-13 11:26:00,0,155.17000000000002
15448.0,1,494.64,2011-01-31 10:42:00,2011-01-31 10:42:00,0,494.64
15449.0,3,974.52,2011-03-23 10:43:00,2011-11-13 15:02:00,235,324.84
15450.0,1,429.84,2011-11-09 17:11:00,2011-11-09 17:11:00,0,429.84
15452.0,3,538.73,2011-03-20 15:21:00,2011-11-10 12:13:00,234,179.57666666666668
15453.0,7,1388.37,2011-06-05 12:37:00,2011-12-08 10:59:00,185,198.3385714285714
15454.0,1,179.1,2010-12-12 14:21:00,2010-12-12 14:21:00,0,179.1
15456.0,3,416.98,2010-12-15 15:34:00,2011-03-01 13:51:00,75,138.99333333333334
15457.0,1,237.07,2011-03-22 15:31:00,2011-03-22 15:31:00,0,237.07
15458.0,1,161.64,2011-11-14 13:08:00,2011-11-14 13:08:00,0,161.64
15460.0,1,216.76,2010-12-20 16:08:00,2010-12-20 16:08:00,0,216.76
15462.0,3,234.6,2011-06-05 15:36:00,2011-09-06 13:11:00,92,78.2
15463.0,1,126.14,2011-11-10 12:57:00,2011-11-10 12:57:00,0,126.14
15464.0,1,888.1,2011-01-05 15:56:00,2011-01-05 15:56:00,0,888.1
15465.0,18,7354.62,2010-12-05 10:12:00,2011-11-20 10:11:00,349,408.59
15466.0,1,334.53,2011-09-15 14:08:00,2011-09-15 14:08:00,0,334.53
15467.0,3,499.93,2011-07-10 14:42:00,2011-11-30 14:17:00,142,166.64333333333335
15468.0,2,467.51,2011-10-19 13:38:00,2011-10-19 13:49:00,0,233.755
15469.0,2,415.45,2011-08-11 16:54:00,2011-10-20 16:21:00,69,207.725
15471.0,1,469.48,2011-12-07 14:12:00,2011-12-07 14:12:00,0,469.48
15472.0,1,371.56,2011-08-18 15:17:00,2011-08-18 15:17:00,0,371.56
15473.0,7,1771.2,2011-10-10 11:12:00,2011-11-25 15:15:00,46,253.02857142857144
15475.0,1,454.11,2011-09-23 15:20:00,2011-09-23 15:20:00,0,454.11
15478.0,2,1441.42,2011-10-14 11:09:00,2011-10-30 14:19:00,16,720.71
15480.0,1,873.6,2011-08-15 14:32:00,2011-08-15 14:32:00,0,873.6
15482.0,11,9550.56,2010-12-16 10:08:00,2011-11-24 10:46:00,343,868.2327272727272
15483.0,4,233.81,2011-03-18 12:26:00,2011-07-01 13:07:00,105,58.4525
15484.0,4,3478.15,2011-09-22 13:31:00,2011-12-08 15:03:00,77,869.5375
15485.0,3,2575.0,2010-12-01 13:23:00,2011-11-09 14:31:00,343,858.3333333333334
15488.0,1,76.32000000000001,2011-09-08 10:11:00,2011-09-08 10:11:00,0,76.32000000000001
15489.0,3,1134.28,2011-05-12 12:54:00,2011-11-17 08:53:00,188,378.0933333333333
15491.0,6,2967.44,2011-04-18 10:04:00,2011-09-05 15:56:00,140,494.5733333333333
15492.0,2,659.46,2011-09-26 14:02:00,2011-11-11 14:53:00,46,329.73
15493.0,5,1981.8500000000001,2011-03-14 11:44:00,2011-11-07 12:04:00,238,396.37
15494.0,2,1299.23,2011-08-10 15:29:00,2011-11-18 14:51:00,99,649.615
15497.0,2,936.6,2011-01-24 10:01:00,2011-11-22 11:51:00,302,468.3
15498.0,27,13228.6,2010-12-08 12:29:00,2011-12-07 12:48:00,364,489.94814814814816
15500.0,4,995.96,2011-09-19 13:47:00,2011-12-01 13:47:00,73,248.99
15502.0,9,5955.2300000000005,2010-12-05 15:40:00,2011-11-24 12:48:00,353,661.6922222222223
15503.0,1,147.09,2010-12-12 10:57:00,2010-12-12 10:57:00,0,147.09
15504.0,1,52.83,2011-09-19 13:45:00,2011-09-19 13:45:00,0,52.83
15505.0,5,3610.96,2011-07-07 13:33:00,2011-10-18 07:56:00,102,722.192
15506.0,3,979.26,2011-07-24 11:45:00,2011-11-17 12:11:00,116,326.42
15507.0,1,492.36,2011-06-21 11:19:00,2011-06-21 11:19:00,0,492.36
15508.0,6,1000.27,2011-04-18 15:31:00,2011-06-03 15:43:00,46,166.71166666666667
15511.0,5,909.23,2011-09-15 15:05:00,2011-11-28 09:43:00,73,181.846
15512.0,2,121.0,2010-12-15 12:01:00,2011-07-07 10:20:00,203,60.5
15513.0,18,13948.48,2010-12-01 11:22:00,2011-11-06 14:36:00,340,774.9155555555556
15514.0,11,3391.6200000000003,2010-12-10 13:50:00,2011-11-27 14:40:00,352,308.32909090909095
15516.0,3,62.43,2011-10-24 11:33:00,2011-10-26 10:51:00,1,20.81
15517.0,1,267.03,2011-04-20 14:02:00,2011-04-20 14:02:00,0,267.03
15518.0,8,1942.45,2011-01-11 12:55:00,2011-10-06 13:05:00,268,242.80625
15520.0,1,343.5,2011-12-08 10:58:00,2011-12-08 10:58:00,0,343.5
15521.0,8,2687.35,2011-03-30 09:15:00,2011-10-30 13:42:00,214,335.91875
15522.0,2,398.84,2011-09-13 12:26:00,2011-11-07 11:26:00,54,199.42
15523.0,1,412.01000000000005,2011-09-16 16:29:00,2011-09-16 16:29:00,0,412.01000000000005
15525.0,3,825.92,2010-12-01 13:17:00,2011-12-07 14:43:00,371,275.3066666666667
15526.0,2,148.44,2011-11-06 15:01:00,2011-11-06 15:04:00,0,74.22
15527.0,8,2429.78,2010-12-20 14:15:00,2011-11-21 12:17:00,335,303.7225
15528.0,1,229.33,2011-03-30 16:14:00,2011-03-30 16:14:00,0,229.33
15529.0,11,3995.23,2010-12-08 12:24:00,2011-11-17 11:29:00,343,363.20272727272726
15530.0,4,1502.3500000000001,2011-04-07 11:16:00,2011-11-18 12:25:00,225,375.58750000000003
15531.0,2,2007.44,2011-11-09 17:47:00,2011-12-01 18:43:00,22,1003.72
15532.0,4,1526.08,2010-12-16 16:45:00,2011-11-14 14:51:00,332,381.52
15533.0,3,771.67,2011-09-11 15:41:00,2011-11-20 15:35:00,69,257.2233333333333
15535.0,4,536.4,2011-01-16 12:35:00,2011-06-19 16:02:00,154,134.1
15537.0,1,93.97,2011-06-29 13:10:00,2011-06-29 13:10:00,0,93.97
15539.0,1,538.46,2011-12-02 13:36:00,2011-12-02 13:36:00,0,538.46
15540.0,1,213.3,2011-11-28 13:51:00,2011-11-28 13:51:00,0,213.3
15541.0,1,85.13000000000001,2011-08-17 14:58:00,2011-08-17 14:58:00,0,85.13000000000001
15543.0,1,127.86,2011-02-24 15:26:00,2011-02-24 15:26:00,0,127.86
15544.0,9,3546.71,2010-12-02 12:47:00,2011-11-30 16:43:00,363,394.0788888888889
15545.0,2,292.71999999999997,2010-12-03 17:28:00,2011-10-16 13:24:00,316,146.35999999999999
15547.0,14,4713.34,2010-12-12 13:26:00,2011-12-02 12:52:00,354,336.6671428571429
15549.0,3,1645.41,2011-01-27 15:38:00,2011-09-23 16:22:00,239,548.47
15550.0,4,575.63,2011-02-11 12:49:00,2011-12-05 15:38:00,297,143.9075
15551.0,1,436.06,2011-11-03 12:37:00,2011-11-03 12:37:00,0,436.06
15552.0,1,90.12,2011-05-06 14:47:00,2011-05-06 14:47:00,0,90.12
15553.0,1,437.23,2011-10-10 14:02:00,2011-10-10 14:02:00,0,437.23
15554.0,1,217.2,2011-03-07 09:00:00,2011-03-07 09:00:00,0,217.2
15555.0,16,4695.07,2010-12-05 14:45:00,2011-11-27 16:19:00,357,293.441875
15556.0,1,279.77,2011-11-15 16:08:00,2011-11-15 16:08:00,0,279.77
15557.0,1,473.65000000000003,2011-11-11 12:46:00,2011-11-11 12:46:00,0,473.65000000000003
15561.0,4,800.5899999999999,2011-05-08 11:38:00,2011-11-28 11:07:00,203,200.14749999999998
15562.0,1,134.55,2010-12-23 09:55:00,2010-12-23 09:55:00,0,134.55
15563.0,4,1400.44,2010-12-16 11:27:00,2011-11-17 14:50:00,336,350.11
15565.0,2,173.16000000000003,2011-09-30 10:44:00,2011-10-20 14:33:00,20,86.58000000000001
15567.0,1,186.01,2011-11-21 10:48:00,2011-11-21 10:48:00,0,186.01
15568.0,3,724.39,2011-09-27 14:37:00,2011-12-07 11:27:00,70,241.46333333333334
15569.0,5,1375.71,2011-01-11 13:26:00,2011-08-28 10:15:00,228,275.142
15570.0,12,4082.77,2010-12-05 12:57:00,2011-12-02 14:47:00,362,340.23083333333335
15571.0,4,650.4300000000001,2011-09-22 13:15:00,2011-11-28 10:02:00,66,162.60750000000002
15572.0,7,2341.21,2011-03-06 14:44:00,2011-12-05 10:09:00,273,334.4585714285714
15573.0,2,607.45,2011-09-15 12:16:00,2011-11-08 11:38:00,53,303.725
15574.0,4,702.25,2010-12-02 15:46:00,2011-06-15 12:01:00,194,175.5625
15576.0,1,940.67,2011-11-02 12:03:00,2011-11-02 12:03:00,0,940.67
15577.0,3,258.88,2011-02-07 13:32:00,2011-07-11 17:03:00,154,86.29333333333334
15578.0,1,127.1,2011-06-30 13:03:00,2011-06-30 13:03:00,0,127.1
15579.0,2,348.6,2011-01-30 12:09:00,2011-10-02 12:45:00,245,174.3
15581.0,10,721.63,2010-12-08 14:38:00,2011-07-06 14:04:00,209,72.163
15582.0,3,682.9100000000001,2011-05-03 13:36:00,2011-11-15 09:55:00,195,227.63666666666668
15584.0,4,708.46,2011-06-30 16:39:00,2011-11-16 10:55:00,138,177.115
15585.0,1,455.3,2011-06-16 08:38:00,2011-06-16 08:38:00,0,455.3
15587.0,4,913.68,2010-12-23 09:59:00,2011-10-20 13:37:00,301,228.42
15589.0,3,456.58,2011-02-02 10:46:00,2011-03-29 09:54:00,54,152.19333333333333
15592.0,1,388.58,2011-10-24 08:59:00,2011-10-24 08:59:00,0,388.58
15593.0,1,199.8,2011-09-30 11:46:00,2011-09-30 11:46:00,0,199.8
15594.0,5,1771.78,2011-04-19 10:08:00,2011-11-24 08:53:00,218,354.356
15596.0,5,1406.59,2010-12-09 16:10:00,2011-08-31 10:55:00,264,281.318
15597.0,1,324.57,2011-11-04 13:26:00,2011-11-04 13:26:00,0,324.57
15598.0,1,240.68,2011-10-17 16:04:00,2011-10-17 16:04:00,0,240.68
15599.0,2,761.74,2011-05-19 13:05:00,2011-11-13 11:44:00,177,380.87
15601.0,14,6776.56,2010-12-02 10:39:00,2011-11-28 15:15:00,361,484.04
15602.0,9,1297.8700000000001,2010-12-06 15:35:00,2011-12-01 14:14:00,359,144.20777777777778
15603.0,1,48.480000000000004,2011-09-22 10:04:00,2011-09-22 10:04:00,0,48.480000000000004
15604.0,1,216.39000000000001,2011-10-18 14:47:00,2011-10-18 14:47:00,0,216.39000000000001
15605.0,5,1178.28,2010-12-01 13:38:00,2011-11-03 14:17:00,337,235.656
15606.0,9,2920.16,2011-01-19 12:07:00,2011-10-09 15:47:00,263,324.4622222222222
15607.0,1,104.76,2011-01-07 12:44:00,2011-01-07 12:44:00,0,104.76
15608.0,4,1093.68,2011-08-11 09:56:00,2011-11-11 13:20:00,92,273.42
15609.0,1,281.53000000000003,2011-06-08 13:00:00,2011-06-08 13:00:00,0,281.53000000000003
15610.0,1,112.46000000000001,2011-10-19 10:36:00,2011-10-19 10:36:00,0,112.46000000000001
15611.0,12,1576.45,2011-01-09 11:32:00,2011-11-30 12:36:00,325,131.37083333333334
15612.0,2,180.15,2011-10-09 12:49:00,2011-11-03 14:52:00,25,90.075
15615.0,23,10399.74,2010-12-15 16:21:00,2011-11-29 14:42:00,348,452.1626086956522
15618.0,4,776.851,2011-07-26 10:13:00,2011-11-07 08:34:00,103,194.21275
15619.0,1,336.4,2011-11-29 08:14:00,2011-11-29 08:14:00,0,336.4
15620.0,3,1523.23,2010-12-16 14:34:00,2011-10-14 12:41:00,301,507.74333333333334
15621.0,4,1293.03,2011-11-18 11:49:00,2011-12-05 14:01:00,17,323.2575
15622.0,9,3465.11,2011-03-02 13:42:00,2011-10-27 16:44:00,239,385.01222222222225
15623.0,1,301.03000000000003,2011-07-21 17:26:00,2011-07-21 17:26:00,0,301.03000000000003
15624.0,4,588.13,2011-03-28 13:32:00,2011-08-15 11:38:00,139,147.0325
15625.0,4,1534.26,2011-04-18 14:01:00,2011-08-28 10:21:00,131,383.565
15626.0,2,675.8,2011-01-14 10:10:00,2011-09-26 10:03:00,254,337.9
15628.0,9,2870.2400000000002,2010-12-08 09:51:00,2011-12-05 10:24:00,362,318.91555555555556
15630.0,2,1186.35,2011-05-19 10:16:00,2011-10-25 15:36:00,159,593.175
15632.0,8,3285.31,2011-03-10 08:29:00,2011-11-24 09:51:00,259,410.66375
15634.0,1,243.55,2011-11-22 16:28:00,2011-11-22 16:28:00,0,243.55
15636.0,2,724.76,2011-03-02 14:50:00,2011-09-11 11:17:00,192,362.38
15637.0,1,223.36,2011-10-18 08:28:00,2011-10-18 08:28:00,0,223.36
15639.0,1,391.42,2011-07-28 14:30:00,2011-07-28 14:30:00,0,391.42
15640.0,15,11970.86,2010-12-02 15:40:00,2011-12-05 14:35:00,367,798.0573333333334
15641.0,4,1887.2,2010-12-15 14:45:00,2011-08-26 14:04:00,253,471.8
15643.0,3,596.2,2011-03-02 14:34:00,2011-06-01 07:38:00,90,198.73333333333335
15644.0,4,813.0,2011-03-23 15:37:00,2011-06-26 14:54:00,94,203.25
15645.0,1,612.01,2011-11-21 11:55:00,2011-11-21 11:55:00,0,612.01
15646.0,3,447.64000000000004,2010-12-02 16:59:00,2011-07-05 09:53:00,214,149.21333333333334
15648.0,2,657.35,2011-03-17 18:59:00,2011-05-19 15:53:00,62,328.675
15649.0,2,816.0,2010-12-07 10:06:00,2011-01-07 13:34:00,31,408.0
15651.0,3,646.3,2011-03-24 08:56:00,2011-11-03 08:41:00,223,215.4333333333333
15652.0,1,337.74,2011-09-09 14:22:00,2011-09-09 14:22:00,0,337.74
15653.0,1,48.0,2011-08-16 09:50:00,2011-08-16 09:50:00,0,48.0
15654.0,2,907.53,2011-11-13 15:15:00,2011-11-30 13:08:00,16,453.765
15655.0,1,560.6700000000001,2011-04-10 15:25:00,2011-04-10 15:25:00,0,560.6700000000001
15656.0,4,748.5,2011-02-28 15:32:00,2011-10-25 14:56:00,238,187.125
15657.0,1,30.0,2011-11-17 12:19:00,2011-11-17 12:19:00,0,30.0
15658.0,5,1004.1500000000001,2010-12-02 10:53:00,2011-06-02 15:22:00,182,200.83
15659.0,1,306.45,2011-10-27 09:23:00,2011-10-27 09:23:00,0,306.45
15660.0,9,1600.86,2010-12-09 09:49:00,2011-11-14 16:58:00,340,177.87333333333333
15661.0,2,309.8,2011-01-05 12:32:00,2011-01-26 13:56:00,21,154.9
15663.0,1,138.14,2011-08-25 15:50:00,2011-08-25 15:50:00,0,138.14
15664.0,1,386.43,2011-10-20 10:57:00,2011-10-20 10:57:00,0,386.43
15665.0,2,2217.06,2011-04-10 15:09:00,2011-06-24 14:57:00,74,1108.53
15667.0,1,301.32000000000005,2011-10-31 10:56:00,2011-10-31 10:56:00,0,301.32000000000005
15668.0,1,76.32000000000001,2011-05-06 10:39:00,2011-05-06 10:39:00,0,76.32000000000001
15669.0,4,684.34,2011-03-21 09:13:00,2011-10-30 16:03:00,223,171.085
15670.0,1,173.05,2011-02-16 10:50:00,2011-02-16 10:50:00,0,173.05
15671.0,7,2585.37,2011-03-14 09:37:00,2011-11-21 12:43:00,252,369.3385714285714
15673.0,4,2847.12,2011-01-16 16:25:00,2011-09-12 16:12:00,238,711.78
15674.0,4,2111.89,2011-03-30 09:19:00,2011-09-27 15:17:00,181,527.9725
15675.0,3,306.74,2011-03-04 14:21:00,2011-09-19 13:48:00,198,102.24666666666667
15676.0,3,3348.21,2011-03-01 10:19:00,2011-11-21 12:40:00,265,1116.07
15677.0,1,657.23,2011-10-21 15:36:00,2011-10-21 15:36:00,0,657.23
15678.0,1,352.7,2011-10-18 09:25:00,2011-10-18 09:25:00,0,352.7
15679.0,4,781.28,2011-06-10 08:24:00,2011-11-15 16:19:00,158,195.32
15680.0,3,1333.68,2010-12-08 14:43:00,2011-11-30 13:46:00,356,444.56
15681.0,5,1426.16,2011-03-04 13:46:00,2011-11-14 16:30:00,255,285.232
15683.0,1,193.75,2011-08-14 12:56:00,2011-08-14 12:56:00,0,193.75
15687.0,9,2993.1,2011-01-13 15:13:00,2011-12-01 08:33:00,321,332.56666666666666
15689.0,2,254.1,2010-12-13 09:57:00,2011-08-12 09:37:00,241,127.05
15690.0,2,239.76,2011-08-31 11:40:00,2011-12-05 15:59:00,96,119.88
15691.0,1,136.8,2011-04-01 15:13:00,2011-04-01 15:13:00,0,136.8
15692.0,1,191.04,2011-11-11 14:12:00,2011-11-11 14:12:00,0,191.04
15694.0,13,6326.16,2010-12-02 07:49:00,2011-12-09 09:44:00,372,486.6276923076923
15695.0,2,409.98,2011-03-18 08:31:00,2011-03-18 08:32:00,0,204.99
15696.0,8,2676.51,2011-01-17 11:24:00,2011-11-06 14:02:00,293,334.56375
15699.0,1,279.7,2011-11-22 08:26:00,2011-11-22 08:26:00,0,279.7
15700.0,2,679.73,2011-06-19 15:36:00,2011-06-20 16:53:00,1,339.865
15701.0,4,1512.19,2011-08-21 12:36:00,2011-12-07 14:39:00,108,378.0475
15703.0,1,211.5,2011-03-20 10:51:00,2011-03-20 10:51:00,0,211.5
15704.0,4,2293.62,2011-05-08 12:42:00,2011-07-22 13:35:00,75,573.405
15705.0,1,143.1,2011-05-22 15:37:00,2011-05-22 15:37:00,0,143.1
15706.0,4,1060.56,2011-08-15 14:32:00,2011-10-07 10:09:00,52,265.14
15707.0,4,945.58,2011-09-14 14:19:00,2011-11-04 14:35:00,51,236.395
15708.0,7,3364.2400000000002,2010-12-05 11:12:00,2011-10-30 10:54:00,328,480.6057142857143
15709.0,1,133.25,2011-03-01 10:38:00,2011-03-01 10:38:00,0,133.25
15712.0,5,1072.3600000000001,2011-02-25 11:32:00,2011-11-30 14:09:00,278,214.47200000000004
15713.0,2,356.7,2010-12-08 15:16:00,2011-07-19 13:34:00,222,178.35
15714.0,2,330.88,2011-09-23 11:25:00,2011-11-28 11:26:00,66,165.44
15716.0,4,1118.81,2010-12-05 12:26:00,2011-07-17 11:59:00,223,279.7025
15717.0,1,150.3,2011-04-19 13:21:00,2011-04-19 13:21:00,0,150.3
15719.0,13,5045.61,2011-01-06 12:31:00,2011-11-07 12:29:00,304,388.1238461538461
15720.0,1,581.78,2011-11-15 14:48:00,2011-11-15 14:48:00,0,581.78
15721.0,1,507.08000000000004,2011-11-28 12:14:00,2011-11-28 12:14:00,0,507.08000000000004
15722.0,5,1991.5600000000002,2011-02-22 12:24:00,2011-11-04 11:43:00,254,398.312
15723.0,1,203.10000000000002,2010-12-10 11:12:00,2010-12-10 11:12:00,0,203.10000000000002
15724.0,2,218.25,2011-02-28 10:40:00,2011-05-22 14:40:00,83,109.125
15725.0,1,415.25,2011-11-24 14:51:00,2011-11-24 14:51:00,0,415.25
15727.0,7,4678.96,2010-12-15 15:47:00,2011-11-23 12:36:00,342,668.4228571428572
15729.0,1,85.0,2011-05-11 12:36:00,2011-05-11 12:36:00,0,85.0
15730.0,3,1120.88,2011-05-17 12:43:00,2011-10-05 12:31:00,140,373.6266666666667
15732.0,2,294.12,2010-12-02 15:00:00,2011-05-11 14:24:00,159,147.06
15733.0,1,162.3,2011-03-02 09:05:00,2011-03-02 09:05:00,0,162.3
15734.0,2,1339.45,2011-05-23 14:59:00,2011-08-17 10:50:00,85,669.725
15737.0,8,1173.17,2011-04-11 10:01:00,2011-11-25 11:21:00,228,146.64625
15738.0,16,4778.52,2010-12-02 12:50:00,2011-11-21 08:26:00,353,298.6575
15739.0,1,343.52,2011-10-04 13:42:00,2011-10-04 13:42:00,0,343.52
15740.0,1,154.88,2011-10-21 14:29:00,2011-10-21 14:29:00,0,154.88
15743.0,4,784.46,2011-06-08 10:14:00,2011-11-23 17:19:00,168,196.115
15744.0,1,34.8,2011-09-23 09:52:00,2011-09-23 09:52:00,0,34.8
15745.0,4,1094.5900000000001,2011-04-17 13:04:00,2011-11-20 13:45:00,217,273.64750000000004
15746.0,1,196.88,2011-07-28 15:21:00,2011-07-28 15:21:00,0,196.88
15747.0,3,974.04,2011-06-20 11:30:00,2011-11-27 12:26:00,160,324.68
15748.0,1,149.31,2011-10-30 12:51:00,2011-10-30 12:51:00,0,149.31
15750.0,8,2465.48,2010-12-08 10:36:00,2011-12-07 12:34:00,364,308.185
15752.0,7,2617.43,2010-12-02 09:43:00,2011-10-31 11:37:00,333,373.9185714285714
15754.0,3,458.57,2011-04-07 12:24:00,2011-10-19 14:40:00,195,152.85666666666665
15755.0,6,2364.25,2011-02-18 11:53:00,2011-11-29 14:57:00,284,394.0416666666667
15756.0,4,532.96,2011-04-04 14:00:00,2011-10-09 13:30:00,187,133.24
15757.0,2,714.42,2011-05-06 11:40:00,2011-10-05 12:14:00,152,357.21
15758.0,1,205.25,2011-11-15 10:48:00,2011-11-15 10:48:00,0,205.25
15759.0,3,253.04000000000002,2010-12-16 15:29:00,2011-05-05 15:13:00,139,84.34666666666668
15762.0,2,549.85,2011-09-23 15:17:00,2011-10-05 16:15:00,12,274.925
15763.0,2,991.0699999999999,2011-09-23 12:10:00,2011-11-08 09:44:00,45,495.53499999999997
15764.0,6,3101.2200000000003,2011-03-08 09:23:00,2011-09-12 17:58:00,188,516.87
15766.0,1,315.06,2011-10-06 17:03:00,2011-10-06 17:03:00,0,315.06
15768.0,3,371.83,2011-04-28 09:20:00,2011-08-16 10:48:00,110,123.94333333333333
15769.0,16,7122.72,2010-12-03 15:16:00,2011-12-02 13:52:00,363,445.17
15773.0,1,147.52,2011-12-04 12:48:00,2011-12-04 12:48:00,0,147.52
15774.0,1,270.8,2011-10-02 12:04:00,2011-10-02 12:04:00,0,270.8
15775.0,1,104.9,2011-04-08 12:56:00,2011-04-08 12:56:00,0,104.9
15776.0,1,241.62,2011-07-29 13:46:00,2011-07-29 13:46:00,0,241.62
15777.0,4,1047.1100000000001,2010-12-13 16:38:00,2011-04-12 16:43:00,120,261.77750000000003
15780.0,3,475.28000000000003,2010-12-17 11:43:00,2011-06-09 12:01:00,174,158.42666666666668
15781.0,3,345.46000000000004,2011-02-07 09:15:00,2011-11-14 14:57:00,280,115.15333333333335
15782.0,3,2198.12,2011-09-11 14:29:00,2011-11-30 10:49:00,79,732.7066666666666
15783.0,1,246.3,2011-11-29 09:50:00,2011-11-29 09:50:00,0,246.3
15785.0,5,2249.07,2011-02-17 14:17:00,2011-11-07 11:33:00,262,449.814
15786.0,3,4898.9,2011-08-17 13:33:00,2011-10-24 14:13:00,68,1632.9666666666665
15787.0,3,948.05,2011-10-09 13:11:00,2011-11-13 14:55:00,35,316.01666666666665
15789.0,1,351.3,2010-12-16 14:35:00,2010-12-16 14:35:00,0,351.3
15790.0,1,220.85,2011-11-29 14:53:00,2011-11-29 14:53:00,0,220.85
15791.0,2,1612.69,2011-05-19 15:15:00,2011-10-27 10:14:00,160,806.345
15793.0,3,948.96,2011-03-16 10:45:00,2011-11-25 09:31:00,253,316.32
15795.0,1,559.16,2011-07-13 10:43:00,2011-07-13 10:43:00,0,559.16
15796.0,8,2711.56,2011-02-10 15:40:00,2011-12-08 19:55:00,301,338.945
15797.0,1,1228.8000000000002,2011-02-08 10:17:00,2011-02-08 10:17:00,0,1228.8000000000002
15799.0,3,884.14,2011-01-09 15:13:00,2011-09-25 12:46:00,258,294.7133333333333
15800.0,2,699.08,2011-04-07 12:39:00,2011-08-24 14:23:00,139,349.54
15801.0,3,1063.95,2011-08-22 09:53:00,2011-10-24 13:52:00,63,354.65000000000003
15803.0,1,415.82000000000005,2011-10-19 14:56:00,2011-10-19 14:56:00,0,415.82000000000005
15804.0,13,3922.4900000000002,2011-05-25 10:12:00,2011-12-09 12:31:00,198,301.73
15805.0,17,5477.63,2010-12-10 09:33:00,2011-11-16 16:32:00,341,322.21352941176474
15806.0,3,784.58,2011-03-08 09:24:00,2011-10-24 14:35:00,230,261.5266666666667
15807.0,3,903.9,2011-09-23 14:43:00,2011-10-20 14:10:00,26,301.3
15808.0,4,3734.9700000000003,2010-12-05 13:05:00,2011-02-06 14:33:00,63,933.7425000000001
15809.0,5,515.77,2011-02-10 11:16:00,2011-11-03 16:40:00,266,103.154
15810.0,4,1307.23,2011-02-16 09:11:00,2011-09-22 09:38:00,218,326.8075
15811.0,6,2218.62,2010-12-09 15:29:00,2011-11-17 15:31:00,343,369.77
15812.0,5,1611.3300000000002,2011-01-26 12:12:00,2011-08-24 14:19:00,210,322.266
15813.0,2,1303.9099999999999,2011-04-14 09:09:00,2011-05-16 08:13:00,31,651.9549999999999
15814.0,4,1909.38,2011-10-20 09:04:00,2011-11-23 08:17:00,33,477.345
15815.0,5,1742.52,2011-03-25 08:43:00,2011-10-07 12:42:00,196,348.504
15819.0,4,1905.45,2011-03-08 09:45:00,2011-10-21 14:50:00,227,476.3625
15820.0,1,206.98,2011-01-24 12:00:00,2011-01-24 12:00:00,0,206.98
15821.0,2,554.01,2011-10-09 13:28:00,2011-10-26 15:48:00,17,277.005
15822.0,2,885.47,2010-12-15 13:38:00,2011-12-06 14:50:00,356,442.735
15825.0,1,282.94,2011-06-20 13:27:00,2011-06-20 13:27:00,0,282.94
15826.0,3,1654.31,2011-05-13 10:44:00,2011-10-14 16:05:00,154,551.4366666666666
15827.0,14,1836.09,2010-12-02 13:06:00,2011-09-27 15:35:00,299,131.1492857142857
15829.0,2,636.14,2011-07-22 10:23:00,2011-09-01 16:45:00,41,318.07
15830.0,1,576.0,2011-11-02 10:40:00,2011-11-02 10:40:00,0,576.0
15831.0,3,717.2,2011-01-19 14:52:00,2011-10-12 13:14:00,265,239.0666666666667
15832.0,1,836.79,2011-03-30 15:29:00,2011-03-30 15:29:00,0,836.79
15834.0,3,1932.9,2011-03-07 17:52:00,2011-09-30 14:41:00,206,644.3000000000001
15835.0,4,903.24,2011-01-13 10:35:00,2011-10-26 15:47:00,286,225.81
15836.0,1,112.37,2011-10-20 17:13:00,2011-10-20 17:13:00,0,112.37
15837.0,1,391.98,2011-10-06 09:01:00,2011-10-06 09:01:00,0,391.98
15838.0,19,16992.88,2010-12-07 11:26:00,2011-11-28 14:00:00,356,894.3621052631579
15839.0,3,1048.49,2011-07-14 16:35:00,2011-11-06 13:54:00,114,349.49666666666667
15840.0,2,355.56,2011-06-20 11:42:00,2011-10-12 09:08:00,113,177.78
15841.0,4,1224.06,2011-01-05 11:25:00,2011-09-28 12:15:00,266,306.015
15843.0,1,118.95,2011-02-09 10:19:00,2011-02-09 10:19:00,0,118.95
15844.0,1,130.73999999999998,2011-10-24 15:19:00,2011-10-24 15:19:00,0,130.73999999999998
15845.0,8,3711.77,2011-01-06 17:19:00,2011-11-22 09:42:00,319,463.97125
15847.0,2,328.79,2011-02-24 16:46:00,2011-11-01 14:41:00,249,164.395
15850.0,2,238.85,2011-06-24 14:16:00,2011-11-20 14:14:00,148,119.425
15852.0,2,160.71,2011-05-26 13:26:00,2011-06-06 11:22:00,10,80.355
15853.0,1,110.8,2011-10-19 10:38:00,2011-10-19 10:38:00,0,110.8
15854.0,12,2974.65,2010-12-13 11:47:00,2011-12-05 13:39:00,357,247.88750000000002
15855.0,5,712.24,2011-03-21 12:32:00,2011-07-26 10:20:00,126,142.448
15856.0,27,15531.41,2010-12-09 13:34:00,2011-12-05 17:09:00,361,575.2374074074074
15857.0,1,297.0,2011-11-21 12:18:00,2011-11-21 12:18:00,0,297.0
15858.0,5,1438.85,2010-12-07 14:31:00,2011-11-24 12:48:00,351,287.77
15860.0,8,876.51,2010-12-06 11:38:00,2011-10-30 11:25:00,327,109.56375
15861.0,7,3000.36,2011-03-17 20:12:00,2011-11-27 15:59:00,254,428.6228571428572
15862.0,4,799.28,2010-12-01 11:21:00,2011-12-01 13:28:00,365,199.82
15863.0,2,68.84,2011-05-31 11:36:00,2011-11-14 12:49:00,167,34.42
15864.0,4,1173.1200000000001,2011-01-27 16:43:00,2011-10-04 10:31:00,249,293.28000000000003
15865.0,3,794.98,2011-05-10 11:44:00,2011-10-30 12:43:00,173,264.99333333333334
15866.0,1,179.68,2011-08-30 14:09:00,2011-08-30 14:09:00,0,179.68
15867.0,15,3756.79,2010-12-05 14:17:00,2011-12-04 13:32:00,363,250.45266666666666
15869.0,2,149.64,2011-03-07 17:19:00,2011-03-07 17:23:00,0,74.82
15870.0,1,354.09000000000003,2011-11-07 10:58:00,2011-11-07 10:58:00,0,354.09000000000003
15872.0,2,360.93,2011-11-25 11:54:00,2011-11-25 11:55:00,0,180.465
15874.0,7,3673.9300000000003,2011-02-28 13:28:00,2011-10-07 12:31:00,220,524.8471428571429
15877.0,2,493.28,2011-11-22 11:18:00,2011-12-08 11:53:00,16,246.64
15880.0,1,326.33,2010-12-05 13:00:00,2010-12-05 13:00:00,0,326.33
15881.0,5,501.39,2010-12-10 13:32:00,2011-01-31 16:59:00,52,100.27799999999999
15882.0,4,516.36,2010-12-06 13:01:00,2011-05-25 11:35:00,169,129.09
15883.0,2,396.48,2011-11-06 14:50:00,2011-12-07 17:05:00,31,198.24
15885.0,1,349.35,2011-09-07 14:56:00,2011-09-07 14:56:00,0,349.35
15886.0,1,181.09,2011-10-10 14:25:00,2011-10-10 14:25:00,0,181.09
15888.0,1,168.31,2011-09-20 12:30:00,2011-09-20 12:30:00,0,168.31
15889.0,2,424.92,2010-12-05 15:12:00,2011-07-06 11:10:00,212,212.46
15891.0,1,524.52,2011-04-27 12:35:00,2011-04-27 12:35:00,0,524.52
15894.0,2,263.55,2010-12-05 14:06:00,2011-03-31 13:50:00,115,131.775
15895.0,1,179.17,2011-07-13 10:27:00,2011-07-13 10:27:00,0,179.17
15897.0,2,111.55,2011-05-29 13:32:00,2011-05-29 13:50:00,0,55.775
15898.0,5,1372.93,2010-12-06 11:01:00,2011-12-08 15:23:00,367,274.586
15899.0,1,56.25,2010-12-06 10:36:00,2010-12-06 10:36:00,0,56.25
15900.0,1,351.11,2011-11-16 12:19:00,2011-11-16 12:19:00,0,351.11
15901.0,3,346.93,2011-07-08 12:18:00,2011-11-23 12:43:00,138,115.64333333333333
15903.0,7,5126.76,2011-02-17 14:04:00,2011-11-30 08:08:00,285,732.3942857142857
15904.0,1,144.73,2011-12-01 14:50:00,2011-12-01 14:50:00,0,144.73
15906.0,7,1550.74,2011-03-29 13:28:00,2011-11-20 12:24:00,235,221.53428571428572
15907.0,3,967.45,2011-05-13 13:01:00,2011-12-06 12:21:00,206,322.48333333333335
15909.0,1,191.94,2011-06-19 10:38:00,2011-06-19 10:38:00,0,191.94
15910.0,8,1232.18,2011-01-27 11:55:00,2011-12-09 10:51:00,315,154.0225
15912.0,2,264.62,2011-04-20 17:10:00,2011-06-14 14:29:00,54,132.31
15916.0,8,1511.14,2010-12-08 13:07:00,2011-11-23 13:46:00,350,188.8925
15917.0,1,123.1,2011-04-06 10:40:00,2011-04-06 10:40:00,0,123.1
15918.0,2,334.23,2011-03-13 15:55:00,2011-06-02 11:42:00,80,167.115
15919.0,2,639.89,2010-12-06 11:26:00,2011-11-20 11:28:00,349,319.945
15920.0,4,167.5,2011-07-08 15:16:00,2011-07-08 15:31:00,0,41.875
15921.0,1,319.08,2011-06-20 11:03:00,2011-06-20 11:03:00,0,319.08
15922.0,1,369.5,2010-12-01 13:51:00,2010-12-01 13:51:00,0,369.5
15923.0,1,127.08,2010-12-02 12:16:00,2010-12-02 12:16:00,0,127.08
15925.0,1,207.15,2011-05-29 15:35:00,2011-05-29 15:35:00,0,207.15
15930.0,1,426.63,2011-10-03 14:52:00,2011-10-03 14:52:00,0,426.63
15932.0,8,2495.87,2011-02-23 14:50:00,2011-12-05 17:13:00,285,311.98375
15933.0,3,1107.46,2011-09-14 12:05:00,2011-11-18 13:14:00,65,369.15333333333336
15935.0,1,108.03999999999999,2011-04-14 13:27:00,2011-04-14 13:27:00,0,108.03999999999999
15937.0,1,145.35000000000002,2011-10-06 15:48:00,2011-10-06 15:48:00,0,145.35000000000002
15938.0,5,404.58000000000004,2011-01-20 10:11:00,2011-08-19 12:56:00,211,80.91600000000001
15939.0,13,5045.21,2011-01-12 12:43:00,2011-09-11 11:30:00,241,388.0930769230769
15940.0,1,35.8,2011-02-01 16:18:00,2011-02-01 16:18:00,0,35.8
15942.0,1,337.44,2011-07-29 09:01:00,2011-07-29 09:01:00,0,337.44
15944.0,1,325.1,2011-03-08 10:33:00,2011-03-08 10:33:00,0,325.1
15945.0,1,181.0,2010-12-09 13:14:00,2010-12-09 13:14:00,0,181.0
15947.0,1,1708.24,2011-09-18 10:46:00,2011-09-18 10:46:00,0,1708.24
15948.0,2,955.24,2011-10-27 08:35:00,2011-12-01 15:32:00,35,477.62
15949.0,2,364.72,2011-09-29 17:34:00,2011-11-23 09:09:00,54,182.36
15950.0,4,1765.51,2010-12-15 11:56:00,2011-11-08 11:09:00,327,441.3775
15951.0,2,708.22,2011-02-27 11:57:00,2011-12-01 08:34:00,276,354.11
15952.0,4,806.57,2011-04-28 12:55:00,2011-11-06 11:18:00,191,201.6425
15953.0,8,1659.3799999999999,2010-12-05 15:15:00,2011-11-24 15:32:00,354,207.42249999999999
15955.0,14,4416.26,2010-12-02 11:22:00,2011-11-15 14:15:00,348,315.44714285714286
15957.0,1,428.89,2011-11-08 12:14:00,2011-11-08 12:14:00,0,428.89
15958.0,1,104.35,2011-09-26 13:41:00,2011-09-26 13:41:00,0,104.35
15963.0,2,470.76,2011-10-25 13:05:00,2011-11-20 11:33:00,25,235.38
15965.0,4,845.64,2010-12-07 13:18:00,2011-11-22 16:44:00,350,211.41
15967.0,2,418.83,2011-01-25 11:57:00,2011-11-16 15:41:00,295,209.415
15969.0,3,582.9,2011-06-07 12:19:00,2011-12-07 11:06:00,182,194.29999999999998
15970.0,1,314.09999999999997,2011-02-09 12:08:00,2011-02-09 12:08:00,0,314.09999999999997
15971.0,11,3218.85,2011-02-01 16:47:00,2011-11-22 12:50:00,293,292.6227272727273
15973.0,1,307.82000000000005,2010-12-08 11:42:00,2010-12-08 11:42:00,0,307.82000000000005
15974.0,7,3442.15,2011-02-24 10:10:00,2011-10-31 13:13:00,249,491.7357142857143
15975.0,1,371.01,2011-09-16 13:33:00,2011-09-16 13:33:00,0,371.01
15976.0,2,430.94,2011-05-03 17:12:00,2011-06-27 13:00:00,54,215.47
15977.0,2,981.62,2011-10-31 16:24:00,2011-11-22 13:29:00,21,490.81
15978.0,1,1098.78,2011-09-23 15:21:00,2011-09-23 15:21:00,0,1098.78
15980.0,3,2295.18,2011-03-30 15:05:00,2011-09-12 09:41:00,165,765.06
15981.0,8,3408.48,2011-02-01 13:50:00,2011-11-15 08:00:00,286,426.06
15983.0,4,1475.02,2010-12-01 12:15:00,2011-11-17 17:34:00,351,368.755
15984.0,10,2564.17,2010-12-06 13:21:00,2011-12-07 12:16:00,365,256.41700000000003
15985.0,2,1037.42,2011-04-17 11:04:00,2011-08-08 16:31:00,113,518.71
15986.0,1,168.12,2011-11-09 15:17:00,2011-11-09 15:17:00,0,168.12
15987.0,6,1097.94,2010-12-06 08:34:00,2011-11-27 15:38:00,356,182.99
15988.0,1,138.07999999999998,2011-11-20 13:23:00,2011-11-20 13:23:00,0,138.07999999999998
15990.0,2,792.11,2011-02-25 15:35:00,2011-10-26 15:58:00,243,396.055
15992.0,1,41.989999999999995,2011-12-06 11:00:00,2011-12-06 11:00:00,0,41.989999999999995
15993.0,7,2797.57,2011-10-26 16:21:00,2011-12-01 10:45:00,35,399.65285714285716
15994.0,1,410.12,2011-10-16 12:28:00,2011-10-16 12:28:00,0,410.12
15996.0,6,1002.78,2010-12-08 15:59:00,2011-09-12 15:14:00,277,167.13
15998.0,5,3039.12,2010-12-12 13:32:00,2011-11-03 12:45:00,325,607.824
16003.0,5,2235.37,2010-12-15 12:09:00,2011-11-10 09:57:00,329,447.07399999999996
16005.0,4,615.39,2011-03-14 11:46:00,2011-11-27 13:47:00,258,153.8475
16006.0,1,101.4,2011-05-12 13:12:00,2011-05-12 13:12:00,0,101.4
16007.0,4,1701.94,2011-05-08 13:32:00,2011-10-23 11:05:00,167,425.485
16008.0,3,478.78,2011-05-19 10:54:00,2011-11-16 10:32:00,180,159.59333333333333
16009.0,4,992.71,2011-07-03 11:26:00,2011-11-17 16:51:00,137,248.1775
16010.0,3,407.5,2010-12-12 12:18:00,2011-04-08 10:14:00,116,135.83333333333334
16011.0,16,3362.71,2010-12-08 16:34:00,2011-12-01 16:31:00,357,210.169375
16012.0,3,1399.34,2011-07-07 18:02:00,2011-11-04 13:25:00,119,466.44666666666666
16013.0,33,17660.62,2010-12-03 13:09:00,2011-12-06 10:36:00,367,535.170303030303
16014.0,3,647.38,2011-02-21 17:42:00,2011-11-02 12:04:00,253,215.79333333333332
16015.0,3,705.39,2011-10-21 12:56:00,2011-12-06 10:58:00,45,235.13
16016.0,8,1474.8600000000001,2010-12-08 12:36:00,2011-12-06 14:35:00,363,184.35750000000002
16017.0,1,191.93,2011-10-23 12:56:00,2011-10-23 12:56:00,0,191.93
16018.0,2,408.9,2011-06-12 13:52:00,2011-10-31 14:13:00,141,204.45
16019.0,9,3786.24,2010-12-10 12:29:00,2011-10-24 11:51:00,317,420.6933333333333
16020.0,3,851.01,2011-10-05 13:54:00,2011-11-23 11:18:00,48,283.67
16022.0,1,628.28,2011-03-24 13:16:00,2011-03-24 13:16:00,0,628.28
16023.0,3,719.81,2011-03-18 13:32:00,2011-10-24 16:34:00,220,239.93666666666664
16024.0,1,251.24,2011-11-27 13:26:00,2011-11-27 13:26:00,0,251.24
16025.0,1,439.65999999999997,2011-11-10 11:45:00,2011-11-10 11:45:00,0,439.65999999999997
16026.0,1,236.09,2011-10-27 13:53:00,2011-10-27 13:53:00,0,236.09
16027.0,4,215.22,2011-02-10 12:19:00,2011-07-25 13:16:00,165,53.805
16029.0,50,23042.19,2010-12-01 09:57:00,2011-11-01 10:27:00,335,460.8438
16030.0,1,331.24,2011-02-03 11:28:00,2011-02-03 11:28:00,0,331.24
16031.0,2,508.99,2011-04-06 14:23:00,2011-09-08 13:07:00,154,254.495
16033.0,20,8706.7,2010-12-05 10:36:00,2011-12-04 12:44:00,364,435.33500000000004
16034.0,3,437.70000000000005,2011-01-11 11:54:00,2011-05-27 16:17:00,136,145.9
16036.0,2,728.6800000000001,2011-03-21 13:01:00,2011-09-13 14:53:00,176,364.34000000000003
16037.0,3,715.22,2010-12-16 10:18:00,2011-03-15 09:13:00,88,238.40666666666667
16038.0,3,471.78,2011-05-22 11:29:00,2011-12-02 12:40:00,194,157.26
16040.0,3,1313.55,2011-03-16 09:58:00,2011-10-05 13:47:00,203,437.84999999999997
16041.0,2,1487.0,2011-07-21 16:27:00,2011-07-21 16:28:00,0,743.5
16042.0,5,1146.42,2011-01-11 13:25:00,2011-11-17 17:50:00,310,229.28400000000002
16043.0,4,689.24,2011-01-26 11:14:00,2011-11-02 12:50:00,280,172.31
16045.0,4,1340.7,2011-02-22 14:55:00,2011-08-12 12:41:00,170,335.175
16048.0,2,256.44,2010-12-01 15:27:00,2010-12-01 15:28:00,0,128.22
16049.0,3,1111.79,2011-09-25 14:33:00,2011-10-30 13:19:00,34,370.59666666666664
16050.0,1,137.9,2011-06-19 11:44:00,2011-06-19 11:44:00,0,137.9
16052.0,1,362.06,2011-10-16 15:13:00,2011-10-16 15:13:00,0,362.06
16053.0,2,1454.35,2011-08-09 14:57:00,2011-11-07 11:21:00,89,727.175
16054.0,1,752.0,2011-07-17 13:08:00,2011-07-17 13:08:00,0,752.0
16055.0,1,93.9,2011-05-03 09:26:00,2011-05-03 09:26:00,0,93.9
16056.0,1,664.85,2011-10-25 15:19:00,2011-10-25 15:19:00,0,664.85
16057.0,7,2263.12,2011-02-28 10:35:00,2011-11-23 15:23:00,268,323.30285714285714
16059.0,6,1459.8600000000001,2010-12-07 10:36:00,2011-10-05 09:56:00,301,243.31000000000003
16062.0,4,1121.72,2010-12-10 12:00:00,2011-11-30 12:15:00,355,280.43
16063.0,1,335.32,2011-03-24 14:55:00,2011-03-24 14:56:00,0,335.32
16065.0,1,372.09,2010-12-09 13:03:00,2010-12-09 13:03:00,0,372.09
16066.0,5,1418.19,2011-08-07 14:33:00,2011-11-23 11:54:00,107,283.63800000000003
16070.0,2,852.15,2011-11-07 16:36:00,2011-11-17 15:50:00,9,426.075
16071.0,1,326.24,2011-10-26 11:14:00,2011-10-26 11:14:00,0,326.24
16072.0,1,516.52,2011-02-24 14:32:00,2011-02-24 14:32:00,0,516.52
16073.0,1,122.4,2011-02-15 15:41:00,2011-02-15 15:41:00,0,122.4
16076.0,10,2234.73,2011-05-15 12:31:00,2011-12-06 14:59:00,205,223.473
16078.0,1,79.2,2011-03-01 09:47:00,2011-03-01 09:47:00,0,79.2
16079.0,3,944.0,2011-10-30 13:06:00,2011-11-23 12:48:00,23,314.6666666666667
16080.0,2,217.16,2011-03-10 14:44:00,2011-09-19 10:42:00,192,108.58
16081.0,5,2806.9,2010-12-08 11:16:00,2011-10-14 13:06:00,310,561.38
16083.0,2,1317.62,2010-12-14 11:51:00,2011-08-31 10:47:00,259,658.81
16084.0,1,436.18,2011-02-13 16:05:00,2011-02-13 16:05:00,0,436.18
16085.0,5,981.51,2011-01-23 12:07:00,2011-11-16 13:24:00,297,196.302
16086.0,5,1121.39,2010-12-07 13:45:00,2011-10-11 13:09:00,307,224.27800000000002
16091.0,2,315.06,2011-05-25 09:18:00,2011-07-08 08:45:00,43,157.53
16092.0,3,817.86,2011-03-30 15:38:00,2011-08-17 10:46:00,139,272.62
16093.0,1,17.0,2011-08-25 11:09:00,2011-08-25 11:09:00,0,17.0
16094.0,4,1078.23,2011-05-04 13:57:00,2011-11-28 12:45:00,207,269.5575
16096.0,1,195.62,2011-03-20 13:38:00,2011-03-20 13:38:00,0,195.62
16097.0,1,185.04999999999998,2011-04-13 13:47:00,2011-04-13 13:47:00,0,185.04999999999998
16098.0,7,1762.23,2010-12-01 09:45:00,2011-09-13 09:59:00,286,251.74714285714285
16099.0,3,731.9,2011-04-28 08:34:00,2011-10-20 13:13:00,175,243.96666666666667
16101.0,1,1290.7,2011-09-30 10:18:00,2011-09-30 10:18:00,0,1290.7
16102.0,3,1842.14,2011-08-03 12:50:00,2011-10-28 13:19:00,86,614.0466666666667
16103.0,6,1429.64,2011-04-20 12:28:00,2011-12-02 14:16:00,226,238.27333333333334
16104.0,1,251.51000000000002,2011-10-09 10:23:00,2011-10-09 10:23:00,0,251.51000000000002
16105.0,1,336.96,2011-04-05 10:13:00,2011-04-05 10:13:00,0,336.96
16106.0,1,108.38,2011-10-05 10:37:00,2011-10-05 10:37:00,0,108.38
16107.0,7,3064.36,2011-06-09 18:42:00,2011-11-22 09:40:00,165,437.7657142857143
16108.0,1,842.5,2011-09-16 11:48:00,2011-09-16 11:48:00,0,842.5
16109.0,2,551.4,2011-02-04 12:37:00,2011-05-05 09:17:00,89,275.7
16110.0,3,1337.48,2011-02-01 14:01:00,2011-10-25 14:35:00,266,445.82666666666665
16112.0,4,143.9,2011-01-05 11:47:00,2011-07-19 14:28:00,195,35.975
16113.0,1,145.43,2011-06-09 16:16:00,2011-06-09 16:16:00,0,145.43
16114.0,1,135.75000000000003,2011-06-22 10:13:00,2011-06-22 10:13:00,0,135.75000000000003
16115.0,8,1667.97,2011-02-20 12:14:00,2011-11-30 11:32:00,282,208.49625
16116.0,1,612.78,2011-05-12 12:01:00,2011-05-12 12:01:00,0,612.78
16117.0,1,232.21,2011-06-03 11:42:00,2011-06-03 11:42:00,0,232.21
16119.0,2,423.36,2011-09-28 10:15:00,2011-12-01 15:11:00,64,211.68
16120.0,4,1309.14,2011-10-11 14:10:00,2011-10-11 14:22:00,0,327.285
16121.0,2,867.11,2011-05-08 11:52:00,2011-10-13 12:59:00,158,433.555
16122.0,4,559.62,2010-12-08 11:41:00,2011-09-27 15:34:00,293,139.905
16123.0,1,307.78000000000003,2011-10-19 09:18:00,2011-10-19 09:18:00,0,307.78000000000003
16124.0,1,113.4,2011-01-26 14:45:00,2011-01-26 14:45:00,0,113.4
16125.0,1,289.35,2010-12-07 15:48:00,2010-12-07 15:48:00,0,289.35
16126.0,4,6287.77,2011-02-16 11:18:00,2011-11-10 16:03:00,267,1571.9425
16127.0,1,656.25,2011-10-31 13:58:00,2011-10-31 13:58:00,0,656.25
16128.0,5,1880.22,2011-03-02 12:21:00,2011-11-22 11:14:00,264,376.044
16131.0,6,3506.54,2011-04-14 08:32:00,2011-10-19 11:53:00,188,584.4233333333333
16133.0,33,12352.44,2011-01-25 15:55:00,2011-12-06 11:24:00,314,374.31636363636363
16134.0,2,618.09,2010-12-15 14:00:00,2011-11-18 10:05:00,337,309.045
16135.0,1,517.55,2011-03-22 12:30:00,2011-03-22 12:30:00,0,517.55
16136.0,3,709.38,2011-03-07 09:52:00,2011-10-11 09:10:00,217,236.46
16139.0,3,635.4100000000001,2011-05-17 10:23:00,2011-11-21 08:37:00,187,211.80333333333337
16140.0,2,542.3,2010-12-03 14:40:00,2011-10-05 12:15:00,305,271.15
16141.0,1,586.5,2011-09-12 13:11:00,2011-09-12 13:11:00,0,586.5
16142.0,1,535.34,2011-04-04 10:16:00,2011-04-04 10:16:00,0,535.34
16143.0,6,2174.94,2010-12-05 15:18:00,2011-12-06 14:13:00,365,362.49
16144.0,1,175.2,2011-04-07 10:09:00,2011-04-07 10:09:00,0,175.2
16145.0,11,3799.4900000000002,2010-12-15 09:09:00,2011-12-01 10:33:00,351,345.40818181818184
16146.0,3,734.13,2011-04-21 15:25:00,2011-07-05 14:20:00,74,244.71
16147.0,1,375.0,2011-07-29 09:57:00,2011-07-29 09:57:00,0,375.0
16148.0,1,76.32000000000001,2011-02-16 14:01:00,2011-02-16 14:01:00,0,76.32000000000001
16149.0,2,280.52,2011-07-20 14:54:00,2011-12-05 11:29:00,137,140.26
16150.0,5,2053.02,2010-12-02 18:27:00,2011-10-28 12:39:00,329,410.604
16152.0,1,1727.34,2011-03-16 09:47:00,2011-03-16 09:47:00,0,1727.34
16153.0,5,1824.23,2010-12-20 09:22:00,2011-10-21 10:50:00,305,364.846
16156.0,9,3058.2400000000002,2011-02-02 12:02:00,2011-12-01 12:42:00,302,339.80444444444447
16157.0,3,656.69,2011-09-28 11:48:00,2011-11-24 11:41:00,56,218.89666666666668
16159.0,1,348.2,2011-03-03 12:27:00,2011-03-03 12:27:00,0,348.2
16160.0,2,732.96,2011-09-15 10:53:00,2011-10-05 14:19:00,20,366.48
16161.0,19,5411.91,2010-12-06 10:03:00,2011-12-08 12:10:00,367,284.83736842105264
16162.0,1,37.4,2011-04-01 15:03:00,2011-04-01 15:03:00,0,37.4
16163.0,2,856.6,2010-12-09 16:28:00,2011-04-21 15:15:00,132,428.3
16164.0,3,782.58,2011-10-28 09:12:00,2011-11-22 15:04:00,25,260.86
16168.0,26,3529.84,2010-12-05 11:38:00,2011-11-29 12:45:00,359,135.76307692307694
16169.0,4,1822.97,2011-09-25 11:33:00,2011-12-01 15:28:00,67,455.7425
16170.0,6,1845.1,2011-04-05 13:42:00,2011-10-20 08:21:00,197,307.51666666666665
16171.0,1,73.19999999999999,2011-10-11 14:51:00,2011-10-11 14:51:00,0,73.19999999999999
16172.0,5,1140.21,2011-04-12 12:02:00,2011-09-05 13:22:00,146,228.042
16173.0,6,1418.32,2011-09-02 15:23:00,2011-11-24 10:53:00,82,236.38666666666666
16174.0,3,551.95,2011-07-11 09:23:00,2011-08-05 13:26:00,25,183.98333333333335
16175.0,4,1037.5900000000001,2011-04-13 14:38:00,2011-09-06 14:32:00,145,259.39750000000004
16177.0,1,331.95,2011-10-20 12:57:00,2011-10-20 12:57:00,0,331.95
16178.0,1,197.9,2011-07-24 16:05:00,2011-07-24 16:05:00,0,197.9
16179.0,1,215.83,2011-10-10 09:41:00,2011-10-10 09:41:00,0,215.83
16180.0,8,10254.18,2011-04-01 10:23:00,2011-08-31 16:28:00,152,1281.7725
16181.0,1,305.54,2011-09-27 13:38:00,2011-09-27 13:38:00,0,305.54
16182.0,4,1538.65,2011-02-18 10:11:00,2011-09-28 13:23:00,222,384.6625
16183.0,1,338.71000000000004,2011-10-03 14:59:00,2011-10-03 14:59:00,0,338.71000000000004
16184.0,6,1158.79,2011-05-12 13:33:00,2011-10-06 17:43:00,147,193.13166666666666
16185.0,2,529.41,2011-04-21 11:59:00,2011-11-23 09:41:00,215,264.705
16186.0,12,4006.94,2010-12-02 14:40:00,2011-11-17 12:43:00,349,333.9116666666667
16187.0,15,6820.64,2011-02-28 13:34:00,2011-11-08 09:50:00,252,454.70933333333335
16188.0,4,981.86,2011-04-11 09:44:00,2011-10-26 12:19:00,198,245.465
16189.0,2,215.48,2011-09-15 15:21:00,2011-11-24 11:47:00,69,107.74
16190.0,1,125.23,2011-10-30 15:59:00,2011-10-30 15:59:00,0,125.23
16191.0,12,4609.32,2010-12-14 12:38:00,2011-12-07 11:26:00,357,384.10999999999996
16193.0,1,314.45,2011-04-17 11:45:00,2011-04-17 11:45:00,0,314.45
16198.0,1,400.68100000000004,2011-09-25 14:58:00,2011-09-25 14:58:00,0,400.68100000000004
16200.0,2,1046.72,2011-06-28 15:47:00,2011-12-05 14:40:00,159,523.36
16201.0,4,1863.47,2011-08-22 10:47:00,2011-12-06 16:02:00,106,465.8675
16202.0,1,365.27,2010-12-14 10:43:00,2010-12-14 10:43:00,0,365.27
16203.0,4,592.9,2010-12-02 15:39:00,2011-10-12 12:31:00,313,148.225
16204.0,1,405.71,2011-11-16 13:40:00,2011-11-16 13:40:00,0,405.71
16205.0,4,761.38,2011-06-13 11:33:00,2011-11-09 09:32:00,148,190.345
16206.0,4,537.0600000000001,2011-01-16 11:07:00,2011-10-16 10:41:00,272,134.26500000000001
16207.0,1,344.38,2011-11-14 13:51:00,2011-11-14 13:51:00,0,344.38
16208.0,2,642.3100000000001,2011-02-23 13:37:00,2011-10-26 11:36:00,244,321.15500000000003
16209.0,5,888.98,2011-04-07 12:23:00,2011-09-12 11:58:00,157,177.796
16210.0,18,6113.18,2010-12-01 12:27:00,2011-12-08 12:36:00,372,339.62111111111113
16211.0,1,547.02,2011-09-12 12:11:00,2011-09-12 12:11:00,0,547.02
16212.0,2,690.34,2011-03-01 12:51:00,2011-11-20 13:00:00,264,345.17
16213.0,1,159.0,2011-09-22 10:03:00,2011-09-22 10:03:00,0,159.0
16214.0,3,994.95,2011-03-15 13:23:00,2011-06-22 11:30:00,98,331.65000000000003
16215.0,1,242.35,2011-09-20 10:18:00,2011-09-20 10:18:00,0,242.35
16216.0,1,727.98,2011-03-17 15:34:00,2011-03-17 15:34:00,0,727.98
16217.0,2,304.25,2011-03-02 15:28:00,2011-04-18 13:31:00,46,152.125
16218.0,7,3084.68,2010-12-01 11:29:00,2011-11-10 09:59:00,343,440.6685714285714
16221.0,3,864.86,2010-12-07 13:13:00,2011-11-03 11:43:00,330,288.2866666666667
16222.0,1,814.82,2011-01-25 13:38:00,2011-01-25 13:38:00,0,814.82
16224.0,4,1295.3,2011-04-04 12:00:00,2011-10-13 17:51:00,192,323.825
16225.0,5,1096.32,2011-03-07 12:17:00,2011-10-26 08:30:00,232,219.26399999999998
16226.0,3,255.12,2011-04-18 12:58:00,2011-05-20 14:41:00,32,85.04
16227.0,1,314.22,2011-04-28 13:33:00,2011-04-28 13:33:00,0,314.22
16229.0,2,1010.6,2011-05-11 10:18:00,2011-09-13 17:16:00,125,505.3
16230.0,2,542.03,2011-05-03 15:12:00,2011-06-03 10:06:00,30,271.015
16232.0,4,990.88,2011-05-08 14:05:00,2011-10-27 12:16:00,171,247.72
16233.0,3,536.6800000000001,2010-12-08 12:51:00,2011-09-29 17:27:00,295,178.89333333333335
16235.0,5,827.41,2011-01-11 15:42:00,2011-10-30 10:56:00,291,165.482
16236.0,1,432.2,2011-09-22 14:10:00,2011-09-22 14:10:00,0,432.2
16239.0,2,414.2,2011-06-03 09:30:00,2011-10-14 08:29:00,132,207.1
16240.0,2,3428.8,2011-09-23 13:44:00,2011-11-15 14:30:00,53,1714.4
16241.0,13,2607.87,2010-12-05 11:04:00,2011-11-30 11:08:00,360,200.6053846153846
16242.0,7,3586.26,2011-03-07 17:04:00,2011-12-01 15:12:00,268,512.3228571428572
16243.0,2,307.15,2011-10-16 12:09:00,2011-11-06 12:32:00,21,153.575
16244.0,2,1522.75,2010-12-02 11:41:00,2011-05-12 10:18:00,160,761.375
16245.0,3,1377.71,2011-03-28 09:30:00,2011-11-16 10:14:00,233,459.2366666666667
16247.0,1,114.56,2011-06-22 14:23:00,2011-06-22 14:23:00,0,114.56
16248.0,1,152.94,2011-10-09 11:32:00,2011-10-09 11:32:00,0,152.94
16249.0,5,1800.07,2011-04-14 13:50:00,2011-10-18 10:07:00,186,360.014
16250.0,2,389.44,2010-12-01 09:59:00,2011-03-23 15:07:00,112,194.72
16253.0,2,3683.86,2011-03-29 13:33:00,2011-10-04 09:09:00,188,1841.93
16255.0,8,2594.96,2010-12-09 14:25:00,2011-11-23 12:40:00,348,324.37
16256.0,1,752.4300000000001,2011-03-18 12:18:00,2011-03-18 12:18:00,0,752.4300000000001
16258.0,5,4800.31,2011-05-04 14:33:00,2011-10-25 13:30:00,173,960.0620000000001
16260.0,1,1035.45,2011-10-20 09:40:00,2011-10-20 09:40:00,0,1035.45
16261.0,4,730.88,2011-04-07 19:05:00,2011-11-22 17:23:00,228,182.72
16265.0,9,5028.95,2010-12-10 10:21:00,2011-11-30 16:41:00,355,558.7722222222222
16266.0,7,861.89,2011-05-17 14:50:00,2011-09-27 12:08:00,132,123.12714285714286
16268.0,2,577.7,2011-09-29 18:30:00,2011-09-29 18:30:00,0,288.85
16270.0,1,1073.44,2010-12-21 14:26:00,2010-12-21 14:26:00,0,1073.44
16271.0,4,1414.24,2010-12-16 16:36:00,2011-11-24 12:12:00,342,353.56
16272.0,1,411.7,2011-08-15 10:53:00,2011-08-15 10:54:00,0,411.7
16274.0,1,292.1,2010-12-01 15:35:00,2010-12-01 15:35:00,0,292.1
16275.0,1,559.87,2011-05-27 12:41:00,2011-05-27 12:41:00,0,559.87
16276.0,1,277.8,2011-06-16 09:34:00,2011-06-16 09:34:00,0,277.8
16278.0,1,346.38,2011-08-31 17:12:00,2011-08-31 17:12:00,0,346.38
16279.0,3,1509.58,2011-06-16 11:50:00,2011-11-18 15:00:00,155,503.1933333333333
16281.0,1,1756.78,2011-09-28 14:57:00,2011-09-28 14:57:00,0,1756.78
16282.0,1,168.3,2011-01-04 11:42:00,2011-01-04 11:42:00,0,168.3
16283.0,5,1519.96,2011-05-15 13:37:00,2011-12-04 12:08:00,202,303.992
16284.0,2,823.97,2011-10-20 13:54:00,2011-11-08 16:12:00,19,411.985
16287.0,1,125.22000000000001,2011-06-23 09:08:00,2011-06-23 09:08:00,0,125.22000000000001
16292.0,1,302.25,2011-08-10 12:24:00,2011-08-10 12:24:00,0,302.25
16293.0,10,2179.4900000000002,2010-12-07 15:02:00,2011-11-18 09:58:00,345,217.949
16295.0,4,1328.55,2011-10-06 10:45:00,2011-11-30 08:17:00,54,332.1375
16297.0,1,301.9,2011-03-16 08:29:00,2011-03-16 08:29:00,0,301.9
16298.0,3,548.2,2011-06-06 10:06:00,2011-11-17 11:59:00,164,182.73333333333335
16302.0,1,233.22,2011-08-05 09:44:00,2011-08-05 09:44:00,0,233.22
16303.0,3,5191.13,2011-01-10 14:16:00,2011-11-14 10:49:00,307,1730.3766666666668
16305.0,1,361.22,2011-07-24 12:18:00,2011-07-24 12:18:00,0,361.22
16306.0,6,632.27,2010-12-07 15:18:00,2011-05-10 12:12:00,153,105.37833333333333
16309.0,2,706.57,2011-04-13 11:46:00,2011-08-25 15:35:00,134,353.285
16311.0,2,616.26,2011-10-21 13:13:00,2011-11-22 08:54:00,31,308.13
16313.0,2,274.15000000000003,2011-10-21 09:04:00,2011-12-06 13:02:00,46,137.07500000000002
16315.0,1,209.42,2011-01-13 11:57:00,2011-01-13 11:57:00,0,209.42
16316.0,8,2337.21,2010-12-16 14:26:00,2011-10-06 13:48:00,293,292.15125
16317.0,3,1341.65,2011-02-15 14:30:00,2011-08-12 12:46:00,177,447.2166666666667
16318.0,1,328.15000000000003,2011-11-04 13:05:00,2011-11-04 13:05:00,0,328.15000000000003
16319.0,1,404.40000000000003,2011-05-06 11:27:00,2011-05-06 11:27:00,0,404.40000000000003
16320.0,2,1038.46,2011-05-10 15:31:00,2011-06-20 15:25:00,40,519.23
16321.0,5,373.65000000000003,2011-01-20 12:11:00,2011-09-28 14:55:00,251,74.73
16322.0,2,326.75,2011-11-03 14:33:00,2011-12-08 15:41:00,35,163.375
16323.0,1,207.50000000000003,2011-05-27 14:48:00,2011-05-27 14:48:00,0,207.50000000000003
16324.0,3,428.68,2011-06-15 14:26:00,2011-08-03 12:58:00,48,142.89333333333335
16325.0,3,594.24,2011-04-08 09:20:00,2011-10-24 08:48:00,198,198.08
16326.0,14,3075.01,2011-01-09 12:01:00,2011-12-04 10:11:00,328,219.64357142857145
16327.0,6,3844.2200000000003,2010-12-05 12:43:00,2011-11-25 13:23:00,355,640.7033333333334
16330.0,3,251.91,2011-08-19 17:08:00,2011-11-22 12:24:00,94,83.97
16332.0,7,1593.2,2011-02-07 14:16:00,2011-11-11 14:22:00,277,227.6
16333.0,1,177.60000000000002,2011-05-31 13:38:00,2011-05-31 13:38:00,0,177.60000000000002
16337.0,1,151.05,2011-11-03 10:03:00,2011-11-03 10:03:00,0,151.05
16338.0,1,214.8,2011-07-05 13:56:00,2011-07-05 13:56:00,0,214.8
16339.0,1,109.95,2011-02-28 13:41:00,2011-02-28 13:41:00,0,109.95
16340.0,1,532.12,2011-08-24 14:53:00,2011-08-24 14:53:00,0,532.12
16341.0,4,1971.8700000000001,2011-05-22 13:20:00,2011-11-15 09:12:00,176,492.96750000000003
16342.0,4,286.46,2011-06-13 10:10:00,2011-09-25 14:36:00,104,71.615
16343.0,2,370.48,2011-11-23 17:43:00,2011-11-23 17:45:00,0,185.24
16344.0,1,101.10000000000001,2011-07-04 15:50:00,2011-07-04 15:50:00,0,101.10000000000001
16345.0,1,475.41,2011-10-26 16:03:00,2011-10-26 16:03:00,0,475.41
16347.0,2,837.65,2011-11-03 13:01:00,2011-11-28 13:14:00,25,418.825
16348.0,7,1266.05,2011-04-13 15:49:00,2011-11-07 15:44:00,207,180.8642857142857
16349.0,1,37.55,2011-02-22 12:40:00,2011-02-22 12:40:00,0,37.55
16350.0,4,1116.47,2011-01-10 09:44:00,2011-11-18 15:53:00,312,279.1175
16351.0,1,153.9,2011-01-11 10:26:00,2011-01-11 10:26:00,0,153.9
16352.0,2,494.44,2011-11-02 08:44:00,2011-11-22 10:32:00,20,247.22
16353.0,23,6675.71,2010-12-05 12:09:00,2011-12-06 12:23:00,366,290.24826086956523
16354.0,2,395.8,2011-09-27 16:28:00,2011-10-07 14:28:00,9,197.9
16356.0,3,211.77,2011-03-07 12:31:00,2011-05-26 11:51:00,79,70.59
16357.0,3,642.9300000000001,2011-05-10 10:35:00,2011-11-06 16:04:00,180,214.31000000000003
16358.0,4,2027.5,2011-06-08 15:05:00,2011-12-08 15:09:00,183,506.875
16359.0,8,1119.41,2011-01-12 10:49:00,2011-12-02 17:04:00,324,139.92625
16360.0,6,3410.83,2011-09-12 13:50:00,2011-12-05 12:16:00,83,568.4716666666667
16361.0,4,862.76,2011-09-29 13:13:00,2011-11-30 12:32:00,61,215.69
16362.0,5,734.77,2011-09-09 14:47:00,2011-11-07 13:01:00,58,146.954
16363.0,1,109.36000000000001,2011-10-17 14:14:00,2011-10-17 14:14:00,0,109.36000000000001
16364.0,2,707.04,2011-07-25 14:35:00,2011-11-28 11:27:00,125,353.52
16365.0,9,1506.52,2010-12-07 17:19:00,2011-11-22 11:24:00,349,167.39111111111112
16366.0,1,327.3,2011-11-21 08:19:00,2011-11-21 08:19:00,0,327.3
16367.0,2,804.49,2010-12-12 12:01:00,2011-11-02 13:13:00,325,402.245
16368.0,2,480.48,2011-11-11 15:08:00,2011-12-07 13:12:00,25,240.24
16369.0,3,1553.66,2011-05-27 09:39:00,2011-11-21 16:25:00,178,517.8866666666667
16370.0,4,1201.91,2011-04-28 16:40:00,2011-09-18 15:55:00,142,300.4775
16372.0,2,367.93,2011-11-06 12:50:00,2011-11-06 13:08:00,0,183.965
16374.0,2,473.03,2011-03-22 13:46:00,2011-10-04 15:21:00,196,236.515
16376.0,2,970.0600000000001,2011-11-22 16:47:00,2011-12-01 11:38:00,8,485.03000000000003
16377.0,1,106.2,2011-03-17 15:41:00,2011-03-17 15:41:00,0,106.2
16378.0,3,362.95,2011-02-02 12:42:00,2011-04-06 15:07:00,63,120.98333333333333
16379.0,4,2157.4,2011-09-22 09:33:00,2011-12-05 15:38:00,74,539.35
16380.0,1,974.43,2011-10-09 15:40:00,2011-10-09 15:40:00,0,974.43
16383.0,2,668.36,2011-03-16 13:00:00,2011-09-26 12:45:00,193,334.18
16384.0,2,584.5,2011-03-21 10:13:00,2011-09-11 11:19:00,174,292.25
16385.0,3,555.89,2010-12-08 12:56:00,2011-10-10 13:12:00,306,185.29666666666665
16386.0,2,317.2,2011-03-31 12:19:00,2011-11-11 12:28:00,225,158.6
16387.0,1,94.36,2011-01-21 11:34:00,2011-01-21 11:34:00,0,94.36
16389.0,4,1309.47,2011-03-01 15:47:00,2011-10-17 14:41:00,229,327.3675
16392.0,1,221.19,2011-03-15 12:11:00,2011-03-15 12:11:00,0,221.19
16393.0,13,3046.21,2010-12-05 13:10:00,2011-12-07 12:51:00,366,234.32384615384615
16394.0,5,1383.98,2011-02-23 10:58:00,2011-10-14 09:48:00,232,276.796
16395.0,5,1486.9,2011-01-13 12:10:00,2011-10-10 12:50:00,270,297.38
16398.0,2,1517.3,2011-03-31 09:38:00,2011-07-08 15:16:00,99,758.65
16399.0,2,383.57,2011-04-18 13:46:00,2011-11-20 16:12:00,216,191.785
16400.0,1,286.98,2011-09-06 12:27:00,2011-09-06 12:27:00,0,286.98
16401.0,12,3522.32,2011-01-16 10:56:00,2011-12-08 18:15:00,326,293.5266666666667
16402.0,2,299.6,2010-12-05 13:42:00,2011-03-20 12:25:00,104,149.8
16403.0,1,177.5,2011-01-31 13:39:00,2011-01-31 13:39:00,0,177.5
16404.0,1,443.05,2011-09-30 14:55:00,2011-09-30 14:55:00,0,443.05
16405.0,2,74.85,2011-02-02 17:08:00,2011-02-10 15:24:00,7,37.425
16406.0,1,163.07,2011-11-21 11:57:00,2011-11-21 11:57:00,0,163.07
16407.0,10,2126.93,2011-01-31 14:02:00,2011-11-27 11:05:00,299,212.69299999999998
16409.0,5,2028.88,2011-01-26 14:51:00,2011-11-03 16:45:00,281,405.776
16411.0,2,214.65,2010-12-05 13:26:00,2011-11-20 13:23:00,349,107.325
16412.0,1,151.83,2011-10-17 12:35:00,2011-10-17 12:35:00,0,151.83
16413.0,1,262.2,2011-10-14 12:08:00,2011-10-14 12:08:00,0,262.2
16414.0,2,126.25,2011-03-04 13:27:00,2011-11-18 09:42:00,258,63.125
16415.0,1,210.35,2011-10-26 13:35:00,2011-10-26 13:35:00,0,210.35
16416.0,3,1011.5,2011-10-14 13:35:00,2011-11-13 12:50:00,29,337.1666666666667
16418.0,3,620.37,2011-04-27 16:54:00,2011-10-26 12:39:00,181,206.79
16419.0,6,972.23,2011-02-01 12:25:00,2011-08-19 12:33:00,199,162.03833333333333
16422.0,50,25042.12,2010-12-05 15:35:00,2011-11-22 14:00:00,351,500.8424
16423.0,1,346.12,2011-11-15 09:21:00,2011-11-15 09:21:00,0,346.12
16424.0,1,133.56,2011-06-01 13:40:00,2011-06-01 13:40:00,0,133.56
16425.0,1,302.7,2011-02-10 14:30:00,2011-02-10 14:30:00,0,302.7
16426.0,10,1908.25,2011-03-08 15:45:00,2011-12-07 14:01:00,273,190.825
16427.0,2,241.06,2011-02-28 15:18:00,2011-03-21 17:10:00,21,120.53
16429.0,1,4.95,2011-08-25 13:54:00,2011-08-25 13:54:00,0,4.95
16430.0,1,300.85,2011-10-13 14:47:00,2011-10-13 14:47:00,0,300.85
16431.0,3,642.81,2011-02-15 14:02:00,2011-05-10 14:09:00,84,214.26999999999998
16432.0,1,143.4,2011-10-06 13:59:00,2011-10-06 13:59:00,0,143.4
16433.0,1,184.26,2011-11-11 14:09:00,2011-11-11 14:09:00,0,184.26
16434.0,7,1522.25,2011-02-13 12:17:00,2011-11-10 14:28:00,270,217.46428571428572
16438.0,5,798.35,2011-09-18 13:31:00,2011-12-04 10:51:00,76,159.67000000000002
16440.0,5,3640.67,2011-05-09 12:25:00,2011-12-02 12:02:00,206,728.134
16441.0,2,381.2,2011-02-21 17:35:00,2011-10-03 17:48:00,224,190.6
16442.0,3,599.84,2010-12-14 10:46:00,2011-12-08 11:43:00,359,199.9466666666667
16444.0,4,638.02,2011-03-20 12:14:00,2011-10-24 13:50:00,218,159.505
16445.0,1,230.51,2011-11-06 12:32:00,2011-11-06 12:32:00,0,230.51
16446.0,1,2.9,2011-05-18 09:52:00,2011-05-18 09:52:00,0,2.9
16447.0,1,259.01,2011-07-27 12:45:00,2011-07-27 12:45:00,0,259.01
16448.0,1,188.89000000000001,2011-05-25 16:28:00,2011-05-25 16:28:00,0,188.89000000000001
16449.0,2,707.69,2011-03-04 12:15:00,2011-05-26 10:25:00,82,353.845
16450.0,1,311.92,2011-07-13 11:47:00,2011-07-13 11:47:00,0,311.92
16451.0,1,266.97,2011-09-13 09:17:00,2011-09-13 09:17:00,0,266.97
16454.0,2,6.9,2011-10-06 16:57:00,2011-10-26 11:40:00,19,3.45
16455.0,7,1841.18,2010-12-03 16:44:00,2011-10-07 12:17:00,307,263.0257142857143
16456.0,5,2158.37,2010-12-01 14:11:00,2011-09-01 13:50:00,273,431.674
16457.0,1,208.36,2011-05-05 13:19:00,2011-05-05 13:19:00,0,208.36
16458.0,18,3482.7400000000002,2010-12-14 11:51:00,2011-12-07 09:34:00,357,193.48555555555558
16460.0,3,814.72,2011-09-19 10:15:00,2011-11-11 13:46:00,53,271.5733333333333
16461.0,1,135.47,2011-06-15 12:07:00,2011-06-15 12:07:00,0,135.47
16462.0,3,136.0,2011-03-01 08:58:00,2011-09-27 10:24:00,210,45.333333333333336
16463.0,4,1422.4,2011-05-19 14:45:00,2011-11-18 14:01:00,182,355.6
16464.0,3,1255.83,2011-07-20 13:53:00,2011-11-20 12:11:00,122,418.60999999999996
16466.0,7,1586.51,2011-02-20 11:39:00,2011-11-06 11:35:00,258,226.6442857142857
16468.0,1,74.9,2011-09-26 14:13:00,2011-09-26 14:13:00,0,74.9
16469.0,4,634.48,2011-04-07 13:11:00,2011-11-16 12:25:00,222,158.62
16470.0,4,762.39,2010-12-16 11:53:00,2011-10-19 12:11:00,307,190.5975
16471.0,1,223.95000000000002,2011-03-10 09:41:00,2011-03-10 09:41:00,0,223.95000000000002
16473.0,3,316.11,2011-01-07 10:55:00,2011-06-28 09:10:00,171,105.37
16474.0,7,1871.5,2011-07-17 14:51:00,2011-12-02 13:02:00,137,267.35714285714283
16475.0,3,459.3,2011-03-11 09:39:00,2011-07-19 11:08:00,130,153.1
16477.0,7,2494.46,2010-12-03 12:48:00,2011-10-07 09:44:00,307,356.3514285714286
16478.0,3,331.0,2011-10-05 12:02:00,2011-11-14 15:51:00,40,110.33333333333333
16479.0,2,300.83,2011-11-29 13:04:00,2011-11-29 13:40:00,0,150.415
16480.0,1,737.39,2011-09-25 11:40:00,2011-09-25 11:40:00,0,737.39
16482.0,1,220.62,2011-11-24 12:33:00,2011-11-24 12:33:00,0,220.62
16483.0,1,123.39999999999999,2011-05-31 13:08:00,2011-05-31 13:08:00,0,123.39999999999999
16484.0,2,389.3,2011-06-02 10:39:00,2011-06-19 12:06:00,17,194.65
16485.0,1,363.65,2011-09-23 15:50:00,2011-09-23 15:50:00,0,363.65
16488.0,3,410.9,2011-07-14 11:46:00,2011-11-06 13:42:00,115,136.96666666666667
16491.0,1,731.5,2011-10-24 10:18:00,2011-10-24 10:18:00,0,731.5
16493.0,4,1351.63,2011-01-14 08:16:00,2011-09-21 11:10:00,250,337.9075
16494.0,1,826.53,2011-02-16 12:49:00,2011-02-16 12:49:00,0,826.53
16495.0,3,636.56,2011-03-08 16:38:00,2011-12-06 13:20:00,272,212.18666666666664
16496.0,3,1599.52,2011-01-27 09:42:00,2011-12-01 10:31:00,308,533.1733333333333
16497.0,6,2897.89,2011-01-10 13:20:00,2011-10-21 10:55:00,283,482.9816666666666
16498.0,2,100.97,2011-06-30 19:52:00,2011-07-01 15:07:00,0,50.485
16499.0,2,365.45,2010-12-10 10:27:00,2010-12-14 13:31:00,4,182.725
16500.0,5,235.86,2011-11-03 14:32:00,2011-12-05 12:04:00,31,47.172000000000004
16503.0,4,1398.03,2010-12-14 13:50:00,2011-08-25 11:46:00,253,349.5075
16504.0,1,484.38,2011-11-14 15:18:00,2011-11-14 15:18:00,0,484.38
16506.0,2,90.30000000000001,2011-10-30 15:50:00,2011-11-20 12:17:00,20,45.150000000000006
16509.0,1,346.75,2011-02-16 09:25:00,2011-02-16 09:25:00,0,346.75
16510.0,1,248.1,2010-12-02 13:39:00,2010-12-02 13:39:00,0,248.1
16511.0,3,950.26,2011-03-18 11:24:00,2011-11-18 10:41:00,244,316.75333333333333
16513.0,4,874.59,2011-10-27 14:56:00,2011-12-05 10:18:00,38,218.6475
16515.0,5,1627.13,2011-02-01 13:09:00,2011-10-18 13:10:00,259,325.42600000000004
16516.0,1,101.69999999999999,2011-11-09 14:59:00,2011-11-09 14:59:00,0,101.69999999999999
16517.0,1,162.70000000000002,2011-03-07 13:50:00,2011-03-07 13:50:00,0,162.70000000000002
16518.0,2,484.32,2011-02-28 16:36:00,2011-10-09 15:04:00,222,242.16
16519.0,2,215.07999999999998,2010-12-09 14:08:00,2011-11-14 15:41:00,340,107.53999999999999
16520.0,3,1046.57,2010-12-09 13:08:00,2011-06-06 13:24:00,179,348.8566666666666
16523.0,21,9350.67,2011-01-28 12:06:00,2011-12-08 09:06:00,313,445.27
16525.0,26,10327.75,2010-12-08 11:31:00,2011-12-07 15:07:00,364,397.22115384615387
16526.0,1,290.36,2011-06-21 12:02:00,2011-06-21 12:02:00,0,290.36
16527.0,1,228.06,2011-09-19 16:21:00,2011-09-19 16:21:00,0,228.06
16528.0,1,244.41,2011-12-06 12:45:00,2011-12-06 12:45:00,0,244.41
16529.0,1,455.25,2011-06-02 17:23:00,2011-06-02 17:23:00,0,455.25
16531.0,7,1210.69,2010-12-14 13:19:00,2011-11-17 16:29:00,338,172.9557142857143
16533.0,3,1095.56,2011-10-02 15:07:00,2011-11-20 13:08:00,48,365.18666666666667
16535.0,1,593.75,2011-12-04 15:18:00,2011-12-04 15:18:00,0,593.75
16536.0,1,532.02,2011-08-21 15:54:00,2011-08-21 15:54:00,0,532.02
16539.0,4,1388.81,2010-12-01 15:40:00,2011-12-07 08:41:00,370,347.2025
16542.0,1,119.62,2011-10-17 10:47:00,2011-10-17 10:47:00,0,119.62
16545.0,1,339.3,2011-06-28 10:37:00,2011-06-28 10:37:00,0,339.3
16546.0,2,787.15,2010-12-02 12:07:00,2011-02-22 11:20:00,81,393.575
16549.0,10,4154.64,2011-01-09 14:03:00,2011-11-29 15:06:00,324,415.46400000000006
16550.0,5,2269.02,2010-12-06 13:53:00,2011-08-23 11:12:00,259,453.804
16551.0,3,737.8,2011-01-07 10:24:00,2011-09-05 09:38:00,240,245.9333333333333
16552.0,2,379.73,2010-12-01 12:36:00,2011-04-11 10:04:00,130,189.865
16553.0,12,5327.66,2010-12-14 13:58:00,2011-06-29 15:42:00,197,443.97166666666664
16554.0,3,837.1,2011-01-12 12:41:00,2011-10-28 14:51:00,289,279.03333333333336
16555.0,2,285.89,2011-08-22 12:32:00,2011-11-04 14:31:00,74,142.945
16556.0,7,3279.89,2010-12-14 13:32:00,2011-10-04 11:36:00,293,468.55571428571426
16557.0,2,281.85,2011-07-25 13:28:00,2011-11-15 14:04:00,113,140.925
16558.0,20,8236.79,2010-12-08 12:01:00,2011-12-09 10:20:00,365,411.83950000000004
16560.0,2,816.41,2010-12-16 14:36:00,2011-11-13 10:35:00,331,408.205
16561.0,2,511.12,2011-10-11 09:53:00,2011-12-04 11:50:00,54,255.56
16563.0,1,845.74,2011-10-17 11:51:00,2011-10-17 11:51:00,0,845.74
16565.0,1,173.7,2010-12-10 15:21:00,2010-12-10 15:21:00,0,173.7
16566.0,5,614.66,2011-02-20 10:29:00,2011-11-24 16:34:00,277,122.93199999999999
16567.0,2,704.56,2011-01-07 09:31:00,2011-05-29 13:57:00,142,352.28
16569.0,1,124.2,2011-12-06 15:32:00,2011-12-06 15:32:00,0,124.2
16570.0,10,3738.4,2011-02-01 10:37:00,2011-11-24 17:02:00,296,373.84000000000003
16571.0,3,1388.39,2011-03-03 09:41:00,2011-11-13 11:46:00,255,462.7966666666667
16572.0,3,973.65,2011-03-09 12:04:00,2011-08-04 16:34:00,148,324.55
16573.0,2,663.61,2011-02-22 15:14:00,2011-09-16 09:13:00,205,331.805
16574.0,1,451.44,2011-09-29 13:39:00,2011-09-29 13:39:00,0,451.44
16581.0,1,105.84,2011-06-10 10:05:00,2011-06-10 10:05:00,0,105.84
16582.0,1,313.62,2011-08-18 17:02:00,2011-08-18 17:02:00,0,313.62
16583.0,1,233.45,2010-12-01 12:03:00,2010-12-01 12:03:00,0,233.45
16584.0,2,831.08,2011-03-30 13:14:00,2011-09-20 13:45:00,174,415.54
16586.0,1,463.95,2011-04-05 09:32:00,2011-04-05 09:32:00,0,463.95
16587.0,1,200.2,2011-04-21 15:51:00,2011-04-21 15:51:00,0,200.2
16589.0,3,459.24,2011-07-01 13:31:00,2011-09-29 14:50:00,90,153.08
16591.0,1,213.5,2011-10-02 10:43:00,2011-10-02 10:43:00,0,213.5
16592.0,16,4113.68,2011-02-25 10:19:00,2011-12-05 13:49:00,283,257.105
16593.0,3,330.03,2011-01-16 12:11:00,2011-10-20 12:41:00,277,110.00999999999999
16594.0,1,181.09,2011-09-25 14:08:00,2011-09-25 14:08:00,0,181.09
16595.0,1,360.16,2011-10-09 13:15:00,2011-10-09 13:15:00,0,360.16
16596.0,2,250.15,2010-12-08 16:18:00,2011-11-24 10:02:00,350,125.075
16597.0,1,90.04,2011-12-05 15:44:00,2011-12-05 15:44:00,0,90.04
16598.0,1,145.05,2011-02-27 11:42:00,2011-02-27 11:42:00,0,145.05
16600.0,6,813.52,2011-01-05 12:13:00,2011-12-05 16:00:00,334,135.58666666666667
16601.0,1,244.8,2011-10-30 11:09:00,2011-10-30 11:09:00,0,244.8
16602.0,1,511.13,2011-11-03 15:54:00,2011-11-03 15:54:00,0,511.13
16603.0,2,482.47,2011-09-09 13:02:00,2011-09-26 10:06:00,16,241.235
16607.0,13,2785.43,2010-12-16 08:41:00,2011-11-22 10:24:00,341,214.26384615384615
16609.0,7,5493.46,2011-04-01 10:11:00,2011-11-24 13:32:00,237,784.78
16610.0,1,75.66,2011-05-04 13:13:00,2011-05-04 13:13:00,0,75.66
16611.0,1,129.49,2011-06-06 15:46:00,2011-06-06 15:46:00,0,129.49
16612.0,4,1187.66,2011-02-01 10:38:00,2011-11-07 07:38:00,278,296.915
16613.0,1,618.59,2011-09-30 15:52:00,2011-09-30 15:52:00,0,618.59
16614.0,1,506.19,2011-06-10 11:36:00,2011-06-10 11:36:00,0,506.19
16616.0,2,420.52,2011-07-05 13:38:00,2011-11-24 16:31:00,142,210.26
16617.0,1,151.85,2011-04-18 10:35:00,2011-04-18 10:35:00,0,151.85
16618.0,4,2528.94,2011-01-21 11:55:00,2011-11-08 13:52:00,291,632.235
16619.0,1,226.21,2011-03-21 08:18:00,2011-03-21 08:18:00,0,226.21
16620.0,2,178.96,2011-03-24 10:37:00,2011-12-06 12:19:00,257,89.48
16621.0,4,813.48,2011-03-07 11:32:00,2011-10-19 11:38:00,226,203.37
16623.0,1,129.45000000000002,2011-04-08 10:09:00,2011-04-08 10:09:00,0,129.45000000000002
16624.0,2,794.62,2011-05-26 14:20:00,2011-09-20 12:39:00,116,397.31
16625.0,1,333.08,2011-03-10 12:50:00,2011-03-10 12:50:00,0,333.08
16626.0,16,3733.2,2011-03-18 12:27:00,2011-12-09 11:56:00,265,233.325
16627.0,1,322.8,2011-09-21 14:38:00,2011-09-21 14:38:00,0,322.8
16628.0,5,2188.05,2011-04-19 08:55:00,2011-11-10 12:45:00,205,437.61
16629.0,2,417.73,2011-09-04 16:12:00,2011-09-27 10:34:00,22,208.865
16633.0,6,2848.15,2011-04-19 14:36:00,2011-11-22 13:41:00,216,474.69166666666666
16634.0,2,217.9,2010-12-02 17:41:00,2011-05-01 12:09:00,149,108.95
16637.0,4,1046.62,2011-04-28 10:20:00,2011-11-07 13:17:00,193,261.655
16638.0,10,1560.82,2010-12-06 10:19:00,2011-11-17 11:09:00,346,156.082
16639.0,3,1257.51,2011-04-18 09:31:00,2011-11-08 13:20:00,204,419.17
16641.0,1,231.1,2011-08-26 12:49:00,2011-08-26 12:49:00,0,231.1
16642.0,2,688.33,2011-05-16 12:35:00,2011-12-05 11:31:00,202,344.165
16643.0,1,487.51,2011-04-08 08:24:00,2011-04-08 08:24:00,0,487.51
16644.0,2,833.78,2011-05-11 12:53:00,2011-06-15 12:39:00,34,416.89
16647.0,2,214.06,2011-05-19 09:31:00,2011-06-23 11:47:00,35,107.03
16648.0,1,290.66,2011-10-28 08:58:00,2011-10-28 08:58:00,0,290.66
16650.0,1,518.42,2011-09-29 09:51:00,2011-09-29 09:51:00,0,518.42
16652.0,7,6258.45,2011-03-11 13:13:00,2011-10-12 09:38:00,214,894.0642857142857
16653.0,2,1195.71,2011-09-29 13:38:00,2011-11-23 14:51:00,55,597.855
16654.0,4,567.37,2010-12-06 15:09:00,2011-07-21 15:23:00,227,141.8425
16655.0,6,3760.62,2011-01-12 10:16:00,2011-11-22 11:25:00,314,626.77
16656.0,15,3125.0,2010-12-10 11:23:00,2011-11-17 14:43:00,342,208.33333333333334
16657.0,4,933.62,2011-03-30 12:02:00,2011-11-30 11:48:00,244,233.405
16658.0,1,123.24,2010-12-06 13:47:00,2010-12-06 13:47:00,0,123.24
16659.0,1,39.12,2011-06-03 15:03:00,2011-06-03 15:03:00,0,39.12
16660.0,4,1267.65,2011-01-24 12:44:00,2011-11-23 14:53:00,303,316.9125
16665.0,1,135.4,2010-12-12 14:03:00,2010-12-12 14:03:00,0,135.4
16666.0,1,118.98,2011-11-20 14:01:00,2011-11-20 14:01:00,0,118.98
16667.0,2,536.23,2011-02-28 12:57:00,2011-10-02 15:26:00,216,268.115
16668.0,6,306.72,2011-02-28 12:46:00,2011-11-24 17:43:00,269,51.120000000000005
16669.0,3,1374.87,2011-09-22 14:13:00,2011-11-16 12:26:00,54,458.28999999999996
16670.0,11,4095.9,2010-12-16 10:30:00,2011-11-23 09:34:00,341,372.3545454545455
16671.0,2,418.35,2011-06-28 11:20:00,2011-11-04 09:32:00,128,209.175
16672.0,20,8134.9400000000005,2011-03-18 10:15:00,2011-12-07 16:29:00,264,406.747
16674.0,2,319.61,2011-09-02 13:59:00,2011-10-16 11:31:00,43,159.805
16676.0,4,1512.22,2011-01-06 13:00:00,2011-11-06 12:01:00,303,378.055
16678.0,12,3109.99,2011-03-02 09:24:00,2011-12-07 12:17:00,280,259.1658333333333
16679.0,1,129.75,2010-12-08 13:51:00,2010-12-08 13:51:00,0,129.75
16680.0,1,183.7,2011-10-27 17:35:00,2011-10-27 17:35:00,0,183.7
16681.0,6,1770.3400000000001,2011-03-31 13:46:00,2011-09-28 11:11:00,180,295.0566666666667
16682.0,5,958.88,2011-06-05 11:02:00,2011-12-05 12:13:00,183,191.776
16684.0,17,23716.3,2010-12-16 17:34:00,2011-12-05 14:06:00,353,1395.0764705882352
16685.0,2,324.24,2011-10-09 13:44:00,2011-10-09 13:58:00,0,162.12
16686.0,7,2884.53,2010-12-19 14:41:00,2011-10-23 13:49:00,307,412.0757142857143
16688.0,4,1260.8600000000001,2011-10-10 12:23:00,2011-12-08 15:24:00,59,315.21500000000003
16689.0,2,370.76,2011-09-18 13:29:00,2011-09-25 11:39:00,6,185.38
16690.0,2,208.63,2011-05-22 10:53:00,2011-09-28 15:02:00,129,104.315
16692.0,1,8.5,2011-02-23 15:41:00,2011-02-23 15:41:00,0,8.5
16693.0,2,462.06,2011-03-13 11:06:00,2011-10-02 11:10:00,203,231.03
16696.0,4,657.9,2011-04-05 15:20:00,2011-07-27 14:23:00,112,164.475
16697.0,1,112.75,2011-04-12 17:12:00,2011-04-12 17:12:00,0,112.75
16698.0,1,510.0,2011-03-31 13:33:00,2011-03-31 13:33:00,0,510.0
16700.0,13,5076.55,2010-12-08 16:34:00,2011-12-01 11:00:00,357,390.50384615384615
16701.0,13,5044.0599999999995,2010-12-13 11:51:00,2011-12-01 11:10:00,352,388.00461538461536
16705.0,20,13398.15,2010-12-16 10:51:00,2011-12-09 12:08:00,358,669.9075
16706.0,3,480.5,2011-08-17 15:53:00,2011-11-02 13:50:00,76,160.16666666666666
16708.0,1,622.73,2011-10-25 12:20:00,2011-10-25 12:20:00,0,622.73
16709.0,5,2894.27,2011-03-03 10:55:00,2011-09-16 10:56:00,197,578.854
16710.0,10,2466.09,2010-12-06 13:13:00,2011-11-20 14:50:00,349,246.609
16711.0,5,1620.79,2010-12-17 12:43:00,2011-12-06 16:32:00,354,324.158
16712.0,11,3611.53,2011-03-08 15:07:00,2011-11-30 13:48:00,266,328.3209090909091
16713.0,15,6520.37,2010-12-08 13:01:00,2011-11-21 12:36:00,347,434.6913333333333
16714.0,2,896.53,2011-01-26 13:40:00,2011-01-26 13:46:00,0,448.265
16715.0,1,222.51999999999998,2011-09-22 18:15:00,2011-09-22 18:15:00,0,222.51999999999998
16716.0,2,901.2,2011-02-01 15:35:00,2011-03-18 10:03:00,44,450.6
16717.0,6,3818.4300000000003,2010-12-08 16:48:00,2011-11-16 12:16:00,342,636.4050000000001
16718.0,1,623.75,2010-12-05 13:03:00,2010-12-05 13:03:00,0,623.75
16719.0,7,1790.42,2010-12-06 12:06:00,2011-11-25 09:27:00,353,255.77428571428572
16720.0,1,155.24,2011-11-13 16:22:00,2011-11-13 16:22:00,0,155.24
16721.0,1,292.47,2011-03-22 16:08:00,2011-03-22 16:08:00,0,292.47
16722.0,13,4641.53,2010-12-06 12:59:00,2011-11-22 13:28:00,351,357.04076923076923
16723.0,1,407.2,2011-08-24 11:31:00,2011-08-24 11:31:00,0,407.2
16725.0,7,747.12,2010-12-03 16:02:00,2011-02-10 16:52:00,69,106.73142857142857
16726.0,5,1382.02,2010-12-13 13:28:00,2011-11-13 14:53:00,335,276.404
16727.0,1,272.82,2010-12-10 13:48:00,2010-12-10 13:48:00,0,272.82
16728.0,4,1054.67,2011-03-20 13:28:00,2011-10-24 14:36:00,218,263.6675
16729.0,21,7239.92,2011-04-12 14:22:00,2011-11-01 14:29:00,203,344.7580952380952
16730.0,3,743.11,2011-01-24 14:01:00,2011-10-18 14:11:00,267,247.70333333333335
16732.0,1,603.75,2011-11-08 09:54:00,2011-11-08 09:54:00,0,603.75
16734.0,3,618.61,2011-08-17 15:00:00,2011-10-18 13:44:00,61,206.20333333333335
16735.0,5,2300.56,2011-01-09 12:53:00,2011-09-22 11:49:00,255,460.11199999999997
16738.0,1,3.75,2011-02-15 09:46:00,2011-02-15 09:46:00,0,3.75
16739.0,1,323.0,2011-06-16 09:17:00,2011-06-16 09:17:00,0,323.0
16743.0,7,2238.09,2010-12-16 12:15:00,2011-11-10 13:13:00,329,319.7271428571429
16744.0,7,1288.11,2011-06-19 15:13:00,2011-11-28 13:06:00,161,184.01571428571427
16745.0,17,7133.82,2011-02-01 11:31:00,2011-09-14 11:58:00,225,419.6364705882353
16746.0,18,6560.08,2010-12-16 11:43:00,2011-12-05 12:33:00,354,364.44888888888886
16747.0,2,836.0600000000001,2011-10-03 10:18:00,2011-11-02 11:37:00,30,418.03000000000003
16748.0,5,1515.9,2011-01-09 13:50:00,2011-11-22 10:17:00,316,303.18
16750.0,5,583.98,2011-04-21 16:53:00,2011-10-26 12:48:00,187,116.796
16751.0,1,515.52,2011-11-09 10:48:00,2011-11-09 10:48:00,0,515.52
16752.0,1,110.6,2010-12-02 12:18:00,2010-12-02 12:18:00,0,110.6
16753.0,1,223.92000000000002,2011-10-12 13:14:00,2011-10-12 13:14:00,0,223.92000000000002
16755.0,3,1496.83,2011-01-28 10:47:00,2011-08-17 13:21:00,201,498.9433333333333
16756.0,1,239.4,2011-05-09 09:33:00,2011-05-09 09:33:00,0,239.4
16757.0,1,106.83000000000001,2011-01-25 11:59:00,2011-01-25 11:59:00,0,106.83000000000001
16758.0,1,369.34000000000003,2011-10-05 14:47:00,2011-10-05 14:47:00,0,369.34000000000003
16759.0,3,755.89,2011-11-09 09:06:00,2011-12-02 12:42:00,23,251.96333333333334
16761.0,1,316.62,2011-09-04 11:15:00,2011-09-04 11:15:00,0,316.62
16762.0,3,1421.48,2011-07-18 12:52:00,2011-11-20 11:43:00,124,473.82666666666665
16763.0,1,594.9,2011-05-25 11:52:00,2011-05-25 11:52:00,0,594.9
16764.0,13,2799.25,2011-07-19 17:17:00,2011-12-06 11:41:00,139,215.32692307692307
16765.0,1,34.0,2011-02-18 15:41:00,2011-02-18 15:41:00,0,34.0
16766.0,2,1145.6,2011-03-11 13:34:00,2011-03-11 15:22:00,0,572.8
16767.0,11,5492.28,2011-01-27 13:38:00,2011-11-09 09:42:00,285,499.2981818181818
16768.0,3,478.09000000000003,2011-03-13 10:25:00,2011-10-23 10:38:00,224,159.36333333333334
16769.0,1,380.39,2011-03-24 13:41:00,2011-03-24 13:41:00,0,380.39
16770.0,5,730.15,2010-12-02 15:49:00,2011-10-13 12:21:00,314,146.03
16771.0,5,2246.81,2011-01-05 13:57:00,2011-11-06 13:28:00,304,449.36199999999997
16773.0,1,171.59,2011-10-13 14:37:00,2011-10-13 14:37:00,0,171.59
16774.0,4,661.52,2011-06-14 12:45:00,2011-10-03 12:41:00,110,165.38
16775.0,11,1625.86,2010-12-07 15:15:00,2011-11-29 15:22:00,357,147.80545454545452
16776.0,1,388.28,2011-10-10 13:04:00,2011-10-10 13:04:00,0,388.28
16777.0,2,226.35,2011-03-27 14:34:00,2011-09-20 13:41:00,176,113.175
16778.0,2,245.94,2011-03-10 15:21:00,2011-09-26 13:48:00,199,122.97
16779.0,22,10629.72,2010-12-08 09:56:00,2011-12-07 14:54:00,364,483.16909090909087
16780.0,2,425.19,2011-03-25 17:34:00,2011-08-31 16:09:00,158,212.595
16781.0,1,311.25,2010-12-02 14:26:00,2010-12-02 14:26:00,0,311.25
16782.0,13,2279.9,2010-12-09 11:28:00,2011-11-29 13:20:00,355,175.37692307692308
16784.0,1,107.6,2011-11-20 12:20:00,2011-11-20 12:20:00,0,107.6
16788.0,2,597.48,2011-03-30 13:05:00,2011-08-08 14:53:00,131,298.74
16789.0,1,80.80000000000001,2011-12-01 15:12:00,2011-12-01 15:12:00,0,80.80000000000001
16790.0,6,1545.6200000000001,2011-11-02 11:23:00,2011-12-06 11:53:00,34,257.60333333333335
16791.0,7,1721.78,2011-01-11 15:42:00,2011-11-10 19:12:00,303,245.96857142857144
16792.0,2,110.38,2011-03-02 14:39:00,2011-03-02 14:41:00,0,55.19
16793.0,1,243.84,2011-10-13 15:08:00,2011-10-13 15:08:00,0,243.84
16794.0,10,1222.71,2011-06-12 14:15:00,2011-12-08 17:54:00,179,122.271
16795.0,1,414.88,2010-12-09 14:08:00,2010-12-09 14:08:00,0,414.88
16796.0,1,305.62,2011-09-11 14:01:00,2011-09-11 14:01:00,0,305.62
16800.0,1,1176.49,2011-11-28 14:06:00,2011-11-28 14:06:00,0,1176.49
16801.0,4,1502.98,2011-03-11 13:56:00,2011-06-29 15:33:00,110,375.745
16803.0,1,332.3,2011-10-05 14:28:00,2011-10-05 14:28:00,0,332.3
16804.0,3,536.99,2011-03-14 15:48:00,2011-11-16 16:43:00,247,178.99666666666667
16805.0,2,460.59000000000003,2010-12-14 13:35:00,2011-06-19 11:23:00,186,230.29500000000002
16806.0,4,775.54,2011-04-14 19:59:00,2011-08-28 15:27:00,135,193.885
16807.0,3,1106.59,2011-03-14 09:46:00,2011-07-20 12:00:00,128,368.8633333333333
16808.0,2,288.42,2011-03-10 19:05:00,2011-09-01 19:34:00,175,144.21
16809.0,5,914.69,2011-03-22 15:20:00,2011-11-16 15:45:00,239,182.93800000000002
16810.0,1,309.54,2011-05-31 15:32:00,2011-05-31 15:32:00,0,309.54
16811.0,2,547.07,2011-11-22 17:19:00,2011-12-05 11:39:00,12,273.535
16812.0,1,479.35,2010-12-14 12:35:00,2010-12-14 12:35:00,0,479.35
16813.0,10,1632.5,2011-05-19 13:28:00,2011-12-01 14:03:00,196,163.25
16814.0,21,6509.1,2010-12-05 11:45:00,2011-11-25 13:27:00,355,309.95714285714286
16816.0,4,417.06,2010-12-16 17:01:00,2011-08-28 14:16:00,254,104.265
16817.0,9,1524.85,2010-12-06 14:19:00,2011-12-07 11:03:00,365,169.42777777777778
16818.0,11,3272.7200000000003,2011-05-18 11:42:00,2011-11-29 10:41:00,194,297.52000000000004
16820.0,1,464.71000000000004,2011-09-05 12:06:00,2011-09-05 12:06:00,0,464.71000000000004
16823.0,1,358.38,2011-04-26 15:00:00,2011-04-26 15:00:00,0,358.38
16824.0,2,460.64,2011-06-28 13:36:00,2011-11-24 12:38:00,148,230.32
16825.0,2,602.38,2011-06-07 09:44:00,2011-11-01 11:51:00,147,301.19
16826.0,1,341.7,2011-10-19 14:05:00,2011-10-19 14:05:00,0,341.7
16828.0,1,113.5,2011-08-19 13:24:00,2011-08-19 13:24:00,0,113.5
16829.0,1,197.22,2011-07-06 10:48:00,2011-07-06 10:48:00,0,197.22
16830.0,1,325.91,2011-11-01 11:35:00,2011-11-01 11:35:00,0,325.91
16832.0,3,182.2,2011-05-06 14:12:00,2011-06-08 15:36:00,33,60.73333333333333
16833.0,4,1106.53,2011-01-09 13:02:00,2011-12-08 14:39:00,333,276.6325
16834.0,1,413.46,2011-04-26 09:37:00,2011-04-26 09:37:00,0,413.46
16835.0,2,180.85,2010-12-01 17:15:00,2011-08-03 13:50:00,244,90.425
16836.0,2,251.87,2011-08-15 12:38:00,2011-10-31 10:05:00,76,125.935
16837.0,11,3154.03,2011-04-08 08:48:00,2011-11-08 14:27:00,214,286.73
16838.0,2,387.9,2011-02-24 15:01:00,2011-05-26 13:13:00,90,193.95
16839.0,34,15537.39,2010-12-05 11:15:00,2011-12-01 09:03:00,360,456.98205882352937
16841.0,6,1869.82,2011-02-25 12:40:00,2011-11-03 11:51:00,250,311.63666666666666
16842.0,3,1264.19,2011-02-10 14:51:00,2011-08-31 10:42:00,201,421.3966666666667
16843.0,16,10024.5,2011-01-16 16:10:00,2011-10-28 09:06:00,284,626.53125
16846.0,1,214.32,2011-10-20 13:55:00,2011-10-20 13:55:00,0,214.32
16847.0,1,193.44,2011-10-27 13:29:00,2011-10-27 13:29:00,0,193.44
16848.0,1,281.42,2011-10-18 08:42:00,2011-10-18 08:42:00,0,281.42
16849.0,1,124.57,2011-06-06 09:16:00,2011-06-06 09:16:00,0,124.57
16850.0,1,332.41,2011-01-10 11:09:00,2011-01-10 11:09:00,0,332.41
16851.0,3,342.45,2011-10-19 09:48:00,2011-12-05 13:32:00,47,114.14999999999999
16852.0,2,104.96000000000001,2011-06-16 15:49:00,2011-11-29 13:22:00,165,52.480000000000004
16855.0,2,328.40000000000003,2011-10-27 16:31:00,2011-11-16 12:03:00,19,164.20000000000002
16856.0,1,35.400000000000006,2011-11-25 08:59:00,2011-11-25 08:59:00,0,35.400000000000006
16858.0,1,375.69000000000005,2010-12-06 09:52:00,2010-12-06 09:52:00,0,375.69000000000005
16859.0,2,682.86,2011-03-23 13:39:00,2011-07-18 12:19:00,116,341.43
16861.0,2,173.76,2011-07-04 15:38:00,2011-10-11 09:05:00,98,86.88
16863.0,2,502.8,2010-12-08 08:58:00,2011-11-08 15:26:00,335,251.4
16866.0,3,207.74,2011-07-01 12:34:00,2011-07-22 10:06:00,20,69.24666666666667
16869.0,4,825.4200000000001,2011-06-17 13:01:00,2011-11-17 12:02:00,152,206.35500000000002
16871.0,6,2744.54,2011-03-14 10:31:00,2011-11-17 19:27:00,248,457.42333333333335
16872.0,3,148.82999999999998,2011-06-08 14:32:00,2011-09-23 16:05:00,107,49.60999999999999
16873.0,6,6680.02,2010-12-10 15:45:00,2011-12-05 12:05:00,359,1113.3366666666668
16875.0,5,2061.63,2011-01-04 10:37:00,2011-10-03 13:39:00,272,412.326
16877.0,6,836.77,2011-05-15 16:13:00,2011-11-27 13:47:00,195,139.46166666666667
16878.0,1,13.3,2011-09-16 17:39:00,2011-09-16 17:39:00,0,13.3
16880.0,7,1519.08,2011-06-03 16:45:00,2011-11-09 11:33:00,158,217.01142857142855
16882.0,3,705.12,2011-01-26 17:43:00,2011-10-04 10:42:00,250,235.04
16883.0,2,256.78,2010-12-03 10:33:00,2011-06-05 12:51:00,184,128.39
16884.0,2,429.84,2011-11-02 10:16:00,2011-11-02 11:52:00,0,214.92
16885.0,3,471.51,2010-12-17 17:23:00,2011-11-24 13:40:00,341,157.17
16887.0,1,194.88,2011-11-04 14:07:00,2011-11-04 14:07:00,0,194.88
16889.0,3,1578.67,2011-01-07 10:47:00,2011-05-29 11:05:00,142,526.2233333333334
16891.0,5,792.75,2010-12-03 11:35:00,2011-12-08 11:15:00,369,158.55
16892.0,5,458.59000000000003,2011-06-09 11:35:00,2011-12-08 13:18:00,182,91.718
16893.0,1,145.93,2010-12-08 12:06:00,2010-12-08 12:06:00,0,145.93
16895.0,1,219.14,2011-10-06 12:15:00,2011-10-06 12:15:00,0,219.14
16897.0,2,289.78,2011-01-30 11:52:00,2011-02-13 15:02:00,14,144.89
16898.0,3,508.81,2010-12-06 12:23:00,2011-11-13 15:44:00,342,169.60333333333332
16899.0,6,1281.56,2010-12-14 13:11:00,2011-12-02 12:03:00,352,213.59333333333333
16900.0,3,887.11,2011-10-07 13:17:00,2011-11-23 10:32:00,46,295.7033333333333
16902.0,1,1706.88,2011-08-15 14:17:00,2011-08-15 14:17:00,0,1706.88
16903.0,1,373.24,2011-11-10 15:32:00,2011-11-10 15:32:00,0,373.24
16904.0,15,3674.37,2010-12-07 13:29:00,2011-12-05 13:10:00,362,244.958
16905.0,7,3068.53,2010-12-03 10:43:00,2011-12-04 14:01:00,366,438.3614285714286
16906.0,4,559.82,2011-04-05 12:30:00,2011-09-19 11:49:00,166,139.955
16907.0,5,948.05,2010-12-09 16:52:00,2011-11-10 18:04:00,336,189.60999999999999
16909.0,1,301.38,2011-09-28 16:45:00,2011-09-28 16:45:00,0,301.38
16910.0,8,1493.11,2011-09-09 14:14:00,2011-12-05 12:51:00,86,186.63875
16912.0,11,2575.38,2011-01-20 15:42:00,2011-11-11 12:18:00,294,234.12545454545455
16913.0,1,113.44,2011-02-22 12:56:00,2011-02-22 12:56:00,0,113.44
16914.0,1,208.46,2011-11-03 15:27:00,2011-11-03 15:27:00,0,208.46
16915.0,6,471.83,2011-03-01 09:52:00,2011-11-30 16:39:00,274,78.63833333333334
16916.0,2,576.26,2010-12-02 13:14:00,2011-11-16 12:08:00,348,288.13
16917.0,1,391.52,2011-03-08 11:55:00,2011-03-08 11:55:00,0,391.52
16918.0,6,1068.82,2011-01-26 17:37:00,2011-10-21 12:50:00,267,178.13666666666666
16919.0,11,2596.45,2010-12-06 12:52:00,2011-07-06 13:35:00,212,236.04090909090908
16921.0,1,169.79,2011-10-09 16:22:00,2011-10-09 16:22:00,0,169.79
16923.0,19,7172.7300000000005,2010-12-12 11:06:00,2011-11-27 13:00:00,350,377.51210526315793
16924.0,3,846.75,2011-09-16 12:54:00,2011-11-18 12:53:00,62,282.25
16926.0,1,230.25,2010-12-03 13:42:00,2010-12-03 13:42:00,0,230.25
16927.0,2,139.85,2010-12-13 11:57:00,2011-03-08 13:21:00,85,69.925
16928.0,17,2815.7,2010-12-01 15:21:00,2011-09-20 15:10:00,292,165.62941176470588
16929.0,7,1295.39,2011-07-07 12:39:00,2011-12-06 08:37:00,151,185.0557142857143
16930.0,3,380.55,2011-10-02 14:25:00,2011-11-13 16:13:00,42,126.85000000000001
16931.0,21,4604.22,2010-12-05 11:40:00,2011-12-04 13:15:00,364,219.24857142857144
16932.0,1,161.94,2011-10-17 14:12:00,2011-10-17 14:12:00,0,161.94
16933.0,2,563.23,2011-04-14 13:33:00,2011-12-08 12:54:00,237,281.615
16934.0,2,925.98,2011-10-16 12:25:00,2011-10-16 12:40:00,0,462.99
16936.0,1,262.68,2011-11-14 11:04:00,2011-11-14 11:04:00,0,262.68
16938.0,4,1903.13,2011-02-04 09:34:00,2011-12-01 10:20:00,300,475.7825
16940.0,3,3032.93,2011-02-23 12:27:00,2011-10-18 13:15:00,237,1010.9766666666666
16942.0,9,1920.59,2011-04-26 11:59:00,2011-11-27 12:40:00,215,213.39888888888888
16943.0,3,800.78,2011-01-25 14:00:00,2011-05-12 11:57:00,106,266.9266666666667
16945.0,19,4345.5,2010-12-16 17:49:00,2011-11-18 11:39:00,336,228.71052631578948
16947.0,1,406.48,2011-04-18 09:38:00,2011-04-18 09:38:00,0,406.48
16948.0,3,348.62,2011-01-18 10:58:00,2011-07-24 12:46:00,187,116.20666666666666
16949.0,6,761.27,2011-01-27 12:11:00,2011-12-06 11:07:00,312,126.87833333333333
16950.0,3,1178.56,2010-12-07 15:20:00,2011-10-14 09:06:00,310,392.8533333333333
16951.0,3,1229.9,2011-02-08 14:58:00,2011-07-28 12:05:00,169,409.9666666666667
16952.0,2,167.61,2011-08-22 12:58:00,2011-08-22 13:03:00,0,83.805
16953.0,1,20.8,2011-11-09 15:54:00,2011-11-09 15:54:00,0,20.8
16954.0,9,2085.08,2010-12-15 10:41:00,2011-12-09 09:46:00,358,231.67555555555555
16955.0,4,467.82,2010-12-01 13:31:00,2011-06-08 10:36:00,188,116.955
16956.0,1,308.74,2011-11-22 08:56:00,2011-11-22 08:56:00,0,308.74
16957.0,2,416.64,2011-03-03 09:25:00,2011-04-14 13:56:00,42,208.32
16959.0,1,117.35000000000001,2011-09-13 15:03:00,2011-09-13 15:03:00,0,117.35000000000001
16960.0,3,507.05,2011-04-01 11:54:00,2011-11-01 11:35:00,213,169.01666666666668
16961.0,1,234.17000000000002,2011-08-15 13:46:00,2011-08-15 13:46:00,0,234.17000000000002
16963.0,1,110.55000000000001,2011-06-05 13:48:00,2011-06-05 13:48:00,0,110.55000000000001
16965.0,1,201.19,2011-04-27 12:08:00,2011-04-27 12:08:00,0,201.19
16966.0,7,1973.53,2011-04-13 14:17:00,2011-12-01 13:40:00,231,281.93285714285713
16967.0,1,319.02,2011-06-03 14:24:00,2011-06-03 14:24:00,0,319.02
16968.0,2,439.43,2011-08-24 10:51:00,2011-12-05 15:02:00,103,219.715
16969.0,3,618.13,2011-06-01 12:10:00,2011-10-31 13:12:00,152,206.04333333333332
16971.0,1,207.21,2011-11-01 15:06:00,2011-11-01 15:06:00,0,207.21
16976.0,1,251.51999999999998,2011-03-17 16:33:00,2011-03-17 16:33:00,0,251.51999999999998
16978.0,1,344.33,2011-09-23 12:50:00,2011-09-23 12:50:00,0,344.33
16979.0,6,1852.0,2011-02-15 09:20:00,2011-12-06 12:21:00,294,308.6666666666667
16980.0,2,845.76,2011-02-21 12:58:00,2011-03-29 16:36:00,36,422.88
16982.0,1,384.06,2011-10-10 12:28:00,2011-10-10 12:28:00,0,384.06
16983.0,7,1914.3,2010-12-05 12:34:00,2011-11-27 12:10:00,356,273.4714285714286
16984.0,2,4396.6,2011-08-01 17:37:00,2011-09-12 13:43:00,41,2198.3
16985.0,10,5464.12,2010-12-16 10:38:00,2011-11-22 13:33:00,341,546.412
16986.0,1,83.2,2011-11-09 15:52:00,2011-11-09 15:52:00,0,83.2
16987.0,7,1549.25,2011-05-18 15:55:00,2011-12-06 17:26:00,202,221.32142857142858
16988.0,1,126.12,2011-12-04 16:02:00,2011-12-04 16:02:00,0,126.12
16989.0,6,503.25,2011-07-12 09:11:00,2011-12-02 16:39:00,143,83.875
16990.0,1,179.0,2011-05-05 08:30:00,2011-05-05 08:30:00,0,179.0
16992.0,5,1580.41,2011-02-28 10:37:00,2011-11-29 11:50:00,274,316.082
16996.0,6,1456.96,2010-12-21 13:22:00,2011-11-09 16:43:00,323,242.82666666666668
16997.0,3,702.0,2011-01-18 11:51:00,2011-02-24 17:28:00,37,234.0
16998.0,4,295.0,2011-02-08 15:42:00,2011-07-13 09:44:00,154,73.75
16999.0,2,484.82,2011-09-26 15:43:00,2011-11-16 13:53:00,50,242.41
17001.0,11,3838.02,2010-12-16 09:35:00,2011-12-09 09:38:00,358,348.9109090909091
17002.0,3,1493.73,2011-02-22 11:46:00,2011-09-15 12:40:00,205,497.91
17004.0,2,1144.74,2011-09-08 12:16:00,2011-10-24 14:25:00,46,572.37
17006.0,4,766.78,2011-09-25 12:15:00,2011-12-05 12:09:00,70,191.695
17007.0,6,872.98,2010-12-17 13:57:00,2011-10-20 10:47:00,306,145.49666666666667
17010.0,1,195.36,2011-11-21 14:49:00,2011-11-21 14:49:00,0,195.36
17011.0,1,270.9,2011-11-09 13:30:00,2011-11-09 13:30:00,0,270.9
17014.0,3,586.33,2011-10-04 11:36:00,2011-12-01 14:09:00,58,195.44333333333336
17015.0,3,1842.56,2011-06-07 13:19:00,2011-11-11 10:45:00,156,614.1866666666666
17017.0,20,8546.9,2010-12-02 10:17:00,2011-12-07 09:32:00,369,427.34499999999997
17018.0,2,920.1,2011-01-18 08:46:00,2011-10-30 11:42:00,285,460.05
17019.0,4,1272.61,2010-12-06 12:55:00,2011-11-28 13:06:00,357,318.1525
17022.0,1,71.0,2011-11-08 17:09:00,2011-11-08 17:09:00,0,71.0
17024.0,3,95.85,2011-07-05 09:31:00,2011-10-25 13:47:00,112,31.95
17025.0,3,357.77,2010-12-01 15:45:00,2011-10-10 09:06:00,312,119.25666666666666
17026.0,2,154.83,2010-12-05 12:47:00,2011-06-07 14:28:00,184,77.415
17027.0,6,890.29,2011-01-26 14:19:00,2011-09-22 12:24:00,238,148.38166666666666
17030.0,1,146.87,2011-10-07 08:49:00,2011-10-07 08:49:00,0,146.87
17031.0,2,380.35,2011-07-08 09:38:00,2011-11-28 10:23:00,143,190.175
17033.0,3,775.74,2010-12-15 13:21:00,2011-09-14 14:34:00,273,258.58
17034.0,3,730.52,2011-02-25 10:10:00,2011-11-23 15:14:00,271,243.50666666666666
17035.0,2,433.53000000000003,2011-02-01 12:27:00,2011-04-08 11:23:00,65,216.76500000000001
17037.0,1,1267.32,2011-09-13 12:49:00,2011-09-13 12:49:00,0,1267.32
17038.0,1,112.4,2011-11-09 13:50:00,2011-11-09 13:50:00,0,112.4
17040.0,1,449.73,2011-07-25 10:19:00,2011-07-25 10:19:00,0,449.73
17041.0,3,1081.57,2010-12-14 11:43:00,2011-11-13 11:21:00,333,360.5233333333333
17042.0,5,1044.38,2011-04-06 14:53:00,2011-12-07 12:26:00,244,208.87600000000003
17043.0,4,1735.18,2011-03-18 14:53:00,2011-11-07 15:33:00,234,433.795
17044.0,1,739.6800000000001,2011-11-14 14:28:00,2011-11-14 14:28:00,0,739.6800000000001
17045.0,2,299.49,2011-07-06 15:15:00,2011-08-18 17:09:00,43,149.745
17046.0,1,642.02,2011-07-05 14:24:00,2011-07-05 14:24:00,0,642.02
17047.0,3,1100.9,2011-05-18 16:50:00,2011-09-15 13:27:00,119,366.9666666666667
17048.0,3,885.4000000000001,2011-01-12 16:51:00,2011-08-14 11:49:00,213,295.1333333333334
17049.0,9,5393.03,2011-03-09 08:33:00,2011-12-07 10:48:00,273,599.2255555555555
17050.0,6,3228.84,2011-02-13 12:41:00,2011-09-04 13:48:00,203,538.14
17051.0,1,247.14,2011-05-29 14:13:00,2011-05-29 14:13:00,0,247.14
17052.0,1,413.75,2011-11-11 14:50:00,2011-11-11 14:50:00,0,413.75
17053.0,1,498.48,2011-08-01 10:23:00,2011-08-01 10:23:00,0,498.48
17054.0,5,1316.3799999999999,2011-04-08 13:14:00,2011-11-11 12:56:00,216,263.27599999999995
17058.0,3,1179.89,2011-04-14 09:18:00,2011-09-19 10:13:00,158,393.2966666666667
17059.0,5,3095.04,2010-12-05 12:35:00,2011-11-10 12:27:00,339,619.008
17060.0,1,81.60000000000001,2011-03-18 13:27:00,2011-03-18 13:27:00,0,81.60000000000001
17061.0,11,5216.28,2011-04-21 13:29:00,2011-09-27 11:24:00,158,474.2072727272727
17062.0,4,538.37,2010-12-05 11:59:00,2011-01-30 11:01:00,55,134.5925
17063.0,7,1461.14,2011-02-23 13:44:00,2011-11-18 16:19:00,268,208.73428571428573
17064.0,3,859.35,2011-01-16 16:10:00,2011-10-12 10:18:00,268,286.45
17068.0,21,4552.14,2010-12-06 13:58:00,2011-11-27 13:14:00,355,216.76857142857145
17069.0,9,2692.75,2010-12-01 16:49:00,2011-11-11 17:13:00,345,299.19444444444446
17070.0,1,312.14,2011-08-17 17:01:00,2011-08-17 17:01:00,0,312.14
17071.0,9,2429.03,2011-02-03 08:18:00,2011-11-11 16:31:00,281,269.89222222222224
17073.0,4,1446.09,2011-08-22 14:37:00,2011-11-22 11:47:00,91,361.5225
17075.0,4,814.1700000000001,2011-01-26 13:20:00,2011-11-22 11:58:00,299,203.54250000000002
17076.0,3,816.0799999999999,2010-12-10 10:08:00,2011-11-03 17:53:00,328,272.02666666666664
17078.0,2,378.2,2011-11-03 18:49:00,2011-11-03 19:17:00,0,189.1
17079.0,1,118.80000000000001,2011-09-22 15:34:00,2011-09-22 15:34:00,0,118.80000000000001
17080.0,2,287.62,2011-03-15 12:05:00,2011-11-17 12:59:00,247,143.81
17081.0,2,290.16,2011-10-24 13:08:00,2011-11-14 12:56:00,20,145.08
17082.0,2,1753.8500000000001,2011-01-25 14:36:00,2011-11-06 15:17:00,285,876.9250000000001
17083.0,3,1405.78,2011-02-09 11:38:00,2011-08-22 15:43:00,194,468.5933333333333
17084.0,2,2949.75,2011-11-04 14:49:00,2011-11-04 14:54:00,0,1474.875
17085.0,5,1566.65,2010-12-12 12:24:00,2011-08-08 14:15:00,239,313.33000000000004
17086.0,6,1826.28,2011-10-07 11:22:00,2011-12-02 13:54:00,56,304.38
17088.0,4,1966.01,2011-03-31 09:48:00,2011-11-11 14:23:00,225,491.5025
17090.0,7,2043.95,2010-12-20 13:52:00,2011-12-05 13:44:00,349,291.99285714285713
17091.0,9,3807.81,2010-12-07 09:55:00,2011-12-07 10:43:00,365,423.09
17092.0,4,1743.88,2011-03-07 14:51:00,2011-10-20 19:51:00,227,435.97
17094.0,1,302.0,2011-01-21 13:09:00,2011-01-21 13:09:00,0,302.0
17095.0,3,1324.16,2011-01-09 11:05:00,2011-11-17 12:21:00,312,441.3866666666667
17096.0,4,1022.13,2011-03-23 12:05:00,2011-11-24 15:01:00,246,255.5325
17097.0,8,924.47,2010-12-09 14:55:00,2011-12-07 17:05:00,363,115.55875
17100.0,2,971.74,2011-11-21 16:36:00,2011-11-21 16:36:00,0,485.87
17101.0,4,1621.73,2011-06-14 14:49:00,2011-11-29 13:57:00,167,405.4325
17102.0,1,25.5,2011-03-23 10:08:00,2011-03-23 10:08:00,0,25.5
17105.0,2,665.78,2011-02-06 14:46:00,2011-07-03 15:53:00,147,332.89
17107.0,6,10419.61,2011-03-06 15:17:00,2011-11-06 14:14:00,244,1736.6016666666667
17109.0,6,885.04,2011-04-21 15:46:00,2011-11-10 16:59:00,203,147.50666666666666
17110.0,1,163.29999999999998,2011-06-27 12:58:00,2011-06-27 12:58:00,0,163.29999999999998
17111.0,1,248.61,2011-10-23 15:59:00,2011-10-23 15:59:00,0,248.61
17114.0,8,791.67,2011-01-09 11:39:00,2011-12-04 12:17:00,329,98.95875
17115.0,3,837.5,2011-04-20 14:46:00,2011-12-01 14:30:00,224,279.1666666666667
17117.0,1,116.2,2011-02-24 13:54:00,2011-02-24 13:54:00,0,116.2
17118.0,1,157.02,2011-01-26 12:19:00,2011-01-26 12:19:00,0,157.02
17119.0,2,591.91,2011-10-11 11:03:00,2011-12-06 14:40:00,56,295.955
17120.0,1,307.46,2011-04-20 15:21:00,2011-04-20 15:21:00,0,307.46
17122.0,1,138.32,2011-08-12 14:33:00,2011-08-12 14:33:00,0,138.32
17123.0,1,345.3,2011-07-01 10:47:00,2011-07-01 10:47:00,0,345.3
17124.0,1,298.89,2011-06-07 14:02:00,2011-06-07 14:02:00,0,298.89
17125.0,1,259.35,2011-10-20 14:41:00,2011-10-20 14:41:00,0,259.35
17126.0,5,1004.75,2010-12-12 11:26:00,2011-07-10 13:52:00,210,200.95
17128.0,1,157.09,2011-01-09 12:02:00,2011-01-09 12:02:00,0,157.09
17131.0,5,2443.2200000000003,2011-09-25 12:42:00,2011-12-04 12:52:00,70,488.64400000000006
17133.0,6,2516.2400000000002,2011-03-18 13:47:00,2011-11-24 12:27:00,250,419.3733333333334
17134.0,2,425.0,2011-03-20 11:56:00,2011-08-25 09:53:00,157,212.5
17135.0,5,969.73,2010-12-03 09:31:00,2011-11-23 16:48:00,355,193.946
17138.0,1,380.5,2011-03-09 11:54:00,2011-03-09 11:54:00,0,380.5
17139.0,12,10277.77,2011-02-24 09:32:00,2011-11-24 10:12:00,273,856.4808333333334
17140.0,1,285.32,2011-04-06 13:33:00,2011-04-06 13:33:00,0,285.32
17142.0,1,384.0,2011-04-14 18:22:00,2011-04-14 18:22:00,0,384.0
17144.0,2,895.62,2011-09-16 12:50:00,2011-12-08 17:57:00,83,447.81
17146.0,3,579.78,2010-12-16 12:20:00,2011-08-26 12:44:00,253,193.26
17147.0,4,1714.59,2011-02-01 09:36:00,2011-11-17 12:32:00,289,428.6475
17148.0,1,124.88,2011-10-19 09:59:00,2011-10-19 09:59:00,0,124.88
17152.0,3,1689.5,2011-03-21 16:20:00,2011-05-29 12:19:00,68,563.1666666666666
17153.0,1,213.78,2011-11-15 13:42:00,2011-11-15 13:42:00,0,213.78
17154.0,1,329.34,2011-09-25 13:42:00,2011-09-25 13:42:00,0,329.34
17155.0,2,251.7,2011-06-15 10:22:00,2011-11-22 12:38:00,160,125.85
17157.0,2,319.0,2011-06-16 15:08:00,2011-12-02 09:10:00,168,159.5
17158.0,3,1266.97,2010-12-14 13:03:00,2011-11-07 15:15:00,328,422.3233333333333
17159.0,3,1538.88,2011-06-21 09:49:00,2011-11-18 10:52:00,150,512.96
17160.0,6,3488.03,2011-04-12 12:00:00,2011-11-08 14:05:00,210,581.3383333333334
17162.0,10,1715.46,2011-02-07 12:27:00,2011-11-11 11:34:00,276,171.546
17163.0,2,293.1,2011-09-22 15:54:00,2011-11-18 08:57:00,56,146.55
17164.0,7,2451.4,2011-03-11 14:26:00,2011-11-07 09:14:00,240,350.2
17165.0,1,158.68,2011-02-28 16:39:00,2011-02-28 16:39:00,0,158.68
17166.0,2,206.34,2011-05-20 08:18:00,2011-11-01 09:46:00,165,103.17
17169.0,2,835.78,2011-06-09 13:16:00,2011-10-13 10:25:00,125,417.89
17171.0,1,224.91,2011-02-23 16:37:00,2011-02-23 16:37:00,0,224.91
17172.0,1,317.76,2011-09-22 09:36:00,2011-09-22 09:36:00,0,317.76
17173.0,8,3766.6,2011-07-31 15:26:00,2011-12-04 14:40:00,125,470.825
17174.0,1,59.9,2011-05-06 11:47:00,2011-05-06 11:47:00,0,59.9
17175.0,4,1383.74,2011-02-16 14:56:00,2011-10-26 15:31:00,252,345.935
17176.0,1,306.13,2011-05-22 12:41:00,2011-05-22 12:41:00,0,306.13
17179.0,3,711.79,2010-12-13 14:24:00,2011-06-14 16:48:00,183,237.26333333333332
17180.0,4,796.03,2011-01-27 18:05:00,2011-10-14 15:46:00,259,199.0075
17181.0,2,160.72,2010-12-01 12:38:00,2011-10-13 14:48:00,316,80.36
17183.0,6,3262.56,2011-08-26 15:25:00,2011-12-02 10:07:00,97,543.76
17186.0,2,144.0,2011-10-10 12:52:00,2011-10-24 10:20:00,13,72.0
17187.0,1,203.95,2011-04-27 12:39:00,2011-04-27 12:39:00,0,203.95
17188.0,7,2474.23,2010-12-12 12:56:00,2011-11-28 13:53:00,351,353.4614285714286
17189.0,2,384.4,2010-12-15 17:28:00,2011-08-25 19:39:00,253,192.2
17190.0,1,249.74,2011-10-12 11:33:00,2011-10-12 11:33:00,0,249.74
17191.0,7,2062.23,2010-12-06 14:36:00,2011-11-11 16:58:00,340,294.6042857142857
17193.0,7,1498.42,2011-06-16 10:04:00,2011-11-04 12:47:00,141,214.06
17194.0,2,242.62,2010-12-14 12:06:00,2011-03-11 12:05:00,86,121.31
17197.0,1,1013.01,2011-11-10 10:32:00,2011-11-10 10:32:00,0,1013.01
17198.0,3,692.22,2010-12-03 14:54:00,2011-11-16 10:39:00,347,230.74
17201.0,1,342.63,2011-10-17 11:55:00,2011-10-17 11:55:00,0,342.63
17203.0,6,3349.29,2011-10-10 14:37:00,2011-11-04 12:27:00,24,558.215
17204.0,4,1462.8600000000001,2011-03-21 12:42:00,2011-06-17 14:46:00,88,365.71500000000003
17205.0,1,251.6,2011-10-17 12:46:00,2011-10-17 12:46:00,0,251.6
17206.0,1,204.24,2011-10-17 13:25:00,2011-10-17 13:25:00,0,204.24
17211.0,8,2267.2200000000003,2010-12-05 12:44:00,2011-11-13 12:03:00,342,283.40250000000003
17212.0,1,226.85,2011-03-31 19:42:00,2011-03-31 19:42:00,0,226.85
17213.0,7,2741.28,2010-12-08 13:03:00,2011-10-30 14:53:00,326,391.6114285714286
17214.0,6,984.12,2010-12-15 15:14:00,2011-10-10 13:17:00,298,164.02
17217.0,1,113.5,2011-04-19 17:19:00,2011-04-19 17:19:00,0,113.5
17218.0,10,1960.72,2010-12-06 15:25:00,2011-12-05 13:52:00,363,196.072
17219.0,1,114.23,2011-11-08 11:25:00,2011-11-08 11:25:00,0,114.23
17220.0,14,3164.35,2010-12-10 14:54:00,2011-11-15 13:47:00,339,226.025
17221.0,2,335.13,2011-11-03 17:39:00,2011-12-02 13:35:00,28,167.565
17222.0,1,354.15,2011-10-05 13:58:00,2011-10-05 13:58:00,0,354.15
17223.0,2,391.79,2010-12-06 14:08:00,2011-02-02 15:57:00,58,195.895
17226.0,1,393.49,2011-02-04 11:52:00,2011-02-04 11:52:00,0,393.49
17227.0,6,939.32,2010-12-06 11:16:00,2011-11-21 10:51:00,349,156.55333333333334
17228.0,8,1906.09,2010-12-02 16:00:00,2011-11-24 10:24:00,356,238.26125
17229.0,2,318.76,2011-07-20 12:38:00,2011-09-04 13:56:00,46,159.38
17230.0,8,3621.46,2010-12-15 11:22:00,2011-03-20 16:12:00,95,452.6825
17231.0,10,3174.32,2010-12-13 14:16:00,2011-11-27 15:18:00,349,317.432
17232.0,2,421.52,2011-11-25 12:24:00,2011-12-07 12:21:00,11,210.76
17233.0,1,190.88,2011-11-04 14:06:00,2011-11-04 14:06:00,0,190.88
17234.0,1,149.89,2011-06-10 11:20:00,2011-06-10 11:20:00,0,149.89
17235.0,2,550.0600000000001,2010-12-02 13:38:00,2011-11-14 15:51:00,347,275.03000000000003
17236.0,6,899.1800000000001,2010-12-12 11:49:00,2011-11-27 12:00:00,350,149.86333333333334
17237.0,2,314.69,2011-11-17 12:55:00,2011-11-28 15:02:00,11,157.345
17238.0,17,3642.95,2010-12-03 15:05:00,2011-12-07 11:35:00,368,214.29117647058823
17239.0,1,382.5,2011-01-31 09:41:00,2011-01-31 09:41:00,0,382.5
17242.0,2,1135.04,2011-06-12 13:04:00,2011-08-23 14:55:00,72,567.52
17243.0,26,8593.6,2010-12-05 10:03:00,2011-12-08 13:26:00,368,330.5230769230769
17244.0,1,954.9,2011-10-17 15:19:00,2011-10-17 15:19:00,0,954.9
17245.0,1,171.45000000000002,2011-05-19 10:43:00,2011-05-19 10:43:00,0,171.45000000000002
17247.0,1,248.29,2011-11-24 15:21:00,2011-11-24 15:21:00,0,248.29
17248.0,1,318.65,2011-08-11 13:34:00,2011-08-11 13:34:00,0,318.65
17250.0,2,364.57,2011-03-23 16:45:00,2011-12-06 12:15:00,257,182.285
17251.0,1,283.28000000000003,2010-12-12 11:06:00,2010-12-12 11:06:00,0,283.28000000000003
17252.0,2,353.86,2011-06-06 16:41:00,2011-08-15 09:45:00,69,176.93
17253.0,1,162.31,2011-11-21 12:59:00,2011-11-21 12:59:00,0,162.31
17254.0,2,272.44,2011-11-24 14:09:00,2011-12-05 12:46:00,10,136.22
17255.0,2,298.41,2011-02-13 15:18:00,2011-10-30 12:18:00,258,149.205
17256.0,2,240.0,2011-01-31 14:53:00,2011-08-24 13:30:00,204,120.0
17259.0,2,603.37,2010-12-06 12:55:00,2011-07-14 15:01:00,220,301.685
17262.0,5,1253.3600000000001,2010-12-08 13:30:00,2011-10-18 12:56:00,313,250.67200000000003
17263.0,1,63.440000000000005,2011-05-15 14:32:00,2011-05-15 14:32:00,0,63.440000000000005
17265.0,2,562.9,2011-06-12 12:00:00,2011-07-24 10:49:00,41,281.45
17266.0,3,310.64,2011-07-15 11:57:00,2011-12-07 14:12:00,145,103.54666666666667
17267.0,2,317.62,2011-08-04 17:19:00,2011-08-04 17:22:00,0,158.81
17268.0,1,35.0,2011-07-12 13:26:00,2011-07-12 13:26:00,0,35.0
17272.0,4,2148.63,2011-03-22 12:05:00,2011-10-28 16:37:00,220,537.1575
17274.0,1,111.98,2011-11-04 13:16:00,2011-11-04 13:16:00,0,111.98
17277.0,2,1065.3500000000001,2011-01-21 12:37:00,2011-04-26 12:47:00,95,532.6750000000001
17278.0,1,206.09,2011-04-12 13:10:00,2011-04-12 13:10:00,0,206.09
17279.0,1,162.88,2011-10-13 11:58:00,2011-10-13 11:58:00,0,162.88
17282.0,3,1058.18,2011-02-13 11:36:00,2011-08-01 14:29:00,169,352.7266666666667
17284.0,6,1652.58,2011-01-07 14:31:00,2011-10-10 14:38:00,276,275.43
17286.0,1,153.92,2011-11-18 12:47:00,2011-11-18 12:47:00,0,153.92
17287.0,7,962.41,2010-12-02 12:22:00,2011-11-13 13:27:00,346,137.48714285714286
17288.0,7,1399.78,2010-12-16 13:33:00,2011-11-30 16:09:00,349,199.96857142857144
17289.0,3,944.41,2011-06-12 13:51:00,2011-11-08 12:01:00,148,314.80333333333334
17290.0,2,525.24,2011-11-23 15:53:00,2011-12-06 12:38:00,12,262.62
17291.0,1,550.8000000000001,2011-02-04 13:04:00,2011-02-04 13:04:00,0,550.8000000000001
17293.0,8,1810.11,2010-12-13 14:55:00,2011-12-01 14:37:00,352,226.26375
17295.0,3,556.95,2011-10-06 12:22:00,2011-11-11 10:49:00,35,185.65
17297.0,1,131.78,2011-11-22 14:43:00,2011-11-22 14:43:00,0,131.78
17298.0,2,498.42,2011-08-07 12:21:00,2011-08-30 16:43:00,23,249.21
17299.0,4,669.11,2011-06-19 16:04:00,2011-11-28 12:01:00,161,167.2775
17301.0,1,197.63,2011-11-18 13:43:00,2011-11-18 13:43:00,0,197.63
17302.0,5,1135.63,2011-02-07 10:14:00,2011-11-25 09:36:00,290,227.12600000000003
17303.0,1,233.09,2010-12-13 13:32:00,2010-12-13 13:32:00,0,233.09
17306.0,15,4882.99,2011-01-21 15:41:00,2011-11-29 12:14:00,311,325.53266666666667
17309.0,1,82.75,2011-09-05 15:20:00,2011-09-05 15:20:00,0,82.75
17311.0,2,1190.0,2011-01-27 10:56:00,2011-09-22 14:11:00,238,595.0
17312.0,3,644.3,2011-07-03 13:12:00,2011-07-24 11:52:00,20,214.76666666666665
17313.0,1,2328.84,2011-11-08 15:45:00,2011-11-08 15:45:00,0,2328.84
17314.0,8,2472.2400000000002,2011-01-31 11:25:00,2011-11-15 09:41:00,287,309.03000000000003
17315.0,36,6089.79,2010-12-17 12:24:00,2011-12-08 12:15:00,355,169.16083333333333
17317.0,2,1443.6,2011-09-11 12:45:00,2011-10-24 17:19:00,43,721.8
17320.0,3,1200.6200000000001,2010-12-06 15:38:00,2011-08-31 13:31:00,267,400.2066666666667
17321.0,2,700.86,2011-10-03 11:34:00,2011-12-01 13:41:00,59,350.43
17323.0,7,921.0699999999999,2011-02-20 14:38:00,2011-11-24 17:29:00,277,131.58142857142857
17324.0,4,965.23,2010-12-08 12:45:00,2011-11-22 10:34:00,348,241.3075
17325.0,1,96.8,2011-03-04 13:09:00,2011-03-04 13:09:00,0,96.8
17329.0,2,523.11,2011-01-28 15:29:00,2011-11-25 14:24:00,300,261.555
17330.0,2,363.9,2011-10-03 11:26:00,2011-11-17 08:56:00,44,181.95
17331.0,1,175.2,2011-08-08 11:55:00,2011-08-08 11:55:00,0,175.2
17333.0,1,494.25,2011-09-15 10:11:00,2011-09-15 10:11:00,0,494.25
17334.0,2,307.02000000000004,2011-02-04 09:03:00,2011-02-10 14:59:00,6,153.51000000000002
17337.0,4,2027.8700000000001,2011-02-02 17:06:00,2011-07-11 14:55:00,158,506.96750000000003
17338.0,8,6643.93,2010-12-13 12:57:00,2011-11-22 14:23:00,344,830.49125
17339.0,2,243.36,2010-12-09 14:44:00,2011-09-06 13:29:00,270,121.68
17340.0,11,12271.11,2010-12-08 15:56:00,2011-11-10 10:45:00,336,1115.5554545454545
17341.0,3,781.36,2010-12-08 12:46:00,2011-07-06 12:33:00,209,260.4533333333333
17343.0,1,176.69,2010-12-19 15:07:00,2010-12-19 15:07:00,0,176.69
17344.0,1,160.57,2011-10-24 12:56:00,2011-10-24 12:56:00,0,160.57
17345.0,4,520.79,2011-05-27 12:26:00,2011-11-24 15:03:00,181,130.1975
17346.0,15,2659.61,2010-12-01 14:34:00,2011-12-06 12:18:00,369,177.30733333333333
17348.0,5,1142.57,2011-02-15 10:49:00,2011-11-25 11:25:00,283,228.51399999999998
17349.0,1,110.75,2011-06-13 14:29:00,2011-06-13 14:29:00,0,110.75
17350.0,4,1286.07,2011-10-19 16:05:00,2011-12-01 15:47:00,42,321.5175
17351.0,3,587.15,2011-03-11 16:05:00,2011-11-03 18:45:00,237,195.71666666666667
17354.0,1,1393.06,2011-10-20 10:34:00,2011-10-20 10:34:00,0,1393.06
17356.0,1,178.22,2011-02-01 11:07:00,2011-02-01 11:07:00,0,178.22
17357.0,2,388.14,2011-11-15 16:29:00,2011-11-15 16:30:00,0,194.07
17358.0,2,365.85,2010-12-19 14:16:00,2011-02-09 16:57:00,52,182.925
17359.0,1,127.86,2011-11-28 14:37:00,2011-11-28 14:37:00,0,127.86
17360.0,3,585.79,2011-06-08 17:09:00,2011-11-22 13:11:00,166,195.26333333333332
17361.0,3,488.2,2011-02-21 09:55:00,2011-10-21 15:43:00,242,162.73333333333332
17362.0,2,276.28,2011-02-03 10:26:00,2011-04-14 14:43:00,70,138.14
17364.0,11,4461.2300000000005,2011-01-12 16:57:00,2011-12-09 09:00:00,330,405.5663636363637
17365.0,8,4717.81,2011-01-11 12:11:00,2011-11-27 12:13:00,320,589.72625
17367.0,1,168.4,2011-04-15 14:21:00,2011-04-15 14:21:00,0,168.4
17368.0,8,1912.67,2011-01-06 11:57:00,2011-11-16 15:26:00,314,239.08375
17370.0,4,446.18,2011-06-23 11:50:00,2011-09-28 10:14:00,96,111.545
17371.0,3,423.89,2010-12-13 15:20:00,2011-11-22 13:30:00,343,141.29666666666665
17372.0,8,1342.68,2010-12-12 12:00:00,2011-10-30 11:37:00,321,167.835
17373.0,4,646.92,2011-01-31 11:46:00,2011-10-30 15:28:00,272,161.73
17374.0,2,495.77,2011-03-03 12:53:00,2011-05-05 09:05:00,62,247.885
17375.0,3,400.1,2010-12-13 15:16:00,2011-05-24 15:45:00,162,133.36666666666667
17376.0,2,203.2,2011-02-01 14:12:00,2011-09-30 12:36:00,240,101.6
17377.0,20,4100.92,2010-12-01 12:35:00,2011-11-16 11:17:00,349,205.046
17379.0,1,404.66,2011-11-28 13:56:00,2011-11-28 13:56:00,0,404.66
17381.0,16,3431.73,2011-02-04 11:55:00,2011-11-15 15:49:00,284,214.483125
17382.0,1,50.400000000000006,2011-10-05 13:05:00,2011-10-05 13:05:00,0,50.400000000000006
17383.0,1,199.29,2011-12-05 17:36:00,2011-12-05 17:36:00,0,199.29
17384.0,2,336.4,2011-05-04 16:07:00,2011-11-20 15:48:00,199,168.2
17385.0,1,261.11,2011-11-25 11:02:00,2011-11-25 11:02:00,0,261.11
17386.0,6,1626.66,2011-06-27 12:11:00,2011-12-02 11:28:00,157,271.11
17387.0,2,784.11,2011-11-06 11:25:00,2011-11-20 11:00:00,13,392.055
17388.0,2,151.18,2011-07-31 12:34:00,2011-09-23 10:31:00,53,75.59
17389.0,33,25930.18,2011-01-12 15:48:00,2011-12-09 09:38:00,330,785.7630303030303
17391.0,1,101.76,2011-06-29 09:58:00,2011-06-29 09:58:00,0,101.76
17392.0,2,406.01,2010-12-16 19:04:00,2011-02-06 12:48:00,51,203.005
17394.0,1,48.349999999999994,2011-05-04 13:22:00,2011-05-04 13:22:00,0,48.349999999999994
17396.0,7,5613.6,2010-12-03 09:45:00,2011-10-31 14:12:00,332,801.9428571428572
17397.0,2,679.46,2011-11-17 13:58:00,2011-11-17 14:08:00,0,339.73
17398.0,3,653.38,2011-03-29 13:04:00,2011-08-17 09:48:00,140,217.79333333333332
17400.0,5,2113.01,2010-12-21 17:16:00,2011-08-05 15:38:00,226,422.60200000000003
17402.0,12,2598.85,2010-12-05 13:53:00,2011-12-05 10:15:00,364,216.57083333333333
17403.0,1,281.62,2011-11-03 15:18:00,2011-11-03 15:18:00,0,281.62
17404.0,10,10600.06,2010-12-17 10:54:00,2011-12-05 16:26:00,353,1060.0059999999999
17405.0,3,1014.46,2011-07-12 14:17:00,2011-12-08 17:12:00,149,338.15333333333336
17406.0,2,1587.62,2010-12-08 10:35:00,2011-01-10 14:57:00,33,793.81
17408.0,1,32.65,2011-06-29 12:53:00,2011-06-29 12:53:00,0,32.65
17409.0,2,771.85,2011-04-05 16:42:00,2011-06-08 10:36:00,63,385.925
17410.0,5,1180.82,2011-05-08 15:21:00,2011-11-23 15:46:00,199,236.164
17411.0,3,778.94,2011-03-23 13:44:00,2011-11-27 14:25:00,249,259.6466666666667
17412.0,7,1258.06,2010-12-02 16:29:00,2011-12-07 11:36:00,369,179.72285714285712
17414.0,1,28.0,2011-06-08 11:43:00,2011-06-08 11:43:00,0,28.0
17415.0,1,287.89,2011-09-21 12:50:00,2011-09-21 12:50:00,0,287.89
17416.0,7,6893.42,2011-03-03 13:45:00,2011-11-10 12:47:00,251,984.7742857142857
17418.0,2,463.46000000000004,2011-01-20 11:39:00,2011-10-28 13:00:00,281,231.73000000000002
17419.0,12,4141.57,2010-12-07 15:03:00,2011-11-28 13:47:00,355,345.1308333333333
17420.0,3,546.98,2010-12-01 09:56:00,2011-10-20 14:52:00,323,182.32666666666668
17422.0,6,1923.21,2011-02-16 14:44:00,2011-11-23 13:27:00,279,320.535
17423.0,2,698.41,2011-05-06 09:14:00,2011-10-24 13:36:00,171,349.205
17425.0,2,759.1700000000001,2011-10-10 11:37:00,2011-11-20 15:30:00,41,379.58500000000004
17426.0,6,4661.96,2011-03-02 16:34:00,2011-12-01 18:07:00,274,776.9933333333333
17427.0,1,100.8,2011-09-29 11:29:00,2011-09-29 11:29:00,0,100.8
17428.0,28,16155.49,2010-12-06 09:37:00,2011-12-09 09:45:00,368,576.9817857142857
17429.0,3,524.9200000000001,2011-05-05 09:53:00,2011-08-03 13:22:00,90,174.97333333333336
17430.0,2,265.76,2010-12-09 13:05:00,2011-11-07 09:24:00,332,132.88
17431.0,1,403.3,2011-01-30 14:36:00,2011-01-30 14:36:00,0,403.3
17432.0,2,365.76,2011-11-02 17:30:00,2011-11-21 17:33:00,19,182.88
17433.0,1,303.16,2011-09-12 14:24:00,2011-09-12 14:24:00,0,303.16
17434.0,7,2373.82,2011-09-15 13:54:00,2011-12-07 13:16:00,82,339.1171428571429
17436.0,2,216.3,2011-04-27 11:33:00,2011-12-08 12:30:00,225,108.15
17438.0,1,388.45000000000005,2011-03-31 10:26:00,2011-03-31 10:26:00,0,388.45000000000005
17440.0,3,186.42000000000002,2011-04-06 12:05:00,2011-07-06 11:54:00,90,62.14000000000001
17442.0,6,2216.66,2011-02-22 13:02:00,2011-11-03 09:17:00,253,369.4433333333333
17444.0,2,2328.62,2011-06-20 09:04:00,2011-07-11 10:33:00,21,1164.31
17446.0,2,120.89999999999999,2011-02-02 14:40:00,2011-06-16 10:42:00,133,60.449999999999996
17447.0,2,541.53,2011-09-29 10:10:00,2011-10-30 14:18:00,31,270.765
17449.0,7,2504.21,2010-12-15 10:57:00,2011-12-07 16:56:00,357,357.7442857142857
17450.0,32,26157.08,2010-12-07 09:23:00,2011-12-01 13:29:00,359,817.40875
17451.0,7,1721.4,2011-08-26 11:54:00,2011-12-08 15:02:00,104,245.91428571428574
17453.0,2,486.72,2011-10-06 17:02:00,2011-11-22 09:42:00,46,243.36
17454.0,4,517.53,2010-12-15 10:54:00,2011-05-31 13:58:00,167,129.3825
17455.0,1,131.7,2011-05-20 12:31:00,2011-05-20 12:31:00,0,131.7
17456.0,1,249.86,2010-12-09 15:23:00,2010-12-09 15:23:00,0,249.86
17457.0,4,1370.5,2011-01-04 14:33:00,2011-08-05 12:48:00,212,342.625
17458.0,1,316.5,2011-11-24 13:01:00,2011-11-24 13:01:00,0,316.5
17459.0,2,657.3,2011-10-10 17:00:00,2011-10-27 13:25:00,16,328.65
17460.0,6,622.4300000000001,2010-12-01 16:24:00,2011-09-06 15:04:00,278,103.73833333333334
17461.0,3,757.46,2011-11-10 12:01:00,2011-11-17 10:21:00,6,252.48666666666668
17462.0,2,675.69,2011-02-28 17:01:00,2011-10-10 13:56:00,223,337.845
17463.0,5,1879.76,2011-01-30 15:48:00,2011-11-23 13:40:00,296,375.952
17464.0,1,248.20000000000002,2011-07-04 13:19:00,2011-07-04 13:19:00,0,248.20000000000002
17466.0,2,738.33,2011-09-22 09:16:00,2011-11-29 13:15:00,68,369.165
17468.0,2,137.0,2011-11-25 12:52:00,2011-11-29 15:33:00,4,68.5
17469.0,5,1870.97,2011-05-19 08:55:00,2011-11-23 13:15:00,188,374.194
17470.0,5,1125.07,2010-12-07 09:57:00,2011-10-26 12:42:00,323,225.01399999999998
17472.0,3,710.29,2011-02-13 14:40:00,2011-06-01 14:57:00,108,236.76333333333332
17475.0,1,194.37,2011-09-21 14:55:00,2011-09-21 14:55:00,0,194.37
17480.0,1,511.82,2011-09-23 11:39:00,2011-09-23 11:39:00,0,511.82
17481.0,4,1255.59,2011-09-07 09:57:00,2011-12-06 12:28:00,90,313.8975
17483.0,3,414.04,2011-06-09 19:40:00,2011-10-05 13:10:00,117,138.01333333333335
17486.0,1,396.87,2011-03-23 14:00:00,2011-03-23 14:00:00,0,396.87
17489.0,2,376.64,2011-05-11 11:34:00,2011-10-12 08:56:00,153,188.32
17490.0,7,2092.32,2011-06-16 09:15:00,2011-12-09 09:08:00,175,298.90285714285716
17491.0,10,3185.79,2010-12-07 12:18:00,2011-12-08 16:18:00,366,318.579
17492.0,1,374.57,2011-04-05 15:21:00,2011-04-05 15:21:00,0,374.57
17495.0,2,497.56,2011-11-01 12:06:00,2011-12-02 12:08:00,31,248.78
17496.0,1,251.10000000000002,2010-12-16 08:39:00,2010-12-16 08:39:00,0,251.10000000000002
17498.0,1,272.21999999999997,2011-09-25 12:25:00,2011-09-25 12:25:00,0,272.21999999999997
17499.0,1,622.88,2011-02-23 09:14:00,2011-02-23 09:14:00,0,622.88
17500.0,1,33.0,2011-11-10 09:08:00,2011-11-10 09:08:00,0,33.0
17501.0,2,288.6,2011-05-03 09:46:00,2011-05-03 09:47:00,0,144.3
17502.0,4,689.1,2011-11-10 16:39:00,2011-11-30 13:13:00,19,172.275
17503.0,2,558.96,2011-11-01 11:12:00,2011-12-07 09:18:00,35,279.48
17504.0,9,2963.13,2011-01-21 11:09:00,2011-05-17 12:59:00,116,329.2366666666667
17505.0,2,1145.8400000000001,2011-05-18 09:01:00,2011-07-01 12:50:00,44,572.9200000000001
17506.0,1,302.2,2011-09-25 11:39:00,2011-09-25 11:39:00,0,302.2
17507.0,2,605.58,2011-02-03 18:08:00,2011-03-23 11:48:00,47,302.79
17508.0,1,387.31,2011-03-04 08:10:00,2011-03-04 08:10:00,0,387.31
17509.0,8,6115.14,2011-10-07 13:14:00,2011-10-13 10:26:00,5,764.3925
17510.0,1,308.48,2011-11-15 10:00:00,2011-11-15 10:00:00,0,308.48
17511.0,30,73056.39,2010-12-01 10:19:00,2011-12-07 10:12:00,370,2435.213
17512.0,9,2073.9500000000003,2011-02-11 12:22:00,2011-11-11 12:11:00,272,230.43888888888893
17513.0,1,513.2,2011-09-28 16:42:00,2011-09-28 16:42:00,0,513.2
17514.0,1,208.65,2011-08-03 15:45:00,2011-08-03 15:45:00,0,208.65
17515.0,4,639.02,2011-01-25 14:33:00,2011-11-08 14:04:00,286,159.755
17516.0,5,728.18,2011-02-27 12:41:00,2011-11-24 16:51:00,270,145.636
17517.0,1,153.94,2011-02-04 11:48:00,2011-02-04 11:48:00,0,153.94
17519.0,6,1844.02,2010-12-06 15:18:00,2011-11-22 16:43:00,351,307.33666666666664
17520.0,1,514.91,2011-10-17 12:04:00,2011-10-17 12:04:00,0,514.91
17521.0,3,723.21,2011-05-24 15:14:00,2011-11-10 11:22:00,169,241.07000000000002
17522.0,5,1070.71,2011-05-05 16:31:00,2011-12-08 12:31:00,216,214.142
17523.0,2,263.43,2011-11-20 13:40:00,2011-11-28 13:20:00,7,131.715
17524.0,1,145.0,2010-12-13 14:32:00,2010-12-13 14:32:00,0,145.0
17525.0,1,422.7,2010-12-15 12:05:00,2010-12-15 12:05:00,0,422.7
17526.0,4,1195.8999999999999,2010-12-09 12:20:00,2011-12-05 11:05:00,360,298.97499999999997
17527.0,4,939.37,2011-05-05 13:43:00,2011-10-17 12:32:00,164,234.8425
17528.0,8,3174.9,2011-09-29 13:04:00,2011-12-08 13:27:00,70,396.8625
17530.0,10,2308.15,2010-12-09 20:01:00,2011-12-08 18:42:00,363,230.815
17531.0,1,296.7,2011-06-02 19:17:00,2011-06-02 19:17:00,0,296.7
17534.0,1,223.36,2011-10-17 12:47:00,2011-10-17 12:47:00,0,223.36
17535.0,1,164.4,2011-03-04 15:20:00,2011-03-04 15:20:00,0,164.4
17536.0,1,76.5,2011-06-15 13:23:00,2011-06-15 13:23:00,0,76.5
17537.0,2,897.62,2011-02-09 13:37:00,2011-11-10 10:56:00,273,448.81
17538.0,1,98.42,2011-11-14 12:12:00,2011-11-14 12:12:00,0,98.42
17540.0,2,578.9,2011-01-27 14:35:00,2011-11-15 11:56:00,291,289.45
17542.0,1,170.75,2011-03-15 11:45:00,2011-03-15 11:45:00,0,170.75
17545.0,3,645.96,2011-10-27 13:48:00,2011-10-27 14:04:00,0,215.32000000000002
17548.0,1,103.3,2011-04-20 12:01:00,2011-04-20 12:01:00,0,103.3
17549.0,2,148.86,2011-10-19 10:05:00,2011-11-16 09:59:00,27,74.43
17550.0,3,267.16,2011-04-10 15:19:00,2011-05-26 14:09:00,45,89.05333333333334
17551.0,1,306.84,2010-12-15 14:12:00,2010-12-15 14:12:00,0,306.84
17552.0,4,930.41,2010-12-02 18:45:00,2011-10-10 17:00:00,311,232.6025
17553.0,1,237.6,2011-08-02 10:00:00,2011-08-02 10:00:00,0,237.6
17554.0,5,1753.45,2011-07-14 20:01:00,2011-12-08 14:15:00,146,350.69
17555.0,2,483.26,2011-01-09 12:31:00,2011-11-20 12:22:00,314,241.63
17556.0,1,157.9,2011-05-18 10:48:00,2011-05-18 10:48:00,0,157.9
17557.0,3,541.46,2011-09-19 14:23:00,2011-11-25 12:57:00,66,180.48666666666668
17560.0,4,854.95,2011-02-02 11:14:00,2011-09-06 09:18:00,215,213.7375
17561.0,1,167.62,2011-11-20 12:53:00,2011-11-20 12:53:00,0,167.62
17562.0,7,1122.38,2011-06-19 13:06:00,2011-11-25 14:21:00,159,160.34
17564.0,3,454.01,2011-09-20 14:00:00,2011-11-15 13:27:00,55,151.33666666666667
17566.0,2,901.21,2011-11-14 13:42:00,2011-12-01 19:54:00,17,450.605
17567.0,8,4099.48,2010-12-02 15:18:00,2011-12-02 15:48:00,365,512.435
17569.0,1,344.14,2011-01-11 14:15:00,2011-01-11 14:15:00,0,344.14
17571.0,4,1481.86,2011-02-14 15:15:00,2011-10-20 15:57:00,248,370.465
17572.0,4,226.75000000000003,2010-12-01 12:51:00,2011-09-29 17:53:00,302,56.68750000000001
17573.0,3,380.6,2011-09-07 10:36:00,2011-11-10 13:01:00,64,126.86666666666667
17574.0,1,185.65,2011-04-11 09:47:00,2011-04-11 09:47:00,0,185.65
17576.0,19,3588.78,2010-12-09 16:57:00,2011-12-01 17:56:00,357,188.88315789473685
17578.0,1,143.45999999999998,2011-05-05 18:38:00,2011-05-05 18:38:00,0,143.45999999999998
17579.0,3,448.90000000000003,2011-06-13 14:12:00,2011-12-05 12:28:00,174,149.63333333333335
17580.0,3,215.72,2010-12-16 15:27:00,2011-04-01 12:41:00,105,71.90666666666667
17581.0,24,10621.14,2010-12-02 14:47:00,2011-12-09 12:21:00,371,442.54749999999996
17582.0,1,175.27,2011-04-17 13:18:00,2011-04-17 13:18:00,0,175.27
17584.0,2,1242.3,2011-08-04 14:12:00,2011-12-02 17:12:00,120,621.15
17585.0,4,1133.07,2011-01-05 15:09:00,2011-08-22 13:30:00,228,283.2675
17588.0,3,1188.0,2011-04-21 10:31:00,2011-08-31 13:37:00,132,396.0
17589.0,4,2368.22,2011-04-13 13:47:00,2011-10-10 16:58:00,180,592.055
17590.0,3,1447.27,2011-10-30 14:05:00,2011-12-07 12:55:00,37,482.42333333333335
17591.0,7,2225.9700000000003,2010-12-07 15:39:00,2011-09-27 13:42:00,293,317.9957142857143
17593.0,5,3927.34,2010-12-22 10:29:00,2011-12-06 10:30:00,349,785.4680000000001
17594.0,2,993.1800000000001,2011-03-30 10:32:00,2011-09-15 16:34:00,169,496.59000000000003
17595.0,2,388.79,2011-11-02 16:19:00,2011-11-27 16:08:00,24,194.395
17596.0,7,2516.44,2010-12-06 12:34:00,2011-11-16 14:11:00,345,359.49142857142857
17597.0,1,1943.94,2011-05-10 11:54:00,2011-05-10 11:54:00,0,1943.94
17600.0,1,145.02,2011-11-22 09:43:00,2011-11-22 09:43:00,0,145.02
17601.0,1,116.00999999999999,2011-04-14 18:02:00,2011-04-14 18:02:00,0,116.00999999999999
17602.0,6,5102.97,2011-01-19 16:18:00,2011-12-07 13:53:00,321,850.495
17603.0,1,144.72,2011-09-22 14:18:00,2011-09-22 14:18:00,0,144.72
17604.0,2,309.36,2011-01-31 15:09:00,2011-05-06 13:43:00,94,154.68
17608.0,2,193.42,2011-11-06 13:00:00,2011-11-06 13:06:00,0,96.71
17609.0,5,1078.32,2011-01-16 16:23:00,2011-10-30 12:28:00,286,215.664
17611.0,15,3984.22,2010-12-13 13:52:00,2011-12-02 13:29:00,353,265.61466666666666
17612.0,6,2048.45,2011-02-15 10:40:00,2011-10-17 14:59:00,244,341.4083333333333
17613.0,14,4559.150000000001,2011-02-07 11:20:00,2011-11-17 10:51:00,282,325.65357142857147
17614.0,1,390.07,2011-10-13 16:01:00,2011-10-13 16:01:00,0,390.07
17615.0,3,329.6,2011-05-01 15:33:00,2011-08-01 14:06:00,91,109.86666666666667
17616.0,2,244.79999999999998,2011-03-30 09:31:00,2011-06-19 10:11:00,81,122.39999999999999
17618.0,3,851.73,2010-12-12 16:05:00,2011-12-04 11:50:00,356,283.91
17619.0,1,218.52,2011-01-31 14:18:00,2011-01-31 14:18:00,0,218.52
17620.0,1,81.44,2011-10-11 12:08:00,2011-10-11 12:08:00,0,81.44
17621.0,3,1379.9,2010-12-20 13:31:00,2011-11-18 17:11:00,333,459.9666666666667
17623.0,1,527.05,2011-11-07 11:32:00,2011-11-07 11:32:00,0,527.05
17624.0,2,843.48,2011-05-05 17:59:00,2011-11-25 10:52:00,203,421.74
17625.0,4,2047.0,2011-03-27 12:21:00,2011-11-21 13:36:00,239,511.75
17628.0,1,75.75,2011-09-19 15:21:00,2011-09-19 15:21:00,0,75.75
17629.0,8,1765.22,2010-12-15 09:58:00,2011-12-04 10:56:00,354,220.6525
17630.0,2,431.75,2011-04-21 14:03:00,2011-06-23 11:58:00,62,215.875
17631.0,3,511.38,2011-04-21 13:22:00,2011-12-08 09:47:00,230,170.46
17633.0,4,1324.84,2011-08-11 15:43:00,2011-11-08 13:25:00,88,331.21
17634.0,9,2361.9700000000003,2011-01-06 12:45:00,2011-11-03 13:09:00,301,262.4411111111111
17636.0,1,285.56,2011-11-20 14:40:00,2011-11-20 14:40:00,0,285.56
17637.0,2,547.0600000000001,2011-08-16 13:25:00,2011-11-08 12:51:00,83,273.53000000000003
17639.0,1,108.5,2011-03-08 15:22:00,2011-03-08 15:22:00,0,108.5
17640.0,1,621.66,2011-09-14 09:13:00,2011-09-14 09:13:00,0,621.66
17642.0,2,712.29,2011-06-16 12:55:00,2011-08-12 09:11:00,56,356.145
17643.0,1,101.55,2010-12-01 14:38:00,2010-12-01 14:38:00,0,101.55
17644.0,11,2895.64,2011-03-24 09:44:00,2011-12-08 13:43:00,259,263.24
17646.0,3,1008.39,2010-12-09 14:28:00,2011-05-04 13:17:00,145,336.13
17647.0,1,116.11,2011-10-05 15:38:00,2011-10-05 15:38:00,0,116.11
17648.0,4,1797.5,2011-04-04 10:29:00,2011-10-10 09:41:00,188,449.375
17649.0,1,851.54,2011-07-24 15:53:00,2011-07-24 15:53:00,0,851.54
17650.0,1,166.07999999999998,2011-11-18 14:52:00,2011-11-18 14:52:00,0,166.07999999999998
17651.0,10,3945.0,2011-06-15 15:57:00,2011-11-28 10:29:00,165,394.5
17652.0,12,4805.77,2011-03-03 14:05:00,2011-11-14 12:55:00,255,400.48083333333335
17653.0,3,653.12,2011-08-11 15:24:00,2011-11-01 15:49:00,82,217.70666666666668
17654.0,1,117.55,2011-03-07 13:17:00,2011-03-07 13:17:00,0,117.55
17655.0,7,2563.04,2010-12-08 16:45:00,2011-11-29 11:34:00,355,366.1485714285714
17656.0,5,1674.69,2011-08-03 10:45:00,2011-09-27 13:04:00,55,334.938
17658.0,2,595.42,2011-05-12 15:23:00,2011-11-14 12:07:00,185,297.71
17659.0,12,2892.01,2010-12-02 16:46:00,2011-11-22 13:29:00,354,241.00083333333336
17660.0,1,196.0,2011-07-21 13:37:00,2011-07-21 13:37:00,0,196.0
17663.0,7,1726.01,2011-02-25 14:11:00,2011-11-14 08:56:00,261,246.57285714285715
17664.0,2,604.64,2011-05-11 14:17:00,2011-11-21 11:29:00,193,302.32
17666.0,2,728.16,2011-10-05 11:06:00,2011-12-06 09:06:00,61,364.08
17667.0,5,2055.51,2011-02-14 09:24:00,2011-10-04 14:32:00,232,411.10200000000003
17668.0,2,347.75,2011-11-01 14:45:00,2011-12-08 13:25:00,36,173.875
17669.0,7,3406.7200000000003,2011-04-04 10:11:00,2011-10-28 08:53:00,206,486.67428571428576
17670.0,1,205.7,2011-04-26 09:12:00,2011-04-26 09:12:00,0,205.7
17671.0,4,1340.71,2010-12-09 14:27:00,2011-11-24 12:21:00,349,335.1775
17672.0,2,3127.32,2011-02-03 13:29:00,2011-10-20 14:18:00,259,1563.66
17673.0,6,1629.12,2011-01-23 15:16:00,2011-12-08 12:50:00,318,271.52
17674.0,2,398.40000000000003,2010-12-06 10:20:00,2011-09-26 13:35:00,294,199.20000000000002
17675.0,31,20257.58,2010-12-07 13:22:00,2011-12-08 18:03:00,366,653.4703225806452
17676.0,6,1387.68,2010-12-08 13:49:00,2011-12-05 15:16:00,362,231.28
17677.0,29,16261.53,2010-12-06 08:42:00,2011-12-08 09:56:00,367,560.7424137931034
17678.0,1,298.11,2011-03-21 11:52:00,2011-03-21 11:52:00,0,298.11
17679.0,2,1952.16,2011-09-15 10:35:00,2011-10-18 07:43:00,32,976.08
17680.0,1,184.4,2011-11-16 12:42:00,2011-11-16 12:42:00,0,184.4
17682.0,6,2458.38,2010-12-06 13:35:00,2011-11-29 15:59:00,358,409.73
17684.0,1,239.41,2011-10-27 11:10:00,2011-10-27 11:10:00,0,239.41
17685.0,7,3191.53,2010-12-02 14:42:00,2011-11-23 11:36:00,355,455.9328571428572
17686.0,7,5705.56,2011-02-10 10:18:00,2011-12-02 15:39:00,295,815.08
17690.0,15,4173.2,2010-12-01 16:15:00,2011-11-09 15:17:00,342,278.2133333333333
17691.0,2,290.40000000000003,2010-12-06 11:10:00,2010-12-16 17:20:00,10,145.20000000000002
17692.0,4,740.94,2010-12-15 13:37:00,2011-08-04 14:01:00,232,185.235
17693.0,1,200.47,2011-07-25 15:48:00,2011-07-25 15:48:00,0,200.47
17694.0,1,283.12,2011-07-21 12:00:00,2011-07-21 12:00:00,0,283.12
17695.0,2,765.34,2011-06-21 12:35:00,2011-07-31 10:40:00,39,382.67
17696.0,8,2285.71,2010-12-10 09:51:00,2011-11-01 13:43:00,326,285.71375
17697.0,1,338.95,2011-04-17 15:40:00,2011-04-17 15:40:00,0,338.95
17698.0,1,154.95,2011-03-24 11:34:00,2011-03-24 11:34:00,0,154.95
17700.0,4,2517.69,2011-03-03 16:34:00,2011-11-23 11:51:00,264,629.4225
17701.0,1,417.95,2011-04-01 12:25:00,2011-04-01 12:25:00,0,417.95
17702.0,4,1824.37,2011-05-17 16:23:00,2011-11-09 16:03:00,175,456.0925
17703.0,3,798.74,2011-07-24 13:30:00,2011-11-04 15:51:00,103,266.24666666666667
17704.0,2,885.19,2011-04-14 09:28:00,2011-06-24 09:40:00,71,442.595
17705.0,9,1823.52,2011-02-11 10:57:00,2011-12-06 13:45:00,298,202.61333333333334
17706.0,17,10119.89,2010-12-08 11:02:00,2011-12-05 13:34:00,362,595.2876470588235
17707.0,2,152.4,2011-01-07 13:30:00,2011-06-07 15:03:00,151,76.2
17708.0,2,267.08,2011-01-19 10:09:00,2011-06-05 10:12:00,137,133.54
17709.0,1,87.5,2011-06-23 11:55:00,2011-06-23 11:55:00,0,87.5
17711.0,2,385.1,2011-02-23 11:32:00,2011-11-29 11:40:00,279,192.55
17712.0,1,443.01,2011-10-26 12:28:00,2011-10-26 12:28:00,0,443.01
17714.0,1,153.0,2011-01-23 10:32:00,2011-01-23 10:32:00,0,153.0
17716.0,11,5622.09,2011-03-17 10:38:00,2011-11-17 12:00:00,245,511.09909090909093
17718.0,1,139.35,2011-04-21 13:39:00,2011-04-21 13:39:00,0,139.35
17719.0,15,5371.09,2011-03-29 11:29:00,2011-11-02 10:36:00,217,358.0726666666667
17720.0,4,1117.09,2010-12-07 10:43:00,2011-11-13 15:04:00,341,279.2725
17722.0,4,2390.14,2010-12-08 12:41:00,2011-09-04 15:22:00,270,597.535
17723.0,4,1201.4,2011-05-09 14:44:00,2011-06-20 10:25:00,41,300.35
17724.0,3,1033.0,2011-07-24 13:26:00,2011-09-29 15:26:00,67,344.3333333333333
17725.0,11,3422.4300000000003,2011-03-17 19:47:00,2011-11-23 16:34:00,250,311.13000000000005
17727.0,1,1060.25,2011-11-24 17:06:00,2011-11-24 17:06:00,0,1060.25
17728.0,3,2808.21,2011-09-14 11:39:00,2011-12-06 08:52:00,82,936.07
17730.0,13,5298.4800000000005,2011-01-17 14:49:00,2011-12-06 15:43:00,323,407.5753846153847
17731.0,4,1087.56,2011-06-09 14:18:00,2011-09-21 15:02:00,104,271.89
17732.0,1,303.97,2010-12-02 09:29:00,2010-12-02 09:29:00,0,303.97
17733.0,2,692.19,2011-03-23 09:54:00,2011-11-01 08:16:00,222,346.095
17734.0,3,700.63,2011-04-20 10:04:00,2011-10-17 12:33:00,180,233.54333333333332
17735.0,19,13110.02,2010-12-07 10:32:00,2011-12-07 16:47:00,365,690.001052631579
17736.0,2,337.49,2011-08-18 14:33:00,2011-11-30 15:36:00,104,168.745
17737.0,2,168.24,2011-10-12 14:42:00,2011-11-30 15:16:00,49,84.12
17738.0,4,1828.2,2011-03-02 16:26:00,2011-11-20 15:05:00,262,457.05
17739.0,7,2791.35,2010-12-14 14:26:00,2011-11-28 09:12:00,348,398.7642857142857
17742.0,2,308.21000000000004,2011-01-11 10:04:00,2011-08-18 15:28:00,219,154.10500000000002
17744.0,6,2304.4,2010-12-16 14:17:00,2011-12-06 12:11:00,354,384.06666666666666
17746.0,1,110.25,2011-04-13 14:31:00,2011-04-13 14:31:00,0,110.25
17747.0,1,71.4,2011-08-19 08:13:00,2011-08-19 08:13:00,0,71.4
17749.0,2,642.62,2011-03-28 13:39:00,2011-06-14 15:45:00,78,321.31
17750.0,9,1797.57,2011-06-28 15:44:00,2011-12-04 14:09:00,158,199.73
17754.0,5,1772.26,2011-03-24 13:54:00,2011-12-09 11:20:00,259,354.452
17757.0,30,5353.29,2010-12-02 17:17:00,2011-12-08 15:31:00,370,178.443
17758.0,8,3440.75,2011-04-03 15:22:00,2011-11-20 14:45:00,230,430.09375
17759.0,3,834.99,2011-06-23 13:35:00,2011-11-22 16:02:00,152,278.33
17760.0,2,287.59,2010-12-01 15:08:00,2011-11-18 10:56:00,351,143.795
17761.0,1,712.78,2011-11-07 10:23:00,2011-11-07 10:23:00,0,712.78
17763.0,1,15.0,2011-03-21 14:25:00,2011-03-21 14:25:00,0,15.0
17764.0,2,801.87,2011-05-12 16:11:00,2011-10-20 11:03:00,160,400.935
17765.0,3,371.88,2011-03-28 11:58:00,2011-07-04 12:41:00,98,123.96
17767.0,1,271.2,2011-11-24 14:42:00,2011-11-24 14:42:00,0,271.2
17768.0,3,2225.33,2011-06-26 13:46:00,2011-12-01 13:22:00,157,741.7766666666666
17769.0,10,3964.6800000000003,2011-01-23 11:15:00,2011-11-27 11:18:00,308,396.468
17770.0,5,1143.27,2011-03-02 13:35:00,2011-05-25 12:34:00,83,228.654
17771.0,2,245.81,2011-01-20 14:13:00,2011-10-14 11:43:00,266,122.905
17772.0,2,182.77,2011-11-29 10:57:00,2011-11-29 11:05:00,0,91.385
17774.0,4,1209.46,2011-02-07 13:13:00,2011-09-04 12:49:00,208,302.365
17775.0,1,56.4,2011-03-30 10:50:00,2011-03-30 10:50:00,0,56.4
17777.0,3,665.86,2011-08-31 14:35:00,2011-11-15 12:02:00,75,221.95333333333335
17779.0,3,658.57,2011-07-19 12:19:00,2011-11-18 14:15:00,122,219.52333333333334
17781.0,2,188.02,2011-03-31 19:54:00,2011-07-03 16:00:00,93,94.01
17783.0,2,283.47,2011-04-06 10:07:00,2011-09-28 16:07:00,175,141.735
17785.0,1,131.94,2011-10-17 13:43:00,2011-10-17 13:43:00,0,131.94
17786.0,2,278.74,2011-01-26 14:35:00,2011-09-15 12:51:00,231,139.37
17787.0,4,1865.19,2010-12-03 13:43:00,2011-07-10 11:24:00,218,466.2975
17788.0,2,1117.9,2011-08-02 10:38:00,2011-09-27 10:09:00,55,558.95
17789.0,1,225.9,2011-03-03 13:14:00,2011-03-03 13:14:00,0,225.9
17790.0,14,1948.6000000000001,2010-12-10 10:47:00,2011-11-13 11:30:00,338,139.18571428571428
17791.0,1,106.1,2011-11-10 12:09:00,2011-11-10 12:09:00,0,106.1
17793.0,1,306.09,2011-11-14 14:24:00,2011-11-14 14:24:00,0,306.09
17795.0,2,333.44,2011-03-20 12:02:00,2011-06-13 12:36:00,85,166.72
17796.0,4,697.9,2010-12-05 12:23:00,2011-10-30 15:38:00,329,174.475
17797.0,3,780.43,2011-06-10 11:29:00,2011-11-17 13:21:00,160,260.1433333333333
17799.0,10,2989.13,2010-12-13 13:10:00,2011-11-17 15:16:00,339,298.913
17800.0,9,1199.01,2011-01-09 13:50:00,2011-11-02 12:57:00,296,133.22333333333333
17802.0,3,1285.04,2010-12-02 13:44:00,2011-09-18 14:56:00,290,428.34666666666664
17805.0,1,327.99,2011-09-27 11:49:00,2011-09-27 11:49:00,0,327.99
17806.0,1,546.04,2011-11-28 14:12:00,2011-11-28 14:12:00,0,546.04
17809.0,12,5259.27,2010-12-01 09:41:00,2011-11-23 12:59:00,357,438.27250000000004
17811.0,39,7820.78,2011-01-10 10:58:00,2011-12-05 13:46:00,329,200.5328205128205
17812.0,4,651.36,2010-12-06 15:27:00,2011-11-27 11:47:00,355,162.84
17813.0,5,1629.48,2011-09-29 15:57:00,2011-11-25 16:13:00,57,325.896
17816.0,4,36.56,2010-12-09 14:10:00,2011-11-03 11:34:00,328,9.14
17817.0,2,192.68,2011-03-07 17:30:00,2011-12-05 14:39:00,272,96.34
17819.0,7,3688.92,2010-12-03 14:26:00,2011-09-29 10:52:00,299,526.9885714285714
17824.0,1,256.64,2011-10-19 14:14:00,2011-10-19 14:14:00,0,256.64
17827.0,5,1995.46,2010-12-10 10:18:00,2011-12-04 15:00:00,359,399.092
17828.0,4,1165.09,2011-06-08 08:31:00,2011-11-17 08:41:00,162,291.2725
17829.0,1,889.24,2011-02-14 12:46:00,2011-02-14 12:46:00,0,889.24
17830.0,3,398.7,2011-02-24 10:15:00,2011-12-08 12:28:00,287,132.9
17831.0,1,35.400000000000006,2011-11-06 15:09:00,2011-11-06 15:09:00,0,35.400000000000006
17832.0,1,155.37,2011-10-21 11:43:00,2011-10-21 11:43:00,0,155.37
17835.0,3,350.64,2011-11-16 16:30:00,2011-12-07 11:48:00,20,116.88
17836.0,1,110.21000000000001,2011-10-23 16:13:00,2011-10-23 16:13:00,0,110.21000000000001
17837.0,8,1528.58,2011-06-29 16:44:00,2011-10-28 16:13:00,120,191.0725
17838.0,5,2598.62,2010-12-02 15:55:00,2011-11-13 11:20:00,345,519.7239999999999
17839.0,1,338.8,2011-10-28 17:27:00,2011-10-28 17:27:00,0,338.8
17841.0,124,39360.62,2010-12-01 14:41:00,2011-12-08 12:07:00,371,317.4243548387097
17843.0,1,205.48,2011-02-09 15:33:00,2011-02-09 15:33:00,0,205.48
17844.0,1,51.559999999999995,2011-08-25 11:27:00,2011-08-25 11:27:00,0,51.559999999999995
17848.0,9,901.2,2010-12-16 18:38:00,2011-09-19 16:49:00,276,100.13333333333334
17849.0,4,326.15,2011-01-10 11:59:00,2011-05-05 13:46:00,115,81.5375
17850.0,34,4783.46,2010-12-01 08:26:00,2010-12-02 15:27:00,1,140.69
17852.0,2,114.34,2011-11-28 12:31:00,2011-11-28 12:36:00,0,57.17
17854.0,2,311.26,2011-04-26 16:53:00,2011-06-07 16:21:00,41,155.63
17855.0,1,208.97,2010-12-02 09:44:00,2010-12-02 09:44:00,0,208.97
17856.0,4,663.83,2011-03-03 11:40:00,2011-12-08 09:40:00,279,165.9575
17857.0,7,761.06,2010-12-09 11:35:00,2011-08-22 13:55:00,256,108.72285714285714
17858.0,10,3441.76,2010-12-05 13:08:00,2011-12-04 11:56:00,363,344.17600000000004
17859.0,1,148.21,2011-02-08 10:32:00,2011-02-08 10:32:00,0,148.21
17860.0,1,252.8,2010-12-06 12:41:00,2010-12-06 12:41:00,0,252.8
17861.0,8,2000.1,2011-01-24 11:34:00,2011-12-06 16:21:00,316,250.0125
17862.0,1,330.9,2011-01-20 12:23:00,2011-01-20 12:23:00,0,330.9
17863.0,6,3066.4,2010-12-05 13:21:00,2011-10-11 13:45:00,310,511.06666666666666
17864.0,3,597.5,2011-03-09 11:44:00,2011-11-27 11:15:00,262,199.16666666666666
17865.0,20,10509.37,2010-12-10 14:53:00,2011-11-09 12:08:00,333,525.4685000000001
17866.0,1,329.65000000000003,2011-07-20 11:07:00,2011-07-20 11:07:00,0,329.65000000000003
17867.0,6,635.5,2011-02-24 12:25:00,2011-11-09 14:15:00,258,105.91666666666667
17869.0,5,344.38,2010-12-06 17:16:00,2011-08-24 16:16:00,260,68.876
17870.0,11,1551.0,2011-07-27 17:01:00,2011-12-07 15:07:00,132,141.0
17871.0,1,155.9,2011-05-19 11:32:00,2011-05-19 11:32:00,0,155.9
17873.0,5,1729.7800000000002,2010-12-01 14:54:00,2011-09-20 16:41:00,293,345.956
17874.0,6,649.5600000000001,2011-03-29 11:25:00,2011-06-07 12:54:00,70,108.26
17877.0,1,237.61,2011-06-22 13:00:00,2011-06-22 13:00:00,0,237.61
17878.0,1,379.45,2011-10-27 11:24:00,2011-10-27 11:24:00,0,379.45
17879.0,1,178.52,2011-06-19 12:36:00,2011-06-19 12:36:00,0,178.52
17880.0,1,458.92,2010-12-10 10:21:00,2010-12-10 10:21:00,0,458.92
17881.0,1,133.35,2011-02-08 17:16:00,2011-02-08 17:16:00,0,133.35
17883.0,4,671.77,2011-04-07 19:16:00,2011-12-06 17:49:00,242,167.9425
17884.0,4,717.45,2010-12-03 12:11:00,2011-12-06 11:33:00,367,179.3625
17885.0,1,190.19,2011-11-27 14:40:00,2011-11-27 14:40:00,0,190.19
17886.0,3,865.71,2011-04-04 12:34:00,2011-11-08 10:09:00,217,288.57
17887.0,1,71.45,2011-08-02 17:29:00,2011-08-02 17:29:00,0,71.45
17888.0,7,654.05,2010-12-17 13:56:00,2011-11-01 15:48:00,319,93.43571428571428
17889.0,2,203.87,2011-01-21 17:14:00,2011-05-11 16:26:00,109,101.935
17890.0,2,602.09,2010-12-13 15:12:00,2011-01-21 11:19:00,38,301.045
17891.0,1,203.85999999999999,2011-06-30 20:08:00,2011-06-30 20:08:00,0,203.85999999999999
17892.0,3,244.1,2011-07-07 12:56:00,2011-10-14 16:49:00,99,81.36666666666666
17893.0,1,112.25,2011-04-28 13:50:00,2011-04-28 13:50:00,0,112.25
17894.0,8,1087.91,2010-12-08 14:50:00,2011-09-29 09:23:00,294,135.98875
17895.0,1,98.0,2011-10-26 17:00:00,2011-10-26 17:00:00,0,98.0
17897.0,3,486.7,2010-12-01 12:31:00,2011-06-20 11:23:00,200,162.23333333333332
17898.0,2,152.06,2011-05-16 17:13:00,2011-09-15 14:56:00,121,76.03
17899.0,1,138.85,2011-07-03 14:58:00,2011-07-03 14:58:00,0,138.85
17900.0,2,97.19999999999999,2011-06-02 14:28:00,2011-06-02 14:38:00,0,48.599999999999994
17901.0,1,93.43,2011-11-10 17:29:00,2011-11-10 17:29:00,0,93.43
17904.0,1,191.67000000000002,2011-11-18 12:57:00,2011-11-18 12:57:00,0,191.67000000000002
17905.0,3,599.04,2010-12-01 13:21:00,2011-07-06 10:47:00,216,199.67999999999998
17906.0,1,55.95,2011-04-06 17:25:00,2011-04-06 17:25:00,0,55.95
17908.0,1,243.28,2010-12-01 11:45:00,2010-12-01 11:45:00,0,243.28
17911.0,1,366.23,2011-11-30 14:52:00,2011-11-30 14:52:00,0,366.23
17912.0,5,311.01,2010-12-10 11:11:00,2011-02-02 14:25:00,54,62.202
17913.0,2,411.6,2010-12-19 11:35:00,2011-10-12 10:45:00,296,205.8
17914.0,1,336.43,2011-12-06 11:58:00,2011-12-06 11:58:00,0,336.43
17917.0,3,324.33,2010-12-12 12:08:00,2011-10-25 13:20:00,317,108.11
17919.0,1,1304.04,2011-09-12 13:41:00,2011-09-12 13:41:00,0,1304.04
17920.0,17,3957.17,2010-12-01 11:49:00,2011-12-05 14:29:00,369,232.77470588235295
17921.0,4,826.52,2011-03-18 13:19:00,2011-10-06 18:56:00,202,206.63
17923.0,1,207.50000000000003,2011-03-02 15:15:00,2011-03-02 15:15:00,0,207.50000000000003
17924.0,7,2962.5,2010-12-01 10:51:00,2011-11-28 09:11:00,361,423.2142857142857
17925.0,1,244.08,2010-12-02 10:10:00,2010-12-02 10:10:00,0,244.08
17926.0,2,397.29,2011-05-20 09:24:00,2011-07-29 14:39:00,70,198.645
17928.0,2,195.59,2011-04-07 18:03:00,2011-10-25 13:52:00,200,97.795
17929.0,4,843.0,2011-02-04 11:40:00,2011-11-28 16:01:00,297,210.75
17930.0,5,1394.8799999999999,2011-04-14 15:46:00,2011-11-04 10:23:00,203,278.976
17931.0,2,408.36,2011-03-29 12:31:00,2011-07-28 18:33:00,121,204.18
17932.0,3,1331.57,2011-05-12 13:58:00,2011-11-10 19:49:00,182,443.8566666666666
17934.0,2,687.3,2011-10-12 10:50:00,2011-10-19 11:16:00,7,343.65
17935.0,2,145.79,2011-07-21 11:23:00,2011-07-24 13:18:00,3,72.895
17936.0,1,389.84,2011-12-04 13:32:00,2011-12-04 13:32:00,0,389.84
17937.0,7,4301.22,2010-12-12 14:43:00,2011-12-01 11:45:00,353,614.46
17939.0,1,99.14,2011-07-03 12:27:00,2011-07-03 12:27:00,0,99.14
17941.0,1,139.2,2011-08-01 08:30:00,2011-08-01 08:30:00,0,139.2
17942.0,1,77.50000000000001,2011-12-02 10:45:00,2011-12-02 10:45:00,0,77.50000000000001
17946.0,2,99.67999999999999,2011-03-25 14:34:00,2011-04-20 17:00:00,26,49.839999999999996
17947.0,1,176.68,2011-11-02 13:05:00,2011-11-02 13:05:00,0,176.68
17949.0,16,8961.87,2010-12-03 13:12:00,2011-12-02 11:43:00,363,560.116875
17950.0,3,482.2,2010-12-09 15:16:00,2011-09-28 15:18:00,293,160.73333333333332
17951.0,3,1008.5400000000001,2010-12-01 12:40:00,2011-10-31 12:30:00,333,336.18
17954.0,12,2211.76,2010-12-03 14:18:00,2011-12-04 14:15:00,365,184.31333333333336
17955.0,3,394.1,2011-05-04 12:29:00,2011-05-05 12:40:00,1,131.36666666666667
17956.0,1,12.75,2011-04-04 13:47:00,2011-04-04 13:47:00,0,12.75
17957.0,1,111.68,2011-10-04 14:58:00,2011-10-04 14:58:00,0,111.68
17958.0,1,508.46000000000004,2011-08-15 12:19:00,2011-08-15 12:19:00,0,508.46000000000004
17960.0,1,73.78,2011-06-21 14:15:00,2011-06-21 14:15:00,0,73.78
17961.0,39,1138.54,2010-12-02 19:18:00,2011-11-18 16:55:00,350,29.19333333333333
17962.0,1,102.83,2011-07-20 14:16:00,2011-07-20 14:16:00,0,102.83
17964.0,2,454.75,2010-12-02 13:32:00,2011-11-08 10:44:00,340,227.375
17965.0,14,2597.57,2010-12-05 15:54:00,2011-11-02 09:31:00,331,185.5407142857143
17966.0,4,594.43,2011-03-23 17:25:00,2011-07-11 15:28:00,109,148.6075
17967.0,1,123.07,2010-12-03 11:19:00,2010-12-03 11:19:00,0,123.07
17968.0,1,277.35,2010-12-01 12:23:00,2010-12-01 12:23:00,0,277.35
17969.0,2,228.2,2010-12-13 15:34:00,2011-06-26 13:00:00,194,114.1
17970.0,1,582.59,2011-05-12 20:03:00,2011-05-12 20:03:00,0,582.59
17972.0,1,120.09,2011-04-12 12:16:00,2011-04-12 12:16:00,0,120.09
17973.0,1,337.04,2011-10-19 10:34:00,2011-10-19 10:34:00,0,337.04
17974.0,3,740.79,2011-05-04 11:50:00,2011-11-15 11:37:00,194,246.92999999999998
17975.0,13,4437.96,2010-12-08 11:38:00,2011-11-24 13:27:00,351,341.38153846153847
17976.0,1,353.19,2010-12-02 13:49:00,2010-12-02 13:49:00,0,353.19
17977.0,1,208.34,2011-11-10 13:28:00,2011-11-10 13:28:00,0,208.34
17978.0,1,145.4,2010-12-09 14:05:00,2010-12-09 14:05:00,0,145.4
17979.0,4,757.71,2011-03-25 11:34:00,2011-11-04 12:05:00,224,189.4275
17980.0,3,811.45,2010-12-15 15:50:00,2011-06-27 12:01:00,193,270.48333333333335
17984.0,1,152.68,2011-07-17 15:59:00,2011-07-17 15:59:00,0,152.68
17985.0,1,634.95,2011-11-17 14:24:00,2011-11-17 14:24:00,0,634.95
17986.0,1,20.8,2011-10-14 14:22:00,2011-10-14 14:22:00,0,20.8
17987.0,1,198.57,2011-06-07 14:22:00,2011-06-07 14:22:00,0,198.57
17988.0,7,161.17000000000002,2011-01-17 11:59:00,2011-11-28 11:00:00,314,23.024285714285718
17990.0,3,630.84,2010-12-13 12:10:00,2011-04-17 11:44:00,124,210.28
17991.0,2,93.35,2011-04-27 16:39:00,2011-04-28 15:58:00,0,46.675
17994.0,4,644.59,2011-02-22 11:02:00,2011-08-10 11:41:00,169,161.1475
17995.0,1,23.6,2011-03-03 12:30:00,2011-03-03 12:30:00,0,23.6
17997.0,8,1875.57,2011-06-28 17:28:00,2011-09-26 16:13:00,89,234.44625
17999.0,2,365.11,2010-12-08 15:17:00,2011-11-02 15:56:00,329,182.555
18001.0,2,400.28,2011-09-14 11:21:00,2011-11-27 16:02:00,74,200.14
18004.0,1,169.47,2010-12-12 13:47:00,2010-12-12 13:47:00,0,169.47
18005.0,2,232.77,2011-10-23 14:40:00,2011-12-06 11:51:00,43,116.385
18006.0,1,444.68,2011-11-16 16:52:00,2011-11-16 16:52:00,0,444.68
18008.0,5,343.45,2011-01-25 12:26:00,2011-09-30 15:17:00,248,68.69
18009.0,1,257.34,2011-04-18 13:36:00,2011-04-18 13:36:00,0,257.34
18010.0,1,157.85,2011-03-28 12:27:00,2011-03-28 12:27:00,0,157.85
18011.0,1,102.78999999999999,2010-12-01 17:35:00,2010-12-01 17:35:00,0,102.78999999999999
18013.0,2,187.29,2011-07-07 14:08:00,2011-07-07 14:11:00,0,93.645
18014.0,1,166.42,2011-11-11 15:28:00,2011-11-11 15:28:00,0,166.42
18015.0,1,120.03,2011-12-05 14:49:00,2011-12-05 14:49:00,0,120.03
18016.0,5,1449.66,2010-12-10 17:14:00,2011-11-07 13:25:00,331,289.932
18017.0,3,523.0,2011-02-02 13:57:00,2011-09-19 16:15:00,229,174.33333333333334
18018.0,2,92.19,2011-05-24 13:22:00,2011-08-23 17:37:00,91,46.095
18019.0,1,38.45,2011-10-19 12:10:00,2011-10-19 12:10:00,0,38.45
18022.0,1,668.11,2011-11-04 12:45:00,2011-11-04 12:45:00,0,668.11
18024.0,2,389.78,2011-07-10 12:28:00,2011-07-10 12:40:00,0,194.89
18027.0,1,115.31,2011-09-02 10:38:00,2011-09-02 10:38:00,0,115.31
18030.0,2,155.8,2011-10-28 13:55:00,2011-12-05 16:37:00,38,77.9
18032.0,1,73.5,2011-01-09 15:32:00,2011-01-09 15:32:00,0,73.5
18033.0,1,97.97,2011-10-05 17:28:00,2011-10-05 17:28:00,0,97.97
18034.0,2,422.88,2011-11-18 12:08:00,2011-11-18 12:22:00,0,211.44
18035.0,3,713.45,2011-10-27 17:48:00,2011-11-04 12:39:00,7,237.8166666666667
18036.0,3,405.62,2011-04-08 11:26:00,2011-11-07 14:40:00,213,135.20666666666668
18037.0,6,50.07,2010-12-12 16:20:00,2011-07-08 13:39:00,207,8.345
18040.0,2,357.20000000000005,2011-04-08 08:27:00,2011-11-20 14:20:00,226,178.60000000000002
18041.0,21,4183.39,2010-12-02 11:21:00,2011-11-28 11:39:00,361,199.20904761904762
18042.0,1,165.04999999999998,2011-10-17 11:49:00,2011-10-17 11:49:00,0,165.04999999999998
18043.0,3,542.56,2010-12-08 12:35:00,2011-11-15 12:48:00,342,180.85333333333332
18044.0,10,1986.9,2010-12-14 12:25:00,2011-12-05 14:26:00,356,198.69
18045.0,1,189.4,2011-10-25 13:07:00,2011-10-25 13:07:00,0,189.4
18048.0,2,172.29000000000002,2011-05-20 14:54:00,2011-05-20 14:58:00,0,86.14500000000001
18050.0,1,74.4,2010-12-15 14:25:00,2010-12-15 14:25:00,0,74.4
18053.0,1,300.02,2011-09-30 09:05:00,2011-09-30 09:05:00,0,300.02
18055.0,10,6630.59,2010-12-05 10:52:00,2011-12-02 14:25:00,362,663.059
18056.0,1,327.7,2011-02-24 14:27:00,2011-02-24 14:27:00,0,327.7
18058.0,1,170.16,2011-11-30 08:38:00,2011-11-30 08:38:00,0,170.16
18059.0,3,306.46,2011-10-03 09:30:00,2011-11-16 16:49:00,44,102.15333333333332
18061.0,10,1706.13,2010-12-08 13:03:00,2011-11-18 11:20:00,344,170.613
18062.0,3,720.52,2011-01-06 10:03:00,2011-06-19 14:47:00,164,240.17333333333332
18064.0,2,814.0,2011-04-18 15:08:00,2011-07-29 16:39:00,102,407.0
18065.0,14,2359.53,2010-12-10 12:44:00,2011-12-04 10:30:00,358,168.53785714285715
18066.0,1,318.0,2011-09-25 15:30:00,2011-09-25 15:30:00,0,318.0
18067.0,1,396.33,2011-10-30 15:58:00,2011-10-30 15:58:00,0,396.33
18069.0,5,2036.67,2011-01-16 15:50:00,2011-11-13 16:03:00,301,407.334
18071.0,2,453.0,2010-12-09 10:33:00,2011-03-27 11:59:00,108,226.5
18072.0,1,247.44,2011-06-07 10:44:00,2011-06-07 10:44:00,0,247.44
18073.0,12,2087.6,2011-05-26 19:38:00,2011-08-17 14:02:00,82,173.96666666666667
18074.0,1,489.6,2010-12-01 09:53:00,2010-12-01 09:53:00,0,489.6
18075.0,10,2589.8,2010-12-14 10:48:00,2011-11-16 15:21:00,337,258.98
18077.0,11,2633.01,2010-12-08 10:21:00,2011-12-01 13:32:00,358,239.36454545454546
18078.0,2,336.13,2011-03-25 15:08:00,2011-05-06 14:32:00,41,168.065
18079.0,4,2013.39,2011-04-15 12:14:00,2011-10-25 15:27:00,193,503.3475
18081.0,3,343.45,2011-07-29 11:56:00,2011-11-03 16:30:00,97,114.48333333333333
18082.0,1,703.37,2011-11-14 12:45:00,2011-11-14 12:45:00,0,703.37
18085.0,2,689.95,2010-12-01 12:08:00,2011-01-13 15:17:00,43,344.975
18086.0,1,101.34,2011-03-10 13:34:00,2011-03-10 13:34:00,0,101.34
18088.0,1,167.67000000000002,2011-10-09 13:41:00,2011-10-09 13:41:00,0,167.67000000000002
18092.0,11,7778.26,2010-12-09 10:00:00,2011-12-07 13:14:00,363,707.1145454545455
18093.0,4,2027.3200000000002,2011-02-10 12:15:00,2011-09-07 15:43:00,209,506.83000000000004
18094.0,6,2384.3,2011-02-21 08:50:00,2011-09-19 09:28:00,210,397.3833333333334
18095.0,2,580.05,2011-01-11 12:37:00,2011-01-31 12:50:00,20,290.025
18096.0,3,911.15,2011-10-07 11:55:00,2011-11-28 12:44:00,52,303.71666666666664
18097.0,6,2697.8,2010-12-20 14:49:00,2011-12-02 11:16:00,346,449.6333333333334
18099.0,1,168.31,2011-08-04 15:52:00,2011-08-04 15:52:00,0,168.31
18101.0,2,223.65,2011-07-19 13:05:00,2011-11-28 13:37:00,132,111.825
18102.0,42,66370.0,2010-12-07 16:43:00,2011-12-08 18:43:00,366,1580.2380952380952
18104.0,1,754.64,2011-11-02 14:07:00,2011-11-02 14:07:00,0,754.64
18105.0,1,113.48000000000002,2011-11-02 12:04:00,2011-11-02 12:04:00,0,113.48000000000002
18106.0,1,430.7,2011-01-14 12:23:00,2011-01-14 12:23:00,0,430.7
18108.0,1,271.0,2011-03-30 13:56:00,2011-03-30 13:56:00,0,271.0
18109.0,26,7117.8,2010-12-05 10:58:00,2011-12-08 11:36:00,368,273.76153846153846
18110.0,1,236.3,2011-11-20 12:34:00,2011-11-20 12:34:00,0,236.3
18112.0,2,352.69,2011-06-26 13:56:00,2011-11-27 14:43:00,154,176.345
18113.0,1,76.32000000000001,2010-12-06 12:31:00,2010-12-06 12:31:00,0,76.32000000000001
18114.0,1,178.2,2011-02-22 13:20:00,2011-02-22 13:20:00,0,178.2
18116.0,8,1418.03,2010-12-10 12:14:00,2011-10-03 11:00:00,296,177.25375
18117.0,1,320.71999999999997,2011-11-14 12:47:00,2011-11-14 12:47:00,0,320.71999999999997
18118.0,26,5586.02,2010-12-05 12:13:00,2011-11-29 11:32:00,358,214.8469230769231
18119.0,1,181.12,2010-12-07 11:59:00,2010-12-07 11:59:00,0,181.12
18120.0,1,111.15,2011-05-09 13:45:00,2011-05-09 13:45:00,0,111.15
18121.0,2,673.1,2011-07-08 12:14:00,2011-07-13 12:53:00,5,336.55
18122.0,6,1786.26,2011-07-12 11:37:00,2011-12-01 13:08:00,142,297.71
18123.0,2,589.4399999999999,2011-11-08 13:31:00,2011-11-15 14:23:00,7,294.71999999999997
18125.0,4,1142.99,2011-01-27 15:02:00,2011-11-10 12:29:00,286,285.7475
18126.0,1,206.83,2011-10-10 12:19:00,2011-10-10 12:19:00,0,206.83
18127.0,3,323.73,2011-07-29 10:06:00,2011-11-20 14:05:00,114,107.91000000000001
18129.0,1,112.55000000000001,2011-04-10 14:16:00,2011-04-10 14:16:00,0,112.55000000000001
18130.0,3,1042.74,2011-10-13 15:58:00,2011-11-24 14:40:00,41,347.58
18135.0,5,681.91,2011-06-02 14:04:00,2011-11-10 19:32:00,161,136.382
18136.0,3,784.33,2011-01-24 12:08:00,2011-10-07 15:40:00,256,261.4433333333333
18138.0,1,152.65,2011-02-17 14:51:00,2011-02-17 14:51:00,0,152.65
18139.0,6,5948.34,2011-11-21 14:06:00,2011-11-22 10:44:00,0,991.39
18142.0,2,443.28,2011-05-08 12:31:00,2011-07-05 13:19:00,58,221.64
18143.0,2,1000.16,2011-07-21 10:44:00,2011-08-15 12:07:00,25,500.08
18144.0,11,1728.75,2010-12-01 13:45:00,2011-11-09 09:22:00,342,157.1590909090909
18145.0,4,2831.6,2011-01-31 12:10:00,2011-11-27 11:22:00,299,707.9
18146.0,2,160.35,2011-05-03 16:35:00,2011-07-22 12:08:00,79,80.175
18147.0,2,179.34,2011-08-23 12:22:00,2011-10-25 11:46:00,62,89.67
18149.0,3,612.0799999999999,2011-03-11 12:44:00,2011-10-20 12:04:00,222,204.02666666666664
18150.0,3,566.58,2011-05-22 10:47:00,2011-11-07 16:49:00,169,188.86
18151.0,2,653.35,2011-02-23 08:29:00,2011-07-28 11:35:00,155,326.675
18154.0,2,399.19,2011-10-27 10:40:00,2011-12-06 16:41:00,40,199.595
18155.0,3,371.62,2011-02-21 10:36:00,2011-09-25 13:32:00,216,123.87333333333333
18156.0,2,734.94,2010-12-05 12:29:00,2011-11-27 12:24:00,356,367.47
18158.0,2,453.4,2011-09-12 09:03:00,2011-11-30 16:19:00,79,226.7
18159.0,1,513.2,2011-02-11 14:26:00,2011-02-11 14:26:00,0,513.2
18160.0,2,638.0600000000001,2011-05-23 13:41:00,2011-10-13 15:50:00,143,319.03000000000003
18161.0,5,1618.69,2011-01-24 11:56:00,2011-11-24 16:40:00,304,323.738
18164.0,1,399.65,2011-11-02 12:56:00,2011-11-02 12:56:00,0,399.65
18165.0,1,302.46,2011-06-15 13:23:00,2011-06-15 13:23:00,0,302.46
18167.0,3,1384.8600000000001,2011-08-26 11:40:00,2011-11-16 15:56:00,82,461.62000000000006
18168.0,6,1169.94,2010-12-02 18:08:00,2011-06-16 19:21:00,196,194.99
18169.0,1,202.65,2011-10-10 12:18:00,2011-10-10 12:18:00,0,202.65
18170.0,3,980.3100000000001,2011-05-06 15:13:00,2011-11-06 14:35:00,183,326.77000000000004
18171.0,5,1164.51,2011-01-10 09:55:00,2011-10-12 09:13:00,274,232.902
18172.0,17,5929.68,2011-02-23 10:44:00,2011-11-25 11:12:00,275,348.80470588235295
18173.0,4,1900.92,2011-03-10 11:56:00,2011-09-14 11:26:00,187,475.23
18174.0,1,104.0,2011-12-02 16:56:00,2011-12-02 16:56:00,0,104.0
18176.0,1,476.35,2010-12-16 15:45:00,2010-12-16 15:45:00,0,476.35
18177.0,6,1341.42,2011-03-29 08:46:00,2011-11-08 14:44:00,224,223.57000000000002
18178.0,4,1590.81,2010-12-10 12:42:00,2011-08-03 09:30:00,235,397.7025
18179.0,6,1732.69,2011-01-07 14:22:00,2011-11-30 16:23:00,327,288.7816666666667
18180.0,6,1843.75,2011-07-20 08:59:00,2011-12-05 08:39:00,137,307.2916666666667
18181.0,1,365.85,2011-11-15 15:08:00,2011-11-15 15:08:00,0,365.85
18183.0,2,632.07,2011-03-10 10:08:00,2011-04-26 15:26:00,47,316.035
18184.0,1,49.8,2011-11-24 15:28:00,2011-11-24 15:28:00,0,49.8
18185.0,1,304.25,2011-04-04 13:42:00,2011-04-04 13:42:00,0,304.25
18188.0,3,2001.04,2011-02-22 14:43:00,2011-11-24 16:46:00,275,667.0133333333333
18189.0,2,1090.24,2011-03-17 09:49:00,2011-09-23 12:40:00,190,545.12
18190.0,2,284.46000000000004,2011-01-13 10:35:00,2011-05-31 14:48:00,138,142.23000000000002
18191.0,1,207.8,2011-03-23 12:08:00,2011-03-23 12:08:00,0,207.8
18192.0,1,957.97,2011-09-29 09:53:00,2011-09-29 09:53:00,0,957.97
18193.0,1,243.76,2011-06-27 13:58:00,2011-06-27 13:58:00,0,243.76
18194.0,1,713.2,2011-09-18 13:29:00,2011-09-18 13:29:00,0,713.2
18196.0,2,689.13,2011-02-22 16:13:00,2011-09-05 16:22:00,195,344.565
18198.0,17,3797.4,2011-01-07 13:39:00,2011-12-05 14:49:00,332,223.3764705882353
18200.0,1,163.8,2011-08-25 18:45:00,2011-08-25 18:45:00,0,163.8
18202.0,3,1363.0900000000001,2011-02-01 13:36:00,2011-05-24 12:12:00,111,454.3633333333334
18203.0,1,160.42000000000002,2011-07-05 13:07:00,2011-07-05 13:07:00,0,160.42000000000002
18204.0,3,1993.7,2011-05-31 15:26:00,2011-09-29 16:44:00,121,664.5666666666667
18205.0,2,517.36,2011-09-26 12:02:00,2011-11-03 13:22:00,38,258.68
18209.0,1,139.10000000000002,2011-11-11 12:07:00,2011-11-11 12:07:00,0,139.10000000000002
18210.0,6,2604.43,2011-03-17 16:58:00,2011-12-08 11:02:00,265,434.07166666666666
18211.0,5,600.07,2011-03-06 12:09:00,2011-11-14 08:10:00,252,120.01400000000001
18212.0,1,248.42,2011-01-17 16:14:00,2011-01-17 16:14:00,0,248.42
18213.0,1,232.48000000000002,2011-04-17 10:21:00,2011-04-17 10:21:00,0,232.48000000000002
18215.0,1,299.34000000000003,2011-09-11 16:05:00,2011-09-11 16:05:00,0,299.34000000000003
18216.0,1,456.75,2011-11-08 16:55:00,2011-11-08 16:55:00,0,456.75
18217.0,2,621.75,2011-09-30 10:44:00,2011-11-10 13:18:00,41,310.875
18218.0,2,662.08,2011-03-03 12:24:00,2011-05-12 12:53:00,70,331.04
18219.0,10,1994.77,2010-12-06 10:05:00,2011-12-07 11:43:00,366,199.477
18221.0,5,1041.61,2011-05-12 14:13:00,2011-11-17 14:40:00,189,208.32199999999997
18222.0,1,443.0,2011-09-08 10:45:00,2011-09-08 10:45:00,0,443.0
18223.0,14,6484.54,2010-12-16 16:42:00,2011-12-05 09:11:00,353,463.18142857142857
18224.0,1,158.95000000000002,2011-03-21 10:30:00,2011-03-21 10:30:00,0,158.95000000000002
18225.0,12,5509.12,2010-12-09 15:46:00,2011-12-06 13:27:00,361,459.0933333333333
18226.0,11,5228.05,2011-01-06 09:00:00,2011-10-26 13:36:00,293,475.27727272727276
18227.0,1,93.75,2011-05-06 12:23:00,2011-05-06 12:23:00,0,93.75
18228.0,2,779.9,2011-09-21 10:48:00,2011-10-14 09:21:00,22,389.95
18229.0,20,7276.9,2010-12-01 16:25:00,2011-11-28 09:48:00,361,363.84499999999997
18230.0,7,2810.2000000000003,2011-02-10 13:06:00,2011-11-30 13:22:00,293,401.4571428571429
18231.0,5,2083.27,2011-02-24 09:08:00,2011-05-31 14:18:00,96,416.654
18232.0,4,592.97,2011-05-26 16:30:00,2011-09-19 11:49:00,115,148.2425
18235.0,3,1728.68,2011-05-06 13:35:00,2011-09-29 08:27:00,145,576.2266666666667
18236.0,6,882.24,2011-04-13 09:52:00,2011-11-10 08:06:00,210,147.04
18237.0,5,987.1,2011-07-28 13:05:00,2011-12-07 12:49:00,131,197.42000000000002
18239.0,5,1561.6100000000001,2010-12-02 17:48:00,2011-05-05 12:38:00,153,312.322
18240.0,1,422.58,2011-10-24 13:06:00,2011-10-24 13:06:00,0,422.58
18241.0,17,2073.09,2011-05-06 09:22:00,2011-11-30 12:10:00,208,121.9464705882353
18242.0,4,2184.64,2011-05-10 11:20:00,2011-09-28 13:43:00,141,546.16
18245.0,7,2567.06,2010-12-19 14:58:00,2011-12-02 14:48:00,347,366.72285714285715
18246.0,2,596.1,2011-04-20 13:55:00,2011-11-16 11:49:00,209,298.05
18248.0,2,724.12,2011-06-06 13:18:00,2011-08-09 10:19:00,63,362.06
18249.0,1,95.34,2011-11-22 15:07:00,2011-11-22 15:07:00,0,95.34
18250.0,1,349.27,2011-02-02 13:16:00,2011-02-02 13:16:00,0,349.27
18251.0,1,306.0,2011-09-13 15:03:00,2011-09-13 15:03:00,0,306.0
18252.0,2,486.77,2011-06-21 11:47:00,2011-10-20 12:43:00,121,243.385
18255.0,1,103.30000000000001,2011-09-11 13:16:00,2011-09-11 13:16:00,0,103.30000000000001
18257.0,8,2337.63,2011-02-16 15:13:00,2011-10-31 14:48:00,256,292.20375
18259.0,3,2338.6,2010-12-08 13:38:00,2011-11-15 12:34:00,341,779.5333333333333
18260.0,6,2643.2000000000003,2010-12-16 18:23:00,2011-06-20 12:37:00,185,440.53333333333336
18261.0,2,324.24,2011-09-05 09:34:00,2011-10-27 15:36:00,52,162.12
18262.0,1,149.48,2011-07-22 16:04:00,2011-07-22 16:04:00,0,149.48
18263.0,3,1213.16,2011-04-01 11:48:00,2011-11-14 09:00:00,226,404.3866666666667
18265.0,2,771.51,2011-07-04 15:26:00,2011-09-28 14:10:00,85,385.755
18268.0,1,25.5,2011-07-28 19:13:00,2011-07-28 19:13:00,0,25.5
18269.0,1,168.60000000000002,2010-12-08 13:53:00,2010-12-08 13:53:00,0,168.60000000000002
18270.0,2,283.15000000000003,2011-03-18 12:41:00,2011-11-01 13:57:00,228,141.57500000000002
18272.0,6,3078.58,2011-04-07 09:35:00,2011-12-07 12:43:00,244,513.0966666666667
18273.0,3,204.0,2011-03-27 11:22:00,2011-12-07 13:16:00,255,68.0
18274.0,1,175.92,2011-11-09 17:03:00,2011-11-09 17:03:00,0,175.92
18276.0,1,335.86,2011-10-27 10:54:00,2011-10-27 10:54:00,0,335.86
18277.0,1,110.38,2011-10-12 15:22:00,2011-10-12 15:22:00,0,110.38
18278.0,1,173.9,2011-09-27 11:58:00,2011-09-27 11:58:00,0,173.9
18280.0,1,180.60000000000002,2011-03-07 09:52:00,2011-03-07 09:52:00,0,180.60000000000002
18281.0,1,46.92,2011-06-12 10:53:00,2011-06-12 10:53:00,0,46.92
18282.0,2,178.05,2011-08-05 13:35:00,2011-12-02 11:43:00,118,89.025
18283.0,16,2078.93,2011-01-06 14:14:00,2011-12-06 12:02:00,333,129.933125
18287.0,3,1837.28,2011-05-22 10:39:00,2011-10-28 09:29:00,158,612.4266666666666
