Customer ID,Recency,Frequency,Monetary,R_Score,F_Score,M_Score,RFM_Score,Segment
12347.0,2,7,4060.4,1,1,5,7,At Risk
12348.0,75,4,1186.68,4,1,4,9,Promising
12349.0,19,1,1353.8,2,1,4,7,At Risk
12350.0,310,1,294.40000000000003,5,1,2,8,New Customers
12352.0,36,7,1385.74,3,1,4,8,Others
12353.0,204,1,89.0,5,1,1,7,New Customers
12354.0,232,1,1028.55,5,1,4,10,Promising
12355.0,214,1,459.40000000000003,5,1,3,9,Promising
12356.0,23,3,2487.43,2,1,5,8,At Risk
12357.0,33,1,6182.67,2,1,5,8,At Risk
12358.0,2,2,928.0600000000001,1,1,4,6,At Risk
12359.0,58,4,4817.33,3,1,5,9,Others
12360.0,52,3,2200.36,3,1,5,9,Others
12361.0,287,1,174.9,5,1,1,7,New Customers
12362.0,3,10,4524.78,1,1,5,7,At Risk
12363.0,110,2,552.0,4,1,3,8,Promising
12364.0,8,3,1143.3,1,1,4,6,At Risk
12365.0,291,1,320.69,5,1,2,8,New Customers
12367.0,4,1,150.9,1,1,1,3,Hibernating
12370.0,51,4,3304.73,3,1,5,9,Others
12371.0,60,1,1527.96,3,1,4,8,Others
12372.0,72,3,1196.04,4,1,4,9,Promising
12373.0,311,1,324.6,5,1,2,8,New Customers
12374.0,25,1,589.03,2,1,3,6,At Risk
12375.0,11,2,377.5,1,1,2,4,At Risk
12377.0,315,2,1548.1200000000001,5,1,4,10,Promising
12378.0,130,1,3899.29,4,1,5,10,Promising
12379.0,82,2,777.24,4,1,3,8,Promising
12380.0,22,4,2278.11,2,1,5,8,At Risk
12381.0,5,5,1485.31,1,1,4,6,At Risk
12383.0,185,5,1576.72,5,1,4,10,Promising
12384.0,29,2,425.27000000000004,2,1,2,5,About to Sleep
12386.0,338,2,401.9,5,1,2,8,New Customers
12388.0,16,6,2780.6600000000003,2,1,5,8,At Risk
12390.0,80,1,470.94,4,1,3,8,Promising
12391.0,22,1,443.94,2,1,2,5,About to Sleep
12393.0,72,4,1582.6000000000001,4,1,4,9,Promising
12394.0,64,2,629.9200000000001,3,1,3,7,Others
12395.0,19,12,2642.68,2,1,5,8,At Risk
12397.0,36,2,2096.25,3,1,5,9,Others
12398.0,46,1,1435.66,3,1,4,8,Others
12399.0,119,4,1033.65,4,1,4,9,Promising
12401.0,303,1,69.3,5,1,1,7,New Customers
12402.0,323,1,195.6,5,1,1,7,New Customers
12403.0,50,1,391.7,3,1,2,6,About to Sleep
12405.0,149,1,1390.39,4,1,4,9,Promising
12406.0,22,2,3415.3,2,1,5,8,At Risk
12407.0,50,5,1420.08,3,1,4,8,Others
12408.0,33,5,2516.85,2,1,5,8,At Risk
12409.0,79,3,10950.27,4,1,5,10,Promising
12410.0,309,2,533.33,5,1,3,9,Promising
12412.0,75,3,1142.88,4,1,4,9,Promising
12413.0,67,3,656.15,3,1,3,7,Others
12414.0,217,3,442.41,5,1,2,8,New Customers
12415.0,25,15,67004.37,2,1,5,8,At Risk
12417.0,3,9,3074.5,1,1,5,7,At Risk
12418.0,113,1,668.58,4,1,3,8,Promising
12420.0,64,1,566.49,3,1,3,7,Others
12421.0,16,4,639.04,2,1,3,6,At Risk
12422.0,96,3,683.5600000000001,4,1,3,8,Promising
12423.0,1,8,1600.41,1,1,4,6,At Risk
12424.0,163,2,1608.32,4,1,4,9,Promising
12425.0,78,1,777.2,4,1,3,8,Promising
12426.0,195,1,493.78000000000003,5,1,3,9,Promising
12427.0,22,3,639.32,2,1,3,6,At Risk
12428.0,26,8,6371.36,2,1,5,8,At Risk
12429.0,9,4,3388.4,1,1,5,7,At Risk
12430.0,43,1,216.4,3,1,1,5,About to Sleep
12431.0,60,14,5137.66,3,1,5,9,Others
12432.0,43,4,4089.52,3,1,5,9,Others
12433.0,1,7,12856.51,1,1,5,7,At Risk
12434.0,85,2,806.14,4,1,3,8,Promising
12435.0,80,2,7120.450000000001,4,1,5,10,Promising
12436.0,100,1,429.01,4,1,2,7,New Customers
12437.0,2,18,4447.41,1,1,5,7,At Risk
12438.0,14,2,2466.85,1,1,5,7,At Risk
12441.0,367,1,155.55,5,1,1,7,New Customers
12442.0,3,1,144.06,1,1,1,3,Hibernating
12444.0,21,5,3647.61,2,1,5,8,At Risk
12445.0,22,1,77.4,2,1,1,4,About to Sleep
12446.0,58,1,1002.3100000000001,3,1,4,8,Others
12447.0,243,1,431.49,5,1,2,8,New Customers
12448.0,44,1,300.45,3,1,2,6,About to Sleep
12449.0,22,4,3596.29,2,1,5,8,At Risk
12450.0,156,2,197.88,4,1,1,6,New Customers
12451.0,11,5,8775.17,1,1,5,7,At Risk
12452.0,17,1,350.57,2,1,2,5,About to Sleep
12453.0,134,1,707.09,4,1,3,8,Promising
12454.0,56,1,2500.84,3,1,5,9,Others
12455.0,73,5,2181.46,4,1,5,10,Promising
12456.0,44,3,2581.04,3,1,5,9,Others
12457.0,66,6,1907.63,3,1,5,9,Others
12458.0,71,2,787.4,3,1,3,7,Others
12461.0,155,1,626.88,4,1,3,8,Promising
12462.0,19,2,937.59,2,1,4,7,At Risk
12463.0,53,4,1200.78,3,1,4,8,Others
12464.0,10,8,855.35,1,1,3,5,At Risk
12465.0,17,2,682.19,2,1,3,6,At Risk
12468.0,188,2,657.5400000000001,5,1,3,9,Promising
12471.0,2,27,17407.1,1,1,5,7,At Risk
12472.0,32,7,6000.31,2,1,5,8,At Risk
12473.0,54,3,2545.38,3,1,5,9,Others
12474.0,17,18,6642.04,2,1,5,8,At Risk
12475.0,54,1,669.38,3,1,3,7,Others
12476.0,16,11,5814.67,2,1,5,8,At Risk
12477.0,23,6,13168.89,2,1,5,8,At Risk
12478.0,4,1,545.99,1,1,3,5,At Risk
12479.0,11,1,473.2,1,1,3,5,At Risk
12480.0,28,4,2568.83,2,1,5,8,At Risk
12481.0,23,10,4952.52,2,1,5,8,At Risk
12483.0,17,8,1910.98,2,1,5,8,At Risk
12484.0,35,4,3953.7200000000003,3,1,5,9,Others
12488.0,10,3,1075.16,1,1,4,6,At Risk
12489.0,336,1,267.03000000000003,5,1,2,8,New Customers
12490.0,5,10,4859.93,1,1,5,7,At Risk
12491.0,39,1,424.40000000000003,3,1,2,6,About to Sleep
12492.0,63,2,227.21,3,1,1,5,About to Sleep
12493.0,166,2,362.79,4,1,2,7,New Customers
12494.0,16,7,1084.1,2,1,4,7,At Risk
12497.0,82,1,690.6,4,1,3,8,Promising
12498.0,21,3,349.70000000000005,2,1,2,5,About to Sleep
12500.0,50,9,2076.59,3,1,5,9,Others
12501.0,337,1,2008.44,5,1,5,11,Promising
12502.0,96,5,2875.2200000000003,4,1,5,10,Promising
12504.0,18,2,428.04999999999995,2,1,2,5,About to Sleep
12506.0,233,1,73.5,5,1,1,7,New Customers
12507.0,134,3,434.41,4,1,2,7,New Customers
12508.0,26,2,398.27,2,1,2,5,About to Sleep
12509.0,284,1,158.5,5,1,1,7,New Customers
12510.0,143,2,814.5699999999999,4,1,3,8,Promising
12512.0,66,2,138.03,3,1,1,5,About to Sleep
12513.0,113,1,558.29,4,1,3,8,Promising
12514.0,267,1,1017.6800000000001,5,1,4,10,Promising
12515.0,353,1,278.7,5,1,2,8,New Customers
12516.0,78,2,1082.38,4,1,4,9,Promising
12517.0,28,4,2322.84,2,1,5,8,At Risk
12518.0,1,5,1840.89,1,1,4,6,At Risk
12519.0,64,1,286.84000000000003,3,1,2,6,About to Sleep
12520.0,79,5,2329.31,4,1,5,10,Promising
12521.0,143,1,545.68,4,1,3,8,Promising
12522.0,39,2,156.72,3,1,1,5,About to Sleep
12523.0,19,11,1657.82,2,1,4,7,At Risk
12524.0,9,8,3654.84,1,1,5,7,At Risk
12526.0,1,3,1172.66,1,1,4,6,At Risk
12527.0,82,3,330.71000000000004,4,1,2,7,New Customers
12528.0,9,6,1628.53,1,1,4,6,At Risk
12530.0,60,4,1360.48,3,1,4,8,Others
12531.0,15,1,95.27,2,1,1,4,About to Sleep
12532.0,30,1,313.83000000000004,2,1,2,5,About to Sleep
12534.0,131,1,962.23,4,1,4,9,Promising
12535.0,92,2,716.35,4,1,3,8,Promising
12536.0,59,1,4095.26,3,1,5,9,Others
12538.0,29,1,363.95,2,1,2,5,About to Sleep
12539.0,22,4,5449.7,2,1,5,8,At Risk
12540.0,20,17,11414.69,2,1,5,8,At Risk
12541.0,30,3,841.18,2,1,3,6,At Risk
12544.0,36,1,316.7,3,1,2,6,About to Sleep
12545.0,75,2,832.39,4,1,3,8,Promising
12546.0,47,2,1021.5,3,1,4,8,Others
12547.0,198,2,151.8,5,1,1,7,New Customers
12548.0,166,1,67.19999999999999,4,1,1,6,New Customers
12550.0,79,1,824.83,4,1,3,8,Promising
12551.0,358,1,168.0,5,1,1,7,New Customers
12552.0,40,1,317.82,3,1,2,6,About to Sleep
12553.0,8,10,3278.28,1,1,5,7,At Risk
12556.0,50,2,603.71,3,1,3,7,Others
12557.0,16,4,2501.34,2,1,5,8,At Risk
12558.0,8,1,269.96,1,1,2,4,At Risk
12559.0,311,2,525.71,5,1,3,9,Promising
12560.0,5,2,1901.06,1,1,4,6,At Risk
12561.0,303,1,238.85,5,1,2,8,New Customers
12562.0,8,7,3250.14,1,1,5,7,At Risk
12564.0,261,1,352.05,5,1,2,8,New Customers
12565.0,289,1,145.92000000000002,5,1,1,7,New Customers
12566.0,86,1,297.65,4,1,2,7,New Customers
12567.0,23,10,8217.130000000001,2,1,5,8,At Risk
12569.0,2,32,3152.69,1,1,5,7,At Risk
12571.0,40,2,519.61,3,1,3,7,Others
12572.0,9,2,878.52,1,1,4,6,At Risk
12573.0,227,1,160.54000000000002,5,1,1,7,New Customers
12574.0,316,1,182.45000000000002,5,1,1,7,New Customers
12576.0,36,5,1268.93,3,1,4,8,Others
12577.0,35,3,657.8,3,1,3,7,Others
12578.0,21,2,2402.51,2,1,5,8,At Risk
12579.0,78,1,386.42,4,1,2,7,New Customers
12580.0,247,1,379.7,5,1,2,8,New Customers
12581.0,40,1,179.71,3,1,1,5,About to Sleep
12582.0,239,2,351.36,5,1,2,8,New Customers
12583.0,3,15,6503.33,1,1,5,7,At Risk
12584.0,4,9,2033.8,1,1,5,7,At Risk
12585.0,234,2,1653.96,5,1,4,10,Promising
12586.0,17,1,196.94000000000003,2,1,1,4,About to Sleep
12587.0,8,1,104.0,1,1,1,3,Hibernating
12588.0,39,1,174.89999999999998,3,1,1,5,About to Sleep
12589.0,29,2,574.68,2,1,3,6,At Risk
12590.0,211,1,8951.26,5,1,5,11,Promising
12591.0,317,1,368.85,5,1,2,8,New Customers
12592.0,92,2,401.6,4,1,2,7,New Customers
12593.0,109,3,382.1,4,1,2,7,New Customers
12594.0,38,9,3208.2200000000003,3,1,5,9,Others
12596.0,51,2,450.27,3,1,2,6,About to Sleep
12597.0,19,4,3127.72,2,1,5,8,At Risk
12598.0,10,7,2807.08,1,1,5,7,At Risk
12599.0,29,7,888.58,2,1,4,7,At Risk
12600.0,29,10,2311.04,2,1,5,8,At Risk
12601.0,190,5,447.11,5,1,2,8,New Customers
12602.0,59,1,153.12,3,1,1,5,About to Sleep
12603.0,22,1,613.1999999999999,2,1,3,6,At Risk
12604.0,79,2,236.18,4,1,2,7,New Customers
12607.0,60,1,1562.56,3,1,4,8,Others
12609.0,78,3,964.85,4,1,4,9,Promising
12610.0,23,4,1679.74,2,1,4,7,At Risk
12611.0,52,1,1049.32,3,1,4,8,Others
12612.0,74,1,668.04,4,1,3,8,Promising
12613.0,57,4,3092.38,3,1,5,9,Others
12614.0,278,1,315.6,5,1,2,8,New Customers
12615.0,2,4,2093.19,1,1,5,7,At Risk
12616.0,95,2,641.3,4,1,3,8,Promising
12617.0,29,1,355.53000000000003,2,1,2,5,About to Sleep
12618.0,22,1,137.31,2,1,1,4,About to Sleep
12619.0,16,8,1971.4799999999998,2,1,5,8,At Risk
12620.0,15,3,1303.41,2,1,4,7,At Risk
12621.0,2,20,11797.57,1,1,5,7,At Risk
12622.0,232,1,162.1,5,1,1,7,New Customers
12623.0,276,1,269.1,5,1,2,8,New Customers
12624.0,106,2,569.13,4,1,3,8,Promising
12625.0,212,2,2413.82,5,1,5,11,Promising
12626.0,23,9,5954.4800000000005,2,1,5,8,At Risk
12627.0,11,6,4057.58,1,1,5,7,At Risk
12628.0,4,3,732.46,1,1,3,5,At Risk
12630.0,10,2,1013.9300000000001,1,1,4,6,At Risk
12631.0,57,1,480.5,3,1,3,7,Others
12633.0,59,4,1717.98,3,1,4,8,Others
12635.0,90,2,1509.18,4,1,4,9,Promising
12637.0,67,8,5734.05,3,1,5,9,Others
12638.0,33,1,511.69,2,1,3,6,At Risk
12639.0,239,1,366.1,5,1,2,8,New Customers
12640.0,24,3,960.6800000000001,2,1,4,7,At Risk
12641.0,115,1,145.9,4,1,1,6,New Customers
12642.0,25,3,888.31,2,1,4,7,At Risk
12643.0,128,5,1627.4,4,1,4,9,Promising
12644.0,130,1,477.90999999999997,4,1,3,8,Promising
12645.0,34,4,1631.18,3,1,4,8,Others
12646.0,5,2,1346.97,1,1,4,6,At Risk
12647.0,22,12,3064.02,2,1,5,8,At Risk
12648.0,155,1,300.05,4,1,2,7,New Customers
12649.0,107,3,569.51,4,1,3,8,Promising
12650.0,3,1,242.44,1,1,2,4,At Risk
12651.0,335,1,114.0,5,1,1,7,New Customers
12652.0,331,1,793.98,5,1,3,9,Promising
12653.0,149,2,2209.85,4,1,5,10,Promising
12654.0,11,5,529.98,1,1,3,5,At Risk
12656.0,17,5,3534.42,2,1,5,8,At Risk
12657.0,11,4,1217.18,1,1,4,6,At Risk
12658.0,19,1,632.05,2,1,3,6,At Risk
12659.0,30,1,73.67999999999999,2,1,1,4,About to Sleep
12660.0,11,1,227.10000000000002,1,1,1,3,Hibernating
12662.0,1,11,3513.83,1,1,5,7,At Risk
12664.0,8,9,4391.88,1,1,5,7,At Risk
12665.0,325,1,45.0,5,1,1,7,New Customers
12667.0,58,1,460.13,3,1,3,7,Others
12668.0,12,4,3177.15,1,1,5,7,At Risk
12669.0,151,2,1410.78,4,1,4,9,Promising
12670.0,10,5,2744.05,1,1,5,7,At Risk
12672.0,330,1,225.9,5,1,1,7,New Customers
12673.0,5,2,574.52,1,1,3,5,At Risk
12674.0,39,4,1844.6,3,1,4,8,Others
12676.0,25,6,1091.39,2,1,4,7,At Risk
12678.0,42,9,11797.86,3,1,5,9,Others
12679.0,59,4,951.02,3,1,4,8,Others
12680.0,1,4,790.81,1,1,3,5,At Risk
12681.0,15,22,12365.54,2,1,5,8,At Risk
12682.0,4,31,10641.58,1,1,5,7,At Risk
12683.0,4,14,7617.57,1,1,5,7,At Risk
12684.0,8,6,2021.79,1,1,5,7,At Risk
12685.0,28,6,2575.08,2,1,5,8,At Risk
12686.0,372,1,71.14,5,1,1,7,New Customers
12688.0,114,1,4565.91,4,1,5,10,Promising
12689.0,26,2,1139.6100000000001,2,1,4,7,At Risk
12690.0,206,1,335.01,5,1,2,8,New Customers
12691.0,28,5,927.8,2,1,4,7,At Risk
12693.0,127,4,711.91,4,1,3,8,Promising
12694.0,70,2,761.67,3,1,3,7,Others
12695.0,7,4,582.1,1,1,3,5,At Risk
12697.0,29,3,757.59,2,1,3,6,At Risk
12700.0,8,4,4525.99,1,1,5,7,At Risk
12701.0,80,2,691.8100000000001,4,1,3,8,Promising
12702.0,20,1,201.0,2,1,1,4,About to Sleep
12703.0,71,1,265.55,3,1,2,6,About to Sleep
12704.0,7,8,1715.89,1,1,4,6,At Risk
12705.0,15,8,6382.29,2,1,5,8,At Risk
12707.0,292,1,603.42,5,1,3,9,Promising
12708.0,30,10,2379.11,2,1,5,8,At Risk
12709.0,15,15,9430.52,2,1,5,8,At Risk
12710.0,97,3,1023.02,4,1,4,9,Promising
12712.0,29,13,3903.13,2,1,5,8,At Risk
12713.0,1,1,794.55,1,1,3,5,At Risk
12714.0,9,5,4294.86,1,1,5,7,At Risk
12715.0,106,1,273.86,4,1,2,7,New Customers
12716.0,4,2,963.49,1,1,4,6,At Risk
12717.0,151,2,791.03,4,1,3,8,Promising
12718.0,71,1,202.25,3,1,1,5,About to Sleep
12719.0,5,2,572.95,1,1,3,5,At Risk
12720.0,3,25,5059.57,1,1,5,7,At Risk
12721.0,32,6,2335.28,2,1,5,8,At Risk
12722.0,85,4,911.83,4,1,4,9,Promising
12723.0,4,4,622.32,1,1,3,5,At Risk
12724.0,5,4,923.41,1,1,4,6,At Risk
12725.0,371,1,371.8,5,1,2,8,New Customers
12726.0,28,7,2374.62,2,1,5,8,At Risk
12727.0,11,7,3440.7000000000003,1,1,5,7,At Risk
12728.0,71,4,728.33,3,1,3,7,Others
12729.0,114,1,417.01,4,1,2,7,New Customers
12731.0,24,12,17163.45,2,1,5,8,At Risk
12732.0,180,1,218.26000000000002,5,1,1,7,New Customers
12733.0,234,1,383.95,5,1,2,8,New Customers
12734.0,353,1,110.39999999999999,5,1,1,7,New Customers
12735.0,315,2,673.62,5,1,3,9,Promising
12736.0,333,1,144.0,5,1,1,7,New Customers
12738.0,372,1,137.35,5,1,1,7,New Customers
12739.0,99,1,975.54,4,1,4,9,Promising
12740.0,64,1,427.6,3,1,2,6,About to Sleep
12743.0,134,2,529.48,4,1,3,8,Promising
12744.0,56,4,8646.99,3,1,5,9,Others
12747.0,2,11,4180.06,1,1,5,7,At Risk
12748.0,1,205,29411.98,1,4,5,10,At Risk
12749.0,4,5,4040.88,1,1,5,7,At Risk
12750.0,129,1,275.88,4,1,2,7,New Customers
12752.0,81,1,4366.78,4,1,5,10,Promising
12753.0,23,6,20649.87,2,1,5,8,At Risk
12754.0,236,3,427.38,5,1,2,8,New Customers
12755.0,281,1,17.549999999999997,5,1,1,7,New Customers
12756.0,87,1,112.08,4,1,1,6,New Customers
12757.0,16,8,4022.0,2,1,5,8,At Risk
12758.0,117,2,2791.59,4,1,5,10,Promising
12759.0,52,3,1343.64,3,1,4,8,Others
12762.0,8,2,1702.52,1,1,4,6,At Risk
12763.0,138,2,494.08,4,1,3,8,Promising
12764.0,317,1,1693.88,5,1,4,10,Promising
12766.0,4,7,6457.63,1,1,5,7,At Risk
12769.0,239,1,1143.6,5,1,4,10,Promising
12770.0,211,1,1351.45,5,1,4,10,Promising
12772.0,60,1,752.47,3,1,3,7,Others
12775.0,17,5,1264.09,2,1,4,7,At Risk
12778.0,20,6,693.23,2,1,3,6,At Risk
12779.0,38,8,3981.36,3,1,5,9,Others
12781.0,64,2,786.74,3,1,3,7,Others
12782.0,5,5,1938.92,1,1,5,7,At Risk
12783.0,2,4,1295.8700000000001,1,1,4,6,At Risk
12784.0,15,1,518.42,2,1,3,6,At Risk
12785.0,364,1,239.0,5,1,2,8,New Customers
12787.0,10,3,418.66,1,1,2,4,At Risk
12790.0,192,1,294.92,5,1,2,8,New Customers
12791.0,374,1,177.60000000000002,5,1,1,7,New Customers
12792.0,257,1,344.54,5,1,2,8,New Customers
12793.0,335,2,461.48,5,1,3,9,Promising
12794.0,53,2,860.41,3,1,3,7,Others
12795.0,19,1,318.48,2,1,2,5,About to Sleep
12797.0,366,1,226.03,5,1,1,7,New Customers
12798.0,171,1,69.12,4,1,1,6,New Customers
12802.0,187,1,397.58,5,1,2,8,New Customers
12808.0,37,3,455.65000000000003,3,1,2,6,About to Sleep
12809.0,178,1,405.31,4,1,2,7,New Customers
12811.0,262,2,459.85,5,1,3,9,Promising
12812.0,45,1,229.64000000000001,3,1,1,5,About to Sleep
12814.0,102,1,85.92,4,1,1,6,New Customers
12815.0,148,2,863.46,4,1,3,8,Promising
12816.0,96,2,395.3,4,1,2,7,New Customers
12817.0,281,1,126.04,5,1,1,7,New Customers
12818.0,262,1,387.2,5,1,2,8,New Customers
12820.0,3,4,942.34,1,1,4,6,At Risk
12821.0,214,1,92.72,5,1,1,7,New Customers
12822.0,71,2,948.88,3,1,4,8,Others
12823.0,75,5,1759.5,4,1,4,9,Promising
12824.0,60,1,397.12,3,1,2,6,About to Sleep
12826.0,3,7,1474.72,1,1,4,6,At Risk
12827.0,6,3,430.15,1,1,2,4,At Risk
12828.0,3,6,1001.76,1,1,4,6,At Risk
12829.0,337,2,132.3,5,1,1,7,New Customers
12830.0,91,4,1961.12,4,1,5,10,Promising
12831.0,262,1,215.05,5,1,1,7,New Customers
12832.0,32,2,383.03000000000003,2,1,2,5,About to Sleep
12833.0,145,1,417.38,4,1,2,7,New Customers
12834.0,283,1,312.38,5,1,2,8,New Customers
12836.0,59,4,2443.36,3,1,5,9,Others
12837.0,173,1,117.15,4,1,1,6,New Customers
12838.0,34,2,666.1800000000001,3,1,3,7,Others
12839.0,3,14,5591.42,1,1,5,7,At Risk
12840.0,144,4,2726.77,4,1,5,10,Promising
12841.0,5,25,3937.6,1,1,5,7,At Risk
12842.0,70,2,1053.99,3,1,4,8,Others
12843.0,66,8,1702.26,3,1,4,8,Others
12844.0,29,2,325.96000000000004,2,1,2,5,About to Sleep
12845.0,267,3,145.29000000000002,5,1,1,7,New Customers
12847.0,22,1,871.54,2,1,3,6,At Risk
12849.0,31,2,1050.89,2,1,4,7,At Risk
12851.0,97,1,118.23,4,1,1,6,New Customers
12852.0,295,1,311.55,5,1,2,8,New Customers
12853.0,135,6,1957.1000000000001,4,1,5,10,Promising
12854.0,79,3,1324.5,4,1,4,9,Promising
12855.0,373,1,38.1,5,1,1,7,New Customers
12856.0,8,6,2179.93,1,1,5,7,At Risk
12857.0,211,2,1106.4,5,1,4,10,Promising
12863.0,52,1,521.2,3,1,3,7,Others
12864.0,138,1,27.599999999999998,4,1,1,6,New Customers
12865.0,26,2,1449.58,2,1,4,7,At Risk
12866.0,283,1,499.12,5,1,3,9,Promising
12867.0,26,7,4036.82,2,1,5,8,At Risk
12868.0,186,6,1607.0600000000002,5,1,4,10,Promising
12871.0,84,2,380.64,4,1,2,7,New Customers
12872.0,327,2,599.97,5,1,3,9,Promising
12873.0,282,1,374.0,5,1,2,8,New Customers
12876.0,58,2,2053.02,3,1,5,9,Others
12877.0,4,12,1535.77,1,1,4,6,At Risk
12878.0,236,2,854.99,5,1,3,9,Promising
12879.0,45,3,573.22,3,1,3,7,Others
12881.0,276,1,103.0,5,1,1,7,New Customers
12882.0,9,2,1463.04,1,1,4,6,At Risk
12883.0,25,4,686.52,2,1,3,6,At Risk
12884.0,88,1,139.05,4,1,1,6,New Customers
12885.0,63,3,1124.37,3,1,4,8,Others
12886.0,68,2,1378.4,3,1,4,8,Others
12888.0,214,2,354.12,5,1,2,8,New Customers
12890.0,24,1,380.46999999999997,2,1,2,5,About to Sleep
12891.0,293,1,42.0,5,1,1,7,New Customers
12893.0,31,1,188.14,2,1,1,4,About to Sleep
12895.0,42,2,372.8,3,1,2,6,About to Sleep
12897.0,205,2,216.5,5,1,1,7,New Customers
12901.0,10,18,3568.92,1,1,5,7,At Risk
12902.0,265,1,104.78,5,1,1,7,New Customers
12904.0,18,2,509.58,2,1,3,6,At Risk
12906.0,12,5,2784.13,1,1,5,7,At Risk
12909.0,40,5,1706.72,3,1,4,8,Others
12910.0,23,8,3075.04,2,1,5,8,At Risk
12912.0,3,5,1662.3,1,1,4,6,At Risk
12913.0,5,5,2453.63,1,1,5,7,At Risk
12915.0,149,2,363.65,4,1,2,7,New Customers
12916.0,139,4,3006.15,4,1,5,10,Promising
12917.0,128,1,594.0,4,1,3,8,Promising
12919.0,8,6,1335.19,1,1,4,6,At Risk
12920.0,17,1,130.33,2,1,1,4,About to Sleep
12921.0,9,37,16587.09,1,1,5,7,At Risk
12922.0,161,1,405.38,4,1,2,7,New Customers
12923.0,64,1,176.97,3,1,1,5,About to Sleep
12924.0,88,4,781.0600000000001,4,1,3,8,Promising
12925.0,5,2,679.05,1,1,3,5,At Risk
12928.0,35,5,2028.14,3,1,5,9,Others
12929.0,312,1,117.85,5,1,1,7,New Customers
12930.0,78,2,415.8,4,1,2,7,New Customers
12931.0,30,9,2661.26,2,1,5,8,At Risk
12933.0,24,3,607.53,2,1,3,6,At Risk
12935.0,2,7,2160.7,1,1,5,7,At Risk
12936.0,17,4,1063.9,2,1,4,7,At Risk
12937.0,15,4,1504.27,2,1,4,7,At Risk
12938.0,26,1,114.14,2,1,1,4,About to Sleep
12939.0,64,8,5921.52,3,1,5,9,Others
12940.0,55,2,893.59,3,1,4,8,Others
12942.0,131,3,666.95,4,1,3,8,Promising
12944.0,36,2,604.51,3,1,3,7,Others
12945.0,288,1,462.95,5,1,3,9,Promising
12947.0,144,6,1440.09,4,1,4,9,Promising
12948.0,16,7,2064.95,2,1,5,8,At Risk
12949.0,31,8,4167.22,2,1,5,8,At Risk
12950.0,2,3,1699.0,1,1,4,6,At Risk
12951.0,9,6,1047.1200000000001,1,1,4,6,At Risk
12952.0,6,4,1319.99,1,1,4,6,At Risk
12953.0,10,1,304.85,1,1,2,4,At Risk
12955.0,1,11,4757.16,1,1,5,7,At Risk
12956.0,306,1,91.12,5,1,1,7,New Customers
12957.0,10,8,4000.59,1,1,5,7,At Risk
12962.0,7,2,266.39,1,1,2,4,At Risk
12963.0,8,8,1856.63,1,1,4,6,At Risk
12965.0,89,1,771.91,4,1,3,8,Promising
12966.0,10,1,160.18,1,1,1,3,Hibernating
12967.0,358,2,1301.5,5,1,4,10,Promising
12968.0,112,1,135.95,4,1,1,6,New Customers
12970.0,7,4,452.24,1,1,2,4,At Risk
12971.0,4,86,10330.64,1,2,5,8,At Risk
12974.0,198,1,124.85000000000001,5,1,1,7,New Customers
12976.0,212,1,738.6,5,1,3,9,Promising
12977.0,156,1,19.24,4,1,1,6,New Customers
12980.0,177,7,1435.68,4,1,4,9,Promising
12981.0,30,2,372.21999999999997,2,1,2,5,About to Sleep
12982.0,243,1,390.54,5,1,2,8,New Customers
12984.0,19,1,97.5,2,1,1,4,About to Sleep
12985.0,1,2,1205.18,1,1,4,6,At Risk
12987.0,74,2,508.75,4,1,3,8,Promising
12988.0,292,1,535.32,5,1,3,9,Promising
12989.0,3,14,4731.71,1,1,5,7,At Risk
12990.0,31,3,409.5,2,1,2,5,About to Sleep
12991.0,23,2,503.76,2,1,3,6,At Risk
12993.0,23,4,414.76,2,1,2,5,About to Sleep
12994.0,4,3,974.42,1,1,4,6,At Risk
12995.0,85,1,211.32,4,1,1,6,New Customers
12997.0,22,4,1143.69,2,1,4,7,At Risk
12999.0,196,3,455.88,5,1,2,8,New Customers
13000.0,107,3,534.85,4,1,3,8,Promising
13001.0,4,13,8726.7,1,1,5,7,At Risk
13002.0,318,1,120.95,5,1,1,7,New Customers
13003.0,106,3,149.05,4,1,1,6,New Customers
13004.0,12,18,5655.91,1,1,5,7,At Risk
13005.0,174,2,513.7,4,1,3,8,Promising
13006.0,56,1,81.57,3,1,1,5,About to Sleep
13008.0,323,1,229.47,5,1,1,7,New Customers
13011.0,372,1,50.550000000000004,5,1,1,7,New Customers
13012.0,9,8,1661.8400000000001,1,1,4,6,At Risk
13013.0,1,13,4810.9400000000005,1,1,5,7,At Risk
13014.0,11,10,3466.28,1,1,5,7,At Risk
13015.0,53,5,3034.33,3,1,5,9,Others
13016.0,73,3,722.09,4,1,3,8,Promising
13017.0,7,1,204.0,1,1,1,3,Hibernating
13018.0,16,28,7244.4,2,1,5,8,At Risk
13021.0,4,9,2556.48,1,1,5,7,At Risk
13023.0,64,2,599.9,3,1,3,7,Others
13026.0,1,4,816.0,1,1,3,5,At Risk
13028.0,23,2,661.3199999999999,2,1,3,6,At Risk
13029.0,31,3,499.0,2,1,3,6,At Risk
13030.0,11,2,742.9300000000001,1,1,3,5,At Risk
13032.0,52,2,1010.1800000000001,3,1,4,8,Others
13033.0,357,1,190.55,5,1,1,7,New Customers
13034.0,55,2,642.77,3,1,3,7,Others
13035.0,74,2,921.88,4,1,4,9,Promising
13037.0,138,3,881.07,4,1,4,9,Promising
13038.0,80,3,908.46,4,1,4,9,Promising
13040.0,9,2,676.99,1,1,3,5,At Risk
13043.0,273,1,516.42,5,1,3,9,Promising
13044.0,291,1,560.47,5,1,3,9,Promising
13045.0,99,1,305.28000000000003,4,1,2,7,New Customers
13046.0,31,2,544.31,2,1,3,6,At Risk
13047.0,32,10,3237.54,2,1,5,8,At Risk
13048.0,14,4,1835.91,1,1,4,6,At Risk
13049.0,64,2,656.6800000000001,3,1,3,7,Others
13050.0,15,17,5796.91,2,1,5,8,At Risk
13052.0,212,1,348.15000000000003,5,1,2,8,New Customers
13055.0,78,3,1214.41,4,1,4,9,Promising
13058.0,25,3,271.40000000000003,2,1,2,5,About to Sleep
13059.0,250,1,183.4,5,1,1,7,New Customers
13060.0,254,1,307.53000000000003,5,1,2,8,New Customers
13061.0,72,1,248.61,4,1,2,7,New Customers
13062.0,191,1,271.5,5,1,2,8,New Customers
13064.0,13,4,1099.54,1,1,4,6,At Risk
13065.0,373,1,205.86,5,1,1,7,New Customers
13066.0,24,2,430.90000000000003,2,1,2,5,About to Sleep
13067.0,82,1,115.46000000000001,4,1,1,6,New Customers
13068.0,10,2,344.0,1,1,2,4,At Risk
13069.0,1,24,4070.36,1,1,5,7,At Risk
13070.0,192,1,228.8,5,1,1,7,New Customers
13072.0,267,1,177.15,5,1,1,7,New Customers
13075.0,130,1,919.61,4,1,4,9,Promising
13077.0,1,4,729.27,1,1,3,5,At Risk
13078.0,3,26,11515.94,1,1,5,7,At Risk
13079.0,4,5,220.10000000000002,1,1,1,3,Hibernating
13080.0,179,1,58.08,4,1,1,6,New Customers
13081.0,12,11,28214.76,1,1,5,7,At Risk
13082.0,126,9,1963.96,4,1,5,10,Promising
13083.0,4,2,286.8,1,1,2,4,At Risk
13085.0,158,2,416.08,4,1,2,7,New Customers
13089.0,3,94,55414.66,1,2,5,8,At Risk
13090.0,9,13,8744.27,1,1,5,7,At Risk
13091.0,28,1,345.82,2,1,2,5,About to Sleep
13092.0,71,5,477.83,3,1,3,7,Others
13093.0,276,8,7832.47,5,1,5,11,Promising
13094.0,21,12,1622.0400000000002,2,1,4,7,At Risk
13095.0,71,1,74.39999999999999,3,1,1,5,About to Sleep
13097.0,33,10,5722.27,2,1,5,8,At Risk
13098.0,1,28,27245.4,1,1,5,7,At Risk
13101.0,234,1,101.19,5,1,1,7,New Customers
13102.0,1,24,6166.33,1,1,5,7,At Risk
13103.0,40,1,243.94,3,1,2,6,About to Sleep
13104.0,3,6,1098.48,1,1,4,6,At Risk
13106.0,133,1,76.5,4,1,1,6,New Customers
13107.0,44,4,1531.6200000000001,3,1,4,8,Others
13108.0,373,1,350.06,5,1,2,8,New Customers
13109.0,60,2,786.54,3,1,3,7,Others
13110.0,31,7,1454.77,2,1,4,7,At Risk
13113.0,1,24,10545.960000000001,1,1,5,7,At Risk
13115.0,12,4,2214.88,1,1,5,7,At Risk
13116.0,138,1,469.24,4,1,3,8,Promising
13117.0,22,8,948.96,2,1,4,7,At Risk
13118.0,20,5,1172.81,2,1,4,7,At Risk
13120.0,239,1,30.6,5,1,1,7,New Customers
13121.0,269,1,283.73,5,1,2,8,New Customers
13122.0,94,2,922.39,4,1,4,9,Promising
13124.0,90,3,3796.48,4,1,5,10,Promising
13126.0,5,8,2062.74,1,1,5,7,At Risk
13127.0,78,1,259.17,4,1,2,7,New Customers
13130.0,94,1,64.0,4,1,1,6,New Customers
13131.0,23,3,1073.3,2,1,4,7,At Risk
13132.0,262,1,77.3,5,1,1,7,New Customers
13133.0,274,2,109.8,5,1,1,7,New Customers
13134.0,86,4,1793.58,4,1,4,9,Promising
13136.0,56,5,2607.61,3,1,5,9,Others
13137.0,11,8,3650.41,1,1,5,7,At Risk
13138.0,22,6,962.39,2,1,4,7,At Risk
13139.0,16,7,5064.9400000000005,2,1,5,8,At Risk
13140.0,108,3,423.72,4,1,2,7,New Customers
13141.0,85,5,2388.75,4,1,5,10,Promising
13142.0,19,1,307.09000000000003,2,1,2,5,About to Sleep
13144.0,333,1,110.95,5,1,1,7,New Customers
13145.0,40,3,323.52,3,1,2,6,About to Sleep
13146.0,26,1,228.91,2,1,1,4,About to Sleep
13147.0,10,4,712.8,1,1,3,5,At Risk
13148.0,29,12,3602.42,2,1,5,8,At Risk
13149.0,14,4,1676.06,1,1,4,6,At Risk
13151.0,296,1,1118.27,5,1,4,10,Promising
13153.0,6,1,486.22,1,1,3,5,At Risk
13155.0,33,4,971.76,2,1,4,7,At Risk
13157.0,49,4,1741.22,3,1,4,8,Others
13158.0,95,4,1201.06,4,1,4,9,Promising
13159.0,9,4,1437.85,1,1,4,6,At Risk
13160.0,22,1,91.8,2,1,1,4,About to Sleep
13161.0,313,1,112.75,5,1,1,7,New Customers
13162.0,122,4,1688.29,4,1,4,9,Promising
13165.0,46,2,1021.48,3,1,4,8,Others
13166.0,283,1,417.2,5,1,2,8,New Customers
13167.0,19,4,749.5699999999999,2,1,3,6,At Risk
13168.0,36,4,1319.19,3,1,4,8,Others
13169.0,64,2,712.88,3,1,3,7,Others
13170.0,27,1,116.00999999999999,2,1,1,4,About to Sleep
13171.0,22,3,335.21,2,1,2,5,About to Sleep
13173.0,4,2,353.65000000000003,1,1,2,4,At Risk
13174.0,16,3,2715.13,2,1,5,8,At Risk
13176.0,46,1,459.94,3,1,3,7,Others
13177.0,65,1,282.45,3,1,2,6,About to Sleep
13178.0,26,11,5725.47,2,1,5,8,At Risk
13182.0,45,1,121.18,3,1,1,5,About to Sleep
13183.0,8,9,3957.78,1,1,5,7,At Risk
13184.0,15,10,1681.13,2,1,4,7,At Risk
13185.0,268,1,71.4,5,1,1,7,New Customers
13186.0,40,3,1575.89,3,1,4,8,Others
13187.0,337,1,236.02,5,1,2,8,New Customers
13188.0,11,1,99.6,1,1,1,3,Hibernating
13189.0,19,2,260.68,2,1,2,5,About to Sleep
13192.0,95,2,911.94,4,1,4,9,Promising
13193.0,61,1,100.92999999999999,3,1,1,5,About to Sleep
13194.0,136,1,60.7,4,1,1,6,New Customers
13196.0,11,4,1723.93,1,1,4,6,At Risk
13198.0,10,6,3321.34,1,1,5,7,At Risk
13199.0,4,35,7404.04,1,1,5,7,At Risk
13200.0,19,4,870.09,2,1,3,6,At Risk
13203.0,10,4,829.51,1,1,3,5,At Risk
13207.0,15,2,250.26000000000002,2,1,2,5,About to Sleep
13208.0,59,6,1223.9,3,1,4,8,Others
13209.0,30,8,5857.71,2,1,5,8,At Risk
13210.0,94,1,353.48,4,1,2,7,New Customers
13211.0,10,3,1197.42,1,1,4,6,At Risk
13212.0,20,3,738.08,2,1,3,6,At Risk
13213.0,57,5,1470.68,3,1,4,8,Others
13216.0,268,1,333.74,5,1,2,8,New Customers
13217.0,122,3,533.98,4,1,3,8,Promising
13218.0,127,1,62.64,4,1,1,6,New Customers
13220.0,78,4,819.2900000000001,4,1,3,8,Promising
13221.0,240,2,847.41,5,1,3,9,Promising
13223.0,200,2,163.2,5,1,1,7,New Customers
13224.0,60,2,2100.27,3,1,5,9,Others
13225.0,3,6,4066.32,1,1,5,7,At Risk
13226.0,273,1,108.21000000000001,5,1,1,7,New Customers
13227.0,202,1,257.7,5,1,2,8,New Customers
13228.0,81,1,358.0,4,1,2,7,New Customers
13229.0,226,1,160.95,5,1,1,7,New Customers
13230.0,4,14,2683.61,1,1,5,7,At Risk
13232.0,13,7,1272.85,1,1,4,6,At Risk
13233.0,74,2,605.12,4,1,3,8,Promising
13235.0,212,1,997.1700000000001,5,1,4,10,Promising
13236.0,25,2,712.95,2,1,3,6,At Risk
13238.0,17,4,675.73,2,1,3,6,At Risk
13239.0,262,1,329.56,5,1,2,8,New Customers
13240.0,96,4,663.65,4,1,3,8,Promising
13242.0,112,3,270.40000000000003,4,1,2,7,New Customers
13243.0,203,1,600.07,5,1,3,9,Promising
13244.0,93,1,121.74000000000001,4,1,1,6,New Customers
13245.0,51,1,430.5,3,1,2,6,About to Sleep
13246.0,18,6,1987.3,2,1,5,8,At Risk
13247.0,18,4,501.12,2,1,3,6,At Risk
13248.0,125,2,465.68,4,1,3,8,Promising
13249.0,92,3,406.13,4,1,2,7,New Customers
13253.0,157,2,762.56,4,1,3,8,Promising
13255.0,9,2,399.51,1,1,2,4,At Risk
13258.0,12,3,698.5799999999999,1,1,3,5,At Risk
13259.0,62,1,292.32,3,1,2,6,About to Sleep
13260.0,61,1,557.62,3,1,3,7,Others
13261.0,269,2,944.1,5,1,4,10,Promising
13262.0,263,1,200.29,5,1,1,7,New Customers
13263.0,1,34,7388.52,1,1,5,7,At Risk
13265.0,53,5,1841.76,3,1,4,8,Others
13266.0,11,12,3511.0,1,1,5,7,At Risk
13267.0,3,19,4521.49,1,1,5,7,At Risk
13268.0,18,11,3174.74,2,1,5,8,At Risk
13269.0,1,15,5346.2300000000005,1,1,5,7,At Risk
13271.0,37,1,217.38,3,1,1,5,About to Sleep
13272.0,31,2,276.56,2,1,2,5,About to Sleep
13273.0,113,1,138.98,4,1,1,6,New Customers
13276.0,64,2,590.9300000000001,3,1,3,7,Others
13277.0,16,4,258.4,2,1,2,5,About to Sleep
13278.0,41,1,542.73,3,1,3,7,Others
13279.0,78,1,137.75,4,1,1,6,New Customers
13280.0,122,3,814.86,4,1,3,8,Promising
13282.0,18,3,1132.14,2,1,4,7,At Risk
13283.0,60,2,93.66,3,1,1,5,About to Sleep
13284.0,331,1,201.19,5,1,1,7,New Customers
13285.0,23,4,2658.27,2,1,5,8,At Risk
13291.0,156,1,361.11,4,1,2,7,New Customers
13292.0,39,2,578.94,3,1,3,7,Others
13294.0,190,2,873.74,5,1,3,9,Promising
13295.0,360,1,201.20000000000002,5,1,1,7,New Customers
13296.0,137,1,87.4,4,1,1,6,New Customers
13297.0,8,4,2089.85,1,1,5,7,At Risk
13298.0,1,1,360.0,1,1,2,4,At Risk
13299.0,268,1,142.5,5,1,1,7,New Customers
13300.0,169,1,371.89,4,1,2,7,New Customers
13301.0,104,4,618.09,4,1,3,8,Promising
13302.0,155,1,63.75,4,1,1,6,New Customers
13304.0,351,1,300.42,5,1,2,8,New Customers
13305.0,4,10,2000.86,1,1,5,7,At Risk
13307.0,120,1,15.0,4,1,1,6,New Customers
13308.0,23,3,1325.03,2,1,4,7,At Risk
13309.0,7,5,1456.79,1,1,4,6,At Risk
13310.0,28,3,1132.03,2,1,4,7,At Risk
13311.0,4,2,581.62,1,1,3,5,At Risk
13313.0,22,5,1555.3200000000002,2,1,4,7,At Risk
13314.0,2,3,775.94,1,1,3,5,At Risk
13316.0,37,4,4275.41,3,1,5,9,Others
13317.0,66,6,2253.73,3,1,5,9,Others
13318.0,1,3,640.76,1,1,3,5,At Risk
13319.0,5,26,10709.95,1,1,5,7,At Risk
13320.0,78,4,1548.7,4,1,4,9,Promising
13321.0,72,2,335.36,4,1,2,7,New Customers
13322.0,17,1,199.48000000000002,2,1,1,4,About to Sleep
13323.0,3,5,787.85,1,1,3,5,At Risk
13324.0,36,10,5597.31,3,1,5,9,Others
13325.0,82,1,675.3,4,1,3,8,Promising
13327.0,39,8,3627.77,3,1,5,9,Others
13328.0,316,1,1042.08,5,1,4,10,Promising
13329.0,32,2,789.0,2,1,3,6,At Risk
13330.0,93,3,1140.93,4,1,4,9,Promising
13332.0,14,1,350.90000000000003,1,1,2,4,At Risk
13334.0,82,3,3536.82,4,1,5,10,Promising
13336.0,77,1,795.12,4,1,3,8,Promising
13338.0,158,1,422.02,4,1,2,7,New Customers
13339.0,201,1,826.22,5,1,3,9,Promising
13340.0,45,7,9522.24,3,1,5,9,Others
13341.0,261,1,758.9,5,1,3,9,Promising
13343.0,178,1,303.43,4,1,2,7,New Customers
13344.0,68,3,2088.02,3,1,5,9,Others
13345.0,288,1,339.5,5,1,2,8,New Customers
13347.0,70,1,291.36,3,1,2,6,About to Sleep
13348.0,64,1,233.76000000000002,3,1,2,6,About to Sleep
13349.0,11,1,197.32,1,1,1,3,Hibernating
13350.0,16,2,829.1700000000001,2,1,3,6,At Risk
13351.0,66,1,323.94,3,1,2,6,About to Sleep
13352.0,60,1,347.98,3,1,2,6,About to Sleep
13354.0,71,1,743.53,3,1,3,7,Others
13355.0,122,1,674.7,4,1,3,8,Promising
13356.0,80,1,751.29,4,1,3,8,Promising
13357.0,257,1,594.0,5,1,3,9,Promising
13358.0,269,1,389.03000000000003,5,1,2,8,New Customers
13359.0,64,1,389.56,3,1,2,6,About to Sleep
13362.0,9,4,3090.7400000000002,1,1,5,7,At Risk
13363.0,18,2,892.5,2,1,4,7,At Risk
13364.0,71,1,134.96,3,1,1,5,About to Sleep
13365.0,34,2,2157.57,3,1,5,9,Others
13368.0,257,2,539.5,5,1,3,9,Promising
13369.0,366,1,258.28000000000003,5,1,2,8,New Customers
13370.0,372,1,754.87,5,1,3,9,Promising
13372.0,90,1,328.64,4,1,2,7,New Customers
13373.0,61,3,3312.25,3,1,5,9,Others
13375.0,89,1,778.65,4,1,3,8,Promising
13376.0,99,3,869.76,4,1,3,8,Promising
13379.0,26,3,572.56,2,1,3,6,At Risk
13381.0,32,6,3639.31,2,1,5,8,At Risk
13382.0,281,1,222.99,5,1,1,7,New Customers
13384.0,31,7,3686.35,2,1,5,8,At Risk
13385.0,330,1,484.67,5,1,3,9,Promising
13388.0,131,2,627.15,4,1,3,8,Promising
13389.0,11,3,782.96,1,1,3,5,At Risk
13390.0,75,1,544.08,4,1,3,8,Promising
13391.0,204,1,59.8,5,1,1,7,New Customers
13394.0,2,8,2520.02,1,1,5,7,At Risk
13395.0,185,1,275.82,5,1,2,8,New Customers
13396.0,29,2,1335.99,2,1,4,7,At Risk
13397.0,73,5,1416.53,4,1,4,9,Promising
13398.0,192,1,457.34000000000003,5,1,3,9,Promising
13402.0,127,2,621.23,4,1,3,8,Promising
13403.0,18,1,75.0,2,1,1,4,About to Sleep
13404.0,1,2,252.49,1,1,2,4,At Risk
13405.0,74,3,557.451,4,1,3,8,Promising
13408.0,2,62,26409.08,1,2,5,8,At Risk
13410.0,24,5,1003.06,2,1,4,7,At Risk
13411.0,107,1,213.55,4,1,1,6,New Customers
13414.0,134,2,568.5,4,1,3,8,Promising
13416.0,44,2,712.5,3,1,3,7,Others
13417.0,5,2,640.83,1,1,3,5,At Risk
13418.0,12,18,5860.48,1,1,5,7,At Risk
13419.0,64,1,221.06,3,1,1,5,About to Sleep
13420.0,150,2,159.85,4,1,1,6,New Customers
13421.0,40,2,1851.08,3,1,4,8,Others
13422.0,64,1,2594.4,3,1,5,9,Others
13425.0,108,3,1609.21,4,1,4,9,Promising
13426.0,1,10,3641.32,1,1,5,7,At Risk
13427.0,19,3,582.6,2,1,3,6,At Risk
13428.0,10,1,218.47,1,1,1,3,Hibernating
13429.0,11,4,1006.8,1,1,4,6,At Risk
13430.0,19,2,679.45,2,1,3,6,At Risk
13431.0,67,2,1269.1,3,1,4,8,Others
13434.0,74,2,534.24,4,1,3,8,Promising
13435.0,5,7,3775.33,1,1,5,7,At Risk
13436.0,2,1,179.94,1,1,1,3,Hibernating
13437.0,14,7,3190.61,1,1,5,7,At Risk
13439.0,255,1,283.71,5,1,2,8,New Customers
13441.0,92,1,296.64,4,1,2,7,New Customers
13447.0,23,3,1112.49,2,1,4,7,At Risk
13448.0,17,6,3522.42,2,1,5,8,At Risk
13449.0,24,1,291.88,2,1,2,5,About to Sleep
13450.0,27,6,1940.04,2,1,5,8,At Risk
13451.0,26,5,2976.15,2,1,5,8,At Risk
13453.0,166,2,356.98,4,1,2,7,New Customers
13455.0,25,2,1058.34,2,1,4,7,At Risk
13456.0,18,6,1717.8200000000002,2,1,4,7,At Risk
13458.0,7,14,9646.57,1,1,5,7,At Risk
13460.0,29,2,183.44,2,1,1,4,About to Sleep
13461.0,39,3,1445.0,3,1,4,8,Others
13462.0,253,1,151.5,5,1,1,7,New Customers
13464.0,58,1,657.73,3,1,3,7,Others
13466.0,184,1,307.90000000000003,5,1,2,8,New Customers
13467.0,11,2,1083.71,1,1,4,6,At Risk
13468.0,2,37,5688.02,1,1,5,7,At Risk
13470.0,99,2,165.0,4,1,1,6,New Customers
13471.0,1,4,2497.68,1,1,5,7,At Risk
13473.0,61,2,422.64,3,1,2,6,About to Sleep
13474.0,236,1,229.59,5,1,1,7,New Customers
13475.0,191,4,1406.83,5,1,4,10,Promising
13476.0,179,2,971.52,4,1,4,9,Promising
13477.0,38,6,1454.58,3,1,4,8,Others
13479.0,201,2,300.95,5,1,2,8,New Customers
13481.0,46,5,1804.56,3,1,4,8,Others
13482.0,232,1,184.64000000000001,5,1,1,7,New Customers
13483.0,66,1,140.34,3,1,1,5,About to Sleep
13484.0,241,1,313.8,5,1,2,8,New Customers
13485.0,233,1,454.24,5,1,2,8,New Customers
13486.0,78,3,1122.41,4,1,4,9,Promising
13487.0,58,3,575.4,3,1,3,7,Others
13488.0,17,13,8826.16,2,1,5,8,At Risk
13489.0,105,3,291.12,4,1,2,7,New Customers
13491.0,52,10,1181.92,3,1,4,8,Others
13492.0,136,3,1269.84,4,1,4,9,Promising
13493.0,275,2,394.95,5,1,2,8,New Customers
13494.0,312,1,316.26000000000005,5,1,2,8,New Customers
13495.0,8,5,2044.8700000000001,1,1,5,7,At Risk
13496.0,11,2,653.33,1,1,3,5,At Risk
13497.0,283,2,348.05,5,1,2,8,New Customers
13499.0,18,5,1047.75,2,1,4,7,At Risk
13500.0,23,3,1166.77,2,1,4,7,At Risk
13501.0,288,1,1340.32,5,1,4,10,Promising
13502.0,17,3,292.0,2,1,2,5,About to Sleep
13503.0,71,1,216.85,3,1,1,5,About to Sleep
13504.0,64,1,295.93,3,1,2,6,About to Sleep
13505.0,73,4,3633.63,4,1,5,10,Promising
13506.0,316,2,458.52,5,1,3,9,Promising
13507.0,3,4,2479.16,1,1,5,7,At Risk
13508.0,244,1,110.97,5,1,1,7,New Customers
13509.0,9,6,964.72,1,1,4,6,At Risk
13510.0,1,4,1791.56,1,1,4,6,At Risk
13512.0,261,1,251.21,5,1,2,8,New Customers
13513.0,127,1,205.1,4,1,1,6,New Customers
13514.0,74,1,152.20000000000002,4,1,1,6,New Customers
13515.0,73,4,891.12,4,1,4,9,Promising
13516.0,21,3,770.4100000000001,2,1,3,6,At Risk
13517.0,60,3,2128.42,3,1,5,9,Others
13518.0,86,1,659.44,4,1,3,8,Promising
13519.0,78,1,122.75,4,1,1,6,New Customers
13520.0,59,6,2984.35,3,1,5,9,Others
13521.0,1,3,1093.65,1,1,4,6,At Risk
13522.0,30,1,125.80000000000001,2,1,1,4,About to Sleep
13523.0,33,5,3452.43,2,1,5,8,At Risk
13524.0,41,5,650.1800000000001,3,1,3,7,Others
13525.0,15,2,164.78,2,1,1,4,About to Sleep
13527.0,34,7,2287.51,3,1,5,9,Others
13529.0,79,2,206.06,4,1,1,6,New Customers
13531.0,205,2,483.8,5,1,3,9,Promising
13532.0,34,1,210.31,3,1,1,5,About to Sleep
13533.0,183,3,270.79,5,1,2,8,New Customers
13534.0,2,25,5870.08,1,1,5,7,At Risk
13536.0,1,7,3448.29,1,1,5,7,At Risk
13538.0,43,7,1280.85,3,1,4,8,Others
13539.0,86,3,597.44,4,1,3,8,Promising
13544.0,40,2,291.41,3,1,2,6,About to Sleep
13546.0,12,3,626.99,1,1,3,5,At Risk
13548.0,96,2,682.41,4,1,3,8,Promising
13549.0,26,7,918.2,2,1,4,7,At Risk
13551.0,319,1,91.80000000000001,5,1,1,7,New Customers
13552.0,66,12,3740.07,3,1,5,9,Others
13555.0,74,4,4149.28,4,1,5,10,Promising
13557.0,28,2,584.0600000000001,2,1,3,6,At Risk
13558.0,6,4,605.06,1,1,3,5,At Risk
13560.0,7,1,174.37,1,1,1,3,Hibernating
13561.0,216,1,141.85999999999999,5,1,1,7,New Customers
13562.0,82,3,1799.3300000000002,4,1,4,9,Promising
13563.0,84,2,527.53,4,1,3,8,Promising
13564.0,354,2,1198.38,5,1,4,10,Promising
13565.0,19,2,240.22,2,1,2,5,About to Sleep
13566.0,41,2,874.71,3,1,4,8,Others
13568.0,173,1,192.85,4,1,1,6,New Customers
13569.0,17,2,356.8,2,1,2,5,About to Sleep
13570.0,243,1,239.49,5,1,2,8,New Customers
13571.0,13,12,2072.37,1,1,5,7,At Risk
13572.0,206,1,1384.25,5,1,4,10,Promising
13573.0,50,2,271.36,3,1,2,6,About to Sleep
13575.0,23,5,732.07,2,1,3,6,At Risk
13576.0,10,18,6683.4400000000005,1,1,5,7,At Risk
13577.0,25,4,1687.6000000000001,2,1,4,7,At Risk
13579.0,15,2,467.04,2,1,3,6,At Risk
13581.0,309,1,118.0,5,1,1,7,New Customers
13583.0,156,1,781.03,4,1,3,8,Promising
13584.0,307,1,142.4,5,1,1,7,New Customers
13587.0,64,1,413.0,3,1,2,6,About to Sleep
13588.0,16,9,2445.05,2,1,5,8,At Risk
13589.0,15,2,354.65,2,1,2,5,About to Sleep
13590.0,11,6,1720.32,1,1,4,6,At Risk
13591.0,65,3,1117.13,3,1,4,8,Others
13592.0,36,4,231.01,3,1,1,5,About to Sleep
13593.0,108,5,2037.0800000000002,4,1,5,10,Promising
13594.0,53,1,396.97,3,1,2,6,About to Sleep
13596.0,6,2,697.04,1,1,3,5,At Risk
13598.0,47,1,180.17000000000002,3,1,1,5,About to Sleep
13599.0,1,21,5033.82,1,1,5,7,At Risk
13600.0,312,1,219.52,5,1,1,7,New Customers
13601.0,45,2,693.32,3,1,3,7,Others
13602.0,65,1,428.89,3,1,2,6,About to Sleep
13603.0,26,1,164.34,2,1,1,4,About to Sleep
13606.0,29,3,280.54,2,1,2,5,About to Sleep
13607.0,40,1,678.01,3,1,3,7,Others
13610.0,12,7,1106.93,1,1,4,6,At Risk
13611.0,89,3,1171.8,4,1,4,9,Promising
13614.0,24,4,1407.06,2,1,4,7,At Risk
13615.0,319,1,417.69,5,1,2,8,New Customers
13617.0,40,3,544.18,3,1,3,7,Others
13618.0,174,1,177.34,4,1,1,6,New Customers
13621.0,117,1,213.85,4,1,1,6,New Customers
13623.0,31,5,747.78,2,1,3,6,At Risk
13626.0,253,1,257.23,5,1,2,8,New Customers
13627.0,59,5,1434.95,3,1,4,8,Others
13629.0,23,11,5715.36,2,1,5,8,At Risk
13630.0,5,7,1879.1399999999999,1,1,4,6,At Risk
13631.0,100,11,3070.42,4,1,5,10,Promising
13632.0,25,5,2121.27,2,1,5,8,At Risk
13634.0,33,5,1575.16,2,1,4,7,At Risk
13635.0,68,1,1071.03,3,1,4,8,Others
13636.0,37,5,932.47,3,1,4,8,Others
13637.0,52,3,810.5,3,1,3,7,Others
13638.0,16,1,122.64,2,1,1,4,About to Sleep
13639.0,74,1,795.74,4,1,3,8,Promising
13642.0,216,1,321.9,5,1,2,8,New Customers
13643.0,31,3,519.44,2,1,3,6,At Risk
13644.0,16,4,2548.71,2,1,5,8,At Risk
13645.0,120,1,252.1,4,1,2,7,New Customers
13647.0,10,4,1678.1200000000001,1,1,4,6,At Risk
13649.0,257,2,346.6,5,1,2,8,New Customers
13650.0,17,6,1836.3400000000001,2,1,4,7,At Risk
13651.0,40,1,79.2,3,1,1,5,About to Sleep
13652.0,46,3,1095.08,3,1,4,8,Others
13654.0,43,6,2605.63,3,1,5,9,Others
13655.0,114,2,932.97,4,1,4,9,Promising
13656.0,165,2,379.65,4,1,2,7,New Customers
13657.0,11,2,367.14,1,1,2,4,At Risk
13658.0,10,5,2472.17,1,1,5,7,At Risk
13659.0,206,2,1442.3,5,1,4,10,Promising
13662.0,86,3,829.96,4,1,3,8,Promising
13663.0,179,1,189.47,4,1,1,6,New Customers
13666.0,60,3,84.65,3,1,1,5,About to Sleep
13667.0,149,1,305.02,4,1,2,7,New Customers
13668.0,3,21,6109.52,1,1,5,7,At Risk
13669.0,51,2,218.55,3,1,1,5,About to Sleep
13670.0,75,1,349.7,4,1,2,7,New Customers
13672.0,301,2,186.39000000000001,5,1,1,7,New Customers
13673.0,19,2,366.97,2,1,2,5,About to Sleep
13675.0,151,2,486.82000000000005,4,1,3,8,Promising
13678.0,152,1,215.32,4,1,1,6,New Customers
13680.0,1,4,3722.42,1,1,5,7,At Risk
13681.0,18,4,827.83,2,1,3,6,At Risk
13682.0,187,1,59.5,5,1,1,7,New Customers
13684.0,286,1,67.23,5,1,1,7,New Customers
13685.0,3,4,20.92,1,1,1,3,Hibernating
13686.0,183,1,72.0,5,1,1,7,New Customers
13689.0,63,1,910.0,3,1,4,8,Others
13690.0,59,1,172.25,3,1,1,5,About to Sleep
13692.0,25,3,1452.3700000000001,2,1,4,7,At Risk
13694.0,4,48,40786.66,1,1,5,7,At Risk
13695.0,31,15,2444.13,2,1,5,8,At Risk
13697.0,39,1,151.3,3,1,1,5,About to Sleep
13699.0,155,1,308.58000000000004,4,1,2,7,New Customers
13700.0,26,10,2265.12,2,1,5,8,At Risk
13703.0,318,1,99.5,5,1,1,7,New Customers
13704.0,5,9,2291.11,1,1,5,7,At Risk
13705.0,8,3,546.86,1,1,3,5,At Risk
13706.0,303,1,290.89000000000004,5,1,2,8,New Customers
13707.0,267,2,770.46,5,1,3,9,Promising
13708.0,271,1,296.88,5,1,2,8,New Customers
13709.0,4,13,6253.05,1,1,5,7,At Risk
13710.0,32,1,180.48,2,1,1,4,About to Sleep
13711.0,219,2,252.06,5,1,2,8,New Customers
13712.0,247,1,228.84,5,1,1,7,New Customers
13715.0,281,5,1079.34,5,1,4,10,Promising
13716.0,269,1,138.28,5,1,1,7,New Customers
13717.0,32,6,1380.87,2,1,4,7,At Risk
13718.0,246,2,306.55,5,1,2,8,New Customers
13719.0,15,5,1016.68,2,1,4,7,At Risk
13720.0,117,4,705.7,4,1,3,8,Promising
13721.0,36,1,524.14,3,1,3,7,Others
13722.0,132,3,2314.93,4,1,5,10,Promising
13723.0,217,1,199.85000000000002,5,1,1,7,New Customers
13725.0,50,8,1980.56,3,1,5,9,Others
13726.0,39,2,1079.66,3,1,4,8,Others
13727.0,29,2,333.48,2,1,2,5,About to Sleep
13728.0,37,6,1016.14,3,1,4,8,Others
13730.0,136,2,752.6,4,1,3,8,Promising
13731.0,219,2,610.59,5,1,3,9,Promising
13732.0,28,1,491.86,2,1,3,6,At Risk
13735.0,25,4,2820.44,2,1,5,8,At Risk
13736.0,5,2,664.1,1,1,3,5,At Risk
13737.0,200,1,339.6,5,1,2,8,New Customers
13739.0,18,1,216.9,2,1,1,4,About to Sleep
13740.0,241,1,350.75,5,1,2,8,New Customers
13741.0,72,3,668.4300000000001,4,1,3,8,Promising
13742.0,17,12,2997.42,2,1,5,8,At Risk
13743.0,3,7,1202.4,1,1,4,6,At Risk
13744.0,95,2,1114.6,4,1,4,9,Promising
13745.0,162,1,300.04,4,1,2,7,New Customers
13747.0,374,1,79.6,5,1,1,7,New Customers
13748.0,96,5,948.25,4,1,4,9,Promising
13750.0,54,5,1647.26,3,1,4,8,Others
13751.0,288,1,296.25,5,1,2,8,New Customers
13752.0,124,6,1140.33,4,1,4,9,Promising
13753.0,288,1,741.26,5,1,3,9,Promising
13754.0,152,2,282.6,4,1,2,7,New Customers
13755.0,4,9,2098.45,1,1,5,7,At Risk
13756.0,2,14,4834.320000000001,1,1,5,7,At Risk
13758.0,12,7,3079.82,1,1,5,7,At Risk
13759.0,33,2,659.4100000000001,2,1,3,6,At Risk
13760.0,54,2,286.79,3,1,2,6,About to Sleep
13761.0,50,2,1070.65,3,1,4,8,Others
13762.0,219,1,306.72,5,1,2,8,New Customers
13763.0,63,1,1714.96,3,1,4,8,Others
13764.0,71,3,1521.76,3,1,4,8,Others
13767.0,2,37,15389.960000000001,1,1,5,7,At Risk
13769.0,2,10,2728.71,1,1,5,7,At Risk
13771.0,64,4,2634.45,3,1,5,9,Others
13772.0,34,3,1115.18,3,1,4,8,Others
13774.0,82,1,345.0,4,1,2,7,New Customers
13777.0,1,29,12627.52,1,1,5,7,At Risk
13778.0,103,1,178.7,4,1,1,6,New Customers
13780.0,7,2,257.26,1,1,2,4,At Risk
13781.0,251,1,127.84,5,1,1,7,New Customers
13782.0,13,6,912.0,1,1,4,6,At Risk
13784.0,10,8,1935.75,1,1,5,7,At Risk
13786.0,367,1,230.4,5,1,1,7,New Customers
13787.0,76,2,309.04,4,1,2,7,New Customers
13790.0,4,1,348.79999999999995,1,1,2,4,At Risk
13791.0,128,2,1226.0,4,1,4,9,Promising
13792.0,66,2,195.55,3,1,1,5,About to Sleep
13798.0,1,55,31591.87,1,2,5,8,At Risk
13799.0,117,2,688.86,4,1,3,8,Promising
13800.0,310,1,526.4200000000001,5,1,3,9,Promising
13801.0,67,1,324.8,3,1,2,6,About to Sleep
13802.0,139,3,4057.42,4,1,5,10,Promising
13803.0,255,1,277.07,5,1,2,8,New Customers
13804.0,31,7,2601.89,2,1,5,8,At Risk
13805.0,52,2,563.0,3,1,3,7,Others
13806.0,64,1,256.38,3,1,2,6,About to Sleep
13807.0,367,1,112.6,5,1,1,7,New Customers
13808.0,6,5,1687.76,1,1,4,6,At Risk
13809.0,305,1,155.05,5,1,1,7,New Customers
13810.0,29,2,725.8100000000001,2,1,3,6,At Risk
13811.0,184,2,519.75,5,1,3,9,Promising
13812.0,42,3,485.0,3,1,3,7,Others
13813.0,40,4,1168.8600000000001,3,1,4,8,Others
13814.0,92,2,1477.42,4,1,4,9,Promising
13815.0,22,4,3487.08,2,1,5,8,At Risk
13816.0,24,2,459.72,2,1,3,6,At Risk
13817.0,29,2,328.98,2,1,2,5,About to Sleep
13819.0,302,3,1140.35,5,1,4,10,Promising
13821.0,145,2,385.64,4,1,2,7,New Customers
13822.0,6,2,615.35,1,1,3,5,At Risk
13823.0,19,2,957.66,2,1,4,7,At Risk
13824.0,33,5,1698.94,2,1,4,7,At Risk
13826.0,176,1,189.5,4,1,1,6,New Customers
13827.0,58,3,378.15,3,1,2,6,About to Sleep
13828.0,22,1,209.49,2,1,1,4,About to Sleep
13831.0,16,6,1876.59,2,1,4,7,At Risk
13832.0,19,1,52.2,2,1,1,4,About to Sleep
13833.0,159,1,384.8,4,1,2,7,New Customers
13835.0,25,4,817.62,2,1,3,6,At Risk
13837.0,212,2,271.24,5,1,2,8,New Customers
13838.0,6,4,691.73,1,1,3,5,At Risk
13841.0,253,1,85.0,5,1,1,7,New Customers
13842.0,59,9,3228.07,3,1,5,9,Others
13844.0,11,1,361.62,1,1,2,4,At Risk
13845.0,65,1,312.98,3,1,2,6,About to Sleep
13846.0,25,3,848.4100000000001,2,1,3,6,At Risk
13848.0,298,1,135.0,5,1,1,7,New Customers
13849.0,52,2,1537.95,3,1,4,8,Others
13850.0,129,1,1595.48,4,1,4,9,Promising
13851.0,96,3,1763.46,4,1,4,9,Promising
13853.0,57,1,1090.1399999999999,3,1,4,8,Others
13854.0,9,25,8109.5199999999995,1,1,5,7,At Risk
13856.0,169,3,294.9,4,1,2,7,New Customers
13858.0,57,1,216.17000000000002,3,1,1,5,About to Sleep
13859.0,326,1,201.16,5,1,1,7,New Customers
13860.0,1,5,1245.9,1,1,4,6,At Risk
13862.0,18,8,2209.36,2,1,5,8,At Risk
13863.0,248,1,305.78,5,1,2,8,New Customers
13865.0,58,4,501.56,3,1,3,7,Others
13866.0,74,1,145.67,4,1,1,6,New Customers
13867.0,31,3,1015.29,2,1,4,7,At Risk
13868.0,39,1,507.54,3,1,3,7,Others
13869.0,123,4,3104.9500000000003,4,1,5,10,Promising
13870.0,2,8,2737.04,1,1,5,7,At Risk
13871.0,23,13,6403.25,2,1,5,8,At Risk
13873.0,120,3,389.6,4,1,2,7,New Customers
13874.0,358,1,361.7,5,1,2,8,New Customers
13875.0,54,5,1786.79,3,1,4,8,Others
13876.0,64,1,122.7,3,1,1,5,About to Sleep
13877.0,86,1,117.24,4,1,1,6,New Customers
13878.0,55,1,1247.63,3,1,4,8,Others
13880.0,21,13,3185.87,2,1,5,8,At Risk
13881.0,4,19,12198.880000000001,1,1,5,7,At Risk
13882.0,3,5,1081.28,1,1,4,6,At Risk
13883.0,11,5,2640.58,1,1,5,7,At Risk
13884.0,7,5,787.6,1,1,3,5,At Risk
13885.0,189,2,506.8,5,1,3,9,Promising
13886.0,71,1,243.56,3,1,2,6,About to Sleep
13887.0,204,1,349.55,5,1,2,8,New Customers
13888.0,120,2,605.63,4,1,3,8,Promising
13889.0,93,1,416.90000000000003,4,1,2,7,New Customers
13890.0,1,10,1883.81,1,1,4,6,At Risk
13892.0,27,4,518.13,2,1,3,6,At Risk
13893.0,298,1,821.1,5,1,3,9,Promising
13894.0,24,3,564.62,2,1,3,6,At Risk
13895.0,28,4,2593.07,2,1,5,8,At Risk
13897.0,50,1,311.16,3,1,2,6,About to Sleep
13898.0,326,1,155.93,5,1,1,7,New Customers
13899.0,16,2,388.52,2,1,2,5,About to Sleep
13900.0,183,3,740.95,5,1,3,9,Promising
13901.0,72,5,2762.35,4,1,5,10,Promising
13904.0,37,2,332.64,3,1,2,6,About to Sleep
13908.0,80,4,2319.55,4,1,5,10,Promising
13911.0,57,9,2288.11,3,1,5,9,Others
13914.0,12,2,626.45,1,1,3,5,At Risk
13917.0,50,2,272.04,3,1,2,6,About to Sleep
13918.0,50,2,828.84,3,1,3,7,Others
13919.0,59,2,331.86,3,1,2,6,About to Sleep
13922.0,352,1,172.25,5,1,1,7,New Customers
13923.0,54,1,351.13,3,1,2,6,About to Sleep
13924.0,2,6,1804.95,1,1,4,6,At Risk
13925.0,93,4,593.5,4,1,3,8,Promising
13926.0,23,1,183.9,2,1,1,4,About to Sleep
13927.0,75,1,348.99,4,1,2,7,New Customers
13928.0,11,4,464.57,1,1,3,5,At Risk
13929.0,169,2,842.65,4,1,3,8,Promising
13930.0,58,2,337.34,3,1,2,6,About to Sleep
13931.0,96,2,1237.53,4,1,4,9,Promising
13932.0,295,1,307.4,5,1,2,8,New Customers
13933.0,109,2,608.79,4,1,3,8,Promising
13934.0,264,1,922.1,5,1,4,10,Promising
13936.0,180,1,376.58,5,1,2,8,New Customers
13937.0,169,1,158.85,4,1,1,6,New Customers
13938.0,35,1,71.66,3,1,1,5,About to Sleep
13939.0,23,3,568.55,2,1,3,6,At Risk
13940.0,17,4,839.14,2,1,3,6,At Risk
13941.0,22,5,4187.08,2,1,5,8,At Risk
13946.0,79,3,496.05,4,1,3,8,Promising
13947.0,65,1,90.60000000000001,3,1,1,5,About to Sleep
13948.0,361,1,102.0,5,1,1,7,New Customers
13949.0,3,6,2427.32,1,1,5,7,At Risk
13950.0,11,4,628.36,1,1,3,5,At Risk
13951.0,176,3,674.45,4,1,3,8,Promising
13952.0,218,2,3217.1710000000003,5,1,5,11,Promising
13953.0,7,2,265.68,1,1,2,4,At Risk
13954.0,2,2,340.22,1,1,2,4,At Risk
13955.0,154,2,322.96,4,1,2,7,New Customers
13956.0,5,5,996.47,1,1,4,6,At Risk
13959.0,79,3,598.2,4,1,3,8,Promising
13960.0,21,2,230.22,2,1,1,4,About to Sleep
13962.0,22,2,147.6,2,1,1,4,About to Sleep
13963.0,308,4,664.54,5,1,3,9,Promising
13967.0,146,1,80.7,4,1,1,6,New Customers
13969.0,7,18,8758.99,1,1,5,7,At Risk
13971.0,19,8,2758.26,2,1,5,8,At Risk
13972.0,71,2,190.25,3,1,1,5,About to Sleep
13973.0,287,1,264.7,5,1,2,8,New Customers
13974.0,49,1,413.59000000000003,3,1,2,6,About to Sleep
13975.0,31,6,2526.28,2,1,5,8,At Risk
13976.0,207,1,357.98,5,1,2,8,New Customers
13978.0,15,2,196.79,2,1,1,4,About to Sleep
13979.0,73,1,869.87,4,1,3,8,Promising
13980.0,60,1,200.14,3,1,1,5,About to Sleep
13982.0,39,4,1871.81,3,1,4,8,Others
13983.0,30,10,1733.43,2,1,4,7,At Risk
13984.0,27,4,488.03,2,1,3,6,At Risk
13985.0,4,15,7028.2300000000005,1,1,5,7,At Risk
13986.0,17,1,239.82,2,1,2,5,About to Sleep
13988.0,20,6,4051.06,2,1,5,8,At Risk
13989.0,66,2,1029.92,3,1,4,8,Others
13990.0,213,1,311.3,5,1,2,8,New Customers
13991.0,12,6,855.97,1,1,3,5,At Risk
13992.0,30,1,76.8,2,1,1,4,About to Sleep
13993.0,43,9,3277.66,3,1,5,9,Others
13994.0,4,6,2313.14,1,1,5,7,At Risk
13995.0,15,5,1393.69,2,1,4,7,At Risk
13999.0,10,12,3901.81,1,1,5,7,At Risk
14000.0,211,1,500.3,5,1,3,9,Promising
14001.0,46,3,2043.0800000000002,3,1,5,9,Others
14002.0,134,2,512.78,4,1,3,8,Promising
14004.0,43,7,4582.64,3,1,5,9,Others
14005.0,10,5,2773.92,1,1,5,7,At Risk
14006.0,116,3,946.24,4,1,4,9,Promising
14009.0,198,2,695.61,5,1,3,9,Promising
14012.0,278,1,328.8,5,1,2,8,New Customers
14013.0,110,3,473.02,4,1,3,8,Promising
14014.0,77,1,505.18,4,1,3,8,Promising
14015.0,53,1,917.34,3,1,4,8,Others
14016.0,162,4,4226.21,4,1,5,10,Promising
14019.0,47,3,1369.77,3,1,4,8,Others
14020.0,17,2,642.8,2,1,3,6,At Risk
14021.0,155,3,631.9,4,1,3,8,Promising
14022.0,225,1,440.0,5,1,2,8,New Customers
14023.0,7,2,584.07,1,1,3,5,At Risk
14024.0,122,2,327.7,4,1,2,7,New Customers
14027.0,61,1,104.82,3,1,1,5,About to Sleep
14029.0,63,2,467.66,3,1,3,7,Others
14030.0,18,8,1783.44,2,1,4,7,At Risk
14031.0,7,17,12308.78,1,1,5,7,At Risk
14032.0,2,11,2975.59,1,1,5,7,At Risk
14034.0,22,3,564.02,2,1,3,6,At Risk
14035.0,29,5,1413.02,2,1,4,7,At Risk
14036.0,285,1,626.65,5,1,3,9,Promising
14037.0,176,2,147.20000000000002,4,1,1,6,New Customers
14038.0,78,3,1560.38,4,1,4,9,Promising
14039.0,33,1,152.2,2,1,1,4,About to Sleep
14040.0,41,12,3614.92,3,1,5,9,Others
14041.0,266,1,141.41,5,1,1,7,New Customers
14044.0,27,4,602.87,2,1,3,6,At Risk
14045.0,109,2,1090.8,4,1,4,9,Promising
14046.0,284,1,154.99,5,1,1,7,New Customers
14047.0,9,5,1308.6100000000001,1,1,4,6,At Risk
14048.0,305,1,409.93,5,1,2,8,New Customers
14049.0,17,4,5514.97,2,1,5,8,At Risk
14050.0,32,2,746.36,2,1,3,6,At Risk
14051.0,1,23,15595.390000000001,1,1,5,7,At Risk
14052.0,20,1,225.35999999999999,2,1,1,4,About to Sleep
14053.0,124,2,260.25,4,1,2,7,New Customers
14054.0,65,1,92.46000000000001,3,1,1,5,About to Sleep
14055.0,106,1,725.6400000000001,4,1,3,8,Promising
14056.0,1,23,8214.65,1,1,5,7,At Risk
14057.0,24,16,5831.32,2,1,5,8,At Risk
14059.0,267,1,183.6,5,1,1,7,New Customers
14060.0,5,19,5895.62,1,1,5,7,At Risk
14062.0,10,12,10139.65,1,1,5,7,At Risk
14064.0,29,5,1042.7,2,1,4,7,At Risk
14066.0,267,1,152.55,5,1,1,7,New Customers
14067.0,64,2,355.75,3,1,2,6,About to Sleep
14068.0,320,1,265.85,5,1,2,8,New Customers
14071.0,4,8,1421.8700000000001,1,1,4,6,At Risk
14073.0,32,1,151.04,2,1,1,4,About to Sleep
14075.0,5,3,942.26,1,1,4,6,At Risk
14076.0,129,1,105.52,4,1,1,6,New Customers
14077.0,41,5,499.42,3,1,3,7,Others
14078.0,102,6,1049.37,4,1,4,9,Promising
14079.0,125,1,343.2,4,1,2,7,New Customers
14080.0,33,1,45.599999999999994,2,1,1,4,About to Sleep
14081.0,302,2,934.52,5,1,4,10,Promising
14082.0,365,1,182.25,5,1,1,7,New Customers
14083.0,4,9,1001.48,1,1,4,6,At Risk
14085.0,2,18,4398.69,1,1,5,7,At Risk
14087.0,3,1,194.42,1,1,1,3,Hibernating
14088.0,10,13,49368.61,1,1,5,7,At Risk
14089.0,57,1,161.0,3,1,1,5,About to Sleep
14090.0,325,1,76.32000000000001,5,1,1,7,New Customers
14092.0,8,14,4076.9100000000003,1,1,5,7,At Risk
14093.0,12,1,442.85,1,1,2,4,At Risk
14096.0,4,17,47835.37,1,1,5,7,At Risk
14098.0,37,1,147.35,3,1,1,5,About to Sleep
14099.0,16,11,3087.2200000000003,2,1,5,8,At Risk
14100.0,138,1,194.9,4,1,1,6,New Customers
14101.0,74,6,2885.99,4,1,5,10,Promising
14102.0,5,5,1360.28,1,1,4,6,At Risk
14104.0,166,1,77.36,4,1,1,6,New Customers
14105.0,239,1,1266.23,5,1,4,10,Promising
14107.0,52,7,2703.23,3,1,5,9,Others
14108.0,31,2,581.26,2,1,3,6,At Risk
14109.0,73,1,144.2,4,1,1,6,New Customers
14110.0,4,12,5683.15,1,1,5,7,At Risk
14111.0,14,4,598.65,1,1,3,5,At Risk
14112.0,23,7,2915.15,2,1,5,8,At Risk
14113.0,4,4,1840.42,1,1,4,6,At Risk
14114.0,274,2,284.83,5,1,2,8,New Customers
14116.0,20,5,1382.74,2,1,4,7,At Risk
14117.0,144,1,90.0,4,1,1,6,New Customers
14121.0,4,4,2713.5,1,1,5,7,At Risk
14124.0,84,1,118.08,4,1,1,6,New Customers
14125.0,11,3,2681.53,1,1,5,7,At Risk
14126.0,8,3,385.85,1,1,2,4,At Risk
14127.0,123,3,709.71,4,1,3,8,Promising
14128.0,61,2,637.5,3,1,3,7,Others
14129.0,2,5,1123.8600000000001,1,1,4,6,At Risk
14130.0,319,1,483.86,5,1,3,9,Promising
14132.0,2,11,3586.03,1,1,5,7,At Risk
14133.0,130,3,569.69,4,1,3,8,Promising
14135.0,2,15,4478.31,1,1,5,7,At Risk
14138.0,2,2,982.38,1,1,4,6,At Risk
14139.0,46,1,415.82,3,1,2,6,About to Sleep
14140.0,4,2,935.05,1,1,4,6,At Risk
14141.0,3,4,915.13,1,1,4,6,At Risk
14142.0,373,1,311.81,5,1,2,8,New Customers
14143.0,134,1,115.8,4,1,1,6,New Customers
14145.0,47,4,3742.2,3,1,5,9,Others
14146.0,9,5,4089.3,1,1,5,7,At Risk
14147.0,78,2,483.4,4,1,3,8,Promising
14148.0,234,1,157.2,5,1,1,7,New Customers
14149.0,221,1,446.62,5,1,2,8,New Customers
14150.0,36,2,658.64,3,1,3,7,Others
14152.0,75,2,621.29,4,1,3,8,Promising
14154.0,239,2,1150.62,5,1,4,10,Promising
14155.0,266,1,118.75,5,1,1,7,New Customers
14156.0,10,51,70571.29,1,1,5,7,At Risk
14157.0,20,2,432.88,2,1,2,5,About to Sleep
14158.0,40,1,507.65999999999997,3,1,3,7,Others
14159.0,20,11,4676.06,2,1,5,8,At Risk
14161.0,216,3,1110.52,5,1,4,10,Promising
14162.0,174,2,289.36,4,1,2,7,New Customers
14163.0,87,4,2314.11,4,1,5,10,Promising
14164.0,81,1,1273.77,4,1,4,9,Promising
14165.0,276,1,122.53999999999999,5,1,1,7,New Customers
14167.0,39,4,574.84,3,1,3,7,Others
14171.0,98,1,363.79,4,1,2,7,New Customers
14173.0,11,4,433.89,1,1,2,4,At Risk
14174.0,33,1,134.46,2,1,1,4,About to Sleep
14175.0,60,3,3069.75,3,1,5,9,Others
14176.0,297,4,576.9000000000001,5,1,3,9,Promising
14177.0,86,4,559.41,4,1,3,8,Promising
14178.0,9,7,1620.93,1,1,4,6,At Risk
14179.0,41,2,719.78,3,1,3,7,Others
14180.0,11,25,4170.67,1,1,5,7,At Risk
14184.0,67,1,452.89,3,1,2,6,About to Sleep
14185.0,331,1,32.65,5,1,1,7,New Customers
14188.0,31,6,2054.36,2,1,5,8,At Risk
14189.0,2,15,4636.8,1,1,5,7,At Risk
14191.0,2,13,4684.76,1,1,5,7,At Risk
14193.0,68,2,853.39,3,1,3,7,Others
14194.0,5,21,11246.37,1,1,5,7,At Risk
14195.0,202,2,375.2,5,1,2,8,New Customers
14196.0,107,1,335.52,4,1,2,7,New Customers
14198.0,18,4,681.45,2,1,3,6,At Risk
14199.0,218,1,185.39999999999998,5,1,1,7,New Customers
14201.0,60,7,747.44,3,1,3,7,Others
14204.0,2,1,161.03,1,1,1,3,Hibernating
14205.0,17,2,466.7,2,1,3,6,At Risk
14206.0,239,1,328.15999999999997,5,1,2,8,New Customers
14208.0,95,1,151.74,4,1,1,6,New Customers
14209.0,11,6,2033.53,1,1,5,7,At Risk
14210.0,106,6,1905.8400000000001,4,1,5,10,Promising
14211.0,53,9,2241.1,3,1,5,9,Others
14212.0,90,1,678.8,4,1,3,8,Promising
14214.0,31,5,970.48,2,1,4,7,At Risk
14215.0,12,6,1789.72,1,1,4,6,At Risk
14216.0,3,4,1799.3,1,1,4,6,At Risk
14217.0,2,17,1969.0800000000002,1,1,5,7,At Risk
14218.0,43,1,169.48000000000002,3,1,1,5,About to Sleep
14219.0,4,1,89.94,1,1,1,3,Hibernating
14220.0,247,2,632.4000000000001,5,1,3,9,Promising
14221.0,42,9,3354.3,3,1,5,9,Others
14222.0,177,1,683.17,4,1,3,8,Promising
14223.0,92,3,991.13,4,1,4,9,Promising
14224.0,110,4,959.37,4,1,4,9,Promising
14226.0,30,4,1872.69,2,1,4,7,At Risk
14227.0,26,10,3350.96,2,1,5,8,At Risk
14229.0,52,3,1547.2,3,1,4,8,Others
14231.0,184,3,845.8100000000001,5,1,3,9,Promising
14232.0,43,5,2048.07,3,1,5,9,Others
14233.0,49,4,1230.72,3,1,4,8,Others
14234.0,22,4,775.46,2,1,3,6,At Risk
14235.0,75,5,3144.86,4,1,5,10,Promising
14236.0,81,2,490.86,4,1,3,8,Promising
14237.0,373,1,127.10000000000001,5,1,1,7,New Customers
14238.0,326,1,146.85,5,1,1,7,New Customers
14239.0,43,11,2346.9500000000003,3,1,5,9,Others
14240.0,30,2,890.34,2,1,4,7,At Risk
14241.0,184,1,213.70000000000002,5,1,1,7,New Customers
14242.0,235,2,280.55,5,1,2,8,New Customers
14243.0,9,10,2588.77,1,1,5,7,At Risk
14245.0,220,2,1693.45,5,1,4,10,Promising
14246.0,111,3,1474.06,4,1,4,9,Promising
14247.0,278,1,136.77,5,1,1,7,New Customers
14248.0,318,1,302.58,5,1,2,8,New Customers
14250.0,7,3,1904.05,1,1,4,6,At Risk
14251.0,2,5,2879.7000000000003,1,1,5,7,At Risk
14256.0,260,2,969.0600000000001,5,1,4,10,Promising
14257.0,64,5,2814.17,3,1,5,9,Others
14258.0,9,9,11206.220000000001,1,1,5,7,At Risk
14259.0,142,1,120.0,4,1,1,6,New Customers
14261.0,51,2,1163.45,3,1,4,8,Others
14262.0,8,8,2618.23,1,1,5,7,At Risk
14264.0,155,2,333.97,4,1,2,7,New Customers
14265.0,109,2,496.28,4,1,3,8,Promising
14267.0,163,3,1516.24,4,1,4,9,Promising
14270.0,332,1,492.65000000000003,5,1,3,9,Promising
14271.0,226,1,112.32000000000001,5,1,1,7,New Customers
14272.0,74,2,437.96,4,1,2,7,New Customers
14273.0,51,4,559.97,3,1,3,7,Others
14276.0,99,3,1119.74,4,1,4,9,Promising
14277.0,15,3,4030.6,2,1,5,8,At Risk
14280.0,197,1,134.04,5,1,1,7,New Customers
14282.0,3,15,3729.34,1,1,5,7,At Risk
14284.0,31,2,595.25,2,1,3,6,At Risk
14285.0,21,4,1893.06,2,1,4,7,At Risk
14286.0,24,3,4628.75,2,1,5,8,At Risk
14287.0,8,2,159.35,1,1,1,3,Hibernating
14288.0,213,1,426.6,5,1,2,8,New Customers
14289.0,9,6,911.26,1,1,4,6,At Risk
14290.0,11,5,2274.7,1,1,5,7,At Risk
14291.0,2,11,3851.35,1,1,5,7,At Risk
14292.0,8,9,4838.03,1,1,5,7,At Risk
14293.0,3,4,1046.56,1,1,4,6,At Risk
14295.0,40,1,166.20000000000002,3,1,1,5,About to Sleep
14297.0,18,4,1305.33,2,1,4,7,At Risk
14298.0,8,42,47306.38,1,1,5,7,At Risk
14299.0,8,9,3814.09,1,1,5,7,At Risk
14300.0,19,1,43.2,2,1,1,4,About to Sleep
14301.0,117,1,575.34,4,1,3,8,Promising
14304.0,223,1,367.5,5,1,2,8,New Customers
14305.0,71,3,1843.96,3,1,4,8,Others
14306.0,51,2,1885.64,3,1,4,8,Others
14307.0,89,6,2944.87,4,1,5,10,Promising
14309.0,8,9,2214.29,1,1,5,7,At Risk
14311.0,243,1,310.26,5,1,2,8,New Customers
14312.0,47,6,1586.64,3,1,4,8,Others
14314.0,107,1,120.0,4,1,1,6,New Customers
14315.0,45,6,2394.33,3,1,5,9,Others
14317.0,65,1,508.58,3,1,3,7,Others
14320.0,207,2,477.79,5,1,3,9,Promising
14321.0,11,5,1530.75,1,1,4,6,At Risk
14323.0,115,2,605.0600000000001,4,1,3,8,Promising
14326.0,242,1,183.85,5,1,1,7,New Customers
14327.0,163,1,311.65000000000003,4,1,2,7,New Customers
14329.0,17,7,4874.56,2,1,5,8,At Risk
14331.0,124,2,462.66,4,1,3,8,Promising
14332.0,23,3,866.3100000000001,2,1,3,6,At Risk
14333.0,68,1,415.2,3,1,2,6,About to Sleep
14334.0,17,8,2552.21,2,1,5,8,At Risk
14335.0,16,2,468.26,2,1,3,6,At Risk
14336.0,17,4,1614.91,2,1,4,7,At Risk
14338.0,161,2,588.22,4,1,3,8,Promising
14339.0,243,1,309.52000000000004,5,1,2,8,New Customers
14340.0,219,1,134.7,5,1,1,7,New Customers
14341.0,45,8,2182.28,3,1,5,9,Others
14342.0,21,4,668.5600000000001,2,1,3,6,At Risk
14344.0,127,8,849.98,4,1,3,8,Promising
14345.0,39,1,108.98,3,1,1,5,About to Sleep
14346.0,121,2,936.58,4,1,4,9,Promising
14348.0,260,1,409.57,5,1,2,8,New Customers
14349.0,10,1,133.5,1,1,1,3,Hibernating
14350.0,274,1,282.93,5,1,2,8,New Customers
14351.0,165,1,51.0,4,1,1,6,New Customers
14352.0,157,4,1047.06,4,1,4,9,Promising
14353.0,215,1,90.6,5,1,1,7,New Customers
14354.0,6,2,163.62,1,1,1,3,Hibernating
14355.0,366,1,174.4,5,1,1,7,New Customers
14356.0,80,2,701.23,4,1,3,8,Promising
14357.0,43,1,225.77,3,1,1,5,About to Sleep
14359.0,19,3,895.23,2,1,4,7,At Risk
14360.0,32,4,2009.88,2,1,5,8,At Risk
14362.0,22,1,161.2,2,1,1,4,About to Sleep
14364.0,109,8,3717.35,4,1,5,10,Promising
14367.0,8,16,9261.52,1,1,5,7,At Risk
14368.0,320,1,155.0,5,1,1,7,New Customers
14371.0,295,1,100.5,5,1,1,7,New Customers
14373.0,358,1,51.6,5,1,1,7,New Customers
14375.0,185,1,257.68,5,1,2,8,New Customers
14377.0,191,2,561.15,5,1,3,9,Promising
14379.0,44,2,348.1,3,1,2,6,About to Sleep
14381.0,52,1,202.68,3,1,1,5,About to Sleep
14382.0,26,1,602.12,2,1,3,6,At Risk
14383.0,38,3,1247.69,3,1,4,8,Others
14385.0,9,3,202.10999999999999,1,1,1,3,Hibernating
14386.0,297,1,142.4,5,1,1,7,New Customers
14387.0,33,3,1687.3600000000001,2,1,4,7,At Risk
14388.0,10,8,3212.84,1,1,5,7,At Risk
14389.0,65,2,1043.46,3,1,4,8,Others
14390.0,10,9,4612.87,1,1,5,7,At Risk
14393.0,218,1,67.95,5,1,1,7,New Customers
14395.0,2,9,3507.71,1,1,5,7,At Risk
14396.0,65,2,487.99,3,1,3,7,Others
14397.0,3,19,2509.28,1,1,5,7,At Risk
14400.0,149,1,574.7,4,1,3,8,Promising
14401.0,4,13,3995.3199999999997,1,1,5,7,At Risk
14403.0,130,4,1475.81,4,1,4,9,Promising
14404.0,34,6,1457.3700000000001,3,1,4,8,Others
14406.0,119,1,156.75,4,1,1,6,New Customers
14407.0,107,5,1988.38,4,1,5,10,Promising
14408.0,11,7,2606.53,1,1,5,7,At Risk
14409.0,71,6,1901.1000000000001,3,1,4,8,Others
14410.0,92,9,1105.07,4,1,4,9,Promising
14411.0,311,1,1063.0,5,1,4,10,Promising
14412.0,43,2,770.03,3,1,3,7,Others
14413.0,362,1,122.7,5,1,1,7,New Customers
14414.0,92,7,1441.3,4,1,4,9,Promising
14415.0,1,13,5883.33,1,1,5,7,At Risk
14416.0,22,2,490.22,2,1,3,6,At Risk
14418.0,4,3,1897.3,1,1,4,6,At Risk
14419.0,11,6,1058.06,1,1,4,6,At Risk
14420.0,99,1,387.52,4,1,2,7,New Customers
14421.0,57,2,813.11,3,1,3,7,Others
14422.0,1,6,4263.64,1,1,5,7,At Risk
14423.0,218,1,265.2,5,1,2,8,New Customers
14424.0,18,1,322.08,2,1,2,5,About to Sleep
14426.0,24,10,4447.77,2,1,5,8,At Risk
14427.0,50,2,363.34000000000003,3,1,2,6,About to Sleep
14428.0,7,5,1219.83,1,1,4,6,At Risk
14431.0,303,1,470.36,5,1,3,9,Promising
14432.0,10,6,2255.51,1,1,5,7,At Risk
14434.0,22,6,1372.8,2,1,4,7,At Risk
14436.0,99,1,89.06,4,1,1,6,New Customers
14437.0,366,1,63.0,5,1,1,7,New Customers
14438.0,306,1,131.9,5,1,1,7,New Customers
14439.0,320,1,2661.24,5,1,5,11,Promising
14440.0,8,5,2357.68,1,1,5,7,At Risk
14441.0,1,4,1696.24,1,1,4,6,At Risk
14442.0,205,2,1500.02,5,1,4,10,Promising
14443.0,54,4,1384.25,3,1,4,8,Others
14446.0,1,4,1039.58,1,1,4,6,At Risk
14447.0,19,5,1163.23,2,1,4,7,At Risk
14448.0,9,2,375.35,1,1,2,4,At Risk
14449.0,19,4,907.1,2,1,4,7,At Risk
14450.0,181,3,483.25,5,1,3,9,Promising
14451.0,60,2,662.59,3,1,3,7,Others
14452.0,11,2,247.49,1,1,2,4,At Risk
14453.0,190,1,119.93,5,1,1,7,New Customers
14456.0,5,9,3062.4,1,1,5,7,At Risk
14457.0,311,1,113.64,5,1,1,7,New Customers
14459.0,155,1,1837.92,4,1,4,9,Promising
14460.0,110,3,392.58,4,1,2,7,New Customers
14461.0,148,3,2086.11,4,1,5,10,Promising
14462.0,66,11,1987.07,3,1,5,9,Others
14463.0,98,3,514.62,4,1,3,8,Promising
14465.0,247,3,1058.6200000000001,5,1,4,10,Promising
14466.0,29,7,2272.4,2,1,5,8,At Risk
14467.0,18,4,598.76,2,1,3,6,At Risk
14470.0,12,2,411.19,1,1,2,4,At Risk
14472.0,104,8,1869.99,4,1,4,9,Promising
14473.0,74,2,234.34,4,1,2,7,New Customers
14474.0,46,1,514.36,3,1,3,7,Others
14475.0,72,3,925.85,4,1,4,9,Promising
14476.0,257,1,215.7,5,1,1,7,New Customers
14477.0,20,4,1309.6,2,1,4,7,At Risk
14479.0,254,2,316.25,5,1,2,8,New Customers
14480.0,11,1,279.05,1,1,2,4,At Risk
14481.0,165,2,636.51,4,1,3,8,Promising
14482.0,18,6,1907.5,2,1,5,8,At Risk
14483.0,282,1,137.1,5,1,1,7,New Customers
14484.0,50,1,321.92,3,1,2,6,About to Sleep
14485.0,39,1,165.75,3,1,1,5,About to Sleep
14487.0,27,6,1134.48,2,1,4,7,At Risk
14488.0,68,1,1064.28,3,1,4,8,Others
14489.0,207,1,463.38,5,1,3,9,Promising
14491.0,175,2,340.93,4,1,2,7,New Customers
14493.0,7,5,2343.29,1,1,5,7,At Risk
14494.0,26,1,139.56,2,1,1,4,About to Sleep
14495.0,51,2,123.80000000000001,3,1,1,5,About to Sleep
14496.0,312,2,538.8100000000001,5,1,3,9,Promising
14497.0,309,1,475.37,5,1,3,9,Promising
14498.0,43,5,1787.32,3,1,4,8,Others
14499.0,26,3,815.32,2,1,3,6,At Risk
14500.0,88,3,356.85,4,1,2,7,New Customers
14501.0,184,2,251.21,5,1,2,8,New Customers
14502.0,20,11,2436.77,2,1,5,8,At Risk
14503.0,3,6,3511.36,1,1,5,7,At Risk
14504.0,47,4,673.26,3,1,3,7,Others
14505.0,17,8,5818.79,2,1,5,8,At Risk
14506.0,17,5,2012.17,2,1,5,8,At Risk
14507.0,24,6,1366.23,2,1,4,7,At Risk
14508.0,22,2,276.42,2,1,2,5,About to Sleep
14511.0,11,5,1289.81,1,1,4,6,At Risk
14512.0,188,2,225.38,5,1,1,7,New Customers
14513.0,207,2,317.35,5,1,2,8,New Customers
14514.0,61,3,1055.35,3,1,4,8,Others
14515.0,18,6,2082.14,2,1,5,8,At Risk
14517.0,33,2,330.45,2,1,2,5,About to Sleep
14518.0,64,1,157.42,3,1,1,5,About to Sleep
14520.0,2,2,270.6,1,1,2,4,At Risk
14522.0,24,4,974.54,2,1,4,7,At Risk
14523.0,108,1,241.09,4,1,2,7,New Customers
14524.0,32,9,1711.88,2,1,4,7,At Risk
14525.0,20,9,4225.45,2,1,5,8,At Risk
14527.0,3,55,8069.12,1,2,5,8,At Risk
14528.0,37,1,364.21999999999997,3,1,2,6,About to Sleep
14529.0,60,3,620.04,3,1,3,7,Others
14530.0,26,6,2777.21,2,1,5,8,At Risk
14532.0,236,4,915.9,5,1,4,10,Promising
14533.0,25,7,1745.72,2,1,4,7,At Risk
14534.0,3,18,4380.25,1,1,5,7,At Risk
14535.0,60,3,2864.19,3,1,5,9,Others
14536.0,260,1,171.8,5,1,1,7,New Customers
14537.0,58,1,355.56,3,1,2,6,About to Sleep
14538.0,65,2,388.25,3,1,2,6,About to Sleep
14539.0,16,2,537.48,2,1,3,6,At Risk
14540.0,10,3,996.26,1,1,4,6,At Risk
14541.0,59,8,1461.65,3,1,4,8,Others
14542.0,186,1,103.25,5,1,1,7,New Customers
14543.0,29,16,3562.53,2,1,5,8,At Risk
14544.0,24,2,1903.82,2,1,4,7,At Risk
14546.0,5,5,2578.09,1,1,5,7,At Risk
14547.0,4,8,3895.69,1,1,5,7,At Risk
14548.0,151,2,652.8,4,1,3,8,Promising
14549.0,311,1,289.24,5,1,2,8,New Customers
14550.0,11,2,765.62,1,1,3,5,At Risk
14551.0,18,2,186.23,2,1,1,4,About to Sleep
14552.0,152,1,165.07,4,1,1,6,New Customers
14553.0,19,5,694.27,2,1,3,6,At Risk
14554.0,10,4,2356.09,1,1,5,7,At Risk
14555.0,57,2,324.14,3,1,2,6,About to Sleep
14557.0,85,1,788.38,4,1,3,8,Promising
14560.0,7,21,2136.97,1,1,5,7,At Risk
14561.0,76,3,1080.76,4,1,4,9,Promising
14562.0,4,18,4994.87,1,1,5,7,At Risk
14565.0,96,4,2949.12,4,1,5,10,Promising
14567.0,57,2,1530.3600000000001,3,1,4,8,Others
14569.0,1,1,227.39,1,1,1,3,Hibernating
14570.0,281,2,218.06,5,1,1,7,New Customers
14572.0,3,7,2792.94,1,1,5,7,At Risk
14573.0,180,9,1602.57,5,1,4,10,Promising
14576.0,372,1,35.400000000000006,5,1,1,7,New Customers
14577.0,13,4,859.71,1,1,3,5,At Risk
14578.0,3,1,168.63,1,1,1,3,Hibernating
14581.0,17,1,138.6,2,1,1,4,About to Sleep
14582.0,41,1,114.11,3,1,1,5,About to Sleep
14583.0,6,5,1052.55,1,1,4,6,At Risk
14584.0,169,4,978.46,4,1,4,9,Promising
14585.0,50,1,157.05,3,1,1,5,About to Sleep
14586.0,277,1,237.35999999999999,5,1,2,8,New Customers
14587.0,19,9,1601.14,2,1,4,7,At Risk
14589.0,372,1,39.75,5,1,1,7,New Customers
14591.0,15,4,1413.24,2,1,4,7,At Risk
14592.0,35,3,570.46,3,1,3,7,Others
14593.0,22,3,617.99,2,1,3,6,At Risk
14594.0,7,2,379.83,1,1,2,4,At Risk
14595.0,20,6,1740.6000000000001,2,1,4,7,At Risk
14597.0,11,2,883.15,1,1,4,6,At Risk
14598.0,44,1,221.97,3,1,1,5,About to Sleep
14600.0,306,1,393.33000000000004,5,1,2,8,New Customers
14601.0,11,1,213.96,1,1,1,3,Hibernating
14606.0,1,90,11493.7,1,2,5,8,At Risk
14607.0,16,12,9756.54,2,1,5,8,At Risk
14608.0,4,4,1785.15,1,1,4,6,At Risk
14616.0,243,3,406.08000000000004,5,1,2,8,New Customers
14618.0,9,3,523.44,1,1,3,5,At Risk
14619.0,246,1,394.44,5,1,2,8,New Customers
14620.0,206,2,412.78000000000003,5,1,2,8,New Customers
14621.0,1,5,1737.51,1,1,4,6,At Risk
14622.0,185,1,320.58000000000004,5,1,2,8,New Customers
14623.0,32,5,889.25,2,1,4,7,At Risk
14624.0,57,2,225.85,3,1,1,5,About to Sleep
14625.0,196,2,865.73,5,1,3,9,Promising
14626.0,24,4,2751.32,2,1,5,8,At Risk
14628.0,91,2,655.01,4,1,3,8,Promising
14629.0,4,2,925.71,1,1,4,6,At Risk
14631.0,51,3,1006.98,3,1,4,8,Others
14632.0,263,1,114.56,5,1,1,7,New Customers
14633.0,266,1,344.90000000000003,5,1,2,8,New Customers
14636.0,36,2,609.85,3,1,3,7,Others
14638.0,51,1,443.6,3,1,2,6,About to Sleep
14639.0,52,6,2848.89,3,1,5,9,Others
14640.0,24,6,2091.78,2,1,5,8,At Risk
14641.0,22,1,110.46000000000001,2,1,1,4,About to Sleep
14642.0,59,1,96.12,3,1,1,5,About to Sleep
14643.0,170,2,693.8100000000001,4,1,3,8,Promising
14644.0,68,2,830.76,3,1,3,7,Others
14645.0,157,2,557.14,4,1,3,8,Promising
14646.0,2,63,158967.8,1,2,5,8,At Risk
14647.0,201,1,243.22,5,1,2,8,New Customers
14649.0,5,4,1387.05,1,1,4,6,At Risk
14651.0,67,2,603.75,3,1,3,7,Others
14652.0,77,1,114.18,4,1,1,6,New Customers
14653.0,1,7,1947.55,1,1,5,7,At Risk
14655.0,8,4,1932.23,1,1,5,7,At Risk
14656.0,169,2,291.05,4,1,2,7,New Customers
14657.0,18,4,848.22,2,1,3,6,At Risk
14658.0,5,2,207.2,1,1,1,3,Hibernating
14659.0,9,9,2529.93,1,1,5,7,At Risk
14660.0,87,2,285.74,4,1,2,7,New Customers
14661.0,27,1,107.95,2,1,1,4,About to Sleep
14662.0,29,4,771.17,2,1,3,6,At Risk
14664.0,20,2,637.89,2,1,3,6,At Risk
14665.0,61,5,1717.05,3,1,4,8,Others
14666.0,24,1,195.25,2,1,1,4,About to Sleep
14667.0,11,25,9160.77,1,1,5,7,At Risk
14669.0,242,3,1236.09,5,1,4,10,Promising
14670.0,280,2,411.53,5,1,2,8,New Customers
14672.0,235,2,765.5500000000001,5,1,3,9,Promising
14673.0,3,5,1736.4,1,1,4,6,At Risk
14675.0,16,1,604.75,2,1,3,6,At Risk
14676.0,31,6,2290.7200000000003,2,1,5,8,At Risk
14680.0,25,16,25618.61,2,1,5,8,At Risk
14681.0,71,3,498.95,3,1,3,7,Others
14682.0,188,2,52.0,5,1,1,7,New Customers
14684.0,26,5,1236.28,2,1,4,7,At Risk
14687.0,107,1,549.1800000000001,4,1,3,8,Promising
14688.0,8,21,5605.87,1,1,5,7,At Risk
14689.0,209,1,112.80000000000001,5,1,1,7,New Customers
14690.0,44,2,371.7,3,1,2,6,About to Sleep
14691.0,31,5,2114.33,2,1,5,8,At Risk
14692.0,137,4,591.55,4,1,3,8,Promising
14693.0,265,1,172.9,5,1,1,7,New Customers
14696.0,4,7,2078.95,1,1,5,7,At Risk
14697.0,218,2,188.61,5,1,1,7,New Customers
14698.0,2,5,1250.76,1,1,4,6,At Risk
14699.0,214,1,109.13000000000001,5,1,1,7,New Customers
14700.0,32,3,2235.3,2,1,5,8,At Risk
14701.0,11,9,2128.9700000000003,1,1,5,7,At Risk
14702.0,1,17,3088.7400000000002,1,1,5,7,At Risk
14703.0,15,1,318.17,2,1,2,5,About to Sleep
14704.0,20,7,1516.91,2,1,4,7,At Risk
14705.0,199,1,179.0,5,1,1,7,New Customers
14708.0,3,3,988.13,1,1,4,6,At Risk
14709.0,15,13,4921.04,2,1,5,8,At Risk
14710.0,14,4,606.13,1,1,3,5,At Risk
14711.0,10,11,2213.8,1,1,5,7,At Risk
14712.0,29,3,917.07,2,1,4,7,At Risk
14713.0,9,11,2666.36,1,1,5,7,At Risk
14714.0,24,1,79.55,2,1,1,4,About to Sleep
14715.0,25,4,850.4300000000001,2,1,3,6,At Risk
14716.0,43,2,329.68,3,1,2,6,About to Sleep
14719.0,2,5,1602.13,1,1,4,6,At Risk
14720.0,6,3,612.96,1,1,3,5,At Risk
14722.0,147,1,187.92,4,1,1,6,New Customers
14723.0,10,6,1141.35,1,1,4,6,At Risk
14725.0,25,1,718.08,2,1,3,6,At Risk
14727.0,274,1,116.03,5,1,1,7,New Customers
14729.0,374,1,313.49,5,1,2,8,New Customers
14730.0,1,8,1895.66,1,1,4,6,At Risk
14731.0,47,3,380.02,3,1,2,6,About to Sleep
14732.0,8,8,2685.54,1,1,5,7,At Risk
14733.0,16,12,9585.91,2,1,5,8,At Risk
14735.0,4,31,6050.6900000000005,1,1,5,7,At Risk
14737.0,4,3,1164.55,1,1,4,6,At Risk
14738.0,43,7,1294.5,3,1,4,8,Others
14739.0,4,7,3132.84,1,1,5,7,At Risk
14740.0,197,3,1380.41,5,1,4,10,Promising
14741.0,12,6,1306.74,1,1,4,6,At Risk
14744.0,16,7,1084.98,2,1,4,7,At Risk
14745.0,113,5,1220.26,4,1,4,9,Promising
14747.0,249,1,294.3,5,1,2,8,New Customers
14748.0,29,5,1415.75,2,1,4,7,At Risk
14752.0,44,1,180.84,3,1,1,5,About to Sleep
14753.0,87,1,563.15,4,1,3,8,Promising
14754.0,45,2,638.05,3,1,3,7,Others
14755.0,10,11,4970.33,1,1,5,7,At Risk
14756.0,15,1,705.66,2,1,3,6,At Risk
14757.0,75,1,420.5,4,1,2,7,New Customers
14758.0,145,4,1400.26,4,1,4,9,Promising
14759.0,5,3,1610.02,1,1,4,6,At Risk
14760.0,297,1,89.2,5,1,1,7,New Customers
14761.0,59,2,255.9,3,1,2,6,About to Sleep
14762.0,264,1,300.52,5,1,2,8,New Customers
14764.0,47,1,278.3,3,1,2,6,About to Sleep
14765.0,29,3,254.11,2,1,2,5,About to Sleep
14766.0,8,6,2473.37,1,1,5,7,At Risk
14768.0,17,2,192.60000000000002,2,1,1,4,About to Sleep
14769.0,3,8,10389.05,1,1,5,7,At Risk
14770.0,232,2,876.4200000000001,5,1,4,10,Promising
14772.0,112,1,139.26,4,1,1,6,New Customers
14775.0,58,3,1011.9,3,1,4,8,Others
14776.0,51,11,2538.2999999999997,3,1,5,9,Others
14778.0,127,2,730.86,4,1,3,8,Promising
14779.0,281,3,254.4,5,1,2,8,New Customers
14780.0,55,2,430.73,3,1,2,6,About to Sleep
14782.0,320,1,200.10000000000002,5,1,1,7,New Customers
14784.0,26,2,250.04000000000002,2,1,2,5,About to Sleep
14785.0,10,2,77.4,1,1,1,3,Hibernating
14788.0,7,2,679.44,1,1,3,5,At Risk
14789.0,29,1,197.64,2,1,1,4,About to Sleep
14790.0,17,4,745.06,2,1,3,6,At Risk
14792.0,64,1,6.2,3,1,1,5,About to Sleep
14793.0,21,1,228.99,2,1,1,4,About to Sleep
14794.0,3,6,1235.16,1,1,4,6,At Risk
14795.0,166,1,131.45000000000002,4,1,1,6,New Customers
14796.0,1,17,8022.49,1,1,5,7,At Risk
14798.0,53,3,173.74,3,1,1,5,About to Sleep
14799.0,51,1,157.7,3,1,1,5,About to Sleep
14800.0,48,12,4238.04,3,1,5,9,Others
14801.0,61,1,193.14,3,1,1,5,About to Sleep
14803.0,162,3,845.5500000000001,4,1,3,8,Promising
14804.0,9,1,353.27,1,1,2,4,At Risk
14805.0,15,4,554.65,2,1,3,6,At Risk
14806.0,75,1,193.39000000000001,4,1,1,6,New Customers
14808.0,40,7,2267.87,3,1,5,9,Others
14810.0,41,11,2067.93,3,1,5,9,Others
14813.0,370,2,155.43,5,1,1,7,New Customers
14815.0,37,2,778.5,3,1,3,7,Others
14816.0,197,1,21.85,5,1,1,7,New Customers
14817.0,200,2,1010.34,5,1,4,10,Promising
14818.0,74,3,657.8,4,1,3,8,Promising
14819.0,64,2,272.07,3,1,2,6,About to Sleep
14820.0,21,4,507.29,2,1,3,6,At Risk
14821.0,367,1,48.800000000000004,5,1,1,7,New Customers
14823.0,180,3,321.43,5,1,2,8,New Customers
14824.0,10,4,1127.71,1,1,4,6,At Risk
14825.0,4,12,2226.9100000000003,1,1,5,7,At Risk
14828.0,197,3,1405.1200000000001,5,1,4,10,Promising
14829.0,29,4,697.55,2,1,3,6,At Risk
14830.0,53,1,197.13,3,1,1,5,About to Sleep
14834.0,18,6,1720.3,2,1,4,7,At Risk
14836.0,10,3,102.45,1,1,1,3,Hibernating
14837.0,90,4,1649.5,4,1,4,9,Promising
14840.0,268,1,62.85,5,1,1,7,New Customers
14841.0,53,6,3295.76,3,1,5,9,Others
14842.0,44,4,2529.69,3,1,5,9,Others
14844.0,64,4,2831.81,3,1,5,9,Others
14847.0,149,1,309.40000000000003,4,1,2,7,New Customers
14849.0,22,25,7851.34,2,1,5,8,At Risk
14850.0,312,1,325.75,5,1,2,8,New Customers
14851.0,23,2,511.35,2,1,3,6,At Risk
14852.0,58,6,2819.7400000000002,3,1,5,9,Others
14853.0,24,2,475.8,2,1,3,6,At Risk
14854.0,78,7,2648.03,4,1,5,10,Promising
14855.0,119,2,645.65,4,1,3,8,Promising
14856.0,36,3,1311.38,3,1,4,8,Others
14857.0,60,2,1173.1200000000001,3,1,4,8,Others
14859.0,13,4,1336.79,1,1,4,6,At Risk
14860.0,19,1,170.32,2,1,1,4,About to Sleep
14861.0,52,1,125.79,3,1,1,5,About to Sleep
14862.0,26,2,841.2,2,1,3,6,At Risk
14863.0,29,1,266.76,2,1,2,5,About to Sleep
14865.0,7,2,52.2,1,1,1,3,Hibernating
14866.0,11,10,9371.48,1,1,5,7,At Risk
14867.0,186,3,710.28,5,1,3,9,Promising
14868.0,3,8,2937.64,1,1,5,7,At Risk
14869.0,9,2,708.75,1,1,3,5,At Risk
14870.0,262,1,327.25,5,1,2,8,New Customers
14871.0,3,4,522.38,1,1,3,5,At Risk
14873.0,210,1,519.68,5,1,3,9,Promising
14875.0,108,2,1308.57,4,1,4,9,Promising
14878.0,13,9,1485.54,1,1,4,6,At Risk
14880.0,77,3,691.19,4,1,3,8,Promising
14881.0,20,1,255.4,2,1,2,5,About to Sleep
14882.0,27,2,589.7,2,1,3,6,At Risk
14883.0,19,6,761.59,2,1,3,6,At Risk
14885.0,132,1,765.3199999999999,4,1,3,8,Promising
14886.0,253,1,364.8,5,1,2,8,New Customers
14887.0,79,1,72.0,4,1,1,6,New Customers
14888.0,207,1,369.2,5,1,2,8,New Customers
14889.0,336,1,135.9,5,1,1,7,New Customers
14890.0,254,1,125.65,5,1,1,7,New Customers
14891.0,148,2,554.38,4,1,3,8,Promising
14893.0,10,2,1212.9,1,1,4,6,At Risk
14894.0,85,1,655.75,4,1,3,8,Promising
14895.0,8,20,10723.26,1,1,5,7,At Risk
14896.0,205,2,468.77000000000004,5,1,3,9,Promising
14897.0,8,4,1283.18,1,1,4,6,At Risk
14898.0,23,6,1069.18,2,1,4,7,At Risk
14901.0,11,9,1421.29,1,1,4,6,At Risk
14902.0,26,1,332.66,2,1,2,5,About to Sleep
14903.0,21,5,2752.03,2,1,5,8,At Risk
14904.0,2,2,913.12,1,1,4,6,At Risk
14905.0,158,2,616.15,4,1,3,8,Promising
14907.0,3,7,3337.6,1,1,5,7,At Risk
14908.0,74,1,277.8,4,1,2,7,New Customers
14910.0,3,4,434.35,1,1,2,4,At Risk
14911.0,1,198,125132.11,1,4,5,10,At Risk
14912.0,17,2,811.69,2,1,3,6,At Risk
14913.0,36,4,1227.43,3,1,4,8,Others
14915.0,91,2,307.48,4,1,2,7,New Customers
14916.0,71,4,1268.98,3,1,4,8,Others
14918.0,116,2,1610.15,4,1,4,9,Promising
14920.0,213,2,960.82,5,1,4,10,Promising
14921.0,30,2,1316.07,2,1,4,7,At Risk
14923.0,51,1,749.1,3,1,3,7,Others
14924.0,246,1,185.05,5,1,1,7,New Customers
14929.0,32,1,223.88,2,1,1,4,About to Sleep
14930.0,109,3,2271.16,4,1,5,10,Promising
14931.0,5,4,864.6800000000001,1,1,3,5,At Risk
14932.0,366,1,313.53,5,1,2,8,New Customers
14934.0,82,2,1873.99,4,1,4,9,Promising
14935.0,297,1,1520.1599999999999,5,1,4,10,Promising
14936.0,34,8,7955.17,3,1,5,9,Others
14937.0,57,3,1621.88,3,1,4,8,Others
14944.0,30,12,5866.35,2,1,5,8,At Risk
14946.0,14,1,100.9,1,1,1,3,Hibernating
14947.0,72,2,275.82,4,1,2,7,New Customers
14948.0,23,6,1101.97,2,1,4,7,At Risk
14950.0,19,1,371.2,2,1,2,5,About to Sleep
14951.0,79,1,311.69,4,1,2,7,New Customers
14952.0,60,11,7785.09,3,1,5,9,Others
14953.0,25,1,289.82,2,1,2,5,About to Sleep
14954.0,12,1,296.27,1,1,2,4,At Risk
14957.0,253,1,58.49,5,1,1,7,New Customers
14958.0,147,3,435.88,4,1,2,7,New Customers
14959.0,64,4,695.42,3,1,3,7,Others
14960.0,8,2,221.27,1,1,1,3,Hibernating
14961.0,11,9,7044.68,1,1,5,7,At Risk
14962.0,271,1,126.7,5,1,1,7,New Customers
14963.0,10,5,1487.8,1,1,4,6,At Risk
14964.0,247,1,206.21,5,1,1,7,New Customers
14965.0,96,2,599.0,4,1,3,8,Promising
14966.0,15,1,191.32,2,1,1,4,About to Sleep
14967.0,50,1,463.8,3,1,3,7,Others
14968.0,30,1,147.59,2,1,1,4,About to Sleep
14970.0,68,4,1592.06,3,1,4,8,Others
14971.0,35,3,1100.62,3,1,4,8,Others
14972.0,128,1,114.77,4,1,1,6,New Customers
14973.0,107,3,564.45,4,1,3,8,Promising
14974.0,37,1,114.39,3,1,1,5,About to Sleep
14975.0,57,1,279.94,3,1,2,6,About to Sleep
14976.0,57,6,775.86,3,1,3,7,Others
14978.0,72,5,1931.42,4,1,5,10,Promising
14981.0,246,1,102.12,5,1,1,7,New Customers
14984.0,19,2,213.27,2,1,1,4,About to Sleep
14985.0,198,2,296.75,5,1,2,8,New Customers
14987.0,16,2,326.4,2,1,2,5,About to Sleep
14988.0,212,1,334.54,5,1,2,8,New Customers
14995.0,39,2,233.23000000000002,3,1,2,6,About to Sleep
14997.0,46,3,546.1999999999999,3,1,3,7,Others
14998.0,170,2,429.87,4,1,2,7,New Customers
15000.0,48,1,490.52,3,1,3,7,Others
15002.0,116,4,1641.76,4,1,4,9,Promising
15004.0,147,1,1214.42,4,1,4,9,Promising
15005.0,16,28,6282.67,2,1,5,8,At Risk
15006.0,51,1,502.09,3,1,3,7,Others
15007.0,159,1,156.91,4,1,1,6,New Customers
15009.0,12,3,1245.13,1,1,4,6,At Risk
15010.0,36,1,308.94,3,1,2,6,About to Sleep
15012.0,54,2,423.04,3,1,2,6,About to Sleep
15014.0,43,2,260.17,3,1,2,6,About to Sleep
15016.0,173,1,170.04,4,1,1,6,New Customers
15017.0,34,1,125.58,3,1,1,5,About to Sleep
15018.0,39,3,431.26,3,1,2,6,About to Sleep
15019.0,267,1,266.0,5,1,2,8,New Customers
15021.0,9,9,1894.8700000000001,1,1,4,6,At Risk
15022.0,12,3,865.09,1,1,3,5,At Risk
15023.0,3,11,6461.96,1,1,5,7,At Risk
15024.0,10,10,1661.33,1,1,4,6,At Risk
15025.0,33,1,377.01,2,1,2,5,About to Sleep
15026.0,80,3,469.0,4,1,3,8,Promising
15027.0,31,4,1066.15,2,1,4,7,At Risk
15028.0,8,4,627.13,1,1,3,5,At Risk
15030.0,72,2,518.28,4,1,3,8,Promising
15031.0,4,4,668.14,1,1,3,5,At Risk
15032.0,256,3,3639.1,5,1,5,11,Promising
15033.0,5,10,2538.82,1,1,5,7,At Risk
15034.0,16,8,4190.96,2,1,5,8,At Risk
15035.0,90,1,252.73000000000002,4,1,2,7,New Customers
15036.0,72,3,465.55,4,1,3,8,Promising
15038.0,59,6,705.49,3,1,3,7,Others
15039.0,10,47,19406.54,1,1,5,7,At Risk
15041.0,170,1,180.35,4,1,1,6,New Customers
15042.0,199,1,135.93,5,1,1,7,New Customers
15043.0,31,1,537.0,2,1,3,6,At Risk
15044.0,19,17,7643.38,2,1,5,8,At Risk
15045.0,152,2,735.66,4,1,3,8,Promising
15046.0,9,15,4477.59,1,1,5,7,At Risk
15047.0,270,1,343.62,5,1,2,8,New Customers
15048.0,65,4,384.05,3,1,2,6,About to Sleep
15049.0,274,1,121.17000000000002,5,1,1,7,New Customers
15050.0,25,3,1782.09,2,1,4,7,At Risk
15051.0,23,3,1305.81,2,1,4,7,At Risk
15052.0,319,1,135.88,5,1,1,7,New Customers
15053.0,5,3,697.79,1,1,3,5,At Risk
15054.0,12,2,302.1,1,1,2,4,At Risk
15057.0,275,2,1489.5,5,1,4,10,Promising
15058.0,25,11,2055.19,2,1,5,8,At Risk
15059.0,41,9,1286.87,3,1,4,8,Others
15060.0,8,4,303.09000000000003,1,1,2,4,At Risk
15061.0,4,47,37154.58,1,1,5,7,At Risk
15062.0,71,4,987.86,3,1,4,8,Others
15063.0,213,1,115.6,5,1,1,7,New Customers
15065.0,38,4,2752.53,3,1,5,9,Others
15066.0,53,1,893.59,3,1,4,8,Others
15067.0,78,3,1704.86,4,1,4,9,Promising
15068.0,46,2,553.36,3,1,3,7,Others
15069.0,179,1,1092.58,4,1,4,9,Promising
15070.0,373,1,106.2,5,1,1,7,New Customers
15071.0,94,2,982.07,4,1,4,9,Promising
15073.0,10,3,1043.41,1,1,4,6,At Risk
15074.0,105,1,748.87,4,1,3,8,Promising
15075.0,78,1,773.03,4,1,3,8,Promising
15076.0,173,1,844.9,4,1,3,8,Promising
15078.0,7,32,9743.11,1,1,5,7,At Risk
15079.0,213,3,773.76,5,1,3,9,Promising
15081.0,22,5,488.15000000000003,2,1,3,6,At Risk
15083.0,257,1,88.2,5,1,1,7,New Customers
15087.0,282,1,246.46,5,1,2,8,New Customers
15088.0,21,2,1075.07,2,1,4,7,At Risk
15089.0,10,6,2403.89,1,1,5,7,At Risk
15090.0,308,1,381.32,5,1,2,8,New Customers
15091.0,68,1,480.71,3,1,3,7,Others
15092.0,215,2,457.81,5,1,3,9,Promising
15093.0,18,6,4160.7,2,1,5,8,At Risk
15095.0,104,4,1370.6000000000001,4,1,4,9,Promising
15096.0,43,1,219.39000000000001,3,1,1,5,About to Sleep
15097.0,4,1,248.08,1,1,2,4,At Risk
15098.0,182,1,297.0,5,1,2,8,New Customers
15099.0,84,1,410.48,4,1,2,7,New Customers
15100.0,334,3,876.0,5,1,4,10,Promising
15101.0,9,2,317.53000000000003,1,1,2,4,At Risk
15103.0,31,2,593.36,2,1,3,6,At Risk
15104.0,197,2,837.99,5,1,3,9,Promising
15105.0,18,7,2298.93,2,1,5,8,At Risk
15106.0,18,5,1405.57,2,1,4,7,At Risk
15107.0,311,6,319.5,5,1,2,8,New Customers
15108.0,142,3,1159.25,4,1,4,9,Promising
15109.0,246,1,451.05,5,1,2,8,New Customers
15110.0,24,4,756.4,2,1,3,6,At Risk
15111.0,29,3,1567.48,2,1,4,7,At Risk
15113.0,10,3,3525.81,1,1,5,7,At Risk
15114.0,30,10,2760.56,2,1,5,8,At Risk
15115.0,18,1,306.81,2,1,2,5,About to Sleep
15116.0,18,4,1352.75,2,1,4,7,At Risk
15117.0,15,5,1183.13,2,1,4,7,At Risk
15119.0,246,1,192.55,5,1,1,7,New Customers
15120.0,134,1,302.92,4,1,2,7,New Customers
15121.0,50,2,416.07,3,1,2,6,About to Sleep
15122.0,114,3,1633.78,4,1,4,9,Promising
15123.0,7,2,2199.31,1,1,5,7,At Risk
15124.0,23,2,184.19,2,1,1,4,About to Sleep
15125.0,25,15,10756.84,2,1,5,8,At Risk
15127.0,66,1,406.53000000000003,3,1,2,6,About to Sleep
15128.0,60,4,1471.0,3,1,4,8,Others
15129.0,50,11,3326.77,3,1,5,9,Others
15130.0,170,1,330.11,4,1,2,7,New Customers
15132.0,18,5,977.9300000000001,2,1,4,7,At Risk
15133.0,128,3,982.42,4,1,4,9,Promising
15134.0,15,8,1387.99,2,1,4,7,At Risk
15135.0,239,1,139.05,5,1,1,7,New Customers
15136.0,3,4,1286.7,1,1,4,6,At Risk
15139.0,240,2,178.96,5,1,1,7,New Customers
15140.0,52,7,2275.05,3,1,5,9,Others
15142.0,46,1,498.74,3,1,3,7,Others
15143.0,226,1,259.45,5,1,2,8,New Customers
15144.0,8,17,6580.4400000000005,1,1,5,7,At Risk
15145.0,4,4,1178.78,1,1,4,6,At Risk
15146.0,165,2,1327.16,4,1,4,9,Promising
15147.0,240,1,623.5,5,1,3,9,Promising
15148.0,11,1,301.29,1,1,2,4,At Risk
15149.0,134,1,520.8000000000001,4,1,3,8,Promising
15150.0,17,10,5250.62,2,1,5,8,At Risk
15152.0,10,13,4745.69,1,1,5,7,At Risk
15153.0,31,1,312.3,2,1,2,5,About to Sleep
15154.0,75,1,296.42,4,1,2,7,New Customers
15156.0,1,3,961.49,1,1,4,6,At Risk
15157.0,4,3,1851.07,1,1,4,6,At Risk
15158.0,45,1,401.40000000000003,3,1,2,6,About to Sleep
15159.0,2,29,18101.11,1,1,5,7,At Risk
15160.0,357,1,158.16,5,1,1,7,New Customers
15163.0,18,2,304.47,2,1,2,5,About to Sleep
15164.0,69,3,843.05,3,1,3,7,Others
15165.0,373,1,468.8,5,1,3,9,Promising
15167.0,321,1,163.0,5,1,1,7,New Customers
15168.0,26,1,106.56,2,1,1,4,About to Sleep
15171.0,331,1,1289.5,5,1,4,10,Promising
15172.0,9,5,1609.05,1,1,4,6,At Risk
15174.0,323,1,135.75,5,1,1,7,New Customers
15175.0,72,1,224.14,4,1,1,6,New Customers
15178.0,260,1,40.5,5,1,1,7,New Customers
15179.0,18,5,2042.79,2,1,5,8,At Risk
15180.0,367,1,87.5,5,1,1,7,New Customers
15181.0,66,3,689.48,3,1,3,7,Others
15182.0,154,2,622.85,4,1,3,8,Promising
15184.0,29,2,406.76,2,1,2,5,About to Sleep
15185.0,70,1,230.72,3,1,1,5,About to Sleep
15186.0,14,2,411.41,1,1,2,4,At Risk
15187.0,2,15,4697.38,1,1,5,7,At Risk
15189.0,1,41,15634.95,1,1,5,7,At Risk
15192.0,120,3,1044.32,4,1,4,9,Promising
15193.0,61,1,499.32,3,1,3,7,Others
15194.0,3,15,7311.28,1,1,5,7,At Risk
15197.0,11,3,660.21,1,1,3,5,At Risk
15198.0,92,2,193.64,4,1,1,6,New Customers
15199.0,59,4,1268.7,3,1,4,8,Others
15201.0,87,5,1236.54,4,1,4,9,Promising
15203.0,26,6,1827.8,2,1,4,7,At Risk
15204.0,357,1,316.58,5,1,2,8,New Customers
15205.0,85,2,619.34,4,1,3,8,Promising
15206.0,10,4,420.3,1,1,2,4,At Risk
15208.0,1,5,870.12,1,1,3,5,At Risk
15210.0,225,1,245.28,5,1,2,8,New Customers
15211.0,60,2,894.4100000000001,3,1,4,8,Others
15212.0,241,1,101.8,5,1,1,7,New Customers
15213.0,319,2,328.35,5,1,2,8,New Customers
15214.0,2,8,1661.44,1,1,4,6,At Risk
15215.0,47,3,709.94,3,1,3,7,Others
15216.0,88,1,96.6,4,1,1,6,New Customers
15218.0,11,11,4708.89,1,1,5,7,At Risk
15219.0,176,1,305.75,4,1,2,7,New Customers
15220.0,52,6,1778.96,3,1,4,8,Others
15221.0,366,1,264.6,5,1,2,8,New Customers
15222.0,319,1,585.0,5,1,3,9,Promising
15223.0,226,2,755.75,5,1,3,9,Promising
15224.0,358,2,322.08,5,1,2,8,New Customers
15225.0,234,1,409.40000000000003,5,1,2,8,New Customers
15226.0,311,1,154.41,5,1,1,7,New Customers
15227.0,37,5,1083.8,3,1,4,8,Others
15228.0,66,4,3318.91,3,1,5,9,Others
15230.0,239,2,429.6,5,1,2,8,New Customers
15232.0,113,2,612.06,4,1,3,8,Promising
15234.0,277,1,197.0,5,1,1,7,New Customers
15235.0,218,12,2213.61,5,1,5,11,Promising
15236.0,299,1,321.05,5,1,2,8,New Customers
15237.0,2,4,1395.37,1,1,4,6,At Risk
15238.0,29,3,946.99,2,1,4,7,At Risk
15239.0,10,2,780.59,1,1,3,5,At Risk
15240.0,45,5,1706.57,3,1,4,8,Others
15241.0,67,8,1741.44,3,1,4,8,Others
15243.0,74,1,316.68,4,1,2,7,New Customers
15244.0,65,2,631.57,3,1,3,7,Others
15245.0,134,3,2515.84,4,1,5,10,Promising
15246.0,238,2,514.15,5,1,3,9,Promising
15247.0,122,1,356.0,4,1,2,7,New Customers
15249.0,32,13,6663.51,2,1,5,8,At Risk
15251.0,9,10,9152.19,1,1,5,7,At Risk
15252.0,36,2,740.78,3,1,3,7,Others
15253.0,16,5,918.2,2,1,4,7,At Risk
15254.0,127,1,300.36,4,1,2,7,New Customers
15255.0,67,1,890.85,3,1,4,8,Others
15256.0,149,1,98.45,4,1,1,6,New Customers
15257.0,283,1,118.25,5,1,1,7,New Customers
15258.0,169,2,591.26,4,1,3,8,Promising
15260.0,100,7,1794.8200000000002,4,1,4,9,Promising
15261.0,135,1,254.82,4,1,2,7,New Customers
15262.0,324,1,178.95000000000002,5,1,1,7,New Customers
15263.0,107,1,156.51,4,1,1,6,New Customers
15264.0,64,1,393.74,3,1,2,6,About to Sleep
15265.0,151,2,1489.17,4,1,4,9,Promising
15266.0,338,1,119.3,5,1,1,7,New Customers
15267.0,22,5,1567.6,2,1,4,7,At Risk
15269.0,24,1,118.8,2,1,1,4,About to Sleep
15270.0,16,7,1436.69,2,1,4,7,At Risk
15271.0,7,15,2449.2200000000003,1,1,5,7,At Risk
15272.0,57,2,721.94,3,1,3,7,Others
15274.0,4,2,716.57,1,1,3,5,At Risk
15275.0,38,1,615.14,3,1,3,7,Others
15276.0,66,1,135.31,3,1,1,5,About to Sleep
15277.0,47,1,255.89999999999998,3,1,2,6,About to Sleep
15279.0,355,1,270.56,5,1,2,8,New Customers
15280.0,172,1,113.12,4,1,1,6,New Customers
15281.0,59,9,2332.15,3,1,5,9,Others
15286.0,50,1,240.55,3,1,2,6,About to Sleep
15287.0,22,2,414.69,2,1,2,5,About to Sleep
15288.0,43,5,2306.52,3,1,5,9,Others
15289.0,29,3,939.78,2,1,4,7,At Risk
15290.0,5,18,7778.46,1,1,5,7,At Risk
15291.0,26,13,4227.3,2,1,5,8,At Risk
15292.0,201,1,164.99,5,1,1,7,New Customers
15296.0,51,6,3672.86,3,1,5,9,Others
15297.0,10,3,641.94,1,1,3,5,At Risk
15298.0,2,11,3809.9,1,1,5,7,At Risk
15299.0,67,2,1169.85,3,1,4,8,Others
15300.0,64,1,496.44,3,1,3,7,Others
15301.0,51,11,4447.85,3,1,5,9,Others
15303.0,290,1,542.12,5,1,3,9,Promising
15304.0,61,8,694.4,3,1,3,7,Others
15306.0,64,3,1174.3500000000001,3,1,4,8,Others
15307.0,96,1,205.3,4,1,1,6,New Customers
15308.0,274,1,310.47,5,1,2,8,New Customers
15311.0,1,91,56591.06,1,2,5,8,At Risk
15312.0,75,4,924.85,4,1,4,9,Promising
15313.0,110,1,52.0,4,1,1,6,New Customers
15314.0,199,1,327.97,5,1,2,8,New Customers
15315.0,64,2,570.5,3,1,3,7,Others
15316.0,327,1,165.0,5,1,1,7,New Customers
15318.0,4,1,312.62,1,1,2,4,At Risk
15319.0,284,1,204.5,5,1,1,7,New Customers
15320.0,44,1,197.53,3,1,1,5,About to Sleep
15321.0,71,3,2748.31,3,1,5,9,Others
15322.0,86,1,679.68,4,1,3,8,Promising
15325.0,104,1,162.29,4,1,1,6,New Customers
15326.0,334,1,311.71,5,1,2,8,New Customers
15327.0,53,1,208.75,3,1,1,5,About to Sleep
15329.0,39,3,1049.7,3,1,4,8,Others
15330.0,32,2,297.35999999999996,2,1,2,5,About to Sleep
15332.0,366,4,1661.06,5,1,4,10,Promising
15333.0,208,1,1028.56,5,1,4,10,Promising
15334.0,157,3,351.67,4,1,2,7,New Customers
15335.0,54,1,173.97,3,1,1,5,About to Sleep
15339.0,66,2,574.07,3,1,3,7,Others
15341.0,81,1,2020.52,4,1,5,10,Promising
15342.0,130,1,406.09000000000003,4,1,2,7,New Customers
15343.0,87,1,364.5,4,1,2,7,New Customers
15344.0,1,3,563.94,1,1,3,5,At Risk
15345.0,46,1,373.59000000000003,3,1,2,6,About to Sleep
15346.0,333,1,252.42000000000002,5,1,2,8,New Customers
15347.0,366,1,201.60000000000002,5,1,1,7,New Customers
15348.0,72,1,158.04,4,1,1,6,New Customers
15349.0,158,2,473.81,4,1,3,8,Promising
15350.0,373,1,115.65,5,1,1,7,New Customers
15351.0,12,7,1960.11,1,1,5,7,At Risk
15353.0,255,2,777.02,5,1,3,9,Promising
15355.0,29,2,277.05,2,1,2,5,About to Sleep
15356.0,31,10,2766.5,2,1,5,8,At Risk
15358.0,5,22,8166.24,1,1,5,7,At Risk
15360.0,40,1,427.93,3,1,2,6,About to Sleep
15361.0,362,1,215.4,5,1,1,7,New Customers
15363.0,373,1,326.0,5,1,2,8,New Customers
15364.0,96,2,913.19,4,1,4,9,Promising
15365.0,26,7,2314.32,2,1,5,8,At Risk
15366.0,75,2,602.51,4,1,3,8,Promising
15367.0,57,4,1877.5900000000001,3,1,4,8,Others
15368.0,21,1,167.70000000000002,2,1,1,4,About to Sleep
15370.0,41,7,2386.05,3,1,5,9,Others
15372.0,137,1,1498.12,4,1,4,9,Promising
15373.0,8,11,2364.96,1,1,5,7,At Risk
15374.0,129,1,168.0,4,1,1,6,New Customers
15376.0,40,3,1211.41,3,1,4,8,Others
15379.0,169,7,3703.29,4,1,5,10,Promising
15380.0,9,5,1690.26,1,1,4,6,At Risk
15381.0,268,1,282.3,5,1,2,8,New Customers
15382.0,15,6,5846.150000000001,2,1,5,8,At Risk
15384.0,170,2,642.41,4,1,3,8,Promising
15385.0,40,1,316.88,3,1,2,6,About to Sleep
15386.0,186,1,394.14,5,1,2,8,New Customers
15388.0,270,1,140.54,5,1,1,7,New Customers
15392.0,5,4,1518.58,1,1,4,6,At Risk
15393.0,16,2,231.86,2,1,1,4,About to Sleep
15394.0,10,4,2183.54,1,1,5,7,At Risk
15395.0,326,1,107.45,5,1,1,7,New Customers
15396.0,113,1,288.18,4,1,2,7,New Customers
15397.0,290,1,94.0,5,1,1,7,New Customers
15398.0,16,2,1345.53,2,1,4,7,At Risk
15399.0,1,3,815.77,1,1,3,5,At Risk
15400.0,92,5,716.2,4,1,3,8,Promising
15402.0,149,2,536.0500000000001,4,1,3,8,Promising
15405.0,189,1,349.1,5,1,2,8,New Customers
15406.0,31,2,510.71000000000004,2,1,3,6,At Risk
15407.0,34,4,861.44,3,1,3,7,Others
15408.0,264,1,234.28,5,1,2,8,New Customers
15410.0,84,8,3450.84,4,1,5,10,Promising
15411.0,26,4,1358.88,2,1,4,7,At Risk
15412.0,171,1,190.53,4,1,1,6,New Customers
15414.0,10,3,759.9000000000001,1,1,3,5,At Risk
15415.0,313,1,572.8100000000001,5,1,3,9,Promising
15416.0,65,4,3952.42,3,1,5,9,Others
15417.0,85,1,508.8,4,1,3,8,Promising
15419.0,25,1,135.86,2,1,1,4,About to Sleep
15421.0,59,4,950.36,3,1,4,8,Others
15422.0,323,2,97.7,5,1,1,7,New Customers
15423.0,38,1,43.5,3,1,1,5,About to Sleep
15424.0,254,2,322.86,5,1,2,8,New Customers
15426.0,19,5,1422.39,2,1,4,7,At Risk
15427.0,33,3,1483.14,2,1,4,7,At Risk
15428.0,15,1,93.78,2,1,1,4,About to Sleep
15429.0,27,2,397.35,2,1,2,5,About to Sleep
15432.0,23,1,171.19000000000003,2,1,1,4,About to Sleep
15433.0,214,2,533.3,5,1,3,9,Promising
15434.0,8,5,1041.48,1,1,4,6,At Risk
15435.0,22,1,149.29,2,1,1,4,About to Sleep
15436.0,12,3,1122.53,1,1,4,6,At Risk
15437.0,262,1,200.16,5,1,1,7,New Customers
15438.0,131,1,156.57999999999998,4,1,1,6,New Customers
15440.0,55,3,383.68,3,1,2,6,About to Sleep
15442.0,249,1,594.0,5,1,3,9,Promising
15443.0,2,7,3152.16,1,1,5,7,At Risk
15444.0,9,2,1418.26,1,1,4,6,At Risk
15445.0,264,1,113.5,5,1,1,7,New Customers
15447.0,331,1,155.17000000000002,5,1,1,7,New Customers
15448.0,313,1,494.64,5,1,3,9,Promising
15449.0,26,3,974.52,2,1,4,7,At Risk
15450.0,30,1,429.84,2,1,2,5,About to Sleep
15452.0,30,3,538.73,2,1,3,6,At Risk
15453.0,2,7,1388.37,1,1,4,6,At Risk
15454.0,362,1,179.1,5,1,1,7,New Customers
15456.0,283,3,416.98,5,1,2,8,New Customers
15457.0,262,1,237.07,5,1,2,8,New Customers
15458.0,25,1,161.64,2,1,1,4,About to Sleep
15460.0,354,1,216.76,5,1,1,7,New Customers
15462.0,94,3,234.6,4,1,2,7,New Customers
15463.0,29,1,126.14,2,1,1,4,About to Sleep
15464.0,338,1,888.1,5,1,4,10,Promising
15465.0,20,18,7354.62,2,1,5,8,At Risk
15466.0,85,1,334.53,4,1,2,7,New Customers
15467.0,9,3,499.93,1,1,3,5,At Risk
15468.0,51,2,467.51,3,1,3,7,Others
15469.0,50,2,415.45,3,1,2,6,About to Sleep
15471.0,2,1,469.48,1,1,3,5,At Risk
15472.0,113,1,371.56,4,1,2,7,New Customers
15473.0,14,7,1771.2,1,1,4,6,At Risk
15475.0,77,1,454.11,4,1,2,7,New Customers
15478.0,40,2,1441.42,3,1,4,8,Others
15480.0,116,1,873.6,4,1,3,8,Promising
15482.0,16,11,9550.56,2,1,5,8,At Risk
15483.0,161,4,233.81,4,1,2,7,New Customers
15484.0,1,4,3478.15,1,1,5,7,At Risk
15485.0,30,3,2575.0,2,1,5,8,At Risk
15488.0,93,1,76.32000000000001,4,1,1,6,New Customers
15489.0,23,3,1134.28,2,1,4,7,At Risk
15491.0,95,6,2967.44,4,1,5,10,Promising
15492.0,28,2,659.46,2,1,3,6,At Risk
15493.0,33,5,1981.8500000000001,2,1,5,8,At Risk
15494.0,21,2,1299.23,2,1,4,7,At Risk
15497.0,18,2,936.6,2,1,4,7,At Risk
15498.0,3,27,13228.6,1,1,5,7,At Risk
15500.0,8,4,995.96,1,1,4,6,At Risk
15502.0,16,9,5955.2300000000005,2,1,5,8,At Risk
15503.0,363,1,147.09,5,1,1,7,New Customers
15504.0,81,1,52.83,4,1,1,6,New Customers
15505.0,53,5,3610.96,3,1,5,9,Others
15506.0,23,3,979.26,2,1,4,7,At Risk
15507.0,172,1,492.36,4,1,3,8,Promising
15508.0,189,6,1000.27,5,1,4,10,Promising
15511.0,12,5,909.23,1,1,4,6,At Risk
15512.0,156,2,121.0,4,1,1,6,New Customers
15513.0,33,18,13948.48,2,1,5,8,At Risk
15514.0,12,11,3391.6200000000003,1,1,5,7,At Risk
15516.0,45,3,62.43,3,1,1,5,About to Sleep
15517.0,233,1,267.03,5,1,2,8,New Customers
15518.0,64,8,1942.45,3,1,5,9,Others
15520.0,2,1,343.5,1,1,2,4,At Risk
15521.0,40,8,2687.35,3,1,5,9,Others
15522.0,33,2,398.84,2,1,2,5,About to Sleep
15523.0,84,1,412.01000000000005,4,1,2,7,New Customers
15525.0,2,3,825.92,1,1,3,5,At Risk
15526.0,33,2,148.44,2,1,1,4,About to Sleep
15527.0,19,8,2429.78,2,1,5,8,At Risk
15528.0,254,1,229.33,5,1,1,7,New Customers
15529.0,23,11,3995.23,2,1,5,8,At Risk
15530.0,22,4,1502.3500000000001,2,1,4,7,At Risk
15531.0,8,2,2007.44,1,1,5,7,At Risk
15532.0,25,4,1526.08,2,1,4,7,At Risk
15533.0,19,3,771.67,2,1,3,6,At Risk
15535.0,173,4,536.4,4,1,3,8,Promising
15537.0,163,1,93.97,4,1,1,6,New Customers
15539.0,7,1,538.46,1,1,3,5,At Risk
15540.0,11,1,213.3,1,1,1,3,Hibernating
15541.0,114,1,85.13000000000001,4,1,1,6,New Customers
15543.0,288,1,127.86,5,1,1,7,New Customers
15544.0,9,9,3546.71,1,1,5,7,At Risk
15545.0,54,2,292.71999999999997,3,1,2,6,About to Sleep
15547.0,7,14,4713.34,1,1,5,7,At Risk
15549.0,77,3,1645.41,4,1,4,9,Promising
15550.0,4,4,575.63,1,1,3,5,At Risk
15551.0,37,1,436.06,3,1,2,6,About to Sleep
15552.0,217,1,90.12,5,1,1,7,New Customers
15553.0,60,1,437.23,3,1,2,6,About to Sleep
15554.0,278,1,217.2,5,1,1,7,New Customers
15555.0,12,16,4695.07,1,1,5,7,At Risk
15556.0,24,1,279.77,2,1,2,5,About to Sleep
15557.0,29,1,473.65000000000003,2,1,3,6,At Risk
15561.0,12,4,800.5899999999999,1,1,3,5,At Risk
15562.0,352,1,134.55,5,1,1,7,New Customers
15563.0,22,4,1400.44,2,1,4,7,At Risk
15565.0,50,2,173.16000000000003,3,1,1,5,About to Sleep
15567.0,19,1,186.01,2,1,1,4,About to Sleep
15568.0,3,3,724.39,1,1,3,5,At Risk
15569.0,104,5,1375.71,4,1,4,9,Promising
15570.0,7,12,4082.77,1,1,5,7,At Risk
15571.0,12,4,650.4300000000001,1,1,3,5,At Risk
15572.0,5,7,2341.21,1,1,5,7,At Risk
15573.0,32,2,607.45,2,1,3,6,At Risk
15574.0,178,4,702.25,4,1,3,8,Promising
15576.0,38,1,940.67,3,1,4,8,Others
15577.0,151,3,258.88,4,1,2,7,New Customers
15578.0,162,1,127.1,4,1,1,6,New Customers
15579.0,69,2,348.6,3,1,2,6,About to Sleep
15581.0,156,10,721.63,4,1,3,8,Promising
15582.0,25,3,682.9100000000001,2,1,3,6,At Risk
15584.0,24,4,708.46,2,1,3,6,At Risk
15585.0,177,1,455.3,4,1,2,7,New Customers
15587.0,50,4,913.68,3,1,4,8,Others
15589.0,256,3,456.58,5,1,3,9,Promising
15592.0,47,1,388.58,3,1,2,6,About to Sleep
15593.0,71,1,199.8,3,1,1,5,About to Sleep
15594.0,16,5,1771.78,2,1,4,7,At Risk
15596.0,101,5,1406.59,4,1,4,9,Promising
15597.0,35,1,324.57,3,1,2,6,About to Sleep
15598.0,53,1,240.68,3,1,2,6,About to Sleep
15599.0,27,2,761.74,2,1,3,6,At Risk
15601.0,11,14,6776.56,1,1,5,7,At Risk
15602.0,8,9,1297.8700000000001,1,1,4,6,At Risk
15603.0,79,1,48.480000000000004,4,1,1,6,New Customers
15604.0,52,1,216.39000000000001,3,1,1,5,About to Sleep
15605.0,36,5,1178.28,3,1,4,8,Others
15606.0,61,9,2920.16,3,1,5,9,Others
15607.0,337,1,104.76,5,1,1,7,New Customers
15608.0,28,4,1093.68,2,1,4,7,At Risk
15609.0,184,1,281.53000000000003,5,1,2,8,New Customers
15610.0,52,1,112.46000000000001,3,1,1,5,About to Sleep
15611.0,10,12,1576.45,1,1,4,6,At Risk
15612.0,36,2,180.15,3,1,1,5,About to Sleep
15615.0,10,23,10399.74,1,1,5,7,At Risk
15618.0,33,4,776.851,2,1,3,6,At Risk
15619.0,11,1,336.4,1,1,2,4,At Risk
15620.0,57,3,1523.23,3,1,4,8,Others
15621.0,4,4,1293.03,1,1,4,6,At Risk
15622.0,43,9,3465.11,3,1,5,9,Others
15623.0,141,1,301.03000000000003,4,1,2,7,New Customers
15624.0,117,4,588.13,4,1,3,8,Promising
15625.0,104,4,1534.26,4,1,4,9,Promising
15626.0,75,2,675.8,4,1,3,8,Promising
15628.0,5,9,2870.2400000000002,1,1,5,7,At Risk
15630.0,45,2,1186.35,3,1,4,8,Others
15632.0,16,8,3285.31,2,1,5,8,At Risk
15634.0,17,1,243.55,2,1,2,5,About to Sleep
15636.0,90,2,724.76,4,1,3,8,Promising
15637.0,53,1,223.36,3,1,1,5,About to Sleep
15639.0,134,1,391.42,4,1,2,7,New Customers
15640.0,4,15,11970.86,1,1,5,7,At Risk
15641.0,105,4,1887.2,4,1,4,9,Promising
15643.0,192,3,596.2,5,1,3,9,Promising
15644.0,166,4,813.0,4,1,3,8,Promising
15645.0,19,1,612.01,2,1,3,6,At Risk
15646.0,158,3,447.64000000000004,4,1,2,7,New Customers
15648.0,204,2,657.35,5,1,3,9,Promising
15649.0,336,2,816.0,5,1,3,9,Promising
15651.0,37,3,646.3,3,1,3,7,Others
15652.0,91,1,337.74,4,1,2,7,New Customers
15653.0,116,1,48.0,4,1,1,6,New Customers
15654.0,9,2,907.53,1,1,4,6,At Risk
15655.0,243,1,560.6700000000001,5,1,3,9,Promising
15656.0,45,4,748.5,3,1,3,7,Others
15657.0,23,1,30.0,2,1,1,4,About to Sleep
15658.0,190,5,1004.1500000000001,5,1,4,10,Promising
15659.0,44,1,306.45,3,1,2,6,About to Sleep
15660.0,25,9,1600.86,2,1,4,7,At Risk
15661.0,317,2,309.8,5,1,2,8,New Customers
15663.0,106,1,138.14,4,1,1,6,New Customers
15664.0,51,1,386.43,3,1,2,6,About to Sleep
15665.0,168,2,2217.06,4,1,5,10,Promising
15667.0,40,1,301.32000000000005,3,1,2,6,About to Sleep
15668.0,218,1,76.32000000000001,5,1,1,7,New Customers
15669.0,40,4,684.34,3,1,3,7,Others
15670.0,297,1,173.05,5,1,1,7,New Customers
15671.0,19,7,2585.37,2,1,5,8,At Risk
15673.0,88,4,2847.12,4,1,5,10,Promising
15674.0,73,4,2111.89,4,1,5,10,Promising
15675.0,81,3,306.74,4,1,2,7,New Customers
15676.0,19,3,3348.21,2,1,5,8,At Risk
15677.0,49,1,657.23,3,1,3,7,Others
15678.0,53,1,352.7,3,1,2,6,About to Sleep
15679.0,24,4,781.28,2,1,3,6,At Risk
15680.0,9,3,1333.68,1,1,4,6,At Risk
15681.0,25,5,1426.16,2,1,4,7,At Risk
15683.0,117,1,193.75,4,1,1,6,New Customers
15687.0,9,9,2993.1,1,1,5,7,At Risk
15689.0,120,2,254.1,4,1,2,7,New Customers
15690.0,4,2,239.76,1,1,2,4,At Risk
15691.0,252,1,136.8,5,1,1,7,New Customers
15692.0,28,1,191.04,2,1,1,4,About to Sleep
15694.0,1,13,6326.16,1,1,5,7,At Risk
15695.0,267,2,409.98,5,1,2,8,New Customers
15696.0,33,8,2676.51,2,1,5,8,At Risk
15699.0,18,1,279.7,2,1,2,5,About to Sleep
15700.0,172,2,679.73,4,1,3,8,Promising
15701.0,2,4,1512.19,1,1,4,6,At Risk
15703.0,265,1,211.5,5,1,1,7,New Customers
15704.0,140,4,2293.62,4,1,5,10,Promising
15705.0,201,1,143.1,5,1,1,7,New Customers
15706.0,64,4,1060.56,3,1,4,8,Others
15707.0,35,4,945.58,3,1,4,8,Others
15708.0,41,7,3364.2400000000002,3,1,5,9,Others
15709.0,284,1,133.25,5,1,1,7,New Customers
15712.0,9,5,1072.3600000000001,1,1,4,6,At Risk
15713.0,143,2,356.7,4,1,2,7,New Customers
15714.0,12,2,330.88,1,1,2,4,At Risk
15716.0,146,4,1118.81,4,1,4,9,Promising
15717.0,234,1,150.3,5,1,1,7,New Customers
15719.0,33,13,5045.61,2,1,5,8,At Risk
15720.0,24,1,581.78,2,1,3,6,At Risk
15721.0,12,1,507.08000000000004,1,1,3,5,At Risk
15722.0,36,5,1991.5600000000002,3,1,5,9,Others
15723.0,365,1,203.10000000000002,5,1,1,7,New Customers
15724.0,201,2,218.25,5,1,1,7,New Customers
15725.0,15,1,415.25,2,1,2,5,About to Sleep
15727.0,17,7,4678.96,2,1,5,8,At Risk
15729.0,213,1,85.0,5,1,1,7,New Customers
15730.0,66,3,1120.88,3,1,4,8,Others
15732.0,212,2,294.12,5,1,2,8,New Customers
15733.0,283,1,162.3,5,1,1,7,New Customers
15734.0,115,2,1339.45,4,1,4,9,Promising
15737.0,15,8,1173.17,2,1,4,7,At Risk
15738.0,19,16,4778.52,2,1,5,8,At Risk
15739.0,66,1,343.52,3,1,2,6,About to Sleep
15740.0,49,1,154.88,3,1,1,5,About to Sleep
15743.0,16,4,784.46,2,1,3,6,At Risk
15744.0,78,1,34.8,4,1,1,6,New Customers
15745.0,19,4,1094.5900000000001,2,1,4,7,At Risk
15746.0,134,1,196.88,4,1,1,6,New Customers
15747.0,13,3,974.04,1,1,4,6,At Risk
15748.0,40,1,149.31,3,1,1,5,About to Sleep
15750.0,3,8,2465.48,1,1,5,7,At Risk
15752.0,40,7,2617.43,3,1,5,9,Others
15754.0,51,3,458.57,3,1,3,7,Others
15755.0,10,6,2364.25,1,1,5,7,At Risk
15756.0,61,4,532.96,3,1,3,7,Others
15757.0,66,2,714.42,3,1,3,7,Others
15758.0,25,1,205.25,2,1,1,4,About to Sleep
15759.0,218,3,253.04000000000002,5,1,2,8,New Customers
15762.0,65,2,549.85,3,1,3,7,Others
15763.0,32,2,991.0699999999999,2,1,4,7,At Risk
15764.0,88,6,3101.2200000000003,4,1,5,10,Promising
15766.0,64,1,315.06,3,1,2,6,About to Sleep
15768.0,116,3,371.83,4,1,2,7,New Customers
15769.0,7,16,7122.72,1,1,5,7,At Risk
15773.0,6,1,147.52,1,1,1,3,Hibernating
15774.0,69,1,270.8,3,1,2,6,About to Sleep
15775.0,245,1,104.9,5,1,1,7,New Customers
15776.0,133,1,241.62,4,1,2,7,New Customers
15777.0,241,4,1047.1100000000001,5,1,4,10,Promising
15780.0,184,3,475.28000000000003,5,1,3,9,Promising
15781.0,25,3,345.46000000000004,2,1,2,5,About to Sleep
15782.0,10,3,2198.12,1,1,5,7,At Risk
15783.0,11,1,246.3,1,1,2,4,At Risk
15785.0,33,5,2249.07,2,1,5,8,At Risk
15786.0,46,3,4898.9,3,1,5,9,Others
15787.0,26,3,948.05,2,1,4,7,At Risk
15789.0,358,1,351.3,5,1,2,8,New Customers
15790.0,10,1,220.85,1,1,1,3,Hibernating
15791.0,44,2,1612.69,3,1,4,8,Others
15793.0,15,3,948.96,2,1,4,7,At Risk
15795.0,150,1,559.16,4,1,3,8,Promising
15796.0,1,8,2711.56,1,1,5,7,At Risk
15797.0,305,1,1228.8000000000002,5,1,4,10,Promising
15799.0,76,3,884.14,4,1,4,9,Promising
15800.0,107,2,699.08,4,1,3,8,Promising
15801.0,46,3,1063.95,3,1,4,8,Others
15803.0,51,1,415.82000000000005,3,1,2,6,About to Sleep
15804.0,1,13,3922.4900000000002,1,1,5,7,At Risk
15805.0,23,17,5477.63,2,1,5,8,At Risk
15806.0,46,3,784.58,3,1,3,7,Others
15807.0,50,3,903.9,3,1,4,8,Others
15808.0,306,4,3734.9700000000003,5,1,5,11,Promising
15809.0,36,5,515.77,3,1,3,7,Others
15810.0,79,4,1307.23,4,1,4,9,Promising
15811.0,22,6,2218.62,2,1,5,8,At Risk
15812.0,107,5,1611.3300000000002,4,1,4,9,Promising
15813.0,208,2,1303.9099999999999,5,1,4,10,Promising
15814.0,17,4,1909.38,2,1,5,8,At Risk
15815.0,64,5,1742.52,3,1,4,8,Others
15819.0,49,4,1905.45,3,1,5,9,Others
15820.0,320,1,206.98,5,1,1,7,New Customers
15821.0,44,2,554.01,3,1,3,7,Others
15822.0,3,2,885.47,1,1,4,6,At Risk
15825.0,172,1,282.94,4,1,2,7,New Customers
15826.0,56,3,1654.31,3,1,4,8,Others
15827.0,73,14,1836.09,4,1,4,9,Promising
15829.0,99,2,636.14,4,1,3,8,Promising
15830.0,38,1,576.0,3,1,3,7,Others
15831.0,58,3,717.2,3,1,3,7,Others
15832.0,254,1,836.79,5,1,3,9,Promising
15834.0,70,3,1932.9,3,1,5,9,Others
15835.0,44,4,903.24,3,1,4,8,Others
15836.0,50,1,112.37,3,1,1,5,About to Sleep
15837.0,65,1,391.98,3,1,2,6,About to Sleep
15838.0,11,19,16992.88,1,1,5,7,At Risk
15839.0,33,3,1048.49,2,1,4,7,At Risk
15840.0,59,2,355.56,3,1,2,6,About to Sleep
15841.0,73,4,1224.06,4,1,4,9,Promising
15843.0,304,1,118.95,5,1,1,7,New Customers
15844.0,46,1,130.73999999999998,3,1,1,5,About to Sleep
15845.0,18,8,3711.77,2,1,5,8,At Risk
15847.0,38,2,328.79,3,1,2,6,About to Sleep
15850.0,19,2,238.85,2,1,2,5,About to Sleep
15852.0,187,2,160.71,5,1,1,7,New Customers
15853.0,52,1,110.8,3,1,1,5,About to Sleep
15854.0,4,12,2974.65,1,1,5,7,At Risk
15855.0,137,5,712.24,4,1,3,8,Promising
15856.0,4,27,15531.41,1,1,5,7,At Risk
15857.0,19,1,297.0,2,1,2,5,About to Sleep
15858.0,16,5,1438.85,2,1,4,7,At Risk
15860.0,41,8,876.51,3,1,4,8,Others
15861.0,12,7,3000.36,1,1,5,7,At Risk
15862.0,8,4,799.28,1,1,3,5,At Risk
15863.0,26,2,68.84,2,1,1,4,About to Sleep
15864.0,67,4,1173.1200000000001,3,1,4,8,Others
15865.0,41,3,794.98,3,1,3,7,Others
15866.0,101,1,179.68,4,1,1,6,New Customers
15867.0,5,15,3756.79,1,1,5,7,At Risk
15869.0,277,2,149.64,5,1,1,7,New Customers
15870.0,33,1,354.09000000000003,2,1,2,5,About to Sleep
15872.0,15,2,360.93,2,1,2,5,About to Sleep
15874.0,64,7,3673.9300000000003,3,1,5,9,Others
15877.0,2,2,493.28,1,1,3,5,At Risk
15880.0,369,1,326.33,5,1,2,8,New Customers
15881.0,312,5,501.39,5,1,3,9,Promising
15882.0,199,4,516.36,5,1,3,9,Promising
15883.0,2,2,396.48,1,1,2,4,At Risk
15885.0,93,1,349.35,4,1,2,7,New Customers
15886.0,60,1,181.09,3,1,1,5,About to Sleep
15888.0,81,1,168.31,4,1,1,6,New Customers
15889.0,157,2,424.92,4,1,2,7,New Customers
15891.0,227,1,524.52,5,1,3,9,Promising
15894.0,253,2,263.55,5,1,2,8,New Customers
15895.0,150,1,179.17,4,1,1,6,New Customers
15897.0,194,2,111.55,5,1,1,7,New Customers
15898.0,1,5,1372.93,1,1,4,6,At Risk
15899.0,369,1,56.25,5,1,1,7,New Customers
15900.0,24,1,351.11,2,1,2,5,About to Sleep
15901.0,17,3,346.93,2,1,2,5,About to Sleep
15903.0,10,7,5126.76,1,1,5,7,At Risk
15904.0,8,1,144.73,1,1,1,3,Hibernating
15906.0,20,7,1550.74,2,1,4,7,At Risk
15907.0,4,3,967.45,1,1,4,6,At Risk
15909.0,174,1,191.94,4,1,1,6,New Customers
15910.0,1,8,1232.18,1,1,4,6,At Risk
15912.0,178,2,264.62,4,1,2,7,New Customers
15916.0,16,8,1511.14,2,1,4,7,At Risk
15917.0,248,1,123.1,5,1,1,7,New Customers
15918.0,191,2,334.23,5,1,2,8,New Customers
15919.0,20,2,639.89,2,1,3,6,At Risk
15920.0,154,4,167.5,4,1,1,6,New Customers
15921.0,173,1,319.08,4,1,2,7,New Customers
15922.0,373,1,369.5,5,1,2,8,New Customers
15923.0,373,1,127.08,5,1,1,7,New Customers
15925.0,194,1,207.15,5,1,1,7,New Customers
15930.0,67,1,426.63,3,1,2,6,About to Sleep
15932.0,4,8,2495.87,1,1,5,7,At Risk
15933.0,21,3,1107.46,2,1,4,7,At Risk
15935.0,239,1,108.03999999999999,5,1,1,7,New Customers
15937.0,64,1,145.35000000000002,3,1,1,5,About to Sleep
15938.0,112,5,404.58000000000004,4,1,2,7,New Customers
15939.0,90,13,5045.21,4,1,5,10,Promising
15940.0,311,1,35.8,5,1,1,7,New Customers
15942.0,134,1,337.44,4,1,2,7,New Customers
15944.0,277,1,325.1,5,1,2,8,New Customers
15945.0,365,1,181.0,5,1,1,7,New Customers
15947.0,83,1,1708.24,4,1,4,9,Promising
15948.0,8,2,955.24,1,1,4,6,At Risk
15949.0,17,2,364.72,2,1,2,5,About to Sleep
15950.0,32,4,1765.51,2,1,4,7,At Risk
15951.0,9,2,708.22,1,1,3,5,At Risk
15952.0,34,4,806.57,3,1,3,7,Others
15953.0,15,8,1659.3799999999999,2,1,4,7,At Risk
15955.0,24,14,4416.26,2,1,5,8,At Risk
15957.0,32,1,428.89,2,1,2,5,About to Sleep
15958.0,74,1,104.35,4,1,1,6,New Customers
15963.0,20,2,470.76,2,1,3,6,At Risk
15965.0,17,4,845.64,2,1,3,6,At Risk
15967.0,23,2,418.83,2,1,2,5,About to Sleep
15969.0,3,3,582.9,1,1,3,5,At Risk
15970.0,304,1,314.09999999999997,5,1,2,8,New Customers
15971.0,18,11,3218.85,2,1,5,8,At Risk
15973.0,367,1,307.82000000000005,5,1,2,8,New Customers
15974.0,39,7,3442.15,3,1,5,9,Others
15975.0,84,1,371.01,4,1,2,7,New Customers
15976.0,165,2,430.94,4,1,2,7,New Customers
15977.0,17,2,981.62,2,1,4,7,At Risk
15978.0,77,1,1098.78,4,1,4,9,Promising
15980.0,89,3,2295.18,4,1,5,10,Promising
15981.0,25,8,3408.48,2,1,5,8,At Risk
15983.0,22,4,1475.02,2,1,4,7,At Risk
15984.0,3,10,2564.17,1,1,5,7,At Risk
15985.0,123,2,1037.42,4,1,4,9,Promising
15986.0,30,1,168.12,2,1,1,4,About to Sleep
15987.0,12,6,1097.94,1,1,4,6,At Risk
15988.0,19,1,138.07999999999998,2,1,1,4,About to Sleep
15990.0,44,2,792.11,3,1,3,7,Others
15992.0,4,1,41.989999999999995,1,1,1,3,Hibernating
15993.0,9,7,2797.57,1,1,5,7,At Risk
15994.0,55,1,410.12,3,1,2,6,About to Sleep
15996.0,88,6,1002.78,4,1,4,9,Promising
15998.0,37,5,3039.12,3,1,5,9,Others
16003.0,30,5,2235.37,2,1,5,8,At Risk
16005.0,12,4,615.39,1,1,3,5,At Risk
16006.0,211,1,101.4,5,1,1,7,New Customers
16007.0,48,4,1701.94,3,1,4,8,Others
16008.0,24,3,478.78,2,1,3,6,At Risk
16009.0,22,4,992.71,2,1,4,7,At Risk
16010.0,246,3,407.5,5,1,2,8,New Customers
16011.0,8,16,3362.71,1,1,5,7,At Risk
16012.0,35,3,1399.34,3,1,4,8,Others
16013.0,4,33,17660.62,1,1,5,7,At Risk
16014.0,38,3,647.38,3,1,3,7,Others
16015.0,4,3,705.39,1,1,3,5,At Risk
16016.0,3,8,1474.8600000000001,1,1,4,6,At Risk
16017.0,47,1,191.93,3,1,1,5,About to Sleep
16018.0,39,2,408.9,3,1,2,6,About to Sleep
16019.0,47,9,3786.24,3,1,5,9,Others
16020.0,17,3,851.01,2,1,3,6,At Risk
16022.0,260,1,628.28,5,1,3,9,Promising
16023.0,46,3,719.81,3,1,3,7,Others
16024.0,12,1,251.24,1,1,2,4,At Risk
16025.0,30,1,439.65999999999997,2,1,2,5,About to Sleep
16026.0,43,1,236.09,3,1,2,6,About to Sleep
16027.0,137,4,215.22,4,1,1,6,New Customers
16029.0,39,50,23042.19,3,1,5,9,Others
16030.0,310,1,331.24,5,1,2,8,New Customers
16031.0,92,2,508.99,4,1,3,8,Promising
16033.0,6,20,8706.7,1,1,5,7,At Risk
16034.0,196,3,437.70000000000005,5,1,2,8,New Customers
16036.0,87,2,728.6800000000001,4,1,3,8,Promising
16037.0,270,3,715.22,5,1,3,9,Promising
16038.0,8,3,471.78,1,1,3,5,At Risk
16040.0,65,3,1313.55,3,1,4,8,Others
16041.0,141,2,1487.0,4,1,4,9,Promising
16042.0,22,5,1146.42,2,1,4,7,At Risk
16043.0,38,4,689.24,3,1,3,7,Others
16045.0,120,4,1340.7,4,1,4,9,Promising
16048.0,373,2,256.44,5,1,2,8,New Customers
16049.0,40,3,1111.79,3,1,4,8,Others
16050.0,174,1,137.9,4,1,1,6,New Customers
16052.0,54,1,362.06,3,1,2,6,About to Sleep
16053.0,33,2,1454.35,2,1,4,7,At Risk
16054.0,145,1,752.0,4,1,3,8,Promising
16055.0,221,1,93.9,5,1,1,7,New Customers
16056.0,45,1,664.85,3,1,3,7,Others
16057.0,16,7,2263.12,2,1,5,8,At Risk
16059.0,66,6,1459.8600000000001,3,1,4,8,Others
16062.0,10,4,1121.72,1,1,4,6,At Risk
16063.0,260,1,335.32,5,1,2,8,New Customers
16065.0,365,1,372.09,5,1,2,8,New Customers
16066.0,17,5,1418.19,2,1,4,7,At Risk
16070.0,22,2,852.15,2,1,3,6,At Risk
16071.0,45,1,326.24,3,1,2,6,About to Sleep
16072.0,288,1,516.52,5,1,3,9,Promising
16073.0,297,1,122.4,5,1,1,7,New Customers
16076.0,3,10,2234.73,1,1,5,7,At Risk
16078.0,284,1,79.2,5,1,1,7,New Customers
16079.0,17,3,944.0,2,1,4,7,At Risk
16080.0,82,2,217.16,4,1,1,6,New Customers
16081.0,56,5,2806.9,3,1,5,9,Others
16083.0,101,2,1317.62,4,1,4,9,Promising
16084.0,299,1,436.18,5,1,2,8,New Customers
16085.0,23,5,981.51,2,1,4,7,At Risk
16086.0,59,5,1121.39,3,1,4,8,Others
16091.0,155,2,315.06,4,1,2,7,New Customers
16092.0,115,3,817.86,4,1,3,8,Promising
16093.0,107,1,17.0,4,1,1,6,New Customers
16094.0,12,4,1078.23,1,1,4,6,At Risk
16096.0,264,1,195.62,5,1,1,7,New Customers
16097.0,240,1,185.04999999999998,5,1,1,7,New Customers
16098.0,88,7,1762.23,4,1,4,9,Promising
16099.0,50,3,731.9,3,1,3,7,Others
16101.0,71,1,1290.7,3,1,4,8,Others
16102.0,42,3,1842.14,3,1,4,8,Others
16103.0,7,6,1429.64,1,1,4,6,At Risk
16104.0,62,1,251.51000000000002,3,1,2,6,About to Sleep
16105.0,249,1,336.96,5,1,2,8,New Customers
16106.0,66,1,108.38,3,1,1,5,About to Sleep
16107.0,18,7,3064.36,2,1,5,8,At Risk
16108.0,85,1,842.5,4,1,3,8,Promising
16109.0,219,2,551.4,5,1,3,9,Promising
16110.0,45,3,1337.48,3,1,4,8,Others
16112.0,143,4,143.9,4,1,1,6,New Customers
16113.0,183,1,145.43,5,1,1,7,New Customers
16114.0,171,1,135.75000000000003,4,1,1,6,New Customers
16115.0,10,8,1667.97,1,1,4,6,At Risk
16116.0,212,1,612.78,5,1,3,9,Promising
16117.0,190,1,232.21,5,1,1,7,New Customers
16119.0,8,2,423.36,1,1,2,4,At Risk
16120.0,59,4,1309.14,3,1,4,8,Others
16121.0,57,2,867.11,3,1,3,7,Others
16122.0,73,4,559.62,4,1,3,8,Promising
16123.0,52,1,307.78000000000003,3,1,2,6,About to Sleep
16124.0,317,1,113.4,5,1,1,7,New Customers
16125.0,367,1,289.35,5,1,2,8,New Customers
16126.0,29,4,6287.77,2,1,5,8,At Risk
16127.0,39,1,656.25,3,1,3,7,Others
16128.0,18,5,1880.22,2,1,4,7,At Risk
16131.0,52,6,3506.54,3,1,5,9,Others
16133.0,4,33,12352.44,1,1,5,7,At Risk
16134.0,22,2,618.09,2,1,3,6,At Risk
16135.0,263,1,517.55,5,1,3,9,Promising
16136.0,60,3,709.38,3,1,3,7,Others
16139.0,19,3,635.4100000000001,2,1,3,6,At Risk
16140.0,66,2,542.3,3,1,3,7,Others
16141.0,88,1,586.5,4,1,3,8,Promising
16142.0,250,1,535.34,5,1,3,9,Promising
16143.0,3,6,2174.94,1,1,5,7,At Risk
16144.0,247,1,175.2,5,1,1,7,New Customers
16145.0,9,11,3799.4900000000002,1,1,5,7,At Risk
16146.0,157,3,734.13,4,1,3,8,Promising
16147.0,134,1,375.0,4,1,2,7,New Customers
16148.0,296,1,76.32000000000001,5,1,1,7,New Customers
16149.0,5,2,280.52,1,1,2,4,At Risk
16150.0,43,5,2053.02,3,1,5,9,Others
16152.0,269,1,1727.34,5,1,4,10,Promising
16153.0,50,5,1824.23,3,1,4,8,Others
16156.0,9,9,3058.2400000000002,1,1,5,7,At Risk
16157.0,16,3,656.69,2,1,3,6,At Risk
16159.0,282,1,348.2,5,1,2,8,New Customers
16160.0,65,2,732.96,3,1,3,7,Others
16161.0,2,19,5411.91,1,1,5,7,At Risk
16162.0,252,1,37.4,5,1,1,7,New Customers
16163.0,232,2,856.6,5,1,3,9,Promising
16164.0,17,3,782.58,2,1,3,6,At Risk
16168.0,11,26,3529.84,1,1,5,7,At Risk
16169.0,8,4,1822.97,1,1,4,6,At Risk
16170.0,51,6,1845.1,3,1,4,8,Others
16171.0,59,1,73.19999999999999,3,1,1,5,About to Sleep
16172.0,95,5,1140.21,4,1,4,9,Promising
16173.0,16,6,1418.32,2,1,4,7,At Risk
16174.0,126,3,551.95,4,1,3,8,Promising
16175.0,94,4,1037.5900000000001,4,1,4,9,Promising
16177.0,50,1,331.95,3,1,2,6,About to Sleep
16178.0,138,1,197.9,4,1,1,6,New Customers
16179.0,61,1,215.83,3,1,1,5,About to Sleep
16180.0,100,8,10254.18,4,1,5,10,Promising
16181.0,73,1,305.54,4,1,2,7,New Customers
16182.0,72,4,1538.65,4,1,4,9,Promising
16183.0,67,1,338.71000000000004,3,1,2,6,About to Sleep
16184.0,64,6,1158.79,3,1,4,8,Others
16185.0,17,2,529.41,2,1,3,6,At Risk
16186.0,23,12,4006.94,2,1,5,8,At Risk
16187.0,32,15,6820.64,2,1,5,8,At Risk
16188.0,45,4,981.86,3,1,4,8,Others
16189.0,16,2,215.48,2,1,1,4,About to Sleep
16190.0,40,1,125.23,3,1,1,5,About to Sleep
16191.0,3,12,4609.32,1,1,5,7,At Risk
16193.0,237,1,314.45,5,1,2,8,New Customers
16198.0,75,1,400.68100000000004,4,1,2,7,New Customers
16200.0,4,2,1046.72,1,1,4,6,At Risk
16201.0,3,4,1863.47,1,1,4,6,At Risk
16202.0,361,1,365.27,5,1,2,8,New Customers
16203.0,59,4,592.9,3,1,3,7,Others
16204.0,23,1,405.71,2,1,2,5,About to Sleep
16205.0,31,4,761.38,2,1,3,6,At Risk
16206.0,55,4,537.0600000000001,3,1,3,7,Others
16207.0,25,1,344.38,2,1,2,5,About to Sleep
16208.0,45,2,642.3100000000001,3,1,3,7,Others
16209.0,89,5,888.98,4,1,4,9,Promising
16210.0,2,18,6113.18,1,1,5,7,At Risk
16211.0,89,1,547.02,4,1,3,8,Promising
16212.0,19,2,690.34,2,1,3,6,At Risk
16213.0,79,1,159.0,4,1,1,6,New Customers
16214.0,171,3,994.95,4,1,4,9,Promising
16215.0,81,1,242.35,4,1,2,7,New Customers
16216.0,267,1,727.98,5,1,3,9,Promising
16217.0,235,2,304.25,5,1,2,8,New Customers
16218.0,30,7,3084.68,2,1,5,8,At Risk
16221.0,37,3,864.86,3,1,3,7,Others
16222.0,318,1,814.82,5,1,3,9,Promising
16224.0,57,4,1295.3,3,1,4,8,Others
16225.0,45,5,1096.32,3,1,4,8,Others
16226.0,203,3,255.12,5,1,2,8,New Customers
16227.0,225,1,314.22,5,1,2,8,New Customers
16229.0,87,2,1010.6,4,1,4,9,Promising
16230.0,190,2,542.03,5,1,3,9,Promising
16232.0,44,4,990.88,3,1,4,8,Others
16233.0,71,3,536.6800000000001,3,1,3,7,Others
16235.0,41,5,827.41,3,1,3,7,Others
16236.0,78,1,432.2,4,1,2,7,New Customers
16239.0,57,2,414.2,3,1,2,6,About to Sleep
16240.0,24,2,3428.8,2,1,5,8,At Risk
16241.0,10,13,2607.87,1,1,5,7,At Risk
16242.0,8,7,3586.26,1,1,5,7,At Risk
16243.0,34,2,307.15,3,1,2,6,About to Sleep
16244.0,212,2,1522.75,5,1,4,10,Promising
16245.0,24,3,1377.71,2,1,4,7,At Risk
16247.0,170,1,114.56,4,1,1,6,New Customers
16248.0,62,1,152.94,3,1,1,5,About to Sleep
16249.0,53,5,1800.07,3,1,4,8,Others
16250.0,261,2,389.44,5,1,2,8,New Customers
16253.0,67,2,3683.86,3,1,5,9,Others
16255.0,17,8,2594.96,2,1,5,8,At Risk
16256.0,267,1,752.4300000000001,5,1,3,9,Promising
16258.0,45,5,4800.31,3,1,5,9,Others
16260.0,51,1,1035.45,3,1,4,8,Others
16261.0,17,4,730.88,2,1,3,6,At Risk
16265.0,9,9,5028.95,1,1,5,7,At Risk
16266.0,74,7,861.89,4,1,3,8,Promising
16268.0,71,2,577.7,3,1,3,7,Others
16270.0,353,1,1073.44,5,1,4,10,Promising
16271.0,16,4,1414.24,2,1,4,7,At Risk
16272.0,117,1,411.7,4,1,2,7,New Customers
16274.0,373,1,292.1,5,1,2,8,New Customers
16275.0,197,1,559.87,5,1,3,9,Promising
16276.0,177,1,277.8,4,1,2,7,New Customers
16278.0,100,1,346.38,4,1,2,7,New Customers
16279.0,21,3,1509.58,2,1,4,7,At Risk
16281.0,72,1,1756.78,4,1,4,9,Promising
16282.0,340,1,168.3,5,1,1,7,New Customers
16283.0,6,5,1519.96,1,1,4,6,At Risk
16284.0,31,2,823.97,2,1,3,6,At Risk
16287.0,170,1,125.22000000000001,4,1,1,6,New Customers
16292.0,122,1,302.25,4,1,2,7,New Customers
16293.0,22,10,2179.4900000000002,2,1,5,8,At Risk
16295.0,10,4,1328.55,1,1,4,6,At Risk
16297.0,269,1,301.9,5,1,2,8,New Customers
16298.0,23,3,548.2,2,1,3,6,At Risk
16302.0,127,1,233.22,4,1,2,7,New Customers
16303.0,26,3,5191.13,2,1,5,8,At Risk
16305.0,139,1,361.22,4,1,2,7,New Customers
16306.0,214,6,632.27,5,1,3,9,Promising
16309.0,106,2,706.57,4,1,3,8,Promising
16311.0,18,2,616.26,2,1,3,6,At Risk
16313.0,3,2,274.15000000000003,1,1,2,4,At Risk
16315.0,331,1,209.42,5,1,1,7,New Customers
16316.0,64,8,2337.21,3,1,5,9,Others
16317.0,120,3,1341.65,4,1,4,9,Promising
16318.0,35,1,328.15000000000003,3,1,2,6,About to Sleep
16319.0,218,1,404.40000000000003,5,1,2,8,New Customers
16320.0,172,2,1038.46,4,1,4,9,Promising
16321.0,72,5,373.65000000000003,4,1,2,7,New Customers
16322.0,1,2,326.75,1,1,2,4,At Risk
16323.0,196,1,207.50000000000003,5,1,1,7,New Customers
16324.0,128,3,428.68,4,1,2,7,New Customers
16325.0,47,3,594.24,3,1,3,7,Others
16326.0,6,14,3075.01,1,1,5,7,At Risk
16327.0,14,6,3844.2200000000003,1,1,5,7,At Risk
16330.0,18,3,251.91,2,1,2,5,About to Sleep
16332.0,28,7,1593.2,2,1,4,7,At Risk
16333.0,192,1,177.60000000000002,5,1,1,7,New Customers
16337.0,37,1,151.05,3,1,1,5,About to Sleep
16338.0,157,1,214.8,4,1,1,6,New Customers
16339.0,284,1,109.95,5,1,1,7,New Customers
16340.0,107,1,532.12,4,1,3,8,Promising
16341.0,25,4,1971.8700000000001,2,1,5,8,At Risk
16342.0,75,4,286.46,4,1,2,7,New Customers
16343.0,16,2,370.48,2,1,2,5,About to Sleep
16344.0,158,1,101.10000000000001,4,1,1,6,New Customers
16345.0,44,1,475.41,3,1,3,7,Others
16347.0,11,2,837.65,1,1,3,5,At Risk
16348.0,32,7,1266.05,2,1,4,7,At Risk
16349.0,291,1,37.55,5,1,1,7,New Customers
16350.0,21,4,1116.47,2,1,4,7,At Risk
16351.0,333,1,153.9,5,1,1,7,New Customers
16352.0,18,2,494.44,2,1,3,6,At Risk
16353.0,4,23,6675.71,1,1,5,7,At Risk
16354.0,63,2,395.8,3,1,2,6,About to Sleep
16356.0,198,3,211.77,5,1,1,7,New Customers
16357.0,33,3,642.9300000000001,2,1,3,6,At Risk
16358.0,1,4,2027.5,1,1,5,7,At Risk
16359.0,7,8,1119.41,1,1,4,6,At Risk
16360.0,5,6,3410.83,1,1,5,7,At Risk
16361.0,10,4,862.76,1,1,3,5,At Risk
16362.0,32,5,734.77,2,1,3,6,At Risk
16363.0,53,1,109.36000000000001,3,1,1,5,About to Sleep
16364.0,12,2,707.04,1,1,3,5,At Risk
16365.0,18,9,1506.52,2,1,4,7,At Risk
16366.0,19,1,327.3,2,1,2,5,About to Sleep
16367.0,37,2,804.49,3,1,3,7,Others
16368.0,2,2,480.48,1,1,3,5,At Risk
16369.0,18,3,1553.66,2,1,4,7,At Risk
16370.0,82,4,1201.91,4,1,4,9,Promising
16372.0,33,2,367.93,2,1,2,5,About to Sleep
16374.0,66,2,473.03,3,1,3,7,Others
16376.0,9,2,970.0600000000001,1,1,4,6,At Risk
16377.0,267,1,106.2,5,1,1,7,New Customers
16378.0,247,3,362.95,5,1,2,8,New Customers
16379.0,4,4,2157.4,1,1,5,7,At Risk
16380.0,61,1,974.43,3,1,4,8,Others
16383.0,75,2,668.36,4,1,3,8,Promising
16384.0,90,2,584.5,4,1,3,8,Promising
16385.0,60,3,555.89,3,1,3,7,Others
16386.0,29,2,317.2,2,1,2,5,About to Sleep
16387.0,323,1,94.36,5,1,1,7,New Customers
16389.0,53,4,1309.47,3,1,4,8,Others
16392.0,270,1,221.19,5,1,1,7,New Customers
16393.0,2,13,3046.21,1,1,5,7,At Risk
16394.0,57,5,1383.98,3,1,4,8,Others
16395.0,61,5,1486.9,3,1,4,8,Others
16398.0,154,2,1517.3,4,1,4,9,Promising
16399.0,19,2,383.57,2,1,2,5,About to Sleep
16400.0,95,1,286.98,4,1,2,7,New Customers
16401.0,1,12,3522.32,1,1,5,7,At Risk
16402.0,265,2,299.6,5,1,2,8,New Customers
16403.0,312,1,177.5,5,1,1,7,New Customers
16404.0,70,1,443.05,3,1,2,6,About to Sleep
16405.0,302,2,74.85,5,1,1,7,New Customers
16406.0,19,1,163.07,2,1,1,4,About to Sleep
16407.0,13,10,2126.93,1,1,5,7,At Risk
16409.0,36,5,2028.88,3,1,5,9,Others
16411.0,19,2,214.65,2,1,1,4,About to Sleep
16412.0,54,1,151.83,3,1,1,5,About to Sleep
16413.0,57,1,262.2,3,1,2,6,About to Sleep
16414.0,22,2,126.25,2,1,1,4,About to Sleep
16415.0,44,1,210.35,3,1,1,5,About to Sleep
16416.0,27,3,1011.5,2,1,4,7,At Risk
16418.0,45,3,620.37,3,1,3,7,Others
16419.0,113,6,972.23,4,1,4,9,Promising
16422.0,17,50,25042.12,2,1,5,8,At Risk
16423.0,25,1,346.12,2,1,2,5,About to Sleep
16424.0,191,1,133.56,5,1,1,7,New Customers
16425.0,302,1,302.7,5,1,2,8,New Customers
16426.0,2,10,1908.25,1,1,5,7,At Risk
16427.0,263,2,241.06,5,1,2,8,New Customers
16429.0,106,1,4.95,4,1,1,6,New Customers
16430.0,57,1,300.85,3,1,2,6,About to Sleep
16431.0,213,3,642.81,5,1,3,9,Promising
16432.0,64,1,143.4,3,1,1,5,About to Sleep
16433.0,28,1,184.26,2,1,1,4,About to Sleep
16434.0,29,7,1522.25,2,1,4,7,At Risk
16438.0,6,5,798.35,1,1,3,5,At Risk
16440.0,8,5,3640.67,1,1,5,7,At Risk
16441.0,67,2,381.2,3,1,2,6,About to Sleep
16442.0,2,3,599.84,1,1,3,5,At Risk
16444.0,46,4,638.02,3,1,3,7,Others
16445.0,34,1,230.51,3,1,1,5,About to Sleep
16446.0,206,1,2.9,5,1,1,7,New Customers
16447.0,136,1,259.01,4,1,2,7,New Customers
16448.0,198,1,188.89000000000001,5,1,1,7,New Customers
16449.0,198,2,707.69,5,1,3,9,Promising
16450.0,150,1,311.92,4,1,2,7,New Customers
16451.0,88,1,266.97,4,1,2,7,New Customers
16454.0,45,2,6.9,3,1,1,5,About to Sleep
16455.0,64,7,1841.18,3,1,4,8,Others
16456.0,99,5,2158.37,4,1,5,10,Promising
16457.0,218,1,208.36,5,1,1,7,New Customers
16458.0,3,18,3482.7400000000002,1,1,5,7,At Risk
16460.0,28,3,814.72,2,1,3,6,At Risk
16461.0,178,1,135.47,4,1,1,6,New Customers
16462.0,74,3,136.0,4,1,1,6,New Customers
16463.0,21,4,1422.4,2,1,4,7,At Risk
16464.0,20,3,1255.83,2,1,4,7,At Risk
16466.0,34,7,1586.51,3,1,4,8,Others
16468.0,74,1,74.9,4,1,1,6,New Customers
16469.0,24,4,634.48,2,1,3,6,At Risk
16470.0,52,4,762.39,3,1,3,7,Others
16471.0,275,1,223.95000000000002,5,1,1,7,New Customers
16473.0,165,3,316.11,4,1,2,7,New Customers
16474.0,7,7,1871.5,1,1,4,6,At Risk
16475.0,144,3,459.3,4,1,3,8,Promising
16477.0,64,7,2494.46,3,1,5,9,Others
16478.0,25,3,331.0,2,1,2,5,About to Sleep
16479.0,10,2,300.83,1,1,2,4,At Risk
16480.0,76,1,737.39,4,1,3,8,Promising
16482.0,16,1,220.62,2,1,1,4,About to Sleep
16483.0,192,1,123.39999999999999,5,1,1,7,New Customers
16484.0,174,2,389.3,4,1,2,7,New Customers
16485.0,77,1,363.65,4,1,2,7,New Customers
16488.0,33,3,410.9,2,1,2,5,About to Sleep
16491.0,47,1,731.5,3,1,3,7,Others
16493.0,80,4,1351.63,4,1,4,9,Promising
16494.0,297,1,826.53,5,1,3,9,Promising
16495.0,3,3,636.56,1,1,3,5,At Risk
16496.0,9,3,1599.52,1,1,4,6,At Risk
16497.0,50,6,2897.89,3,1,5,9,Others
16498.0,161,2,100.97,4,1,1,6,New Customers
16499.0,360,2,365.45,5,1,2,8,New Customers
16500.0,5,5,235.86,1,1,2,4,At Risk
16503.0,107,4,1398.03,4,1,4,9,Promising
16504.0,25,1,484.38,2,1,3,6,At Risk
16506.0,20,2,90.30000000000001,2,1,1,4,About to Sleep
16509.0,297,1,346.75,5,1,2,8,New Customers
16510.0,372,1,248.1,5,1,2,8,New Customers
16511.0,22,3,950.26,2,1,4,7,At Risk
16513.0,5,4,874.59,1,1,4,6,At Risk
16515.0,52,5,1627.13,3,1,4,8,Others
16516.0,30,1,101.69999999999999,2,1,1,4,About to Sleep
16517.0,277,1,162.70000000000002,5,1,1,7,New Customers
16518.0,61,2,484.32,3,1,3,7,Others
16519.0,25,2,215.07999999999998,2,1,1,4,About to Sleep
16520.0,186,3,1046.57,5,1,4,10,Promising
16523.0,2,21,9350.67,1,1,5,7,At Risk
16525.0,2,26,10327.75,1,1,5,7,At Risk
16526.0,172,1,290.36,4,1,2,7,New Customers
16527.0,81,1,228.06,4,1,1,6,New Customers
16528.0,4,1,244.41,1,1,2,4,At Risk
16529.0,190,1,455.25,5,1,2,8,New Customers
16531.0,22,7,1210.69,2,1,4,7,At Risk
16533.0,19,3,1095.56,2,1,4,7,At Risk
16535.0,5,1,593.75,1,1,3,5,At Risk
16536.0,110,1,532.02,4,1,3,8,Promising
16539.0,3,4,1388.81,1,1,4,6,At Risk
16542.0,54,1,119.62,3,1,1,5,About to Sleep
16545.0,165,1,339.3,4,1,2,7,New Customers
16546.0,291,2,787.15,5,1,3,9,Promising
16549.0,10,10,4154.64,1,1,5,7,At Risk
16550.0,109,5,2269.02,4,1,5,10,Promising
16551.0,96,3,737.8,4,1,3,8,Promising
16552.0,243,2,379.73,5,1,2,8,New Customers
16553.0,163,12,5327.66,4,1,5,10,Promising
16554.0,42,3,837.1,3,1,3,7,Others
16555.0,35,2,285.89,3,1,2,6,About to Sleep
16556.0,67,7,3279.89,3,1,5,9,Others
16557.0,24,2,281.85,2,1,2,5,About to Sleep
16558.0,1,20,8236.79,1,1,5,7,At Risk
16560.0,27,2,816.41,2,1,3,6,At Risk
16561.0,6,2,511.12,1,1,3,5,At Risk
16563.0,54,1,845.74,3,1,3,7,Others
16565.0,364,1,173.7,5,1,1,7,New Customers
16566.0,15,5,614.66,2,1,3,6,At Risk
16567.0,194,2,704.56,5,1,3,9,Promising
16569.0,3,1,124.2,1,1,1,3,Hibernating
16570.0,15,10,3738.4,2,1,5,8,At Risk
16571.0,27,3,1388.39,2,1,4,7,At Risk
16572.0,127,3,973.65,4,1,4,9,Promising
16573.0,85,2,663.61,4,1,3,8,Promising
16574.0,71,1,451.44,3,1,2,6,About to Sleep
16581.0,183,1,105.84,5,1,1,7,New Customers
16582.0,113,1,313.62,4,1,2,7,New Customers
16583.0,374,1,233.45,5,1,2,8,New Customers
16584.0,80,2,831.08,4,1,3,8,Promising
16586.0,249,1,463.95,5,1,3,9,Promising
16587.0,232,1,200.2,5,1,1,7,New Customers
16589.0,71,3,459.24,3,1,3,7,Others
16591.0,69,1,213.5,3,1,1,5,About to Sleep
16592.0,4,16,4113.68,1,1,5,7,At Risk
16593.0,51,3,330.03,3,1,2,6,About to Sleep
16594.0,75,1,181.09,4,1,1,6,New Customers
16595.0,61,1,360.16,3,1,2,6,About to Sleep
16596.0,16,2,250.15,2,1,2,5,About to Sleep
16597.0,4,1,90.04,1,1,1,3,Hibernating
16598.0,286,1,145.05,5,1,1,7,New Customers
16600.0,4,6,813.52,1,1,3,5,At Risk
16601.0,41,1,244.8,3,1,2,6,About to Sleep
16602.0,36,1,511.13,3,1,3,7,Others
16603.0,75,2,482.47,4,1,3,8,Promising
16607.0,18,13,2785.43,2,1,5,8,At Risk
16609.0,15,7,5493.46,2,1,5,8,At Risk
16610.0,219,1,75.66,5,1,1,7,New Customers
16611.0,186,1,129.49,5,1,1,7,New Customers
16612.0,33,4,1187.66,2,1,4,7,At Risk
16613.0,70,1,618.59,3,1,3,7,Others
16614.0,183,1,506.19,5,1,3,9,Promising
16616.0,15,2,420.52,2,1,2,5,About to Sleep
16617.0,236,1,151.85,5,1,1,7,New Customers
16618.0,31,4,2528.94,2,1,5,8,At Risk
16619.0,264,1,226.21,5,1,1,7,New Customers
16620.0,4,2,178.96,1,1,1,3,Hibernating
16621.0,52,4,813.48,3,1,3,7,Others
16623.0,246,1,129.45000000000002,5,1,1,7,New Customers
16624.0,81,2,794.62,4,1,3,8,Promising
16625.0,275,1,333.08,5,1,2,8,New Customers
16626.0,1,16,3733.2,1,1,5,7,At Risk
16627.0,79,1,322.8,4,1,2,7,New Customers
16628.0,30,5,2188.05,2,1,5,8,At Risk
16629.0,74,2,417.73,4,1,2,7,New Customers
16633.0,17,6,2848.15,2,1,5,8,At Risk
16634.0,223,2,217.9,5,1,1,7,New Customers
16637.0,32,4,1046.62,2,1,4,7,At Risk
16638.0,23,10,1560.82,2,1,4,7,At Risk
16639.0,31,3,1257.51,2,1,4,7,At Risk
16641.0,106,1,231.1,4,1,1,6,New Customers
16642.0,5,2,688.33,1,1,3,5,At Risk
16643.0,246,1,487.51,5,1,3,9,Promising
16644.0,178,2,833.78,4,1,3,8,Promising
16647.0,170,2,214.06,4,1,1,6,New Customers
16648.0,43,1,290.66,3,1,2,6,About to Sleep
16650.0,72,1,518.42,4,1,3,8,Promising
16652.0,59,7,6258.45,3,1,5,9,Others
16653.0,16,2,1195.71,2,1,4,7,At Risk
16654.0,141,4,567.37,4,1,3,8,Promising
16655.0,18,6,3760.62,2,1,5,8,At Risk
16656.0,22,15,3125.0,2,1,5,8,At Risk
16657.0,10,4,933.62,1,1,4,6,At Risk
16658.0,368,1,123.24,5,1,1,7,New Customers
16659.0,189,1,39.12,5,1,1,7,New Customers
16660.0,16,4,1267.65,2,1,4,7,At Risk
16665.0,362,1,135.4,5,1,1,7,New Customers
16666.0,19,1,118.98,2,1,1,4,About to Sleep
16667.0,68,2,536.23,3,1,3,7,Others
16668.0,15,6,306.72,2,1,2,5,About to Sleep
16669.0,24,3,1374.87,2,1,4,7,At Risk
16670.0,17,11,4095.9,2,1,5,8,At Risk
16671.0,36,2,418.35,3,1,2,6,About to Sleep
16672.0,2,20,8134.9400000000005,1,1,5,7,At Risk
16674.0,55,2,319.61,3,1,2,6,About to Sleep
16676.0,34,4,1512.22,3,1,4,8,Others
16678.0,3,12,3109.99,1,1,5,7,At Risk
16679.0,366,1,129.75,5,1,1,7,New Customers
16680.0,43,1,183.7,3,1,1,5,About to Sleep
16681.0,73,6,1770.3400000000001,4,1,4,9,Promising
16682.0,5,5,958.88,1,1,4,6,At Risk
16684.0,4,17,23716.3,1,1,5,7,At Risk
16685.0,61,2,324.24,3,1,2,6,About to Sleep
16686.0,47,7,2884.53,3,1,5,9,Others
16688.0,1,4,1260.8600000000001,1,1,4,6,At Risk
16689.0,76,2,370.76,4,1,2,7,New Customers
16690.0,72,2,208.63,4,1,1,6,New Customers
16692.0,289,1,8.5,5,1,1,7,New Customers
16693.0,69,2,462.06,3,1,3,7,Others
16696.0,135,4,657.9,4,1,3,8,Promising
16697.0,241,1,112.75,5,1,1,7,New Customers
16698.0,253,1,510.0,5,1,3,9,Promising
16700.0,9,13,5076.55,1,1,5,7,At Risk
16701.0,9,13,5044.0599999999995,1,1,5,7,At Risk
16705.0,1,20,13398.15,1,1,5,7,At Risk
16706.0,37,3,480.5,3,1,3,7,Others
16708.0,46,1,622.73,3,1,3,7,Others
16709.0,85,5,2894.27,4,1,5,10,Promising
16710.0,19,10,2466.09,2,1,5,8,At Risk
16711.0,3,5,1620.79,1,1,4,6,At Risk
16712.0,9,11,3611.53,1,1,5,7,At Risk
16713.0,19,15,6520.37,2,1,5,8,At Risk
16714.0,317,2,896.53,5,1,4,10,Promising
16715.0,78,1,222.51999999999998,4,1,1,6,New Customers
16716.0,267,2,901.2,5,1,4,10,Promising
16717.0,24,6,3818.4300000000003,2,1,5,8,At Risk
16718.0,369,1,623.75,5,1,3,9,Promising
16719.0,15,7,1790.42,2,1,4,7,At Risk
16720.0,26,1,155.24,2,1,1,4,About to Sleep
16721.0,262,1,292.47,5,1,2,8,New Customers
16722.0,17,13,4641.53,2,1,5,8,At Risk
16723.0,108,1,407.2,4,1,2,7,New Customers
16725.0,302,7,747.12,5,1,3,9,Promising
16726.0,26,5,1382.02,2,1,4,7,At Risk
16727.0,364,1,272.82,5,1,2,8,New Customers
16728.0,46,4,1054.67,3,1,4,8,Others
16729.0,38,21,7239.92,3,1,5,9,Others
16730.0,52,3,743.11,3,1,3,7,Others
16732.0,32,1,603.75,2,1,3,6,At Risk
16734.0,52,3,618.61,3,1,3,7,Others
16735.0,79,5,2300.56,4,1,5,10,Promising
16738.0,298,1,3.75,5,1,1,7,New Customers
16739.0,177,1,323.0,4,1,2,7,New Customers
16743.0,29,7,2238.09,2,1,5,8,At Risk
16744.0,11,7,1288.11,1,1,4,6,At Risk
16745.0,87,17,7133.82,4,1,5,10,Promising
16746.0,5,18,6560.08,1,1,5,7,At Risk
16747.0,38,2,836.0600000000001,3,1,3,7,Others
16748.0,18,5,1515.9,2,1,4,7,At Risk
16750.0,45,5,583.98,3,1,3,7,Others
16751.0,31,1,515.52,2,1,3,6,At Risk
16752.0,373,1,110.6,5,1,1,7,New Customers
16753.0,58,1,223.92000000000002,3,1,1,5,About to Sleep
16755.0,114,3,1496.83,4,1,4,9,Promising
16756.0,215,1,239.4,5,1,2,8,New Customers
16757.0,319,1,106.83000000000001,5,1,1,7,New Customers
16758.0,65,1,369.34000000000003,3,1,2,6,About to Sleep
16759.0,8,3,755.89,1,1,3,5,At Risk
16761.0,97,1,316.62,4,1,2,7,New Customers
16762.0,20,3,1421.48,2,1,4,7,At Risk
16763.0,199,1,594.9,5,1,3,9,Promising
16764.0,4,13,2799.25,1,1,5,7,At Risk
16765.0,294,1,34.0,5,1,1,7,New Customers
16766.0,273,2,1145.6,5,1,4,10,Promising
16767.0,31,11,5492.28,2,1,5,8,At Risk
16768.0,48,3,478.09000000000003,3,1,3,7,Others
16769.0,260,1,380.39,5,1,2,8,New Customers
16770.0,58,5,730.15,3,1,3,7,Others
16771.0,33,5,2246.81,2,1,5,8,At Risk
16773.0,57,1,171.59,3,1,1,5,About to Sleep
16774.0,68,4,661.52,3,1,3,7,Others
16775.0,10,11,1625.86,1,1,4,6,At Risk
16776.0,60,1,388.28,3,1,2,6,About to Sleep
16777.0,80,2,226.35,4,1,1,6,New Customers
16778.0,74,2,245.94,4,1,2,7,New Customers
16779.0,2,22,10629.72,1,1,5,7,At Risk
16780.0,100,2,425.19,4,1,2,7,New Customers
16781.0,372,1,311.25,5,1,2,8,New Customers
16782.0,10,13,2279.9,1,1,5,7,At Risk
16784.0,20,1,107.6,2,1,1,4,About to Sleep
16788.0,123,2,597.48,4,1,3,8,Promising
16789.0,8,1,80.80000000000001,1,1,1,3,Hibernating
16790.0,4,6,1545.6200000000001,1,1,4,6,At Risk
16791.0,29,7,1721.78,2,1,4,7,At Risk
16792.0,282,2,110.38,5,1,1,7,New Customers
16793.0,57,1,243.84,3,1,2,6,About to Sleep
16794.0,1,10,1222.71,1,1,4,6,At Risk
16795.0,365,1,414.88,5,1,2,8,New Customers
16796.0,89,1,305.62,4,1,2,7,New Customers
16800.0,11,1,1176.49,1,1,4,6,At Risk
16801.0,163,4,1502.98,4,1,4,9,Promising
16803.0,65,1,332.3,3,1,2,6,About to Sleep
16804.0,23,3,536.99,2,1,3,6,At Risk
16805.0,174,2,460.59000000000003,4,1,3,8,Promising
16806.0,103,4,775.54,4,1,3,8,Promising
16807.0,143,3,1106.59,4,1,4,9,Promising
16808.0,99,2,288.42,4,1,2,7,New Customers
16809.0,23,5,914.69,2,1,4,7,At Risk
16810.0,192,1,309.54,5,1,2,8,New Customers
16811.0,5,2,547.07,1,1,3,5,At Risk
16812.0,361,1,479.35,5,1,3,9,Promising
16813.0,8,10,1632.5,1,1,4,6,At Risk
16814.0,14,21,6509.1,1,1,5,7,At Risk
16816.0,103,4,417.06,4,1,2,7,New Customers
16817.0,3,9,1524.85,1,1,4,6,At Risk
16818.0,11,11,3272.7200000000003,1,1,5,7,At Risk
16820.0,96,1,464.71000000000004,4,1,3,8,Promising
16823.0,227,1,358.38,5,1,2,8,New Customers
16824.0,16,2,460.64,2,1,3,6,At Risk
16825.0,39,2,602.38,3,1,3,7,Others
16826.0,51,1,341.7,3,1,2,6,About to Sleep
16828.0,112,1,113.5,4,1,1,6,New Customers
16829.0,157,1,197.22,4,1,1,6,New Customers
16830.0,39,1,325.91,3,1,2,6,About to Sleep
16832.0,184,3,182.2,5,1,1,7,New Customers
16833.0,1,4,1106.53,1,1,4,6,At Risk
16834.0,228,1,413.46,5,1,2,8,New Customers
16835.0,128,2,180.85,4,1,1,6,New Customers
16836.0,40,2,251.87,3,1,2,6,About to Sleep
16837.0,31,11,3154.03,2,1,5,8,At Risk
16838.0,197,2,387.9,5,1,2,8,New Customers
16839.0,9,34,15537.39,1,1,5,7,At Risk
16841.0,37,6,1869.82,3,1,4,8,Others
16842.0,101,3,1264.19,4,1,4,9,Promising
16843.0,43,16,10024.5,3,1,5,9,Others
16846.0,50,1,214.32,3,1,1,5,About to Sleep
16847.0,43,1,193.44,3,1,1,5,About to Sleep
16848.0,53,1,281.42,3,1,2,6,About to Sleep
16849.0,187,1,124.57,5,1,1,7,New Customers
16850.0,334,1,332.41,5,1,2,8,New Customers
16851.0,4,3,342.45,1,1,2,4,At Risk
16852.0,10,2,104.96000000000001,1,1,1,3,Hibernating
16855.0,24,2,328.40000000000003,2,1,2,5,About to Sleep
16856.0,15,1,35.400000000000006,2,1,1,4,About to Sleep
16858.0,369,1,375.69000000000005,5,1,2,8,New Customers
16859.0,145,2,682.86,4,1,3,8,Promising
16861.0,60,2,173.76,3,1,1,5,About to Sleep
16863.0,31,2,502.8,2,1,3,6,At Risk
16866.0,141,3,207.74,4,1,1,6,New Customers
16869.0,23,4,825.4200000000001,2,1,3,6,At Risk
16871.0,22,6,2744.54,2,1,5,8,At Risk
16872.0,77,3,148.82999999999998,4,1,1,6,New Customers
16873.0,5,6,6680.02,1,1,5,7,At Risk
16875.0,67,5,2061.63,3,1,5,9,Others
16877.0,12,6,836.77,1,1,3,5,At Risk
16878.0,84,1,13.3,4,1,1,6,New Customers
16880.0,31,7,1519.08,2,1,4,7,At Risk
16882.0,67,3,705.12,3,1,3,7,Others
16883.0,187,2,256.78,5,1,2,8,New Customers
16884.0,38,2,429.84,3,1,2,6,About to Sleep
16885.0,15,3,471.51,2,1,3,6,At Risk
16887.0,35,1,194.88,3,1,1,5,About to Sleep
16889.0,195,3,1578.67,5,1,4,10,Promising
16891.0,2,5,792.75,1,1,3,5,At Risk
16892.0,1,5,458.59000000000003,1,1,3,5,At Risk
16893.0,367,1,145.93,5,1,1,7,New Customers
16895.0,65,1,219.14,3,1,1,5,About to Sleep
16897.0,299,2,289.78,5,1,2,8,New Customers
16898.0,26,3,508.81,2,1,3,6,At Risk
16899.0,8,6,1281.56,1,1,4,6,At Risk
16900.0,17,3,887.11,2,1,4,7,At Risk
16902.0,116,1,1706.88,4,1,4,9,Promising
16903.0,29,1,373.24,2,1,2,5,About to Sleep
16904.0,4,15,3674.37,1,1,5,7,At Risk
16905.0,5,7,3068.53,1,1,5,7,At Risk
16906.0,82,4,559.82,4,1,3,8,Promising
16907.0,29,5,948.05,2,1,4,7,At Risk
16909.0,72,1,301.38,4,1,2,7,New Customers
16910.0,4,8,1493.11,1,1,4,6,At Risk
16912.0,29,11,2575.38,2,1,5,8,At Risk
16913.0,290,1,113.44,5,1,1,7,New Customers
16914.0,36,1,208.46,3,1,1,5,About to Sleep
16915.0,9,6,471.83,1,1,3,5,At Risk
16916.0,24,2,576.26,2,1,3,6,At Risk
16917.0,277,1,391.52,5,1,2,8,New Customers
16918.0,50,6,1068.82,3,1,4,8,Others
16919.0,156,11,2596.45,4,1,5,10,Promising
16921.0,61,1,169.79,3,1,1,5,About to Sleep
16923.0,12,19,7172.7300000000005,1,1,5,7,At Risk
16924.0,21,3,846.75,2,1,3,6,At Risk
16926.0,371,1,230.25,5,1,1,7,New Customers
16927.0,276,2,139.85,5,1,1,7,New Customers
16928.0,80,17,2815.7,4,1,5,10,Promising
16929.0,4,7,1295.39,1,1,4,6,At Risk
16930.0,26,3,380.55,2,1,2,5,About to Sleep
16931.0,5,21,4604.22,1,1,5,7,At Risk
16932.0,53,1,161.94,3,1,1,5,About to Sleep
16933.0,1,2,563.23,1,1,3,5,At Risk
16934.0,55,2,925.98,3,1,4,8,Others
16936.0,26,1,262.68,2,1,2,5,About to Sleep
16938.0,9,4,1903.13,1,1,4,6,At Risk
16940.0,52,3,3032.93,3,1,5,9,Others
16942.0,13,9,1920.59,1,1,5,7,At Risk
16943.0,212,3,800.78,5,1,3,9,Promising
16945.0,22,19,4345.5,2,1,5,8,At Risk
16947.0,236,1,406.48,5,1,2,8,New Customers
16948.0,139,3,348.62,4,1,2,7,New Customers
16949.0,4,6,761.27,1,1,3,5,At Risk
16950.0,57,3,1178.56,3,1,4,8,Others
16951.0,135,3,1229.9,4,1,4,9,Promising
16952.0,109,2,167.61,4,1,1,6,New Customers
16953.0,30,1,20.8,2,1,1,4,About to Sleep
16954.0,1,9,2085.08,1,1,5,7,At Risk
16955.0,185,4,467.82,5,1,3,9,Promising
16956.0,18,1,308.74,2,1,2,5,About to Sleep
16957.0,239,2,416.64,5,1,2,8,New Customers
16959.0,87,1,117.35000000000001,4,1,1,6,New Customers
16960.0,39,3,507.05,3,1,3,7,Others
16961.0,116,1,234.17000000000002,4,1,2,7,New Customers
16963.0,187,1,110.55000000000001,5,1,1,7,New Customers
16965.0,227,1,201.19,5,1,1,7,New Customers
16966.0,8,7,1973.53,1,1,5,7,At Risk
16967.0,189,1,319.02,5,1,2,8,New Customers
16968.0,4,2,439.43,1,1,2,4,At Risk
16969.0,39,3,618.13,3,1,3,7,Others
16971.0,38,1,207.21,3,1,1,5,About to Sleep
16976.0,267,1,251.51999999999998,5,1,2,8,New Customers
16978.0,78,1,344.33,4,1,2,7,New Customers
16979.0,4,6,1852.0,1,1,4,6,At Risk
16980.0,255,2,845.76,5,1,3,9,Promising
16982.0,61,1,384.06,3,1,2,6,About to Sleep
16983.0,13,7,1914.3,1,1,5,7,At Risk
16984.0,88,2,4396.6,4,1,5,10,Promising
16985.0,17,10,5464.12,2,1,5,8,At Risk
16986.0,30,1,83.2,2,1,1,4,About to Sleep
16987.0,3,7,1549.25,1,1,4,6,At Risk
16988.0,5,1,126.12,1,1,1,3,Hibernating
16989.0,7,6,503.25,1,1,3,5,At Risk
16990.0,219,1,179.0,5,1,1,7,New Customers
16992.0,11,5,1580.41,1,1,4,6,At Risk
16996.0,30,6,1456.96,2,1,4,7,At Risk
16997.0,288,3,702.0,5,1,3,9,Promising
16998.0,150,4,295.0,4,1,2,7,New Customers
16999.0,23,2,484.82,2,1,3,6,At Risk
17001.0,1,11,3838.02,1,1,5,7,At Risk
17002.0,86,3,1493.73,4,1,4,9,Promising
17004.0,46,2,1144.74,3,1,4,8,Others
17006.0,5,4,766.78,1,1,3,5,At Risk
17007.0,51,6,872.98,3,1,3,7,Others
17010.0,18,1,195.36,2,1,1,4,About to Sleep
17011.0,30,1,270.9,2,1,2,5,About to Sleep
17014.0,8,3,586.33,1,1,3,5,At Risk
17015.0,29,3,1842.56,2,1,4,7,At Risk
17017.0,3,20,8546.9,1,1,5,7,At Risk
17018.0,41,2,920.1,3,1,4,8,Others
17019.0,11,4,1272.61,1,1,4,6,At Risk
17022.0,31,1,71.0,2,1,1,4,About to Sleep
17024.0,45,3,95.85,3,1,1,5,About to Sleep
17025.0,61,3,357.77,3,1,2,6,About to Sleep
17026.0,185,2,154.83,5,1,1,7,New Customers
17027.0,79,6,890.29,4,1,4,9,Promising
17030.0,64,1,146.87,3,1,1,5,About to Sleep
17031.0,12,2,380.35,1,1,2,4,At Risk
17033.0,86,3,775.74,4,1,3,8,Promising
17034.0,16,3,730.52,2,1,3,6,At Risk
17035.0,246,2,433.53000000000003,5,1,2,8,New Customers
17037.0,88,1,1267.32,4,1,4,9,Promising
17038.0,30,1,112.4,2,1,1,4,About to Sleep
17040.0,138,1,449.73,4,1,2,7,New Customers
17041.0,27,3,1081.57,2,1,4,7,At Risk
17042.0,3,5,1044.38,1,1,4,6,At Risk
17043.0,32,4,1735.18,2,1,4,7,At Risk
17044.0,25,1,739.6800000000001,2,1,3,6,At Risk
17045.0,113,2,299.49,4,1,2,7,New Customers
17046.0,157,1,642.02,4,1,3,8,Promising
17047.0,85,3,1100.9,4,1,4,9,Promising
17048.0,118,3,885.4000000000001,4,1,4,9,Promising
17049.0,3,9,5393.03,1,1,5,7,At Risk
17050.0,96,6,3228.84,4,1,5,10,Promising
17051.0,194,1,247.14,5,1,2,8,New Customers
17052.0,28,1,413.75,2,1,2,5,About to Sleep
17053.0,131,1,498.48,4,1,3,8,Promising
17054.0,28,5,1316.3799999999999,2,1,4,7,At Risk
17058.0,82,3,1179.89,4,1,4,9,Promising
17059.0,30,5,3095.04,2,1,5,8,At Risk
17060.0,266,1,81.60000000000001,5,1,1,7,New Customers
17061.0,74,11,5216.28,4,1,5,10,Promising
17062.0,314,4,538.37,5,1,3,9,Promising
17063.0,21,7,1461.14,2,1,4,7,At Risk
17064.0,59,3,859.35,3,1,3,7,Others
17068.0,12,21,4552.14,1,1,5,7,At Risk
17069.0,28,9,2692.75,2,1,5,8,At Risk
17070.0,114,1,312.14,4,1,2,7,New Customers
17071.0,28,9,2429.03,2,1,5,8,At Risk
17073.0,18,4,1446.09,2,1,4,7,At Risk
17075.0,18,4,814.1700000000001,2,1,3,6,At Risk
17076.0,36,3,816.0799999999999,3,1,3,7,Others
17078.0,36,2,378.2,3,1,2,6,About to Sleep
17079.0,78,1,118.80000000000001,4,1,1,6,New Customers
17080.0,22,2,287.62,2,1,2,5,About to Sleep
17081.0,25,2,290.16,2,1,2,5,About to Sleep
17082.0,33,2,1753.8500000000001,2,1,4,7,At Risk
17083.0,109,3,1405.78,4,1,4,9,Promising
17084.0,35,2,2949.75,3,1,5,9,Others
17085.0,123,5,1566.65,4,1,4,9,Promising
17086.0,7,6,1826.28,1,1,4,6,At Risk
17088.0,28,4,1966.01,2,1,5,8,At Risk
17090.0,4,7,2043.95,1,1,5,7,At Risk
17091.0,3,9,3807.81,1,1,5,7,At Risk
17092.0,50,4,1743.88,3,1,4,8,Others
17094.0,322,1,302.0,5,1,2,8,New Customers
17095.0,23,3,1324.16,2,1,4,7,At Risk
17096.0,15,4,1022.13,2,1,4,7,At Risk
17097.0,2,8,924.47,1,1,4,6,At Risk
17100.0,18,2,971.74,2,1,4,7,At Risk
17101.0,10,4,1621.73,1,1,4,6,At Risk
17102.0,262,1,25.5,5,1,1,7,New Customers
17105.0,159,2,665.78,4,1,3,8,Promising
17107.0,33,6,10419.61,2,1,5,8,At Risk
17109.0,29,6,885.04,2,1,4,7,At Risk
17110.0,165,1,163.29999999999998,4,1,1,6,New Customers
17111.0,47,1,248.61,3,1,2,6,About to Sleep
17114.0,6,8,791.67,1,1,3,5,At Risk
17115.0,8,3,837.5,1,1,3,5,At Risk
17117.0,288,1,116.2,5,1,1,7,New Customers
17118.0,318,1,157.02,5,1,1,7,New Customers
17119.0,3,2,591.91,1,1,3,5,At Risk
17120.0,233,1,307.46,5,1,2,8,New Customers
17122.0,119,1,138.32,4,1,1,6,New Customers
17123.0,162,1,345.3,4,1,2,7,New Customers
17124.0,185,1,298.89,5,1,2,8,New Customers
17125.0,50,1,259.35,3,1,2,6,About to Sleep
17126.0,152,5,1004.75,4,1,4,9,Promising
17128.0,335,1,157.09,5,1,1,7,New Customers
17131.0,5,5,2443.2200000000003,1,1,5,7,At Risk
17133.0,16,6,2516.2400000000002,2,1,5,8,At Risk
17134.0,107,2,425.0,4,1,2,7,New Customers
17135.0,16,5,969.73,2,1,4,7,At Risk
17138.0,276,1,380.5,5,1,2,8,New Customers
17139.0,16,12,10277.77,2,1,5,8,At Risk
17140.0,247,1,285.32,5,1,2,8,New Customers
17142.0,239,1,384.0,5,1,2,8,New Customers
17144.0,1,2,895.62,1,1,4,6,At Risk
17146.0,106,3,579.78,4,1,3,8,Promising
17147.0,23,4,1714.59,2,1,4,7,At Risk
17148.0,52,1,124.88,3,1,1,5,About to Sleep
17152.0,195,3,1689.5,5,1,4,10,Promising
17153.0,24,1,213.78,2,1,1,4,About to Sleep
17154.0,75,1,329.34,4,1,2,7,New Customers
17155.0,18,2,251.7,2,1,2,5,About to Sleep
17157.0,8,2,319.0,1,1,2,4,At Risk
17158.0,32,3,1266.97,2,1,4,7,At Risk
17159.0,22,3,1538.88,2,1,4,7,At Risk
17160.0,31,6,3488.03,2,1,5,8,At Risk
17162.0,29,10,1715.46,2,1,4,7,At Risk
17163.0,22,2,293.1,2,1,2,5,About to Sleep
17164.0,33,7,2451.4,2,1,5,8,At Risk
17165.0,284,1,158.68,5,1,1,7,New Customers
17166.0,39,2,206.34,3,1,1,5,About to Sleep
17169.0,58,2,835.78,3,1,3,7,Others
17171.0,289,1,224.91,5,1,1,7,New Customers
17172.0,79,1,317.76,4,1,2,7,New Customers
17173.0,5,8,3766.6,1,1,5,7,At Risk
17174.0,218,1,59.9,5,1,1,7,New Customers
17175.0,44,4,1383.74,3,1,4,8,Others
17176.0,202,1,306.13,5,1,2,8,New Customers
17179.0,178,3,711.79,4,1,3,8,Promising
17180.0,56,4,796.03,3,1,3,7,Others
17181.0,57,2,160.72,3,1,1,5,About to Sleep
17183.0,8,6,3262.56,1,1,5,7,At Risk
17186.0,47,2,144.0,3,1,1,5,About to Sleep
17187.0,227,1,203.95,5,1,1,7,New Customers
17188.0,11,7,2474.23,1,1,5,7,At Risk
17189.0,106,2,384.4,4,1,2,7,New Customers
17190.0,59,1,249.74,3,1,2,6,About to Sleep
17191.0,28,7,2062.23,2,1,5,8,At Risk
17193.0,36,7,1498.42,3,1,4,8,Others
17194.0,274,2,242.62,5,1,2,8,New Customers
17197.0,30,1,1013.01,2,1,4,7,At Risk
17198.0,24,3,692.22,2,1,3,6,At Risk
17201.0,54,1,342.63,3,1,2,6,About to Sleep
17203.0,36,6,3349.29,3,1,5,9,Others
17204.0,175,4,1462.8600000000001,4,1,4,9,Promising
17205.0,54,1,251.6,3,1,2,6,About to Sleep
17206.0,53,1,204.24,3,1,1,5,About to Sleep
17211.0,27,8,2267.2200000000003,2,1,5,8,At Risk
17212.0,253,1,226.85,5,1,1,7,New Customers
17213.0,40,7,2741.28,3,1,5,9,Others
17214.0,60,6,984.12,3,1,4,8,Others
17217.0,234,1,113.5,5,1,1,7,New Customers
17218.0,4,10,1960.72,1,1,5,7,At Risk
17219.0,32,1,114.23,2,1,1,4,About to Sleep
17220.0,24,14,3164.35,2,1,5,8,At Risk
17221.0,7,2,335.13,1,1,2,4,At Risk
17222.0,65,1,354.15,3,1,2,6,About to Sleep
17223.0,310,2,391.79,5,1,2,8,New Customers
17226.0,309,1,393.49,5,1,2,8,New Customers
17227.0,19,6,939.32,2,1,4,7,At Risk
17228.0,16,8,1906.09,2,1,5,8,At Risk
17229.0,96,2,318.76,4,1,2,7,New Customers
17230.0,264,8,3621.46,5,1,5,11,Promising
17231.0,12,10,3174.32,1,1,5,7,At Risk
17232.0,3,2,421.52,1,1,2,4,At Risk
17233.0,35,1,190.88,3,1,1,5,About to Sleep
17234.0,183,1,149.89,5,1,1,7,New Customers
17235.0,25,2,550.0600000000001,2,1,3,6,At Risk
17236.0,13,6,899.1800000000001,1,1,4,6,At Risk
17237.0,11,2,314.69,1,1,2,4,At Risk
17238.0,3,17,3642.95,1,1,5,7,At Risk
17239.0,313,1,382.5,5,1,2,8,New Customers
17242.0,108,2,1135.04,4,1,4,9,Promising
17243.0,1,26,8593.6,1,1,5,7,At Risk
17244.0,53,1,954.9,3,1,4,8,Others
17245.0,205,1,171.45000000000002,5,1,1,7,New Customers
17247.0,15,1,248.29,2,1,2,5,About to Sleep
17248.0,120,1,318.65,4,1,2,7,New Customers
17250.0,4,2,364.57,1,1,2,4,At Risk
17251.0,363,1,283.28000000000003,5,1,2,8,New Customers
17252.0,117,2,353.86,4,1,2,7,New Customers
17253.0,18,1,162.31,2,1,1,4,About to Sleep
17254.0,5,2,272.44,1,1,2,4,At Risk
17255.0,41,2,298.41,3,1,2,6,About to Sleep
17256.0,107,2,240.0,4,1,2,7,New Customers
17259.0,148,2,603.37,4,1,3,8,Promising
17262.0,52,5,1253.3600000000001,3,1,4,8,Others
17263.0,208,1,63.440000000000005,5,1,1,7,New Customers
17265.0,139,2,562.9,4,1,3,8,Promising
17266.0,2,3,310.64,1,1,2,4,At Risk
17267.0,127,2,317.62,4,1,2,7,New Customers
17268.0,150,1,35.0,4,1,1,6,New Customers
17272.0,42,4,2148.63,3,1,5,9,Others
17274.0,35,1,111.98,3,1,1,5,About to Sleep
17277.0,228,2,1065.3500000000001,5,1,4,10,Promising
17278.0,241,1,206.09,5,1,1,7,New Customers
17279.0,58,1,162.88,3,1,1,5,About to Sleep
17282.0,130,3,1058.18,4,1,4,9,Promising
17284.0,60,6,1652.58,3,1,4,8,Others
17286.0,22,1,153.92,2,1,1,4,About to Sleep
17287.0,26,7,962.41,2,1,4,7,At Risk
17288.0,9,7,1399.78,1,1,4,6,At Risk
17289.0,32,3,944.41,2,1,4,7,At Risk
17290.0,4,2,525.24,1,1,3,5,At Risk
17291.0,308,1,550.8000000000001,5,1,3,9,Promising
17293.0,8,8,1810.11,1,1,4,6,At Risk
17295.0,29,3,556.95,2,1,3,6,At Risk
17297.0,17,1,131.78,2,1,1,4,About to Sleep
17298.0,101,2,498.42,4,1,3,8,Promising
17299.0,12,4,669.11,1,1,3,5,At Risk
17301.0,21,1,197.63,2,1,1,4,About to Sleep
17302.0,15,5,1135.63,2,1,4,7,At Risk
17303.0,361,1,233.09,5,1,2,8,New Customers
17306.0,11,15,4882.99,1,1,5,7,At Risk
17309.0,95,1,82.75,4,1,1,6,New Customers
17311.0,78,2,1190.0,4,1,4,9,Promising
17312.0,139,3,644.3,4,1,3,8,Promising
17313.0,31,1,2328.84,2,1,5,8,At Risk
17314.0,25,8,2472.2400000000002,2,1,5,8,At Risk
17315.0,2,36,6089.79,1,1,5,7,At Risk
17317.0,46,2,1443.6,3,1,4,8,Others
17320.0,100,3,1200.6200000000001,4,1,4,9,Promising
17321.0,8,2,700.86,1,1,3,5,At Risk
17323.0,15,7,921.0699999999999,2,1,4,7,At Risk
17324.0,18,4,965.23,2,1,4,7,At Risk
17325.0,280,1,96.8,5,1,1,7,New Customers
17329.0,14,2,523.11,1,1,3,5,At Risk
17330.0,23,2,363.9,2,1,2,5,About to Sleep
17331.0,124,1,175.2,4,1,1,6,New Customers
17333.0,86,1,494.25,4,1,3,8,Promising
17334.0,302,2,307.02000000000004,5,1,2,8,New Customers
17337.0,151,4,2027.8700000000001,4,1,5,10,Promising
17338.0,17,8,6643.93,2,1,5,8,At Risk
17339.0,94,2,243.36,4,1,2,7,New Customers
17340.0,30,11,12271.11,2,1,5,8,At Risk
17341.0,157,3,781.36,4,1,3,8,Promising
17343.0,355,1,176.69,5,1,1,7,New Customers
17344.0,46,1,160.57,3,1,1,5,About to Sleep
17345.0,15,4,520.79,2,1,3,6,At Risk
17346.0,4,15,2659.61,1,1,5,7,At Risk
17348.0,15,5,1142.57,2,1,4,7,At Risk
17349.0,179,1,110.75,4,1,1,6,New Customers
17350.0,8,4,1286.07,1,1,4,6,At Risk
17351.0,36,3,587.15,3,1,3,7,Others
17354.0,51,1,1393.06,3,1,4,8,Others
17356.0,312,1,178.22,5,1,1,7,New Customers
17357.0,24,2,388.14,2,1,2,5,About to Sleep
17358.0,303,2,365.85,5,1,2,8,New Customers
17359.0,11,1,127.86,1,1,1,3,Hibernating
17360.0,17,3,585.79,2,1,3,6,At Risk
17361.0,49,3,488.2,3,1,3,7,Others
17362.0,239,2,276.28,5,1,2,8,New Customers
17364.0,1,11,4461.2300000000005,1,1,5,7,At Risk
17365.0,13,8,4717.81,1,1,5,7,At Risk
17367.0,238,1,168.4,5,1,1,7,New Customers
17368.0,23,8,1912.67,2,1,5,8,At Risk
17370.0,73,4,446.18,4,1,2,7,New Customers
17371.0,17,3,423.89,2,1,2,5,About to Sleep
17372.0,41,8,1342.68,3,1,4,8,Others
17373.0,40,4,646.92,3,1,3,7,Others
17374.0,219,2,495.77,5,1,3,9,Promising
17375.0,199,3,400.1,5,1,2,8,New Customers
17376.0,71,2,203.2,3,1,1,5,About to Sleep
17377.0,24,20,4100.92,2,1,5,8,At Risk
17379.0,11,1,404.66,1,1,2,4,At Risk
17381.0,24,16,3431.73,2,1,5,8,At Risk
17382.0,65,1,50.400000000000006,3,1,1,5,About to Sleep
17383.0,4,1,199.29,1,1,1,3,Hibernating
17384.0,19,2,336.4,2,1,2,5,About to Sleep
17385.0,15,1,261.11,2,1,2,5,About to Sleep
17386.0,8,6,1626.66,1,1,4,6,At Risk
17387.0,20,2,784.11,2,1,3,6,At Risk
17388.0,78,2,151.18,4,1,1,6,New Customers
17389.0,1,33,25930.18,1,1,5,7,At Risk
17391.0,164,1,101.76,4,1,1,6,New Customers
17392.0,307,2,406.01,5,1,2,8,New Customers
17394.0,219,1,48.349999999999994,5,1,1,7,New Customers
17396.0,39,7,5613.6,3,1,5,9,Others
17397.0,22,2,679.46,2,1,3,6,At Risk
17398.0,115,3,653.38,4,1,3,8,Promising
17400.0,126,5,2113.01,4,1,5,10,Promising
17402.0,5,12,2598.85,1,1,5,7,At Risk
17403.0,36,1,281.62,3,1,2,6,About to Sleep
17404.0,4,10,10600.06,1,1,5,7,At Risk
17405.0,1,3,1014.46,1,1,4,6,At Risk
17406.0,333,2,1587.62,5,1,4,10,Promising
17408.0,163,1,32.65,4,1,1,6,New Customers
17409.0,185,2,771.85,5,1,3,9,Promising
17410.0,16,5,1180.82,2,1,4,7,At Risk
17411.0,12,3,778.94,1,1,3,5,At Risk
17412.0,3,7,1258.06,1,1,4,6,At Risk
17414.0,185,1,28.0,5,1,1,7,New Customers
17415.0,80,1,287.89,4,1,2,7,New Customers
17416.0,30,7,6893.42,2,1,5,8,At Risk
17418.0,42,2,463.46000000000004,3,1,3,7,Others
17419.0,11,12,4141.57,1,1,5,7,At Risk
17420.0,50,3,546.98,3,1,3,7,Others
17422.0,16,6,1923.21,2,1,5,8,At Risk
17423.0,46,2,698.41,3,1,3,7,Others
17425.0,19,2,759.1700000000001,2,1,3,6,At Risk
17426.0,8,6,4661.96,1,1,5,7,At Risk
17427.0,72,1,100.8,4,1,1,6,New Customers
17428.0,1,28,16155.49,1,1,5,7,At Risk
17429.0,128,3,524.9200000000001,4,1,3,8,Promising
17430.0,33,2,265.76,2,1,2,5,About to Sleep
17431.0,313,1,403.3,5,1,2,8,New Customers
17432.0,18,2,365.76,2,1,2,5,About to Sleep
17433.0,88,1,303.16,4,1,2,7,New Customers
17434.0,2,7,2373.82,1,1,5,7,At Risk
17436.0,2,2,216.3,1,1,1,3,Hibernating
17438.0,254,1,388.45000000000005,5,1,2,8,New Customers
17440.0,157,3,186.42000000000002,4,1,1,6,New Customers
17442.0,37,6,2216.66,3,1,5,9,Others
17444.0,152,2,2328.62,4,1,5,10,Promising
17446.0,177,2,120.89999999999999,4,1,1,6,New Customers
17447.0,40,2,541.53,3,1,3,7,Others
17449.0,2,7,2504.21,1,1,5,7,At Risk
17450.0,8,32,26157.08,1,1,5,7,At Risk
17451.0,1,7,1721.4,1,1,4,6,At Risk
17453.0,18,2,486.72,2,1,3,6,At Risk
17454.0,192,4,517.53,5,1,3,9,Promising
17455.0,204,1,131.7,5,1,1,7,New Customers
17456.0,365,1,249.86,5,1,2,8,New Customers
17457.0,127,4,1370.5,4,1,4,9,Promising
17458.0,15,1,316.5,2,1,2,5,About to Sleep
17459.0,43,2,657.3,3,1,3,7,Others
17460.0,94,6,622.4300000000001,4,1,3,8,Promising
17461.0,23,3,757.46,2,1,3,6,At Risk
17462.0,60,2,675.69,3,1,3,7,Others
17463.0,16,5,1879.76,2,1,4,7,At Risk
17464.0,158,1,248.20000000000002,4,1,2,7,New Customers
17466.0,10,2,738.33,1,1,3,5,At Risk
17468.0,10,2,137.0,1,1,1,3,Hibernating
17469.0,16,5,1870.97,2,1,4,7,At Risk
17470.0,45,5,1125.07,3,1,4,8,Others
17472.0,191,3,710.29,5,1,3,9,Promising
17475.0,79,1,194.37,4,1,1,6,New Customers
17480.0,78,1,511.82,4,1,3,8,Promising
17481.0,4,4,1255.59,1,1,4,6,At Risk
17483.0,65,3,414.04,3,1,2,6,About to Sleep
17486.0,261,1,396.87,5,1,2,8,New Customers
17489.0,59,2,376.64,3,1,2,6,About to Sleep
17490.0,1,7,2092.32,1,1,5,7,At Risk
17491.0,1,10,3185.79,1,1,5,7,At Risk
17492.0,248,1,374.57,5,1,2,8,New Customers
17495.0,8,2,497.56,1,1,3,5,At Risk
17496.0,359,1,251.10000000000002,5,1,2,8,New Customers
17498.0,76,1,272.21999999999997,4,1,2,7,New Customers
17499.0,290,1,622.88,5,1,3,9,Promising
17500.0,30,1,33.0,2,1,1,4,About to Sleep
17501.0,221,2,288.6,5,1,2,8,New Customers
17502.0,9,4,689.1,1,1,3,5,At Risk
17503.0,3,2,558.96,1,1,3,5,At Risk
17504.0,206,9,2963.13,5,1,5,11,Promising
17505.0,162,2,1145.8400000000001,4,1,4,9,Promising
17506.0,76,1,302.2,4,1,2,7,New Customers
17507.0,262,2,605.58,5,1,3,9,Promising
17508.0,281,1,387.31,5,1,2,8,New Customers
17509.0,58,8,6115.14,3,1,5,9,Others
17510.0,25,1,308.48,2,1,2,5,About to Sleep
17511.0,3,30,73056.39,1,1,5,7,At Risk
17512.0,29,9,2073.9500000000003,2,1,5,8,At Risk
17513.0,72,1,513.2,4,1,3,8,Promising
17514.0,128,1,208.65,4,1,1,6,New Customers
17515.0,31,4,639.02,2,1,3,6,At Risk
17516.0,15,5,728.18,2,1,3,6,At Risk
17517.0,309,1,153.94,5,1,1,7,New Customers
17519.0,17,6,1844.02,2,1,4,7,At Risk
17520.0,54,1,514.91,3,1,3,7,Others
17521.0,30,3,723.21,2,1,3,6,At Risk
17522.0,2,5,1070.71,1,1,4,6,At Risk
17523.0,11,2,263.43,1,1,2,4,At Risk
17524.0,361,1,145.0,5,1,1,7,New Customers
17525.0,360,1,422.7,5,1,2,8,New Customers
17526.0,5,4,1195.8999999999999,1,1,4,6,At Risk
17527.0,54,4,939.37,3,1,4,8,Others
17528.0,1,8,3174.9,1,1,5,7,At Risk
17530.0,1,10,2308.15,1,1,5,7,At Risk
17531.0,190,1,296.7,5,1,2,8,New Customers
17534.0,54,1,223.36,3,1,1,5,About to Sleep
17535.0,280,1,164.4,5,1,1,7,New Customers
17536.0,177,1,76.5,4,1,1,6,New Customers
17537.0,30,2,897.62,2,1,4,7,At Risk
17538.0,26,1,98.42,2,1,1,4,About to Sleep
17540.0,25,2,578.9,2,1,3,6,At Risk
17542.0,270,1,170.75,5,1,1,7,New Customers
17545.0,43,3,645.96,3,1,3,7,Others
17548.0,234,1,103.3,5,1,1,7,New Customers
17549.0,24,2,148.86,2,1,1,4,About to Sleep
17550.0,197,3,267.16,5,1,2,8,New Customers
17551.0,359,1,306.84,5,1,2,8,New Customers
17552.0,60,4,930.41,3,1,4,8,Others
17553.0,130,1,237.6,4,1,2,7,New Customers
17554.0,1,5,1753.45,1,1,4,6,At Risk
17555.0,20,2,483.26,2,1,3,6,At Risk
17556.0,206,1,157.9,5,1,1,7,New Customers
17557.0,14,3,541.46,1,1,3,5,At Risk
17560.0,95,4,854.95,4,1,3,8,Promising
17561.0,19,1,167.62,2,1,1,4,About to Sleep
17562.0,14,7,1122.38,1,1,4,6,At Risk
17564.0,24,3,454.01,2,1,2,5,About to Sleep
17566.0,8,2,901.21,1,1,4,6,At Risk
17567.0,7,8,4099.48,1,1,5,7,At Risk
17569.0,332,1,344.14,5,1,2,8,New Customers
17571.0,50,4,1481.86,3,1,4,8,Others
17572.0,71,4,226.75000000000003,3,1,1,5,About to Sleep
17573.0,29,3,380.6,2,1,2,5,About to Sleep
17574.0,243,1,185.65,5,1,1,7,New Customers
17576.0,8,19,3588.78,1,1,5,7,At Risk
17578.0,218,1,143.45999999999998,5,1,1,7,New Customers
17579.0,5,3,448.90000000000003,1,1,2,4,At Risk
17580.0,253,3,215.72,5,1,1,7,New Customers
17581.0,1,24,10621.14,1,1,5,7,At Risk
17582.0,236,1,175.27,5,1,1,7,New Customers
17584.0,7,2,1242.3,1,1,4,6,At Risk
17585.0,109,4,1133.07,4,1,4,9,Promising
17588.0,100,3,1188.0,4,1,4,9,Promising
17589.0,60,4,2368.22,3,1,5,9,Others
17590.0,2,3,1447.27,1,1,4,6,At Risk
17591.0,73,7,2225.9700000000003,4,1,5,10,Promising
17593.0,4,5,3927.34,1,1,5,7,At Risk
17594.0,85,2,993.1800000000001,4,1,4,9,Promising
17595.0,12,2,388.79,1,1,2,4,At Risk
17596.0,23,7,2516.44,2,1,5,8,At Risk
17597.0,214,1,1943.94,5,1,5,11,Promising
17600.0,18,1,145.02,2,1,1,4,About to Sleep
17601.0,239,1,116.00999999999999,5,1,1,7,New Customers
17602.0,2,6,5102.97,1,1,5,7,At Risk
17603.0,78,1,144.72,4,1,1,6,New Customers
17604.0,217,2,309.36,5,1,2,8,New Customers
17608.0,33,2,193.42,2,1,1,4,About to Sleep
17609.0,41,5,1078.32,3,1,4,8,Others
17611.0,7,15,3984.22,1,1,5,7,At Risk
17612.0,53,6,2048.45,3,1,5,9,Others
17613.0,23,14,4559.150000000001,2,1,5,8,At Risk
17614.0,57,1,390.07,3,1,2,6,About to Sleep
17615.0,130,3,329.6,4,1,2,7,New Customers
17616.0,174,2,244.79999999999998,4,1,2,7,New Customers
17618.0,6,3,851.73,1,1,3,5,At Risk
17619.0,312,1,218.52,5,1,1,7,New Customers
17620.0,60,1,81.44,3,1,1,5,About to Sleep
17621.0,21,3,1379.9,2,1,4,7,At Risk
17623.0,33,1,527.05,2,1,3,6,At Risk
17624.0,15,2,843.48,2,1,3,6,At Risk
17625.0,18,4,2047.0,2,1,5,8,At Risk
17628.0,81,1,75.75,4,1,1,6,New Customers
17629.0,6,8,1765.22,1,1,4,6,At Risk
17630.0,170,2,431.75,4,1,2,7,New Customers
17631.0,2,3,511.38,1,1,3,5,At Risk
17633.0,31,4,1324.84,2,1,4,7,At Risk
17634.0,36,9,2361.9700000000003,3,1,5,9,Others
17636.0,19,1,285.56,2,1,2,5,About to Sleep
17637.0,31,2,547.0600000000001,2,1,3,6,At Risk
17639.0,276,1,108.5,5,1,1,7,New Customers
17640.0,87,1,621.66,4,1,3,8,Promising
17642.0,120,2,712.29,4,1,3,8,Promising
17643.0,373,1,101.55,5,1,1,7,New Customers
17644.0,1,11,2895.64,1,1,5,7,At Risk
17646.0,219,3,1008.39,5,1,4,10,Promising
17647.0,65,1,116.11,3,1,1,5,About to Sleep
17648.0,61,4,1797.5,3,1,4,8,Others
17649.0,138,1,851.54,4,1,3,8,Promising
17650.0,21,1,166.07999999999998,2,1,1,4,About to Sleep
17651.0,12,10,3945.0,1,1,5,7,At Risk
17652.0,25,12,4805.77,2,1,5,8,At Risk
17653.0,38,3,653.12,3,1,3,7,Others
17654.0,277,1,117.55,5,1,1,7,New Customers
17655.0,11,7,2563.04,1,1,5,7,At Risk
17656.0,73,5,1674.69,4,1,4,9,Promising
17658.0,26,2,595.42,2,1,3,6,At Risk
17659.0,17,12,2892.01,2,1,5,8,At Risk
17660.0,141,1,196.0,4,1,1,6,New Customers
17663.0,26,7,1726.01,2,1,4,7,At Risk
17664.0,19,2,604.64,2,1,3,6,At Risk
17666.0,4,2,728.16,1,1,3,5,At Risk
17667.0,66,5,2055.51,3,1,5,9,Others
17668.0,1,2,347.75,1,1,2,4,At Risk
17669.0,43,7,3406.7200000000003,3,1,5,9,Others
17670.0,228,1,205.7,5,1,1,7,New Customers
17671.0,16,4,1340.71,2,1,4,7,At Risk
17672.0,50,2,3127.32,3,1,5,9,Others
17673.0,2,6,1629.12,1,1,4,6,At Risk
17674.0,74,2,398.40000000000003,4,1,2,7,New Customers
17675.0,1,31,20257.58,1,1,5,7,At Risk
17676.0,4,6,1387.68,1,1,4,6,At Risk
17677.0,2,29,16261.53,1,1,5,7,At Risk
17678.0,264,1,298.11,5,1,2,8,New Customers
17679.0,53,2,1952.16,3,1,5,9,Others
17680.0,24,1,184.4,2,1,1,4,About to Sleep
17682.0,10,6,2458.38,1,1,5,7,At Risk
17684.0,44,1,239.41,3,1,2,6,About to Sleep
17685.0,17,7,3191.53,2,1,5,8,At Risk
17686.0,7,7,5705.56,1,1,5,7,At Risk
17690.0,30,15,4173.2,2,1,5,8,At Risk
17691.0,358,2,290.40000000000003,5,1,2,8,New Customers
17692.0,127,4,740.94,4,1,3,8,Promising
17693.0,137,1,200.47,4,1,1,6,New Customers
17694.0,142,1,283.12,4,1,2,7,New Customers
17695.0,132,2,765.34,4,1,3,8,Promising
17696.0,38,8,2285.71,3,1,5,9,Others
17697.0,236,1,338.95,5,1,2,8,New Customers
17698.0,261,1,154.95,5,1,1,7,New Customers
17700.0,17,4,2517.69,2,1,5,8,At Risk
17701.0,253,1,417.95,5,1,2,8,New Customers
17702.0,30,4,1824.37,2,1,4,7,At Risk
17703.0,35,3,798.74,3,1,3,7,Others
17704.0,169,2,885.19,4,1,4,9,Promising
17705.0,3,9,1823.52,1,1,4,6,At Risk
17706.0,4,17,10119.89,1,1,5,7,At Risk
17707.0,185,2,152.4,5,1,1,7,New Customers
17708.0,188,2,267.08,5,1,2,8,New Customers
17709.0,170,1,87.5,4,1,1,6,New Customers
17711.0,11,2,385.1,1,1,2,4,At Risk
17712.0,45,1,443.01,3,1,2,6,About to Sleep
17714.0,321,1,153.0,5,1,1,7,New Customers
17716.0,23,11,5622.09,2,1,5,8,At Risk
17718.0,232,1,139.35,5,1,1,7,New Customers
17719.0,38,15,5371.09,3,1,5,9,Others
17720.0,26,4,1117.09,2,1,4,7,At Risk
17722.0,96,4,2390.14,4,1,5,10,Promising
17723.0,173,4,1201.4,4,1,4,9,Promising
17724.0,71,3,1033.0,3,1,4,8,Others
17725.0,16,11,3422.4300000000003,2,1,5,8,At Risk
17727.0,15,1,1060.25,2,1,4,7,At Risk
17728.0,4,3,2808.21,1,1,5,7,At Risk
17730.0,3,13,5298.4800000000005,1,1,5,7,At Risk
17731.0,79,4,1087.56,4,1,4,9,Promising
17732.0,373,1,303.97,5,1,2,8,New Customers
17733.0,39,2,692.19,3,1,3,7,Others
17734.0,54,3,700.63,3,1,3,7,Others
17735.0,2,19,13110.02,1,1,5,7,At Risk
17736.0,9,2,337.49,1,1,2,4,At Risk
17737.0,9,2,168.24,1,1,1,3,Hibernating
17738.0,19,4,1828.2,2,1,4,7,At Risk
17739.0,12,7,2791.35,1,1,5,7,At Risk
17742.0,113,2,308.21000000000004,4,1,2,7,New Customers
17744.0,4,6,2304.4,1,1,5,7,At Risk
17746.0,240,1,110.25,5,1,1,7,New Customers
17747.0,113,1,71.4,4,1,1,6,New Customers
17749.0,178,2,642.62,4,1,3,8,Promising
17750.0,5,9,1797.57,1,1,4,6,At Risk
17754.0,1,5,1772.26,1,1,4,6,At Risk
17757.0,1,30,5353.29,1,1,5,7,At Risk
17758.0,19,8,3440.75,2,1,5,8,At Risk
17759.0,17,3,834.99,2,1,3,6,At Risk
17760.0,22,2,287.59,2,1,2,5,About to Sleep
17761.0,33,1,712.78,2,1,3,6,At Risk
17763.0,263,1,15.0,5,1,1,7,New Customers
17764.0,51,2,801.87,3,1,3,7,Others
17765.0,159,3,371.88,4,1,2,7,New Customers
17767.0,15,1,271.2,2,1,2,5,About to Sleep
17768.0,8,3,2225.33,1,1,5,7,At Risk
17769.0,13,10,3964.6800000000003,1,1,5,7,At Risk
17770.0,199,5,1143.27,5,1,4,10,Promising
17771.0,57,2,245.81,3,1,2,6,About to Sleep
17772.0,11,2,182.77,1,1,1,3,Hibernating
17774.0,97,4,1209.46,4,1,4,9,Promising
17775.0,255,1,56.4,5,1,1,7,New Customers
17777.0,25,3,665.86,2,1,3,6,At Risk
17779.0,21,3,658.57,2,1,3,6,At Risk
17781.0,159,2,188.02,4,1,1,6,New Customers
17783.0,72,2,283.47,4,1,2,7,New Customers
17785.0,53,1,131.94,3,1,1,5,About to Sleep
17786.0,85,2,278.74,4,1,2,7,New Customers
17787.0,153,4,1865.19,4,1,4,9,Promising
17788.0,74,2,1117.9,4,1,4,9,Promising
17789.0,281,1,225.9,5,1,1,7,New Customers
17790.0,27,14,1948.6000000000001,2,1,5,8,At Risk
17791.0,30,1,106.1,2,1,1,4,About to Sleep
17793.0,25,1,306.09,2,1,2,5,About to Sleep
17795.0,180,2,333.44,5,1,2,8,New Customers
17796.0,40,4,697.9,3,1,3,7,Others
17797.0,22,3,780.43,2,1,3,6,At Risk
17799.0,22,10,2989.13,2,1,5,8,At Risk
17800.0,37,9,1199.01,3,1,4,8,Others
17802.0,82,3,1285.04,4,1,4,9,Promising
17805.0,74,1,327.99,4,1,2,7,New Customers
17806.0,11,1,546.04,1,1,3,5,At Risk
17809.0,16,12,5259.27,2,1,5,8,At Risk
17811.0,4,39,7820.78,1,1,5,7,At Risk
17812.0,13,4,651.36,1,1,3,5,At Risk
17813.0,14,5,1629.48,1,1,4,6,At Risk
17816.0,37,4,36.56,3,1,1,5,About to Sleep
17817.0,4,2,192.68,1,1,1,3,Hibernating
17819.0,72,7,3688.92,4,1,5,10,Promising
17824.0,51,1,256.64,3,1,2,6,About to Sleep
17827.0,5,5,1995.46,1,1,5,7,At Risk
17828.0,23,4,1165.09,2,1,4,7,At Risk
17829.0,299,1,889.24,5,1,4,10,Promising
17830.0,2,3,398.7,1,1,2,4,At Risk
17831.0,33,1,35.400000000000006,2,1,1,4,About to Sleep
17832.0,50,1,155.37,3,1,1,5,About to Sleep
17835.0,3,3,350.64,1,1,2,4,At Risk
17836.0,47,1,110.21000000000001,3,1,1,5,About to Sleep
17837.0,42,8,1528.58,3,1,4,8,Others
17838.0,27,5,2598.62,2,1,5,8,At Risk
17839.0,42,1,338.8,3,1,2,6,About to Sleep
17841.0,2,124,39360.62,1,3,5,9,At Risk
17843.0,303,1,205.48,5,1,1,7,New Customers
17844.0,107,1,51.559999999999995,4,1,1,6,New Customers
17848.0,81,9,901.2,4,1,4,9,Promising
17849.0,218,4,326.15,5,1,2,8,New Customers
17850.0,372,34,4783.46,5,1,5,11,Promising
17852.0,12,2,114.34,1,1,1,3,Hibernating
17854.0,185,2,311.26,5,1,2,8,New Customers
17855.0,373,1,208.97,5,1,1,7,New Customers
17856.0,2,4,663.83,1,1,3,5,At Risk
17857.0,109,7,761.06,4,1,3,8,Promising
17858.0,6,10,3441.76,1,1,5,7,At Risk
17859.0,305,1,148.21,5,1,1,7,New Customers
17860.0,369,1,252.8,5,1,2,8,New Customers
17861.0,3,8,2000.1,1,1,5,7,At Risk
17862.0,324,1,330.9,5,1,2,8,New Customers
17863.0,59,6,3066.4,3,1,5,9,Others
17864.0,13,3,597.5,1,1,3,5,At Risk
17865.0,31,20,10509.37,2,1,5,8,At Risk
17866.0,143,1,329.65000000000003,4,1,2,7,New Customers
17867.0,30,6,635.5,2,1,3,6,At Risk
17869.0,107,5,344.38,4,1,2,7,New Customers
17870.0,2,11,1551.0,1,1,4,6,At Risk
17871.0,205,1,155.9,5,1,1,7,New Customers
17873.0,80,5,1729.7800000000002,4,1,4,9,Promising
17874.0,185,6,649.5600000000001,5,1,3,9,Promising
17877.0,170,1,237.61,4,1,2,7,New Customers
17878.0,44,1,379.45,3,1,2,6,About to Sleep
17879.0,174,1,178.52,4,1,1,6,New Customers
17880.0,365,1,458.92,5,1,3,9,Promising
17881.0,304,1,133.35,5,1,1,7,New Customers
17883.0,3,4,671.77,1,1,3,5,At Risk
17884.0,4,4,717.45,1,1,3,5,At Risk
17885.0,12,1,190.19,1,1,1,3,Hibernating
17886.0,32,3,865.71,2,1,3,6,At Risk
17887.0,129,1,71.45,4,1,1,6,New Customers
17888.0,38,7,654.05,3,1,3,7,Others
17889.0,212,2,203.87,5,1,1,7,New Customers
17890.0,323,2,602.09,5,1,3,9,Promising
17891.0,162,1,203.85999999999999,4,1,1,6,New Customers
17892.0,56,3,244.1,3,1,2,6,About to Sleep
17893.0,225,1,112.25,5,1,1,7,New Customers
17894.0,72,8,1087.91,4,1,4,9,Promising
17895.0,44,1,98.0,3,1,1,5,About to Sleep
17897.0,173,3,486.7,4,1,3,8,Promising
17898.0,85,2,152.06,4,1,1,6,New Customers
17899.0,159,1,138.85,4,1,1,6,New Customers
17900.0,190,2,97.19999999999999,5,1,1,7,New Customers
17901.0,29,1,93.43,2,1,1,4,About to Sleep
17904.0,21,1,191.67000000000002,2,1,1,4,About to Sleep
17905.0,157,3,599.04,4,1,3,8,Promising
17906.0,247,1,55.95,5,1,1,7,New Customers
17908.0,374,1,243.28,5,1,2,8,New Customers
17911.0,9,1,366.23,1,1,2,4,At Risk
17912.0,310,5,311.01,5,1,2,8,New Customers
17913.0,59,2,411.6,3,1,2,6,About to Sleep
17914.0,4,1,336.43,1,1,2,4,At Risk
17917.0,45,3,324.33,3,1,2,6,About to Sleep
17919.0,88,1,1304.04,4,1,4,9,Promising
17920.0,4,17,3957.17,1,1,5,7,At Risk
17921.0,64,4,826.52,3,1,3,7,Others
17923.0,282,1,207.50000000000003,5,1,1,7,New Customers
17924.0,12,7,2962.5,1,1,5,7,At Risk
17925.0,373,1,244.08,5,1,2,8,New Customers
17926.0,133,2,397.29,4,1,2,7,New Customers
17928.0,45,2,195.59,3,1,1,5,About to Sleep
17929.0,11,4,843.0,1,1,3,5,At Risk
17930.0,36,5,1394.8799999999999,3,1,4,8,Others
17931.0,134,2,408.36,4,1,2,7,New Customers
17932.0,29,3,1331.57,2,1,4,7,At Risk
17934.0,52,2,687.3,3,1,3,7,Others
17935.0,138,2,145.79,4,1,1,6,New Customers
17936.0,5,1,389.84,1,1,2,4,At Risk
17937.0,9,7,4301.22,1,1,5,7,At Risk
17939.0,160,1,99.14,4,1,1,6,New Customers
17941.0,131,1,139.2,4,1,1,6,New Customers
17942.0,8,1,77.50000000000001,1,1,1,3,Hibernating
17946.0,233,2,99.67999999999999,5,1,1,7,New Customers
17947.0,37,1,176.68,3,1,1,5,About to Sleep
17949.0,8,16,8961.87,1,1,5,7,At Risk
17950.0,72,3,482.2,4,1,3,8,Promising
17951.0,40,3,1008.5400000000001,3,1,4,8,Others
17954.0,5,12,2211.76,1,1,5,7,At Risk
17955.0,219,3,394.1,5,1,2,8,New Customers
17956.0,249,1,12.75,5,1,1,7,New Customers
17957.0,66,1,111.68,3,1,1,5,About to Sleep
17958.0,117,1,508.46000000000004,4,1,3,8,Promising
17960.0,171,1,73.78,4,1,1,6,New Customers
17961.0,21,39,1138.54,2,1,4,7,At Risk
17962.0,142,1,102.83,4,1,1,6,New Customers
17964.0,32,2,454.75,2,1,2,5,About to Sleep
17965.0,38,14,2597.57,3,1,5,9,Others
17966.0,151,4,594.43,4,1,3,8,Promising
17967.0,372,1,123.07,5,1,1,7,New Customers
17968.0,374,1,277.35,5,1,2,8,New Customers
17969.0,166,2,228.2,4,1,1,6,New Customers
17970.0,211,1,582.59,5,1,3,9,Promising
17972.0,242,1,120.09,5,1,1,7,New Customers
17973.0,52,1,337.04,3,1,2,6,About to Sleep
17974.0,25,3,740.79,2,1,3,6,At Risk
17975.0,15,13,4437.96,2,1,5,8,At Risk
17976.0,372,1,353.19,5,1,2,8,New Customers
17977.0,29,1,208.34,2,1,1,4,About to Sleep
17978.0,365,1,145.4,5,1,1,7,New Customers
17979.0,36,4,757.71,3,1,3,7,Others
17980.0,166,3,811.45,4,1,3,8,Promising
17984.0,145,1,152.68,4,1,1,6,New Customers
17985.0,22,1,634.95,2,1,3,6,At Risk
17986.0,56,1,20.8,3,1,1,5,About to Sleep
17987.0,185,1,198.57,5,1,1,7,New Customers
17988.0,12,7,161.17000000000002,1,1,1,3,Hibernating
17990.0,237,3,630.84,5,1,3,9,Promising
17991.0,225,2,93.35,5,1,1,7,New Customers
17994.0,122,4,644.59,4,1,3,8,Promising
17995.0,282,1,23.6,5,1,1,7,New Customers
17997.0,74,8,1875.57,4,1,4,9,Promising
17999.0,37,2,365.11,3,1,2,6,About to Sleep
18001.0,12,2,400.28,1,1,2,4,At Risk
18004.0,362,1,169.47,5,1,1,7,New Customers
18005.0,4,2,232.77,1,1,1,3,Hibernating
18006.0,23,1,444.68,2,1,2,5,About to Sleep
18008.0,70,5,343.45,3,1,2,6,About to Sleep
18009.0,235,1,257.34,5,1,2,8,New Customers
18010.0,257,1,157.85,5,1,1,7,New Customers
18011.0,373,1,102.78999999999999,5,1,1,7,New Customers
18013.0,155,2,187.29,4,1,1,6,New Customers
18014.0,28,1,166.42,2,1,1,4,About to Sleep
18015.0,4,1,120.03,1,1,1,3,Hibernating
18016.0,32,5,1449.66,2,1,4,7,At Risk
18017.0,81,3,523.0,4,1,3,8,Promising
18018.0,108,2,92.19,4,1,1,6,New Customers
18019.0,52,1,38.45,3,1,1,5,About to Sleep
18022.0,36,1,668.11,3,1,3,7,Others
18024.0,153,2,389.78,4,1,2,7,New Customers
18027.0,99,1,115.31,4,1,1,6,New Customers
18030.0,4,2,155.8,1,1,1,3,Hibernating
18032.0,334,1,73.5,5,1,1,7,New Customers
18033.0,65,1,97.97,3,1,1,5,About to Sleep
18034.0,22,2,422.88,2,1,2,5,About to Sleep
18035.0,36,3,713.45,3,1,3,7,Others
18036.0,32,3,405.62,2,1,2,5,About to Sleep
18037.0,154,6,50.07,4,1,1,6,New Customers
18040.0,19,2,357.20000000000005,2,1,2,5,About to Sleep
18041.0,12,21,4183.39,1,1,5,7,At Risk
18042.0,54,1,165.04999999999998,3,1,1,5,About to Sleep
18043.0,25,3,542.56,2,1,3,6,At Risk
18044.0,4,10,1986.9,1,1,5,7,At Risk
18045.0,45,1,189.4,3,1,1,5,About to Sleep
18048.0,203,2,172.29000000000002,5,1,1,7,New Customers
18050.0,359,1,74.4,5,1,1,7,New Customers
18053.0,71,1,300.02,3,1,2,6,About to Sleep
18055.0,7,10,6630.59,1,1,5,7,At Risk
18056.0,288,1,327.7,5,1,2,8,New Customers
18058.0,10,1,170.16,1,1,1,3,Hibernating
18059.0,23,3,306.46,2,1,2,5,About to Sleep
18061.0,22,10,1706.13,2,1,4,7,At Risk
18062.0,173,3,720.52,4,1,3,8,Promising
18064.0,133,2,814.0,4,1,3,8,Promising
18065.0,6,14,2359.53,1,1,5,7,At Risk
18066.0,75,1,318.0,4,1,2,7,New Customers
18067.0,40,1,396.33,3,1,2,6,About to Sleep
18069.0,26,5,2036.67,2,1,5,8,At Risk
18071.0,258,2,453.0,5,1,2,8,New Customers
18072.0,186,1,247.44,5,1,2,8,New Customers
18073.0,114,12,2087.6,4,1,5,10,Promising
18074.0,374,1,489.6,5,1,3,9,Promising
18075.0,23,10,2589.8,2,1,5,8,At Risk
18077.0,8,11,2633.01,1,1,5,7,At Risk
18078.0,217,2,336.13,5,1,2,8,New Customers
18079.0,45,4,2013.39,3,1,5,9,Others
18081.0,36,3,343.45,3,1,2,6,About to Sleep
18082.0,26,1,703.37,2,1,3,6,At Risk
18085.0,330,2,689.95,5,1,3,9,Promising
18086.0,274,1,101.34,5,1,1,7,New Customers
18088.0,61,1,167.67000000000002,3,1,1,5,About to Sleep
18092.0,2,11,7778.26,1,1,5,7,At Risk
18093.0,93,4,2027.3200000000002,4,1,5,10,Promising
18094.0,82,6,2384.3,4,1,5,10,Promising
18095.0,313,2,580.05,5,1,3,9,Promising
18096.0,12,3,911.15,1,1,4,6,At Risk
18097.0,8,6,2697.8,1,1,5,7,At Risk
18099.0,127,1,168.31,4,1,1,6,New Customers
18101.0,11,2,223.65,1,1,1,3,Hibernating
18102.0,1,42,66370.0,1,1,5,7,At Risk
18104.0,37,1,754.64,3,1,3,7,Others
18105.0,38,1,113.48000000000002,3,1,1,5,About to Sleep
18106.0,330,1,430.7,5,1,2,8,New Customers
18108.0,254,1,271.0,5,1,2,8,New Customers
18109.0,2,26,7117.8,1,1,5,7,At Risk
18110.0,20,1,236.3,2,1,2,5,About to Sleep
18112.0,12,2,352.69,1,1,2,4,At Risk
18113.0,369,1,76.32000000000001,5,1,1,7,New Customers
18114.0,290,1,178.2,5,1,1,7,New Customers
18116.0,68,8,1418.03,3,1,4,8,Others
18117.0,26,1,320.71999999999997,2,1,2,5,About to Sleep
18118.0,11,26,5586.02,1,1,5,7,At Risk
18119.0,368,1,181.12,5,1,1,7,New Customers
18120.0,214,1,111.15,5,1,1,7,New Customers
18121.0,149,2,673.1,4,1,3,8,Promising
18122.0,8,6,1786.26,1,1,4,6,At Risk
18123.0,24,2,589.4399999999999,2,1,3,6,At Risk
18125.0,30,4,1142.99,2,1,4,7,At Risk
18126.0,61,1,206.83,3,1,1,5,About to Sleep
18127.0,19,3,323.73,2,1,2,5,About to Sleep
18129.0,243,1,112.55000000000001,5,1,1,7,New Customers
18130.0,15,3,1042.74,2,1,4,7,At Risk
18135.0,29,5,681.91,2,1,3,6,At Risk
18136.0,63,3,784.33,3,1,3,7,Others
18138.0,295,1,152.65,5,1,1,7,New Customers
18139.0,18,6,5948.34,2,1,5,8,At Risk
18142.0,157,2,443.28,4,1,2,7,New Customers
18143.0,117,2,1000.16,4,1,4,9,Promising
18144.0,31,11,1728.75,2,1,4,7,At Risk
18145.0,13,4,2831.6,1,1,5,7,At Risk
18146.0,141,2,160.35,4,1,1,6,New Customers
18147.0,46,2,179.34,3,1,1,5,About to Sleep
18149.0,51,3,612.0799999999999,3,1,3,7,Others
18150.0,32,3,566.58,2,1,3,6,At Risk
18151.0,135,2,653.35,4,1,3,8,Promising
18154.0,3,2,399.19,1,1,2,4,At Risk
18155.0,75,3,371.62,4,1,2,7,New Customers
18156.0,13,2,734.94,1,1,3,5,At Risk
18158.0,9,2,453.4,1,1,2,4,At Risk
18159.0,301,1,513.2,5,1,3,9,Promising
18160.0,57,2,638.0600000000001,3,1,3,7,Others
18161.0,15,5,1618.69,2,1,4,7,At Risk
18164.0,37,1,399.65,3,1,2,6,About to Sleep
18165.0,177,1,302.46,4,1,2,7,New Customers
18167.0,23,3,1384.8600000000001,2,1,4,7,At Risk
18168.0,176,6,1169.94,4,1,4,9,Promising
18169.0,61,1,202.65,3,1,1,5,About to Sleep
18170.0,33,3,980.3100000000001,2,1,4,7,At Risk
18171.0,59,5,1164.51,3,1,4,8,Others
18172.0,15,17,5929.68,2,1,5,8,At Risk
18173.0,87,4,1900.92,4,1,4,9,Promising
18174.0,7,1,104.0,1,1,1,3,Hibernating
18176.0,358,1,476.35,5,1,3,9,Promising
18177.0,31,6,1341.42,2,1,4,7,At Risk
18178.0,129,4,1590.81,4,1,4,9,Promising
18179.0,9,6,1732.69,1,1,4,6,At Risk
18180.0,5,6,1843.75,1,1,4,6,At Risk
18181.0,24,1,365.85,2,1,2,5,About to Sleep
18183.0,227,2,632.07,5,1,3,9,Promising
18184.0,15,1,49.8,2,1,1,4,About to Sleep
18185.0,249,1,304.25,5,1,2,8,New Customers
18188.0,15,3,2001.04,2,1,5,8,At Risk
18189.0,78,2,1090.24,4,1,4,9,Promising
18190.0,192,2,284.46000000000004,5,1,2,8,New Customers
18191.0,262,1,207.8,5,1,1,7,New Customers
18192.0,72,1,957.97,4,1,4,9,Promising
18193.0,165,1,243.76,4,1,2,7,New Customers
18194.0,82,1,713.2,4,1,3,8,Promising
18196.0,95,2,689.13,4,1,3,8,Promising
18198.0,4,17,3797.4,1,1,5,7,At Risk
18200.0,106,1,163.8,4,1,1,6,New Customers
18202.0,200,3,1363.0900000000001,5,1,4,10,Promising
18203.0,157,1,160.42000000000002,4,1,1,6,New Customers
18204.0,71,3,1993.7,3,1,5,9,Others
18205.0,36,2,517.36,3,1,3,7,Others
18209.0,29,1,139.10000000000002,2,1,1,4,About to Sleep
18210.0,2,6,2604.43,1,1,5,7,At Risk
18211.0,26,5,600.07,2,1,3,6,At Risk
18212.0,326,1,248.42,5,1,2,8,New Customers
18213.0,237,1,232.48000000000002,5,1,1,7,New Customers
18215.0,89,1,299.34000000000003,4,1,2,7,New Customers
18216.0,31,1,456.75,2,1,3,6,At Risk
18217.0,29,2,621.75,2,1,3,6,At Risk
18218.0,211,2,662.08,5,1,3,9,Promising
18219.0,3,10,1994.77,1,1,5,7,At Risk
18221.0,22,5,1041.61,2,1,4,7,At Risk
18222.0,93,1,443.0,4,1,2,7,New Customers
18223.0,5,14,6484.54,1,1,5,7,At Risk
18224.0,264,1,158.95000000000002,5,1,1,7,New Customers
18225.0,3,12,5509.12,1,1,5,7,At Risk
18226.0,44,11,5228.05,3,1,5,9,Others
18227.0,218,1,93.75,5,1,1,7,New Customers
18228.0,57,2,779.9,3,1,3,7,Others
18229.0,12,20,7276.9,1,1,5,7,At Risk
18230.0,9,7,2810.2000000000003,1,1,5,7,At Risk
18231.0,192,5,2083.27,5,1,5,11,Promising
18232.0,82,4,592.97,4,1,3,8,Promising
18235.0,72,3,1728.68,4,1,4,9,Promising
18236.0,30,6,882.24,2,1,4,7,At Risk
18237.0,3,5,987.1,1,1,4,6,At Risk
18239.0,219,5,1561.6100000000001,5,1,4,10,Promising
18240.0,46,1,422.58,3,1,2,6,About to Sleep
18241.0,10,17,2073.09,1,1,5,7,At Risk
18242.0,72,4,2184.64,4,1,5,10,Promising
18245.0,7,7,2567.06,1,1,5,7,At Risk
18246.0,24,2,596.1,2,1,3,6,At Risk
18248.0,123,2,724.12,4,1,3,8,Promising
18249.0,17,1,95.34,2,1,1,4,About to Sleep
18250.0,310,1,349.27,5,1,2,8,New Customers
18251.0,87,1,306.0,4,1,2,7,New Customers
18252.0,51,2,486.77,3,1,3,7,Others
18255.0,89,1,103.30000000000001,4,1,1,6,New Customers
18257.0,39,8,2337.63,3,1,5,9,Others
18259.0,25,3,2338.6,2,1,5,8,At Risk
18260.0,173,6,2643.2000000000003,4,1,5,10,Promising
18261.0,43,2,324.24,3,1,2,6,About to Sleep
18262.0,140,1,149.48,4,1,1,6,New Customers
18263.0,26,3,1213.16,2,1,4,7,At Risk
18265.0,72,2,771.51,4,1,3,8,Promising
18268.0,134,1,25.5,4,1,1,6,New Customers
18269.0,366,1,168.60000000000002,5,1,1,7,New Customers
18270.0,38,2,283.15000000000003,3,1,2,6,About to Sleep
18272.0,3,6,3078.58,1,1,5,7,At Risk
18273.0,2,3,204.0,1,1,1,3,Hibernating
18274.0,30,1,175.92,2,1,1,4,About to Sleep
18276.0,44,1,335.86,3,1,2,6,About to Sleep
18277.0,58,1,110.38,3,1,1,5,About to Sleep
18278.0,74,1,173.9,4,1,1,6,New Customers
18280.0,278,1,180.60000000000002,5,1,1,7,New Customers
18281.0,181,1,46.92,5,1,1,7,New Customers
18282.0,8,2,178.05,1,1,1,3,Hibernating
18283.0,4,16,2078.93,1,1,5,7,At Risk
18287.0,43,3,1837.28,3,1,4,8,Others
